experiment_id,alpha,gamma,epsilon_min,episode_window_hours,seed,mean_abs_imbalance,max_abs_imbalance,imbalance_std,imbalance_trend,improvement_ratio,valid,success,error
1,0.25,0.88,0.1,96,42,inf,inf,inf,0.0,0.0,False,False,TabularQL.__init__() got an unexpected keyword argument 'alpha_min'
2,0.25,0.88,0.1,96,43,inf,inf,inf,0.0,0.0,False,False,TabularQL.__init__() got an unexpected keyword argument 'alpha_min'
3,0.25,0.88,0.1,96,44,inf,inf,inf,0.0,0.0,False,False,TabularQL.__init__() got an unexpected keyword argument 'alpha_min'
4,0.25,0.88,0.1,120,42,inf,inf,inf,0.0,0.0,False,False,TabularQL.__init__() got an unexpected keyword argument 'alpha_min'
5,0.25,0.88,0.1,120,43,inf,inf,inf,0.0,0.0,False,False,TabularQL.__init__() got an unexpected keyword argument 'alpha_min'
6,0.25,0.88,0.1,120,44,inf,inf,inf,0.0,0.0,False,False,TabularQL.__init__() got an unexpected keyword argument 'alpha_min'
7,0.25,0.88,0.1,144,42,inf,inf,inf,0.0,0.0,False,False,TabularQL.__init__() got an unexpected keyword argument 'alpha_min'
8,0.25,0.88,0.1,144,43,inf,inf,inf,0.0,0.0,False,False,TabularQL.__init__() got an unexpected keyword argument 'alpha_min'
9,0.25,0.88,0.1,144,44,inf,inf,inf,0.0,0.0,False,False,TabularQL.__init__() got an unexpected keyword argument 'alpha_min'
10,0.25,0.88,0.1,168,42,inf,inf,inf,0.0,0.0,False,False,TabularQL.__init__() got an unexpected keyword argument 'alpha_min'
11,0.25,0.88,0.1,168,43,inf,inf,inf,0.0,0.0,False,False,TabularQL.__init__() got an unexpected keyword argument 'alpha_min'
12,0.25,0.88,0.1,168,44,inf,inf,inf,0.0,0.0,False,False,TabularQL.__init__() got an unexpected keyword argument 'alpha_min'
13,0.25,0.88,0.1,240,42,inf,inf,inf,0.0,0.0,False,False,TabularQL.__init__() got an unexpected keyword argument 'alpha_min'
14,0.25,0.88,0.1,240,43,inf,inf,inf,0.0,0.0,False,False,TabularQL.__init__() got an unexpected keyword argument 'alpha_min'
15,0.25,0.88,0.1,240,44,inf,inf,inf,0.0,0.0,False,False,TabularQL.__init__() got an unexpected keyword argument 'alpha_min'
16,0.25,0.88,0.1,336,42,inf,inf,inf,0.0,0.0,False,False,TabularQL.__init__() got an unexpected keyword argument 'alpha_min'
17,0.25,0.88,0.1,336,43,inf,inf,inf,0.0,0.0,False,False,TabularQL.__init__() got an unexpected keyword argument 'alpha_min'
18,0.25,0.88,0.1,336,44,inf,inf,inf,0.0,0.0,False,False,TabularQL.__init__() got an unexpected keyword argument 'alpha_min'
19,0.25,0.88,0.15,96,42,inf,inf,inf,0.0,0.0,False,False,TabularQL.__init__() got an unexpected keyword argument 'alpha_min'
20,0.25,0.88,0.15,96,43,inf,inf,inf,0.0,0.0,False,False,TabularQL.__init__() got an unexpected keyword argument 'alpha_min'
21,0.25,0.88,0.15,96,44,inf,inf,inf,0.0,0.0,False,False,TabularQL.__init__() got an unexpected keyword argument 'alpha_min'
22,0.25,0.88,0.15,120,42,inf,inf,inf,0.0,0.0,False,False,TabularQL.__init__() got an unexpected keyword argument 'alpha_min'
23,0.25,0.88,0.15,120,43,inf,inf,inf,0.0,0.0,False,False,TabularQL.__init__() got an unexpected keyword argument 'alpha_min'
24,0.25,0.88,0.15,120,44,inf,inf,inf,0.0,0.0,False,False,TabularQL.__init__() got an unexpected keyword argument 'alpha_min'
25,0.25,0.88,0.15,144,42,inf,inf,inf,0.0,0.0,False,False,TabularQL.__init__() got an unexpected keyword argument 'alpha_min'
26,0.25,0.88,0.15,144,43,inf,inf,inf,0.0,0.0,False,False,TabularQL.__init__() got an unexpected keyword argument 'alpha_min'
27,0.25,0.88,0.15,144,44,inf,inf,inf,0.0,0.0,False,False,TabularQL.__init__() got an unexpected keyword argument 'alpha_min'
28,0.25,0.88,0.15,168,42,inf,inf,inf,0.0,0.0,False,False,TabularQL.__init__() got an unexpected keyword argument 'alpha_min'
29,0.25,0.88,0.15,168,43,inf,inf,inf,0.0,0.0,False,False,TabularQL.__init__() got an unexpected keyword argument 'alpha_min'
30,0.25,0.88,0.15,168,44,inf,inf,inf,0.0,0.0,False,False,TabularQL.__init__() got an unexpected keyword argument 'alpha_min'
31,0.25,0.88,0.15,240,42,inf,inf,inf,0.0,0.0,False,False,TabularQL.__init__() got an unexpected keyword argument 'alpha_min'
32,0.25,0.88,0.15,240,43,inf,inf,inf,0.0,0.0,False,False,TabularQL.__init__() got an unexpected keyword argument 'alpha_min'
33,0.25,0.88,0.15,240,44,inf,inf,inf,0.0,0.0,False,False,TabularQL.__init__() got an unexpected keyword argument 'alpha_min'
34,0.25,0.88,0.15,336,42,inf,inf,inf,0.0,0.0,False,False,TabularQL.__init__() got an unexpected keyword argument 'alpha_min'
35,0.25,0.88,0.15,336,43,inf,inf,inf,0.0,0.0,False,False,TabularQL.__init__() got an unexpected keyword argument 'alpha_min'
36,0.25,0.88,0.15,336,44,inf,inf,inf,0.0,0.0,False,False,TabularQL.__init__() got an unexpected keyword argument 'alpha_min'
37,0.25,0.88,0.2,96,42,inf,inf,inf,0.0,0.0,False,False,TabularQL.__init__() got an unexpected keyword argument 'alpha_min'
38,0.25,0.88,0.2,96,43,inf,inf,inf,0.0,0.0,False,False,TabularQL.__init__() got an unexpected keyword argument 'alpha_min'
39,0.25,0.88,0.2,96,44,inf,inf,inf,0.0,0.0,False,False,TabularQL.__init__() got an unexpected keyword argument 'alpha_min'
40,0.25,0.88,0.2,120,42,inf,inf,inf,0.0,0.0,False,False,TabularQL.__init__() got an unexpected keyword argument 'alpha_min'
41,0.25,0.88,0.2,120,43,inf,inf,inf,0.0,0.0,False,False,TabularQL.__init__() got an unexpected keyword argument 'alpha_min'
42,0.25,0.88,0.2,120,44,inf,inf,inf,0.0,0.0,False,False,TabularQL.__init__() got an unexpected keyword argument 'alpha_min'
43,0.25,0.88,0.2,144,42,inf,inf,inf,0.0,0.0,False,False,TabularQL.__init__() got an unexpected keyword argument 'alpha_min'
44,0.25,0.88,0.2,144,43,inf,inf,inf,0.0,0.0,False,False,TabularQL.__init__() got an unexpected keyword argument 'alpha_min'
45,0.25,0.88,0.2,144,44,inf,inf,inf,0.0,0.0,False,False,TabularQL.__init__() got an unexpected keyword argument 'alpha_min'
46,0.25,0.88,0.2,168,42,inf,inf,inf,0.0,0.0,False,False,TabularQL.__init__() got an unexpected keyword argument 'alpha_min'
47,0.25,0.88,0.2,168,43,inf,inf,inf,0.0,0.0,False,False,TabularQL.__init__() got an unexpected keyword argument 'alpha_min'
48,0.25,0.88,0.2,168,44,inf,inf,inf,0.0,0.0,False,False,TabularQL.__init__() got an unexpected keyword argument 'alpha_min'
49,0.25,0.88,0.2,240,42,inf,inf,inf,0.0,0.0,False,False,TabularQL.__init__() got an unexpected keyword argument 'alpha_min'
50,0.25,0.88,0.2,240,43,inf,inf,inf,0.0,0.0,False,False,TabularQL.__init__() got an unexpected keyword argument 'alpha_min'
51,0.25,0.88,0.2,240,44,inf,inf,inf,0.0,0.0,False,False,TabularQL.__init__() got an unexpected keyword argument 'alpha_min'
52,0.25,0.88,0.2,336,42,inf,inf,inf,0.0,0.0,False,False,TabularQL.__init__() got an unexpected keyword argument 'alpha_min'
53,0.25,0.88,0.2,336,43,inf,inf,inf,0.0,0.0,False,False,TabularQL.__init__() got an unexpected keyword argument 'alpha_min'
54,0.25,0.88,0.2,336,44,inf,inf,inf,0.0,0.0,False,False,TabularQL.__init__() got an unexpected keyword argument 'alpha_min'
55,0.25,0.88,0.25,96,42,inf,inf,inf,0.0,0.0,False,False,TabularQL.__init__() got an unexpected keyword argument 'alpha_min'
56,0.25,0.88,0.25,96,43,inf,inf,inf,0.0,0.0,False,False,TabularQL.__init__() got an unexpected keyword argument 'alpha_min'
57,0.25,0.88,0.25,96,44,inf,inf,inf,0.0,0.0,False,False,TabularQL.__init__() got an unexpected keyword argument 'alpha_min'
58,0.25,0.88,0.25,120,42,inf,inf,inf,0.0,0.0,False,False,TabularQL.__init__() got an unexpected keyword argument 'alpha_min'
59,0.25,0.88,0.25,120,43,inf,inf,inf,0.0,0.0,False,False,TabularQL.__init__() got an unexpected keyword argument 'alpha_min'
60,0.25,0.88,0.25,120,44,inf,inf,inf,0.0,0.0,False,False,TabularQL.__init__() got an unexpected keyword argument 'alpha_min'
61,0.25,0.88,0.25,144,42,inf,inf,inf,0.0,0.0,False,False,TabularQL.__init__() got an unexpected keyword argument 'alpha_min'
62,0.25,0.88,0.25,144,43,inf,inf,inf,0.0,0.0,False,False,TabularQL.__init__() got an unexpected keyword argument 'alpha_min'
63,0.25,0.88,0.25,144,44,inf,inf,inf,0.0,0.0,False,False,TabularQL.__init__() got an unexpected keyword argument 'alpha_min'
64,0.25,0.88,0.25,168,42,inf,inf,inf,0.0,0.0,False,False,TabularQL.__init__() got an unexpected keyword argument 'alpha_min'
65,0.25,0.88,0.25,168,43,inf,inf,inf,0.0,0.0,False,False,TabularQL.__init__() got an unexpected keyword argument 'alpha_min'
66,0.25,0.88,0.25,168,44,inf,inf,inf,0.0,0.0,False,False,TabularQL.__init__() got an unexpected keyword argument 'alpha_min'
67,0.25,0.88,0.25,240,42,inf,inf,inf,0.0,0.0,False,False,TabularQL.__init__() got an unexpected keyword argument 'alpha_min'
68,0.25,0.88,0.25,240,43,inf,inf,inf,0.0,0.0,False,False,TabularQL.__init__() got an unexpected keyword argument 'alpha_min'
69,0.25,0.88,0.25,240,44,inf,inf,inf,0.0,0.0,False,False,TabularQL.__init__() got an unexpected keyword argument 'alpha_min'
70,0.25,0.88,0.25,336,42,inf,inf,inf,0.0,0.0,False,False,TabularQL.__init__() got an unexpected keyword argument 'alpha_min'
71,0.25,0.88,0.25,336,43,inf,inf,inf,0.0,0.0,False,False,TabularQL.__init__() got an unexpected keyword argument 'alpha_min'
72,0.25,0.88,0.25,336,44,inf,inf,inf,0.0,0.0,False,False,TabularQL.__init__() got an unexpected keyword argument 'alpha_min'
73,0.25,0.88,0.3,96,42,inf,inf,inf,0.0,0.0,False,False,TabularQL.__init__() got an unexpected keyword argument 'alpha_min'
74,0.25,0.88,0.3,96,43,inf,inf,inf,0.0,0.0,False,False,TabularQL.__init__() got an unexpected keyword argument 'alpha_min'
75,0.25,0.88,0.3,96,44,inf,inf,inf,0.0,0.0,False,False,TabularQL.__init__() got an unexpected keyword argument 'alpha_min'
76,0.25,0.88,0.3,120,42,inf,inf,inf,0.0,0.0,False,False,TabularQL.__init__() got an unexpected keyword argument 'alpha_min'
77,0.25,0.88,0.3,120,43,inf,inf,inf,0.0,0.0,False,False,TabularQL.__init__() got an unexpected keyword argument 'alpha_min'
78,0.25,0.88,0.3,120,44,inf,inf,inf,0.0,0.0,False,False,TabularQL.__init__() got an unexpected keyword argument 'alpha_min'
79,0.25,0.88,0.3,144,42,inf,inf,inf,0.0,0.0,False,False,TabularQL.__init__() got an unexpected keyword argument 'alpha_min'
80,0.25,0.88,0.3,144,43,inf,inf,inf,0.0,0.0,False,False,TabularQL.__init__() got an unexpected keyword argument 'alpha_min'
81,0.25,0.88,0.3,144,44,inf,inf,inf,0.0,0.0,False,False,TabularQL.__init__() got an unexpected keyword argument 'alpha_min'
82,0.25,0.88,0.3,168,42,inf,inf,inf,0.0,0.0,False,False,TabularQL.__init__() got an unexpected keyword argument 'alpha_min'
83,0.25,0.88,0.3,168,43,inf,inf,inf,0.0,0.0,False,False,TabularQL.__init__() got an unexpected keyword argument 'alpha_min'
84,0.25,0.88,0.3,168,44,inf,inf,inf,0.0,0.0,False,False,TabularQL.__init__() got an unexpected keyword argument 'alpha_min'
85,0.25,0.88,0.3,240,42,inf,inf,inf,0.0,0.0,False,False,TabularQL.__init__() got an unexpected keyword argument 'alpha_min'
86,0.25,0.88,0.3,240,43,inf,inf,inf,0.0,0.0,False,False,TabularQL.__init__() got an unexpected keyword argument 'alpha_min'
87,0.25,0.88,0.3,240,44,inf,inf,inf,0.0,0.0,False,False,TabularQL.__init__() got an unexpected keyword argument 'alpha_min'
88,0.25,0.88,0.3,336,42,inf,inf,inf,0.0,0.0,False,False,TabularQL.__init__() got an unexpected keyword argument 'alpha_min'
89,0.25,0.88,0.3,336,43,inf,inf,inf,0.0,0.0,False,False,TabularQL.__init__() got an unexpected keyword argument 'alpha_min'
90,0.25,0.88,0.3,336,44,inf,inf,inf,0.0,0.0,False,False,TabularQL.__init__() got an unexpected keyword argument 'alpha_min'
91,0.25,0.9,0.1,96,42,inf,inf,inf,0.0,0.0,False,False,TabularQL.__init__() got an unexpected keyword argument 'alpha_min'
92,0.25,0.9,0.1,96,43,inf,inf,inf,0.0,0.0,False,False,TabularQL.__init__() got an unexpected keyword argument 'alpha_min'
93,0.25,0.9,0.1,96,44,inf,inf,inf,0.0,0.0,False,False,TabularQL.__init__() got an unexpected keyword argument 'alpha_min'
94,0.25,0.9,0.1,120,42,inf,inf,inf,0.0,0.0,False,False,TabularQL.__init__() got an unexpected keyword argument 'alpha_min'
95,0.25,0.9,0.1,120,43,inf,inf,inf,0.0,0.0,False,False,TabularQL.__init__() got an unexpected keyword argument 'alpha_min'
96,0.25,0.9,0.1,120,44,inf,inf,inf,0.0,0.0,False,False,TabularQL.__init__() got an unexpected keyword argument 'alpha_min'
97,0.25,0.9,0.1,144,42,inf,inf,inf,0.0,0.0,False,False,TabularQL.__init__() got an unexpected keyword argument 'alpha_min'
98,0.25,0.9,0.1,144,43,inf,inf,inf,0.0,0.0,False,False,TabularQL.__init__() got an unexpected keyword argument 'alpha_min'
99,0.25,0.9,0.1,144,44,inf,inf,inf,0.0,0.0,False,False,TabularQL.__init__() got an unexpected keyword argument 'alpha_min'
100,0.25,0.9,0.1,168,42,inf,inf,inf,0.0,0.0,False,False,TabularQL.__init__() got an unexpected keyword argument 'alpha_min'
101,0.25,0.9,0.1,168,43,inf,inf,inf,0.0,0.0,False,False,TabularQL.__init__() got an unexpected keyword argument 'alpha_min'
102,0.25,0.9,0.1,168,44,inf,inf,inf,0.0,0.0,False,False,TabularQL.__init__() got an unexpected keyword argument 'alpha_min'
103,0.25,0.9,0.1,240,42,inf,inf,inf,0.0,0.0,False,False,TabularQL.__init__() got an unexpected keyword argument 'alpha_min'
104,0.25,0.9,0.1,240,43,inf,inf,inf,0.0,0.0,False,False,TabularQL.__init__() got an unexpected keyword argument 'alpha_min'
105,0.25,0.9,0.1,240,44,inf,inf,inf,0.0,0.0,False,False,TabularQL.__init__() got an unexpected keyword argument 'alpha_min'
106,0.25,0.9,0.1,336,42,inf,inf,inf,0.0,0.0,False,False,TabularQL.__init__() got an unexpected keyword argument 'alpha_min'
107,0.25,0.9,0.1,336,43,inf,inf,inf,0.0,0.0,False,False,TabularQL.__init__() got an unexpected keyword argument 'alpha_min'
108,0.25,0.9,0.1,336,44,inf,inf,inf,0.0,0.0,False,False,TabularQL.__init__() got an unexpected keyword argument 'alpha_min'
109,0.25,0.9,0.15,96,42,inf,inf,inf,0.0,0.0,False,False,TabularQL.__init__() got an unexpected keyword argument 'alpha_min'
110,0.25,0.9,0.15,96,43,inf,inf,inf,0.0,0.0,False,False,TabularQL.__init__() got an unexpected keyword argument 'alpha_min'
111,0.25,0.9,0.15,96,44,inf,inf,inf,0.0,0.0,False,False,TabularQL.__init__() got an unexpected keyword argument 'alpha_min'
112,0.25,0.9,0.15,120,42,inf,inf,inf,0.0,0.0,False,False,TabularQL.__init__() got an unexpected keyword argument 'alpha_min'
113,0.25,0.9,0.15,120,43,inf,inf,inf,0.0,0.0,False,False,TabularQL.__init__() got an unexpected keyword argument 'alpha_min'
114,0.25,0.9,0.15,120,44,inf,inf,inf,0.0,0.0,False,False,TabularQL.__init__() got an unexpected keyword argument 'alpha_min'
115,0.25,0.9,0.15,144,42,inf,inf,inf,0.0,0.0,False,False,TabularQL.__init__() got an unexpected keyword argument 'alpha_min'
116,0.25,0.9,0.15,144,43,inf,inf,inf,0.0,0.0,False,False,TabularQL.__init__() got an unexpected keyword argument 'alpha_min'
117,0.25,0.9,0.15,144,44,inf,inf,inf,0.0,0.0,False,False,TabularQL.__init__() got an unexpected keyword argument 'alpha_min'
118,0.25,0.9,0.15,168,42,inf,inf,inf,0.0,0.0,False,False,TabularQL.__init__() got an unexpected keyword argument 'alpha_min'
119,0.25,0.9,0.15,168,43,inf,inf,inf,0.0,0.0,False,False,TabularQL.__init__() got an unexpected keyword argument 'alpha_min'
120,0.25,0.9,0.15,168,44,inf,inf,inf,0.0,0.0,False,False,TabularQL.__init__() got an unexpected keyword argument 'alpha_min'
121,0.25,0.9,0.15,240,42,inf,inf,inf,0.0,0.0,False,False,TabularQL.__init__() got an unexpected keyword argument 'alpha_min'
122,0.25,0.9,0.15,240,43,inf,inf,inf,0.0,0.0,False,False,TabularQL.__init__() got an unexpected keyword argument 'alpha_min'
123,0.25,0.9,0.15,240,44,inf,inf,inf,0.0,0.0,False,False,TabularQL.__init__() got an unexpected keyword argument 'alpha_min'
124,0.25,0.9,0.15,336,42,inf,inf,inf,0.0,0.0,False,False,TabularQL.__init__() got an unexpected keyword argument 'alpha_min'
125,0.25,0.9,0.15,336,43,inf,inf,inf,0.0,0.0,False,False,TabularQL.__init__() got an unexpected keyword argument 'alpha_min'
126,0.25,0.9,0.15,336,44,inf,inf,inf,0.0,0.0,False,False,TabularQL.__init__() got an unexpected keyword argument 'alpha_min'
127,0.25,0.9,0.2,96,42,inf,inf,inf,0.0,0.0,False,False,TabularQL.__init__() got an unexpected keyword argument 'alpha_min'
128,0.25,0.9,0.2,96,43,inf,inf,inf,0.0,0.0,False,False,TabularQL.__init__() got an unexpected keyword argument 'alpha_min'
129,0.25,0.9,0.2,96,44,inf,inf,inf,0.0,0.0,False,False,TabularQL.__init__() got an unexpected keyword argument 'alpha_min'
130,0.25,0.9,0.2,120,42,inf,inf,inf,0.0,0.0,False,False,TabularQL.__init__() got an unexpected keyword argument 'alpha_min'
131,0.25,0.9,0.2,120,43,inf,inf,inf,0.0,0.0,False,False,TabularQL.__init__() got an unexpected keyword argument 'alpha_min'
132,0.25,0.9,0.2,120,44,inf,inf,inf,0.0,0.0,False,False,TabularQL.__init__() got an unexpected keyword argument 'alpha_min'
133,0.25,0.9,0.2,144,42,inf,inf,inf,0.0,0.0,False,False,TabularQL.__init__() got an unexpected keyword argument 'alpha_min'
134,0.25,0.9,0.2,144,43,inf,inf,inf,0.0,0.0,False,False,TabularQL.__init__() got an unexpected keyword argument 'alpha_min'
135,0.25,0.9,0.2,144,44,inf,inf,inf,0.0,0.0,False,False,TabularQL.__init__() got an unexpected keyword argument 'alpha_min'
136,0.25,0.9,0.2,168,42,inf,inf,inf,0.0,0.0,False,False,TabularQL.__init__() got an unexpected keyword argument 'alpha_min'
137,0.25,0.9,0.2,168,43,inf,inf,inf,0.0,0.0,False,False,TabularQL.__init__() got an unexpected keyword argument 'alpha_min'
138,0.25,0.9,0.2,168,44,inf,inf,inf,0.0,0.0,False,False,TabularQL.__init__() got an unexpected keyword argument 'alpha_min'
139,0.25,0.9,0.2,240,42,inf,inf,inf,0.0,0.0,False,False,TabularQL.__init__() got an unexpected keyword argument 'alpha_min'
140,0.25,0.9,0.2,240,43,inf,inf,inf,0.0,0.0,False,False,TabularQL.__init__() got an unexpected keyword argument 'alpha_min'
141,0.25,0.9,0.2,240,44,inf,inf,inf,0.0,0.0,False,False,TabularQL.__init__() got an unexpected keyword argument 'alpha_min'
142,0.25,0.9,0.2,336,42,inf,inf,inf,0.0,0.0,False,False,TabularQL.__init__() got an unexpected keyword argument 'alpha_min'
143,0.25,0.9,0.2,336,43,inf,inf,inf,0.0,0.0,False,False,TabularQL.__init__() got an unexpected keyword argument 'alpha_min'
144,0.25,0.9,0.2,336,44,inf,inf,inf,0.0,0.0,False,False,TabularQL.__init__() got an unexpected keyword argument 'alpha_min'
145,0.25,0.9,0.25,96,42,inf,inf,inf,0.0,0.0,False,False,TabularQL.__init__() got an unexpected keyword argument 'alpha_min'
146,0.25,0.9,0.25,96,43,inf,inf,inf,0.0,0.0,False,False,TabularQL.__init__() got an unexpected keyword argument 'alpha_min'
147,0.25,0.9,0.25,96,44,inf,inf,inf,0.0,0.0,False,False,TabularQL.__init__() got an unexpected keyword argument 'alpha_min'
148,0.25,0.9,0.25,120,42,inf,inf,inf,0.0,0.0,False,False,TabularQL.__init__() got an unexpected keyword argument 'alpha_min'
149,0.25,0.9,0.25,120,43,inf,inf,inf,0.0,0.0,False,False,TabularQL.__init__() got an unexpected keyword argument 'alpha_min'
150,0.25,0.9,0.25,120,44,inf,inf,inf,0.0,0.0,False,False,TabularQL.__init__() got an unexpected keyword argument 'alpha_min'
151,0.25,0.9,0.25,144,42,inf,inf,inf,0.0,0.0,False,False,TabularQL.__init__() got an unexpected keyword argument 'alpha_min'
152,0.25,0.9,0.25,144,43,inf,inf,inf,0.0,0.0,False,False,TabularQL.__init__() got an unexpected keyword argument 'alpha_min'
153,0.25,0.9,0.25,144,44,inf,inf,inf,0.0,0.0,False,False,TabularQL.__init__() got an unexpected keyword argument 'alpha_min'
154,0.25,0.9,0.25,168,42,inf,inf,inf,0.0,0.0,False,False,TabularQL.__init__() got an unexpected keyword argument 'alpha_min'
155,0.25,0.9,0.25,168,43,inf,inf,inf,0.0,0.0,False,False,TabularQL.__init__() got an unexpected keyword argument 'alpha_min'
156,0.25,0.9,0.25,168,44,inf,inf,inf,0.0,0.0,False,False,TabularQL.__init__() got an unexpected keyword argument 'alpha_min'
157,0.25,0.9,0.25,240,42,inf,inf,inf,0.0,0.0,False,False,TabularQL.__init__() got an unexpected keyword argument 'alpha_min'
158,0.25,0.9,0.25,240,43,inf,inf,inf,0.0,0.0,False,False,TabularQL.__init__() got an unexpected keyword argument 'alpha_min'
159,0.25,0.9,0.25,240,44,inf,inf,inf,0.0,0.0,False,False,TabularQL.__init__() got an unexpected keyword argument 'alpha_min'
160,0.25,0.9,0.25,336,42,inf,inf,inf,0.0,0.0,False,False,TabularQL.__init__() got an unexpected keyword argument 'alpha_min'
161,0.25,0.9,0.25,336,43,inf,inf,inf,0.0,0.0,False,False,TabularQL.__init__() got an unexpected keyword argument 'alpha_min'
162,0.25,0.9,0.25,336,44,inf,inf,inf,0.0,0.0,False,False,TabularQL.__init__() got an unexpected keyword argument 'alpha_min'
163,0.25,0.9,0.3,96,42,inf,inf,inf,0.0,0.0,False,False,TabularQL.__init__() got an unexpected keyword argument 'alpha_min'
164,0.25,0.9,0.3,96,43,inf,inf,inf,0.0,0.0,False,False,TabularQL.__init__() got an unexpected keyword argument 'alpha_min'
165,0.25,0.9,0.3,96,44,inf,inf,inf,0.0,0.0,False,False,TabularQL.__init__() got an unexpected keyword argument 'alpha_min'
166,0.25,0.9,0.3,120,42,inf,inf,inf,0.0,0.0,False,False,TabularQL.__init__() got an unexpected keyword argument 'alpha_min'
167,0.25,0.9,0.3,120,43,inf,inf,inf,0.0,0.0,False,False,TabularQL.__init__() got an unexpected keyword argument 'alpha_min'
168,0.25,0.9,0.3,120,44,inf,inf,inf,0.0,0.0,False,False,TabularQL.__init__() got an unexpected keyword argument 'alpha_min'
169,0.25,0.9,0.3,144,42,inf,inf,inf,0.0,0.0,False,False,TabularQL.__init__() got an unexpected keyword argument 'alpha_min'
170,0.25,0.9,0.3,144,43,inf,inf,inf,0.0,0.0,False,False,TabularQL.__init__() got an unexpected keyword argument 'alpha_min'
171,0.25,0.9,0.3,144,44,inf,inf,inf,0.0,0.0,False,False,TabularQL.__init__() got an unexpected keyword argument 'alpha_min'
172,0.25,0.9,0.3,168,42,inf,inf,inf,0.0,0.0,False,False,TabularQL.__init__() got an unexpected keyword argument 'alpha_min'
173,0.25,0.9,0.3,168,43,inf,inf,inf,0.0,0.0,False,False,TabularQL.__init__() got an unexpected keyword argument 'alpha_min'
174,0.25,0.9,0.3,168,44,inf,inf,inf,0.0,0.0,False,False,TabularQL.__init__() got an unexpected keyword argument 'alpha_min'
175,0.25,0.9,0.3,240,42,inf,inf,inf,0.0,0.0,False,False,TabularQL.__init__() got an unexpected keyword argument 'alpha_min'
176,0.25,0.9,0.3,240,43,inf,inf,inf,0.0,0.0,False,False,TabularQL.__init__() got an unexpected keyword argument 'alpha_min'
177,0.25,0.9,0.3,240,44,inf,inf,inf,0.0,0.0,False,False,TabularQL.__init__() got an unexpected keyword argument 'alpha_min'
178,0.25,0.9,0.3,336,42,inf,inf,inf,0.0,0.0,False,False,TabularQL.__init__() got an unexpected keyword argument 'alpha_min'
179,0.25,0.9,0.3,336,43,inf,inf,inf,0.0,0.0,False,False,TabularQL.__init__() got an unexpected keyword argument 'alpha_min'
180,0.25,0.9,0.3,336,44,inf,inf,inf,0.0,0.0,False,False,TabularQL.__init__() got an unexpected keyword argument 'alpha_min'
181,0.25,0.92,0.1,96,42,inf,inf,inf,0.0,0.0,False,False,TabularQL.__init__() got an unexpected keyword argument 'alpha_min'
182,0.25,0.92,0.1,96,43,inf,inf,inf,0.0,0.0,False,False,TabularQL.__init__() got an unexpected keyword argument 'alpha_min'
183,0.25,0.92,0.1,96,44,inf,inf,inf,0.0,0.0,False,False,TabularQL.__init__() got an unexpected keyword argument 'alpha_min'
184,0.25,0.92,0.1,120,42,inf,inf,inf,0.0,0.0,False,False,TabularQL.__init__() got an unexpected keyword argument 'alpha_min'
185,0.25,0.92,0.1,120,43,inf,inf,inf,0.0,0.0,False,False,TabularQL.__init__() got an unexpected keyword argument 'alpha_min'
186,0.25,0.92,0.1,120,44,inf,inf,inf,0.0,0.0,False,False,TabularQL.__init__() got an unexpected keyword argument 'alpha_min'
187,0.25,0.92,0.1,144,42,inf,inf,inf,0.0,0.0,False,False,TabularQL.__init__() got an unexpected keyword argument 'alpha_min'
188,0.25,0.92,0.1,144,43,inf,inf,inf,0.0,0.0,False,False,TabularQL.__init__() got an unexpected keyword argument 'alpha_min'
189,0.25,0.92,0.1,144,44,inf,inf,inf,0.0,0.0,False,False,TabularQL.__init__() got an unexpected keyword argument 'alpha_min'
190,0.25,0.92,0.1,168,42,inf,inf,inf,0.0,0.0,False,False,TabularQL.__init__() got an unexpected keyword argument 'alpha_min'
191,0.25,0.92,0.1,168,43,inf,inf,inf,0.0,0.0,False,False,TabularQL.__init__() got an unexpected keyword argument 'alpha_min'
192,0.25,0.92,0.1,168,44,inf,inf,inf,0.0,0.0,False,False,TabularQL.__init__() got an unexpected keyword argument 'alpha_min'
193,0.25,0.92,0.1,240,42,inf,inf,inf,0.0,0.0,False,False,TabularQL.__init__() got an unexpected keyword argument 'alpha_min'
194,0.25,0.92,0.1,240,43,inf,inf,inf,0.0,0.0,False,False,TabularQL.__init__() got an unexpected keyword argument 'alpha_min'
195,0.25,0.92,0.1,240,44,inf,inf,inf,0.0,0.0,False,False,TabularQL.__init__() got an unexpected keyword argument 'alpha_min'
196,0.25,0.92,0.1,336,42,inf,inf,inf,0.0,0.0,False,False,TabularQL.__init__() got an unexpected keyword argument 'alpha_min'
197,0.25,0.92,0.1,336,43,inf,inf,inf,0.0,0.0,False,False,TabularQL.__init__() got an unexpected keyword argument 'alpha_min'
198,0.25,0.92,0.1,336,44,inf,inf,inf,0.0,0.0,False,False,TabularQL.__init__() got an unexpected keyword argument 'alpha_min'
199,0.25,0.92,0.15,96,42,inf,inf,inf,0.0,0.0,False,False,TabularQL.__init__() got an unexpected keyword argument 'alpha_min'
200,0.25,0.92,0.15,96,43,inf,inf,inf,0.0,0.0,False,False,TabularQL.__init__() got an unexpected keyword argument 'alpha_min'
201,0.25,0.92,0.15,96,44,inf,inf,inf,0.0,0.0,False,False,TabularQL.__init__() got an unexpected keyword argument 'alpha_min'
202,0.25,0.92,0.15,120,42,inf,inf,inf,0.0,0.0,False,False,TabularQL.__init__() got an unexpected keyword argument 'alpha_min'
203,0.25,0.92,0.15,120,43,inf,inf,inf,0.0,0.0,False,False,TabularQL.__init__() got an unexpected keyword argument 'alpha_min'
204,0.25,0.92,0.15,120,44,inf,inf,inf,0.0,0.0,False,False,TabularQL.__init__() got an unexpected keyword argument 'alpha_min'
205,0.25,0.92,0.15,144,42,inf,inf,inf,0.0,0.0,False,False,TabularQL.__init__() got an unexpected keyword argument 'alpha_min'
206,0.25,0.92,0.15,144,43,inf,inf,inf,0.0,0.0,False,False,TabularQL.__init__() got an unexpected keyword argument 'alpha_min'
207,0.25,0.92,0.15,144,44,inf,inf,inf,0.0,0.0,False,False,TabularQL.__init__() got an unexpected keyword argument 'alpha_min'
208,0.25,0.92,0.15,168,42,inf,inf,inf,0.0,0.0,False,False,TabularQL.__init__() got an unexpected keyword argument 'alpha_min'
209,0.25,0.92,0.15,168,43,inf,inf,inf,0.0,0.0,False,False,TabularQL.__init__() got an unexpected keyword argument 'alpha_min'
210,0.25,0.92,0.15,168,44,inf,inf,inf,0.0,0.0,False,False,TabularQL.__init__() got an unexpected keyword argument 'alpha_min'
211,0.25,0.92,0.15,240,42,inf,inf,inf,0.0,0.0,False,False,TabularQL.__init__() got an unexpected keyword argument 'alpha_min'
212,0.25,0.92,0.15,240,43,inf,inf,inf,0.0,0.0,False,False,TabularQL.__init__() got an unexpected keyword argument 'alpha_min'
213,0.25,0.92,0.15,240,44,inf,inf,inf,0.0,0.0,False,False,TabularQL.__init__() got an unexpected keyword argument 'alpha_min'
214,0.25,0.92,0.15,336,42,inf,inf,inf,0.0,0.0,False,False,TabularQL.__init__() got an unexpected keyword argument 'alpha_min'
215,0.25,0.92,0.15,336,43,inf,inf,inf,0.0,0.0,False,False,TabularQL.__init__() got an unexpected keyword argument 'alpha_min'
216,0.25,0.92,0.15,336,44,inf,inf,inf,0.0,0.0,False,False,TabularQL.__init__() got an unexpected keyword argument 'alpha_min'
217,0.25,0.92,0.2,96,42,inf,inf,inf,0.0,0.0,False,False,TabularQL.__init__() got an unexpected keyword argument 'alpha_min'
218,0.25,0.92,0.2,96,43,inf,inf,inf,0.0,0.0,False,False,TabularQL.__init__() got an unexpected keyword argument 'alpha_min'
219,0.25,0.92,0.2,96,44,inf,inf,inf,0.0,0.0,False,False,TabularQL.__init__() got an unexpected keyword argument 'alpha_min'
220,0.25,0.92,0.2,120,42,inf,inf,inf,0.0,0.0,False,False,TabularQL.__init__() got an unexpected keyword argument 'alpha_min'
221,0.25,0.92,0.2,120,43,inf,inf,inf,0.0,0.0,False,False,TabularQL.__init__() got an unexpected keyword argument 'alpha_min'
222,0.25,0.92,0.2,120,44,inf,inf,inf,0.0,0.0,False,False,TabularQL.__init__() got an unexpected keyword argument 'alpha_min'
223,0.25,0.92,0.2,144,42,inf,inf,inf,0.0,0.0,False,False,TabularQL.__init__() got an unexpected keyword argument 'alpha_min'
224,0.25,0.92,0.2,144,43,inf,inf,inf,0.0,0.0,False,False,TabularQL.__init__() got an unexpected keyword argument 'alpha_min'
225,0.25,0.92,0.2,144,44,inf,inf,inf,0.0,0.0,False,False,TabularQL.__init__() got an unexpected keyword argument 'alpha_min'
226,0.25,0.92,0.2,168,42,inf,inf,inf,0.0,0.0,False,False,TabularQL.__init__() got an unexpected keyword argument 'alpha_min'
227,0.25,0.92,0.2,168,43,inf,inf,inf,0.0,0.0,False,False,TabularQL.__init__() got an unexpected keyword argument 'alpha_min'
228,0.25,0.92,0.2,168,44,inf,inf,inf,0.0,0.0,False,False,TabularQL.__init__() got an unexpected keyword argument 'alpha_min'
229,0.25,0.92,0.2,240,42,inf,inf,inf,0.0,0.0,False,False,TabularQL.__init__() got an unexpected keyword argument 'alpha_min'
230,0.25,0.92,0.2,240,43,inf,inf,inf,0.0,0.0,False,False,TabularQL.__init__() got an unexpected keyword argument 'alpha_min'
231,0.25,0.92,0.2,240,44,inf,inf,inf,0.0,0.0,False,False,TabularQL.__init__() got an unexpected keyword argument 'alpha_min'
232,0.25,0.92,0.2,336,42,inf,inf,inf,0.0,0.0,False,False,TabularQL.__init__() got an unexpected keyword argument 'alpha_min'
233,0.25,0.92,0.2,336,43,inf,inf,inf,0.0,0.0,False,False,TabularQL.__init__() got an unexpected keyword argument 'alpha_min'
234,0.25,0.92,0.2,336,44,inf,inf,inf,0.0,0.0,False,False,TabularQL.__init__() got an unexpected keyword argument 'alpha_min'
235,0.25,0.92,0.25,96,42,inf,inf,inf,0.0,0.0,False,False,TabularQL.__init__() got an unexpected keyword argument 'alpha_min'
236,0.25,0.92,0.25,96,43,inf,inf,inf,0.0,0.0,False,False,TabularQL.__init__() got an unexpected keyword argument 'alpha_min'
237,0.25,0.92,0.25,96,44,inf,inf,inf,0.0,0.0,False,False,TabularQL.__init__() got an unexpected keyword argument 'alpha_min'
238,0.25,0.92,0.25,120,42,inf,inf,inf,0.0,0.0,False,False,TabularQL.__init__() got an unexpected keyword argument 'alpha_min'
239,0.25,0.92,0.25,120,43,inf,inf,inf,0.0,0.0,False,False,TabularQL.__init__() got an unexpected keyword argument 'alpha_min'
240,0.25,0.92,0.25,120,44,inf,inf,inf,0.0,0.0,False,False,TabularQL.__init__() got an unexpected keyword argument 'alpha_min'
241,0.25,0.92,0.25,144,42,inf,inf,inf,0.0,0.0,False,False,TabularQL.__init__() got an unexpected keyword argument 'alpha_min'
242,0.25,0.92,0.25,144,43,inf,inf,inf,0.0,0.0,False,False,TabularQL.__init__() got an unexpected keyword argument 'alpha_min'
243,0.25,0.92,0.25,144,44,inf,inf,inf,0.0,0.0,False,False,TabularQL.__init__() got an unexpected keyword argument 'alpha_min'
244,0.25,0.92,0.25,168,42,inf,inf,inf,0.0,0.0,False,False,TabularQL.__init__() got an unexpected keyword argument 'alpha_min'
245,0.25,0.92,0.25,168,43,inf,inf,inf,0.0,0.0,False,False,TabularQL.__init__() got an unexpected keyword argument 'alpha_min'
246,0.25,0.92,0.25,168,44,inf,inf,inf,0.0,0.0,False,False,TabularQL.__init__() got an unexpected keyword argument 'alpha_min'
247,0.25,0.92,0.25,240,42,inf,inf,inf,0.0,0.0,False,False,TabularQL.__init__() got an unexpected keyword argument 'alpha_min'
248,0.25,0.92,0.25,240,43,inf,inf,inf,0.0,0.0,False,False,TabularQL.__init__() got an unexpected keyword argument 'alpha_min'
249,0.25,0.92,0.25,240,44,inf,inf,inf,0.0,0.0,False,False,TabularQL.__init__() got an unexpected keyword argument 'alpha_min'
250,0.25,0.92,0.25,336,42,inf,inf,inf,0.0,0.0,False,False,TabularQL.__init__() got an unexpected keyword argument 'alpha_min'
251,0.25,0.92,0.25,336,43,inf,inf,inf,0.0,0.0,False,False,TabularQL.__init__() got an unexpected keyword argument 'alpha_min'
252,0.25,0.92,0.25,336,44,inf,inf,inf,0.0,0.0,False,False,TabularQL.__init__() got an unexpected keyword argument 'alpha_min'
253,0.25,0.92,0.3,96,42,inf,inf,inf,0.0,0.0,False,False,TabularQL.__init__() got an unexpected keyword argument 'alpha_min'
254,0.25,0.92,0.3,96,43,inf,inf,inf,0.0,0.0,False,False,TabularQL.__init__() got an unexpected keyword argument 'alpha_min'
255,0.25,0.92,0.3,96,44,inf,inf,inf,0.0,0.0,False,False,TabularQL.__init__() got an unexpected keyword argument 'alpha_min'
256,0.25,0.92,0.3,120,42,inf,inf,inf,0.0,0.0,False,False,TabularQL.__init__() got an unexpected keyword argument 'alpha_min'
257,0.25,0.92,0.3,120,43,inf,inf,inf,0.0,0.0,False,False,TabularQL.__init__() got an unexpected keyword argument 'alpha_min'
258,0.25,0.92,0.3,120,44,inf,inf,inf,0.0,0.0,False,False,TabularQL.__init__() got an unexpected keyword argument 'alpha_min'
259,0.25,0.92,0.3,144,42,inf,inf,inf,0.0,0.0,False,False,TabularQL.__init__() got an unexpected keyword argument 'alpha_min'
260,0.25,0.92,0.3,144,43,inf,inf,inf,0.0,0.0,False,False,TabularQL.__init__() got an unexpected keyword argument 'alpha_min'
261,0.25,0.92,0.3,144,44,inf,inf,inf,0.0,0.0,False,False,TabularQL.__init__() got an unexpected keyword argument 'alpha_min'
262,0.25,0.92,0.3,168,42,inf,inf,inf,0.0,0.0,False,False,TabularQL.__init__() got an unexpected keyword argument 'alpha_min'
263,0.25,0.92,0.3,168,43,inf,inf,inf,0.0,0.0,False,False,TabularQL.__init__() got an unexpected keyword argument 'alpha_min'
264,0.25,0.92,0.3,168,44,inf,inf,inf,0.0,0.0,False,False,TabularQL.__init__() got an unexpected keyword argument 'alpha_min'
265,0.25,0.92,0.3,240,42,inf,inf,inf,0.0,0.0,False,False,TabularQL.__init__() got an unexpected keyword argument 'alpha_min'
266,0.25,0.92,0.3,240,43,inf,inf,inf,0.0,0.0,False,False,TabularQL.__init__() got an unexpected keyword argument 'alpha_min'
267,0.25,0.92,0.3,240,44,inf,inf,inf,0.0,0.0,False,False,TabularQL.__init__() got an unexpected keyword argument 'alpha_min'
268,0.25,0.92,0.3,336,42,inf,inf,inf,0.0,0.0,False,False,TabularQL.__init__() got an unexpected keyword argument 'alpha_min'
269,0.25,0.92,0.3,336,43,inf,inf,inf,0.0,0.0,False,False,TabularQL.__init__() got an unexpected keyword argument 'alpha_min'
270,0.25,0.92,0.3,336,44,inf,inf,inf,0.0,0.0,False,False,TabularQL.__init__() got an unexpected keyword argument 'alpha_min'
271,0.25,0.95,0.1,96,42,inf,inf,inf,0.0,0.0,False,False,TabularQL.__init__() got an unexpected keyword argument 'alpha_min'
272,0.25,0.95,0.1,96,43,inf,inf,inf,0.0,0.0,False,False,TabularQL.__init__() got an unexpected keyword argument 'alpha_min'
273,0.25,0.95,0.1,96,44,inf,inf,inf,0.0,0.0,False,False,TabularQL.__init__() got an unexpected keyword argument 'alpha_min'
274,0.25,0.95,0.1,120,42,inf,inf,inf,0.0,0.0,False,False,TabularQL.__init__() got an unexpected keyword argument 'alpha_min'
275,0.25,0.95,0.1,120,43,inf,inf,inf,0.0,0.0,False,False,TabularQL.__init__() got an unexpected keyword argument 'alpha_min'
276,0.25,0.95,0.1,120,44,inf,inf,inf,0.0,0.0,False,False,TabularQL.__init__() got an unexpected keyword argument 'alpha_min'
277,0.25,0.95,0.1,144,42,inf,inf,inf,0.0,0.0,False,False,TabularQL.__init__() got an unexpected keyword argument 'alpha_min'
278,0.25,0.95,0.1,144,43,inf,inf,inf,0.0,0.0,False,False,TabularQL.__init__() got an unexpected keyword argument 'alpha_min'
279,0.25,0.95,0.1,144,44,inf,inf,inf,0.0,0.0,False,False,TabularQL.__init__() got an unexpected keyword argument 'alpha_min'
280,0.25,0.95,0.1,168,42,inf,inf,inf,0.0,0.0,False,False,TabularQL.__init__() got an unexpected keyword argument 'alpha_min'
281,0.25,0.95,0.1,168,43,inf,inf,inf,0.0,0.0,False,False,TabularQL.__init__() got an unexpected keyword argument 'alpha_min'
282,0.25,0.95,0.1,168,44,inf,inf,inf,0.0,0.0,False,False,TabularQL.__init__() got an unexpected keyword argument 'alpha_min'
283,0.25,0.95,0.1,240,42,inf,inf,inf,0.0,0.0,False,False,TabularQL.__init__() got an unexpected keyword argument 'alpha_min'
284,0.25,0.95,0.1,240,43,inf,inf,inf,0.0,0.0,False,False,TabularQL.__init__() got an unexpected keyword argument 'alpha_min'
285,0.25,0.95,0.1,240,44,inf,inf,inf,0.0,0.0,False,False,TabularQL.__init__() got an unexpected keyword argument 'alpha_min'
286,0.25,0.95,0.1,336,42,inf,inf,inf,0.0,0.0,False,False,TabularQL.__init__() got an unexpected keyword argument 'alpha_min'
287,0.25,0.95,0.1,336,43,inf,inf,inf,0.0,0.0,False,False,TabularQL.__init__() got an unexpected keyword argument 'alpha_min'
288,0.25,0.95,0.1,336,44,inf,inf,inf,0.0,0.0,False,False,TabularQL.__init__() got an unexpected keyword argument 'alpha_min'
289,0.25,0.95,0.15,96,42,inf,inf,inf,0.0,0.0,False,False,TabularQL.__init__() got an unexpected keyword argument 'alpha_min'
290,0.25,0.95,0.15,96,43,inf,inf,inf,0.0,0.0,False,False,TabularQL.__init__() got an unexpected keyword argument 'alpha_min'
291,0.25,0.95,0.15,96,44,inf,inf,inf,0.0,0.0,False,False,TabularQL.__init__() got an unexpected keyword argument 'alpha_min'
292,0.25,0.95,0.15,120,42,inf,inf,inf,0.0,0.0,False,False,TabularQL.__init__() got an unexpected keyword argument 'alpha_min'
293,0.25,0.95,0.15,120,43,inf,inf,inf,0.0,0.0,False,False,TabularQL.__init__() got an unexpected keyword argument 'alpha_min'
294,0.25,0.95,0.15,120,44,inf,inf,inf,0.0,0.0,False,False,TabularQL.__init__() got an unexpected keyword argument 'alpha_min'
295,0.25,0.95,0.15,144,42,inf,inf,inf,0.0,0.0,False,False,TabularQL.__init__() got an unexpected keyword argument 'alpha_min'
296,0.25,0.95,0.15,144,43,inf,inf,inf,0.0,0.0,False,False,TabularQL.__init__() got an unexpected keyword argument 'alpha_min'
297,0.25,0.95,0.15,144,44,inf,inf,inf,0.0,0.0,False,False,TabularQL.__init__() got an unexpected keyword argument 'alpha_min'
298,0.25,0.95,0.15,168,42,inf,inf,inf,0.0,0.0,False,False,TabularQL.__init__() got an unexpected keyword argument 'alpha_min'
299,0.25,0.95,0.15,168,43,inf,inf,inf,0.0,0.0,False,False,TabularQL.__init__() got an unexpected keyword argument 'alpha_min'
300,0.25,0.95,0.15,168,44,inf,inf,inf,0.0,0.0,False,False,TabularQL.__init__() got an unexpected keyword argument 'alpha_min'
301,0.25,0.95,0.15,240,42,inf,inf,inf,0.0,0.0,False,False,TabularQL.__init__() got an unexpected keyword argument 'alpha_min'
302,0.25,0.95,0.15,240,43,inf,inf,inf,0.0,0.0,False,False,TabularQL.__init__() got an unexpected keyword argument 'alpha_min'
303,0.25,0.95,0.15,240,44,inf,inf,inf,0.0,0.0,False,False,TabularQL.__init__() got an unexpected keyword argument 'alpha_min'
304,0.25,0.95,0.15,336,42,inf,inf,inf,0.0,0.0,False,False,TabularQL.__init__() got an unexpected keyword argument 'alpha_min'
305,0.25,0.95,0.15,336,43,inf,inf,inf,0.0,0.0,False,False,TabularQL.__init__() got an unexpected keyword argument 'alpha_min'
306,0.25,0.95,0.15,336,44,inf,inf,inf,0.0,0.0,False,False,TabularQL.__init__() got an unexpected keyword argument 'alpha_min'
307,0.25,0.95,0.2,96,42,inf,inf,inf,0.0,0.0,False,False,TabularQL.__init__() got an unexpected keyword argument 'alpha_min'
308,0.25,0.95,0.2,96,43,inf,inf,inf,0.0,0.0,False,False,TabularQL.__init__() got an unexpected keyword argument 'alpha_min'
309,0.25,0.95,0.2,96,44,inf,inf,inf,0.0,0.0,False,False,TabularQL.__init__() got an unexpected keyword argument 'alpha_min'
310,0.25,0.95,0.2,120,42,inf,inf,inf,0.0,0.0,False,False,TabularQL.__init__() got an unexpected keyword argument 'alpha_min'
311,0.25,0.95,0.2,120,43,inf,inf,inf,0.0,0.0,False,False,TabularQL.__init__() got an unexpected keyword argument 'alpha_min'
312,0.25,0.95,0.2,120,44,inf,inf,inf,0.0,0.0,False,False,TabularQL.__init__() got an unexpected keyword argument 'alpha_min'
313,0.25,0.95,0.2,144,42,inf,inf,inf,0.0,0.0,False,False,TabularQL.__init__() got an unexpected keyword argument 'alpha_min'
314,0.25,0.95,0.2,144,43,inf,inf,inf,0.0,0.0,False,False,TabularQL.__init__() got an unexpected keyword argument 'alpha_min'
315,0.25,0.95,0.2,144,44,inf,inf,inf,0.0,0.0,False,False,TabularQL.__init__() got an unexpected keyword argument 'alpha_min'
316,0.25,0.95,0.2,168,42,inf,inf,inf,0.0,0.0,False,False,TabularQL.__init__() got an unexpected keyword argument 'alpha_min'
317,0.25,0.95,0.2,168,43,inf,inf,inf,0.0,0.0,False,False,TabularQL.__init__() got an unexpected keyword argument 'alpha_min'
318,0.25,0.95,0.2,168,44,inf,inf,inf,0.0,0.0,False,False,TabularQL.__init__() got an unexpected keyword argument 'alpha_min'
319,0.25,0.95,0.2,240,42,inf,inf,inf,0.0,0.0,False,False,TabularQL.__init__() got an unexpected keyword argument 'alpha_min'
320,0.25,0.95,0.2,240,43,inf,inf,inf,0.0,0.0,False,False,TabularQL.__init__() got an unexpected keyword argument 'alpha_min'
321,0.25,0.95,0.2,240,44,inf,inf,inf,0.0,0.0,False,False,TabularQL.__init__() got an unexpected keyword argument 'alpha_min'
322,0.25,0.95,0.2,336,42,inf,inf,inf,0.0,0.0,False,False,TabularQL.__init__() got an unexpected keyword argument 'alpha_min'
323,0.25,0.95,0.2,336,43,inf,inf,inf,0.0,0.0,False,False,TabularQL.__init__() got an unexpected keyword argument 'alpha_min'
324,0.25,0.95,0.2,336,44,inf,inf,inf,0.0,0.0,False,False,TabularQL.__init__() got an unexpected keyword argument 'alpha_min'
325,0.25,0.95,0.25,96,42,inf,inf,inf,0.0,0.0,False,False,TabularQL.__init__() got an unexpected keyword argument 'alpha_min'
326,0.25,0.95,0.25,96,43,inf,inf,inf,0.0,0.0,False,False,TabularQL.__init__() got an unexpected keyword argument 'alpha_min'
327,0.25,0.95,0.25,96,44,inf,inf,inf,0.0,0.0,False,False,TabularQL.__init__() got an unexpected keyword argument 'alpha_min'
328,0.25,0.95,0.25,120,42,inf,inf,inf,0.0,0.0,False,False,TabularQL.__init__() got an unexpected keyword argument 'alpha_min'
329,0.25,0.95,0.25,120,43,inf,inf,inf,0.0,0.0,False,False,TabularQL.__init__() got an unexpected keyword argument 'alpha_min'
330,0.25,0.95,0.25,120,44,inf,inf,inf,0.0,0.0,False,False,TabularQL.__init__() got an unexpected keyword argument 'alpha_min'
331,0.25,0.95,0.25,144,42,inf,inf,inf,0.0,0.0,False,False,TabularQL.__init__() got an unexpected keyword argument 'alpha_min'
332,0.25,0.95,0.25,144,43,inf,inf,inf,0.0,0.0,False,False,TabularQL.__init__() got an unexpected keyword argument 'alpha_min'
333,0.25,0.95,0.25,144,44,inf,inf,inf,0.0,0.0,False,False,TabularQL.__init__() got an unexpected keyword argument 'alpha_min'
334,0.25,0.95,0.25,168,42,inf,inf,inf,0.0,0.0,False,False,TabularQL.__init__() got an unexpected keyword argument 'alpha_min'
335,0.25,0.95,0.25,168,43,inf,inf,inf,0.0,0.0,False,False,TabularQL.__init__() got an unexpected keyword argument 'alpha_min'
336,0.25,0.95,0.25,168,44,inf,inf,inf,0.0,0.0,False,False,TabularQL.__init__() got an unexpected keyword argument 'alpha_min'
337,0.25,0.95,0.25,240,42,inf,inf,inf,0.0,0.0,False,False,TabularQL.__init__() got an unexpected keyword argument 'alpha_min'
338,0.25,0.95,0.25,240,43,inf,inf,inf,0.0,0.0,False,False,TabularQL.__init__() got an unexpected keyword argument 'alpha_min'
339,0.25,0.95,0.25,240,44,inf,inf,inf,0.0,0.0,False,False,TabularQL.__init__() got an unexpected keyword argument 'alpha_min'
340,0.25,0.95,0.25,336,42,inf,inf,inf,0.0,0.0,False,False,TabularQL.__init__() got an unexpected keyword argument 'alpha_min'
341,0.25,0.95,0.25,336,43,inf,inf,inf,0.0,0.0,False,False,TabularQL.__init__() got an unexpected keyword argument 'alpha_min'
342,0.25,0.95,0.25,336,44,inf,inf,inf,0.0,0.0,False,False,TabularQL.__init__() got an unexpected keyword argument 'alpha_min'
343,0.25,0.95,0.3,96,42,inf,inf,inf,0.0,0.0,False,False,TabularQL.__init__() got an unexpected keyword argument 'alpha_min'
344,0.25,0.95,0.3,96,43,inf,inf,inf,0.0,0.0,False,False,TabularQL.__init__() got an unexpected keyword argument 'alpha_min'
345,0.25,0.95,0.3,96,44,inf,inf,inf,0.0,0.0,False,False,TabularQL.__init__() got an unexpected keyword argument 'alpha_min'
346,0.25,0.95,0.3,120,42,inf,inf,inf,0.0,0.0,False,False,TabularQL.__init__() got an unexpected keyword argument 'alpha_min'
347,0.25,0.95,0.3,120,43,inf,inf,inf,0.0,0.0,False,False,TabularQL.__init__() got an unexpected keyword argument 'alpha_min'
348,0.25,0.95,0.3,120,44,inf,inf,inf,0.0,0.0,False,False,TabularQL.__init__() got an unexpected keyword argument 'alpha_min'
349,0.25,0.95,0.3,144,42,inf,inf,inf,0.0,0.0,False,False,TabularQL.__init__() got an unexpected keyword argument 'alpha_min'
350,0.25,0.95,0.3,144,43,inf,inf,inf,0.0,0.0,False,False,TabularQL.__init__() got an unexpected keyword argument 'alpha_min'
351,0.25,0.95,0.3,144,44,inf,inf,inf,0.0,0.0,False,False,TabularQL.__init__() got an unexpected keyword argument 'alpha_min'
352,0.25,0.95,0.3,168,42,inf,inf,inf,0.0,0.0,False,False,TabularQL.__init__() got an unexpected keyword argument 'alpha_min'
353,0.25,0.95,0.3,168,43,inf,inf,inf,0.0,0.0,False,False,TabularQL.__init__() got an unexpected keyword argument 'alpha_min'
354,0.25,0.95,0.3,168,44,inf,inf,inf,0.0,0.0,False,False,TabularQL.__init__() got an unexpected keyword argument 'alpha_min'
355,0.25,0.95,0.3,240,42,inf,inf,inf,0.0,0.0,False,False,TabularQL.__init__() got an unexpected keyword argument 'alpha_min'
356,0.25,0.95,0.3,240,43,inf,inf,inf,0.0,0.0,False,False,TabularQL.__init__() got an unexpected keyword argument 'alpha_min'
357,0.25,0.95,0.3,240,44,inf,inf,inf,0.0,0.0,False,False,TabularQL.__init__() got an unexpected keyword argument 'alpha_min'
358,0.25,0.95,0.3,336,42,inf,inf,inf,0.0,0.0,False,False,TabularQL.__init__() got an unexpected keyword argument 'alpha_min'
359,0.25,0.95,0.3,336,43,inf,inf,inf,0.0,0.0,False,False,TabularQL.__init__() got an unexpected keyword argument 'alpha_min'
360,0.25,0.95,0.3,336,44,inf,inf,inf,0.0,0.0,False,False,TabularQL.__init__() got an unexpected keyword argument 'alpha_min'
361,0.3,0.88,0.1,96,42,inf,inf,inf,0.0,0.0,False,False,TabularQL.__init__() got an unexpected keyword argument 'alpha_min'
362,0.3,0.88,0.1,96,43,inf,inf,inf,0.0,0.0,False,False,TabularQL.__init__() got an unexpected keyword argument 'alpha_min'
363,0.3,0.88,0.1,96,44,inf,inf,inf,0.0,0.0,False,False,TabularQL.__init__() got an unexpected keyword argument 'alpha_min'
364,0.3,0.88,0.1,120,42,inf,inf,inf,0.0,0.0,False,False,TabularQL.__init__() got an unexpected keyword argument 'alpha_min'
365,0.3,0.88,0.1,120,43,inf,inf,inf,0.0,0.0,False,False,TabularQL.__init__() got an unexpected keyword argument 'alpha_min'
366,0.3,0.88,0.1,120,44,inf,inf,inf,0.0,0.0,False,False,TabularQL.__init__() got an unexpected keyword argument 'alpha_min'
367,0.3,0.88,0.1,144,42,inf,inf,inf,0.0,0.0,False,False,TabularQL.__init__() got an unexpected keyword argument 'alpha_min'
368,0.3,0.88,0.1,144,43,inf,inf,inf,0.0,0.0,False,False,TabularQL.__init__() got an unexpected keyword argument 'alpha_min'
369,0.3,0.88,0.1,144,44,inf,inf,inf,0.0,0.0,False,False,TabularQL.__init__() got an unexpected keyword argument 'alpha_min'
370,0.3,0.88,0.1,168,42,inf,inf,inf,0.0,0.0,False,False,TabularQL.__init__() got an unexpected keyword argument 'alpha_min'
371,0.3,0.88,0.1,168,43,inf,inf,inf,0.0,0.0,False,False,TabularQL.__init__() got an unexpected keyword argument 'alpha_min'
372,0.3,0.88,0.1,168,44,inf,inf,inf,0.0,0.0,False,False,TabularQL.__init__() got an unexpected keyword argument 'alpha_min'
373,0.3,0.88,0.1,240,42,inf,inf,inf,0.0,0.0,False,False,TabularQL.__init__() got an unexpected keyword argument 'alpha_min'
374,0.3,0.88,0.1,240,43,inf,inf,inf,0.0,0.0,False,False,TabularQL.__init__() got an unexpected keyword argument 'alpha_min'
375,0.3,0.88,0.1,240,44,inf,inf,inf,0.0,0.0,False,False,TabularQL.__init__() got an unexpected keyword argument 'alpha_min'
376,0.3,0.88,0.1,336,42,inf,inf,inf,0.0,0.0,False,False,TabularQL.__init__() got an unexpected keyword argument 'alpha_min'
377,0.3,0.88,0.1,336,43,inf,inf,inf,0.0,0.0,False,False,TabularQL.__init__() got an unexpected keyword argument 'alpha_min'
378,0.3,0.88,0.1,336,44,inf,inf,inf,0.0,0.0,False,False,TabularQL.__init__() got an unexpected keyword argument 'alpha_min'
379,0.3,0.88,0.15,96,42,inf,inf,inf,0.0,0.0,False,False,TabularQL.__init__() got an unexpected keyword argument 'alpha_min'
380,0.3,0.88,0.15,96,43,inf,inf,inf,0.0,0.0,False,False,TabularQL.__init__() got an unexpected keyword argument 'alpha_min'
381,0.3,0.88,0.15,96,44,inf,inf,inf,0.0,0.0,False,False,TabularQL.__init__() got an unexpected keyword argument 'alpha_min'
382,0.3,0.88,0.15,120,42,inf,inf,inf,0.0,0.0,False,False,TabularQL.__init__() got an unexpected keyword argument 'alpha_min'
383,0.3,0.88,0.15,120,43,inf,inf,inf,0.0,0.0,False,False,TabularQL.__init__() got an unexpected keyword argument 'alpha_min'
384,0.3,0.88,0.15,120,44,inf,inf,inf,0.0,0.0,False,False,TabularQL.__init__() got an unexpected keyword argument 'alpha_min'
385,0.3,0.88,0.15,144,42,inf,inf,inf,0.0,0.0,False,False,TabularQL.__init__() got an unexpected keyword argument 'alpha_min'
386,0.3,0.88,0.15,144,43,inf,inf,inf,0.0,0.0,False,False,TabularQL.__init__() got an unexpected keyword argument 'alpha_min'
387,0.3,0.88,0.15,144,44,inf,inf,inf,0.0,0.0,False,False,TabularQL.__init__() got an unexpected keyword argument 'alpha_min'
388,0.3,0.88,0.15,168,42,inf,inf,inf,0.0,0.0,False,False,TabularQL.__init__() got an unexpected keyword argument 'alpha_min'
389,0.3,0.88,0.15,168,43,inf,inf,inf,0.0,0.0,False,False,TabularQL.__init__() got an unexpected keyword argument 'alpha_min'
390,0.3,0.88,0.15,168,44,inf,inf,inf,0.0,0.0,False,False,TabularQL.__init__() got an unexpected keyword argument 'alpha_min'
391,0.3,0.88,0.15,240,42,inf,inf,inf,0.0,0.0,False,False,TabularQL.__init__() got an unexpected keyword argument 'alpha_min'
392,0.3,0.88,0.15,240,43,inf,inf,inf,0.0,0.0,False,False,TabularQL.__init__() got an unexpected keyword argument 'alpha_min'
393,0.3,0.88,0.15,240,44,inf,inf,inf,0.0,0.0,False,False,TabularQL.__init__() got an unexpected keyword argument 'alpha_min'
394,0.3,0.88,0.15,336,42,inf,inf,inf,0.0,0.0,False,False,TabularQL.__init__() got an unexpected keyword argument 'alpha_min'
395,0.3,0.88,0.15,336,43,inf,inf,inf,0.0,0.0,False,False,TabularQL.__init__() got an unexpected keyword argument 'alpha_min'
396,0.3,0.88,0.15,336,44,inf,inf,inf,0.0,0.0,False,False,TabularQL.__init__() got an unexpected keyword argument 'alpha_min'
397,0.3,0.88,0.2,96,42,inf,inf,inf,0.0,0.0,False,False,TabularQL.__init__() got an unexpected keyword argument 'alpha_min'
398,0.3,0.88,0.2,96,43,inf,inf,inf,0.0,0.0,False,False,TabularQL.__init__() got an unexpected keyword argument 'alpha_min'
399,0.3,0.88,0.2,96,44,inf,inf,inf,0.0,0.0,False,False,TabularQL.__init__() got an unexpected keyword argument 'alpha_min'
400,0.3,0.88,0.2,120,42,inf,inf,inf,0.0,0.0,False,False,TabularQL.__init__() got an unexpected keyword argument 'alpha_min'
401,0.3,0.88,0.2,120,43,inf,inf,inf,0.0,0.0,False,False,TabularQL.__init__() got an unexpected keyword argument 'alpha_min'
402,0.3,0.88,0.2,120,44,inf,inf,inf,0.0,0.0,False,False,TabularQL.__init__() got an unexpected keyword argument 'alpha_min'
403,0.3,0.88,0.2,144,42,inf,inf,inf,0.0,0.0,False,False,TabularQL.__init__() got an unexpected keyword argument 'alpha_min'
404,0.3,0.88,0.2,144,43,inf,inf,inf,0.0,0.0,False,False,TabularQL.__init__() got an unexpected keyword argument 'alpha_min'
405,0.3,0.88,0.2,144,44,inf,inf,inf,0.0,0.0,False,False,TabularQL.__init__() got an unexpected keyword argument 'alpha_min'
406,0.3,0.88,0.2,168,42,inf,inf,inf,0.0,0.0,False,False,TabularQL.__init__() got an unexpected keyword argument 'alpha_min'
407,0.3,0.88,0.2,168,43,inf,inf,inf,0.0,0.0,False,False,TabularQL.__init__() got an unexpected keyword argument 'alpha_min'
408,0.3,0.88,0.2,168,44,inf,inf,inf,0.0,0.0,False,False,TabularQL.__init__() got an unexpected keyword argument 'alpha_min'
409,0.3,0.88,0.2,240,42,inf,inf,inf,0.0,0.0,False,False,TabularQL.__init__() got an unexpected keyword argument 'alpha_min'
410,0.3,0.88,0.2,240,43,inf,inf,inf,0.0,0.0,False,False,TabularQL.__init__() got an unexpected keyword argument 'alpha_min'
411,0.3,0.88,0.2,240,44,inf,inf,inf,0.0,0.0,False,False,TabularQL.__init__() got an unexpected keyword argument 'alpha_min'
412,0.3,0.88,0.2,336,42,inf,inf,inf,0.0,0.0,False,False,TabularQL.__init__() got an unexpected keyword argument 'alpha_min'
413,0.3,0.88,0.2,336,43,inf,inf,inf,0.0,0.0,False,False,TabularQL.__init__() got an unexpected keyword argument 'alpha_min'
414,0.3,0.88,0.2,336,44,inf,inf,inf,0.0,0.0,False,False,TabularQL.__init__() got an unexpected keyword argument 'alpha_min'
415,0.3,0.88,0.25,96,42,inf,inf,inf,0.0,0.0,False,False,TabularQL.__init__() got an unexpected keyword argument 'alpha_min'
416,0.3,0.88,0.25,96,43,inf,inf,inf,0.0,0.0,False,False,TabularQL.__init__() got an unexpected keyword argument 'alpha_min'
417,0.3,0.88,0.25,96,44,inf,inf,inf,0.0,0.0,False,False,TabularQL.__init__() got an unexpected keyword argument 'alpha_min'
418,0.3,0.88,0.25,120,42,inf,inf,inf,0.0,0.0,False,False,TabularQL.__init__() got an unexpected keyword argument 'alpha_min'
419,0.3,0.88,0.25,120,43,inf,inf,inf,0.0,0.0,False,False,TabularQL.__init__() got an unexpected keyword argument 'alpha_min'
420,0.3,0.88,0.25,120,44,inf,inf,inf,0.0,0.0,False,False,TabularQL.__init__() got an unexpected keyword argument 'alpha_min'
421,0.3,0.88,0.25,144,42,inf,inf,inf,0.0,0.0,False,False,TabularQL.__init__() got an unexpected keyword argument 'alpha_min'
422,0.3,0.88,0.25,144,43,inf,inf,inf,0.0,0.0,False,False,TabularQL.__init__() got an unexpected keyword argument 'alpha_min'
423,0.3,0.88,0.25,144,44,inf,inf,inf,0.0,0.0,False,False,TabularQL.__init__() got an unexpected keyword argument 'alpha_min'
424,0.3,0.88,0.25,168,42,inf,inf,inf,0.0,0.0,False,False,TabularQL.__init__() got an unexpected keyword argument 'alpha_min'
425,0.3,0.88,0.25,168,43,inf,inf,inf,0.0,0.0,False,False,TabularQL.__init__() got an unexpected keyword argument 'alpha_min'
426,0.3,0.88,0.25,168,44,inf,inf,inf,0.0,0.0,False,False,TabularQL.__init__() got an unexpected keyword argument 'alpha_min'
427,0.3,0.88,0.25,240,42,inf,inf,inf,0.0,0.0,False,False,TabularQL.__init__() got an unexpected keyword argument 'alpha_min'
428,0.3,0.88,0.25,240,43,inf,inf,inf,0.0,0.0,False,False,TabularQL.__init__() got an unexpected keyword argument 'alpha_min'
429,0.3,0.88,0.25,240,44,inf,inf,inf,0.0,0.0,False,False,TabularQL.__init__() got an unexpected keyword argument 'alpha_min'
430,0.3,0.88,0.25,336,42,inf,inf,inf,0.0,0.0,False,False,TabularQL.__init__() got an unexpected keyword argument 'alpha_min'
431,0.3,0.88,0.25,336,43,inf,inf,inf,0.0,0.0,False,False,TabularQL.__init__() got an unexpected keyword argument 'alpha_min'
432,0.3,0.88,0.25,336,44,inf,inf,inf,0.0,0.0,False,False,TabularQL.__init__() got an unexpected keyword argument 'alpha_min'
433,0.3,0.88,0.3,96,42,inf,inf,inf,0.0,0.0,False,False,TabularQL.__init__() got an unexpected keyword argument 'alpha_min'
434,0.3,0.88,0.3,96,43,inf,inf,inf,0.0,0.0,False,False,TabularQL.__init__() got an unexpected keyword argument 'alpha_min'
435,0.3,0.88,0.3,96,44,inf,inf,inf,0.0,0.0,False,False,TabularQL.__init__() got an unexpected keyword argument 'alpha_min'
436,0.3,0.88,0.3,120,42,inf,inf,inf,0.0,0.0,False,False,TabularQL.__init__() got an unexpected keyword argument 'alpha_min'
437,0.3,0.88,0.3,120,43,inf,inf,inf,0.0,0.0,False,False,TabularQL.__init__() got an unexpected keyword argument 'alpha_min'
438,0.3,0.88,0.3,120,44,inf,inf,inf,0.0,0.0,False,False,TabularQL.__init__() got an unexpected keyword argument 'alpha_min'
439,0.3,0.88,0.3,144,42,inf,inf,inf,0.0,0.0,False,False,TabularQL.__init__() got an unexpected keyword argument 'alpha_min'
440,0.3,0.88,0.3,144,43,inf,inf,inf,0.0,0.0,False,False,TabularQL.__init__() got an unexpected keyword argument 'alpha_min'
441,0.3,0.88,0.3,144,44,inf,inf,inf,0.0,0.0,False,False,TabularQL.__init__() got an unexpected keyword argument 'alpha_min'
442,0.3,0.88,0.3,168,42,inf,inf,inf,0.0,0.0,False,False,TabularQL.__init__() got an unexpected keyword argument 'alpha_min'
443,0.3,0.88,0.3,168,43,inf,inf,inf,0.0,0.0,False,False,TabularQL.__init__() got an unexpected keyword argument 'alpha_min'
444,0.3,0.88,0.3,168,44,inf,inf,inf,0.0,0.0,False,False,TabularQL.__init__() got an unexpected keyword argument 'alpha_min'
445,0.3,0.88,0.3,240,42,inf,inf,inf,0.0,0.0,False,False,TabularQL.__init__() got an unexpected keyword argument 'alpha_min'
446,0.3,0.88,0.3,240,43,inf,inf,inf,0.0,0.0,False,False,TabularQL.__init__() got an unexpected keyword argument 'alpha_min'
447,0.3,0.88,0.3,240,44,inf,inf,inf,0.0,0.0,False,False,TabularQL.__init__() got an unexpected keyword argument 'alpha_min'
448,0.3,0.88,0.3,336,42,inf,inf,inf,0.0,0.0,False,False,TabularQL.__init__() got an unexpected keyword argument 'alpha_min'
449,0.3,0.88,0.3,336,43,inf,inf,inf,0.0,0.0,False,False,TabularQL.__init__() got an unexpected keyword argument 'alpha_min'
450,0.3,0.88,0.3,336,44,inf,inf,inf,0.0,0.0,False,False,TabularQL.__init__() got an unexpected keyword argument 'alpha_min'
451,0.3,0.9,0.1,96,42,inf,inf,inf,0.0,0.0,False,False,TabularQL.__init__() got an unexpected keyword argument 'alpha_min'
452,0.3,0.9,0.1,96,43,inf,inf,inf,0.0,0.0,False,False,TabularQL.__init__() got an unexpected keyword argument 'alpha_min'
453,0.3,0.9,0.1,96,44,inf,inf,inf,0.0,0.0,False,False,TabularQL.__init__() got an unexpected keyword argument 'alpha_min'
454,0.3,0.9,0.1,120,42,inf,inf,inf,0.0,0.0,False,False,TabularQL.__init__() got an unexpected keyword argument 'alpha_min'
455,0.3,0.9,0.1,120,43,inf,inf,inf,0.0,0.0,False,False,TabularQL.__init__() got an unexpected keyword argument 'alpha_min'
456,0.3,0.9,0.1,120,44,inf,inf,inf,0.0,0.0,False,False,TabularQL.__init__() got an unexpected keyword argument 'alpha_min'
457,0.3,0.9,0.1,144,42,inf,inf,inf,0.0,0.0,False,False,TabularQL.__init__() got an unexpected keyword argument 'alpha_min'
458,0.3,0.9,0.1,144,43,inf,inf,inf,0.0,0.0,False,False,TabularQL.__init__() got an unexpected keyword argument 'alpha_min'
459,0.3,0.9,0.1,144,44,inf,inf,inf,0.0,0.0,False,False,TabularQL.__init__() got an unexpected keyword argument 'alpha_min'
460,0.3,0.9,0.1,168,42,inf,inf,inf,0.0,0.0,False,False,TabularQL.__init__() got an unexpected keyword argument 'alpha_min'
461,0.3,0.9,0.1,168,43,inf,inf,inf,0.0,0.0,False,False,TabularQL.__init__() got an unexpected keyword argument 'alpha_min'
462,0.3,0.9,0.1,168,44,inf,inf,inf,0.0,0.0,False,False,TabularQL.__init__() got an unexpected keyword argument 'alpha_min'
463,0.3,0.9,0.1,240,42,inf,inf,inf,0.0,0.0,False,False,TabularQL.__init__() got an unexpected keyword argument 'alpha_min'
464,0.3,0.9,0.1,240,43,inf,inf,inf,0.0,0.0,False,False,TabularQL.__init__() got an unexpected keyword argument 'alpha_min'
465,0.3,0.9,0.1,240,44,inf,inf,inf,0.0,0.0,False,False,TabularQL.__init__() got an unexpected keyword argument 'alpha_min'
466,0.3,0.9,0.1,336,42,inf,inf,inf,0.0,0.0,False,False,TabularQL.__init__() got an unexpected keyword argument 'alpha_min'
467,0.3,0.9,0.1,336,43,inf,inf,inf,0.0,0.0,False,False,TabularQL.__init__() got an unexpected keyword argument 'alpha_min'
468,0.3,0.9,0.1,336,44,inf,inf,inf,0.0,0.0,False,False,TabularQL.__init__() got an unexpected keyword argument 'alpha_min'
469,0.3,0.9,0.15,96,42,inf,inf,inf,0.0,0.0,False,False,TabularQL.__init__() got an unexpected keyword argument 'alpha_min'
470,0.3,0.9,0.15,96,43,inf,inf,inf,0.0,0.0,False,False,TabularQL.__init__() got an unexpected keyword argument 'alpha_min'
471,0.3,0.9,0.15,96,44,inf,inf,inf,0.0,0.0,False,False,TabularQL.__init__() got an unexpected keyword argument 'alpha_min'
472,0.3,0.9,0.15,120,42,inf,inf,inf,0.0,0.0,False,False,TabularQL.__init__() got an unexpected keyword argument 'alpha_min'
473,0.3,0.9,0.15,120,43,inf,inf,inf,0.0,0.0,False,False,TabularQL.__init__() got an unexpected keyword argument 'alpha_min'
474,0.3,0.9,0.15,120,44,inf,inf,inf,0.0,0.0,False,False,TabularQL.__init__() got an unexpected keyword argument 'alpha_min'
475,0.3,0.9,0.15,144,42,inf,inf,inf,0.0,0.0,False,False,TabularQL.__init__() got an unexpected keyword argument 'alpha_min'
476,0.3,0.9,0.15,144,43,inf,inf,inf,0.0,0.0,False,False,TabularQL.__init__() got an unexpected keyword argument 'alpha_min'
477,0.3,0.9,0.15,144,44,inf,inf,inf,0.0,0.0,False,False,TabularQL.__init__() got an unexpected keyword argument 'alpha_min'
478,0.3,0.9,0.15,168,42,inf,inf,inf,0.0,0.0,False,False,TabularQL.__init__() got an unexpected keyword argument 'alpha_min'
479,0.3,0.9,0.15,168,43,inf,inf,inf,0.0,0.0,False,False,TabularQL.__init__() got an unexpected keyword argument 'alpha_min'
480,0.3,0.9,0.15,168,44,inf,inf,inf,0.0,0.0,False,False,TabularQL.__init__() got an unexpected keyword argument 'alpha_min'
481,0.3,0.9,0.15,240,42,inf,inf,inf,0.0,0.0,False,False,TabularQL.__init__() got an unexpected keyword argument 'alpha_min'
482,0.3,0.9,0.15,240,43,inf,inf,inf,0.0,0.0,False,False,TabularQL.__init__() got an unexpected keyword argument 'alpha_min'
483,0.3,0.9,0.15,240,44,inf,inf,inf,0.0,0.0,False,False,TabularQL.__init__() got an unexpected keyword argument 'alpha_min'
484,0.3,0.9,0.15,336,42,inf,inf,inf,0.0,0.0,False,False,TabularQL.__init__() got an unexpected keyword argument 'alpha_min'
485,0.3,0.9,0.15,336,43,inf,inf,inf,0.0,0.0,False,False,TabularQL.__init__() got an unexpected keyword argument 'alpha_min'
486,0.3,0.9,0.15,336,44,inf,inf,inf,0.0,0.0,False,False,TabularQL.__init__() got an unexpected keyword argument 'alpha_min'
487,0.3,0.9,0.2,96,42,inf,inf,inf,0.0,0.0,False,False,TabularQL.__init__() got an unexpected keyword argument 'alpha_min'
488,0.3,0.9,0.2,96,43,inf,inf,inf,0.0,0.0,False,False,TabularQL.__init__() got an unexpected keyword argument 'alpha_min'
489,0.3,0.9,0.2,96,44,inf,inf,inf,0.0,0.0,False,False,TabularQL.__init__() got an unexpected keyword argument 'alpha_min'
490,0.3,0.9,0.2,120,42,inf,inf,inf,0.0,0.0,False,False,TabularQL.__init__() got an unexpected keyword argument 'alpha_min'
491,0.3,0.9,0.2,120,43,inf,inf,inf,0.0,0.0,False,False,TabularQL.__init__() got an unexpected keyword argument 'alpha_min'
492,0.3,0.9,0.2,120,44,inf,inf,inf,0.0,0.0,False,False,TabularQL.__init__() got an unexpected keyword argument 'alpha_min'
493,0.3,0.9,0.2,144,42,inf,inf,inf,0.0,0.0,False,False,TabularQL.__init__() got an unexpected keyword argument 'alpha_min'
494,0.3,0.9,0.2,144,43,inf,inf,inf,0.0,0.0,False,False,TabularQL.__init__() got an unexpected keyword argument 'alpha_min'
495,0.3,0.9,0.2,144,44,inf,inf,inf,0.0,0.0,False,False,TabularQL.__init__() got an unexpected keyword argument 'alpha_min'
496,0.3,0.9,0.2,168,42,inf,inf,inf,0.0,0.0,False,False,TabularQL.__init__() got an unexpected keyword argument 'alpha_min'
497,0.3,0.9,0.2,168,43,inf,inf,inf,0.0,0.0,False,False,TabularQL.__init__() got an unexpected keyword argument 'alpha_min'
498,0.3,0.9,0.2,168,44,inf,inf,inf,0.0,0.0,False,False,TabularQL.__init__() got an unexpected keyword argument 'alpha_min'
499,0.3,0.9,0.2,240,42,inf,inf,inf,0.0,0.0,False,False,TabularQL.__init__() got an unexpected keyword argument 'alpha_min'
500,0.3,0.9,0.2,240,43,inf,inf,inf,0.0,0.0,False,False,TabularQL.__init__() got an unexpected keyword argument 'alpha_min'
501,0.3,0.9,0.2,240,44,inf,inf,inf,0.0,0.0,False,False,TabularQL.__init__() got an unexpected keyword argument 'alpha_min'
502,0.3,0.9,0.2,336,42,inf,inf,inf,0.0,0.0,False,False,TabularQL.__init__() got an unexpected keyword argument 'alpha_min'
503,0.3,0.9,0.2,336,43,inf,inf,inf,0.0,0.0,False,False,TabularQL.__init__() got an unexpected keyword argument 'alpha_min'
504,0.3,0.9,0.2,336,44,inf,inf,inf,0.0,0.0,False,False,TabularQL.__init__() got an unexpected keyword argument 'alpha_min'
505,0.3,0.9,0.25,96,42,inf,inf,inf,0.0,0.0,False,False,TabularQL.__init__() got an unexpected keyword argument 'alpha_min'
506,0.3,0.9,0.25,96,43,inf,inf,inf,0.0,0.0,False,False,TabularQL.__init__() got an unexpected keyword argument 'alpha_min'
507,0.3,0.9,0.25,96,44,inf,inf,inf,0.0,0.0,False,False,TabularQL.__init__() got an unexpected keyword argument 'alpha_min'
508,0.3,0.9,0.25,120,42,inf,inf,inf,0.0,0.0,False,False,TabularQL.__init__() got an unexpected keyword argument 'alpha_min'
509,0.3,0.9,0.25,120,43,inf,inf,inf,0.0,0.0,False,False,TabularQL.__init__() got an unexpected keyword argument 'alpha_min'
510,0.3,0.9,0.25,120,44,inf,inf,inf,0.0,0.0,False,False,TabularQL.__init__() got an unexpected keyword argument 'alpha_min'
511,0.3,0.9,0.25,144,42,inf,inf,inf,0.0,0.0,False,False,TabularQL.__init__() got an unexpected keyword argument 'alpha_min'
512,0.3,0.9,0.25,144,43,inf,inf,inf,0.0,0.0,False,False,TabularQL.__init__() got an unexpected keyword argument 'alpha_min'
513,0.3,0.9,0.25,144,44,inf,inf,inf,0.0,0.0,False,False,TabularQL.__init__() got an unexpected keyword argument 'alpha_min'
514,0.3,0.9,0.25,168,42,inf,inf,inf,0.0,0.0,False,False,TabularQL.__init__() got an unexpected keyword argument 'alpha_min'
515,0.3,0.9,0.25,168,43,inf,inf,inf,0.0,0.0,False,False,TabularQL.__init__() got an unexpected keyword argument 'alpha_min'
516,0.3,0.9,0.25,168,44,inf,inf,inf,0.0,0.0,False,False,TabularQL.__init__() got an unexpected keyword argument 'alpha_min'
517,0.3,0.9,0.25,240,42,inf,inf,inf,0.0,0.0,False,False,TabularQL.__init__() got an unexpected keyword argument 'alpha_min'
518,0.3,0.9,0.25,240,43,inf,inf,inf,0.0,0.0,False,False,TabularQL.__init__() got an unexpected keyword argument 'alpha_min'
519,0.3,0.9,0.25,240,44,inf,inf,inf,0.0,0.0,False,False,TabularQL.__init__() got an unexpected keyword argument 'alpha_min'
520,0.3,0.9,0.25,336,42,inf,inf,inf,0.0,0.0,False,False,TabularQL.__init__() got an unexpected keyword argument 'alpha_min'
521,0.3,0.9,0.25,336,43,inf,inf,inf,0.0,0.0,False,False,TabularQL.__init__() got an unexpected keyword argument 'alpha_min'
522,0.3,0.9,0.25,336,44,inf,inf,inf,0.0,0.0,False,False,TabularQL.__init__() got an unexpected keyword argument 'alpha_min'
523,0.3,0.9,0.3,96,42,inf,inf,inf,0.0,0.0,False,False,TabularQL.__init__() got an unexpected keyword argument 'alpha_min'
524,0.3,0.9,0.3,96,43,inf,inf,inf,0.0,0.0,False,False,TabularQL.__init__() got an unexpected keyword argument 'alpha_min'
525,0.3,0.9,0.3,96,44,inf,inf,inf,0.0,0.0,False,False,TabularQL.__init__() got an unexpected keyword argument 'alpha_min'
526,0.3,0.9,0.3,120,42,inf,inf,inf,0.0,0.0,False,False,TabularQL.__init__() got an unexpected keyword argument 'alpha_min'
527,0.3,0.9,0.3,120,43,inf,inf,inf,0.0,0.0,False,False,TabularQL.__init__() got an unexpected keyword argument 'alpha_min'
528,0.3,0.9,0.3,120,44,inf,inf,inf,0.0,0.0,False,False,TabularQL.__init__() got an unexpected keyword argument 'alpha_min'
529,0.3,0.9,0.3,144,42,inf,inf,inf,0.0,0.0,False,False,TabularQL.__init__() got an unexpected keyword argument 'alpha_min'
530,0.3,0.9,0.3,144,43,inf,inf,inf,0.0,0.0,False,False,TabularQL.__init__() got an unexpected keyword argument 'alpha_min'
531,0.3,0.9,0.3,144,44,inf,inf,inf,0.0,0.0,False,False,TabularQL.__init__() got an unexpected keyword argument 'alpha_min'
532,0.3,0.9,0.3,168,42,inf,inf,inf,0.0,0.0,False,False,TabularQL.__init__() got an unexpected keyword argument 'alpha_min'
533,0.3,0.9,0.3,168,43,inf,inf,inf,0.0,0.0,False,False,TabularQL.__init__() got an unexpected keyword argument 'alpha_min'
534,0.3,0.9,0.3,168,44,inf,inf,inf,0.0,0.0,False,False,TabularQL.__init__() got an unexpected keyword argument 'alpha_min'
535,0.3,0.9,0.3,240,42,inf,inf,inf,0.0,0.0,False,False,TabularQL.__init__() got an unexpected keyword argument 'alpha_min'
536,0.3,0.9,0.3,240,43,inf,inf,inf,0.0,0.0,False,False,TabularQL.__init__() got an unexpected keyword argument 'alpha_min'
537,0.3,0.9,0.3,240,44,inf,inf,inf,0.0,0.0,False,False,TabularQL.__init__() got an unexpected keyword argument 'alpha_min'
538,0.3,0.9,0.3,336,42,inf,inf,inf,0.0,0.0,False,False,TabularQL.__init__() got an unexpected keyword argument 'alpha_min'
539,0.3,0.9,0.3,336,43,inf,inf,inf,0.0,0.0,False,False,TabularQL.__init__() got an unexpected keyword argument 'alpha_min'
540,0.3,0.9,0.3,336,44,inf,inf,inf,0.0,0.0,False,False,TabularQL.__init__() got an unexpected keyword argument 'alpha_min'
541,0.3,0.92,0.1,96,42,inf,inf,inf,0.0,0.0,False,False,TabularQL.__init__() got an unexpected keyword argument 'alpha_min'
542,0.3,0.92,0.1,96,43,inf,inf,inf,0.0,0.0,False,False,TabularQL.__init__() got an unexpected keyword argument 'alpha_min'
543,0.3,0.92,0.1,96,44,inf,inf,inf,0.0,0.0,False,False,TabularQL.__init__() got an unexpected keyword argument 'alpha_min'
544,0.3,0.92,0.1,120,42,inf,inf,inf,0.0,0.0,False,False,TabularQL.__init__() got an unexpected keyword argument 'alpha_min'
545,0.3,0.92,0.1,120,43,inf,inf,inf,0.0,0.0,False,False,TabularQL.__init__() got an unexpected keyword argument 'alpha_min'
546,0.3,0.92,0.1,120,44,inf,inf,inf,0.0,0.0,False,False,TabularQL.__init__() got an unexpected keyword argument 'alpha_min'
547,0.3,0.92,0.1,144,42,inf,inf,inf,0.0,0.0,False,False,TabularQL.__init__() got an unexpected keyword argument 'alpha_min'
548,0.3,0.92,0.1,144,43,inf,inf,inf,0.0,0.0,False,False,TabularQL.__init__() got an unexpected keyword argument 'alpha_min'
549,0.3,0.92,0.1,144,44,inf,inf,inf,0.0,0.0,False,False,TabularQL.__init__() got an unexpected keyword argument 'alpha_min'
550,0.3,0.92,0.1,168,42,inf,inf,inf,0.0,0.0,False,False,TabularQL.__init__() got an unexpected keyword argument 'alpha_min'
551,0.3,0.92,0.1,168,43,inf,inf,inf,0.0,0.0,False,False,TabularQL.__init__() got an unexpected keyword argument 'alpha_min'
552,0.3,0.92,0.1,168,44,inf,inf,inf,0.0,0.0,False,False,TabularQL.__init__() got an unexpected keyword argument 'alpha_min'
553,0.3,0.92,0.1,240,42,inf,inf,inf,0.0,0.0,False,False,TabularQL.__init__() got an unexpected keyword argument 'alpha_min'
554,0.3,0.92,0.1,240,43,inf,inf,inf,0.0,0.0,False,False,TabularQL.__init__() got an unexpected keyword argument 'alpha_min'
555,0.3,0.92,0.1,240,44,inf,inf,inf,0.0,0.0,False,False,TabularQL.__init__() got an unexpected keyword argument 'alpha_min'
556,0.3,0.92,0.1,336,42,inf,inf,inf,0.0,0.0,False,False,TabularQL.__init__() got an unexpected keyword argument 'alpha_min'
557,0.3,0.92,0.1,336,43,inf,inf,inf,0.0,0.0,False,False,TabularQL.__init__() got an unexpected keyword argument 'alpha_min'
558,0.3,0.92,0.1,336,44,inf,inf,inf,0.0,0.0,False,False,TabularQL.__init__() got an unexpected keyword argument 'alpha_min'
559,0.3,0.92,0.15,96,42,inf,inf,inf,0.0,0.0,False,False,TabularQL.__init__() got an unexpected keyword argument 'alpha_min'
560,0.3,0.92,0.15,96,43,inf,inf,inf,0.0,0.0,False,False,TabularQL.__init__() got an unexpected keyword argument 'alpha_min'
561,0.3,0.92,0.15,96,44,inf,inf,inf,0.0,0.0,False,False,TabularQL.__init__() got an unexpected keyword argument 'alpha_min'
562,0.3,0.92,0.15,120,42,inf,inf,inf,0.0,0.0,False,False,TabularQL.__init__() got an unexpected keyword argument 'alpha_min'
563,0.3,0.92,0.15,120,43,inf,inf,inf,0.0,0.0,False,False,TabularQL.__init__() got an unexpected keyword argument 'alpha_min'
564,0.3,0.92,0.15,120,44,inf,inf,inf,0.0,0.0,False,False,TabularQL.__init__() got an unexpected keyword argument 'alpha_min'
565,0.3,0.92,0.15,144,42,inf,inf,inf,0.0,0.0,False,False,TabularQL.__init__() got an unexpected keyword argument 'alpha_min'
566,0.3,0.92,0.15,144,43,inf,inf,inf,0.0,0.0,False,False,TabularQL.__init__() got an unexpected keyword argument 'alpha_min'
567,0.3,0.92,0.15,144,44,inf,inf,inf,0.0,0.0,False,False,TabularQL.__init__() got an unexpected keyword argument 'alpha_min'
568,0.3,0.92,0.15,168,42,inf,inf,inf,0.0,0.0,False,False,TabularQL.__init__() got an unexpected keyword argument 'alpha_min'
569,0.3,0.92,0.15,168,43,inf,inf,inf,0.0,0.0,False,False,TabularQL.__init__() got an unexpected keyword argument 'alpha_min'
570,0.3,0.92,0.15,168,44,inf,inf,inf,0.0,0.0,False,False,TabularQL.__init__() got an unexpected keyword argument 'alpha_min'
571,0.3,0.92,0.15,240,42,inf,inf,inf,0.0,0.0,False,False,TabularQL.__init__() got an unexpected keyword argument 'alpha_min'
572,0.3,0.92,0.15,240,43,inf,inf,inf,0.0,0.0,False,False,TabularQL.__init__() got an unexpected keyword argument 'alpha_min'
573,0.3,0.92,0.15,240,44,inf,inf,inf,0.0,0.0,False,False,TabularQL.__init__() got an unexpected keyword argument 'alpha_min'
574,0.3,0.92,0.15,336,42,inf,inf,inf,0.0,0.0,False,False,TabularQL.__init__() got an unexpected keyword argument 'alpha_min'
575,0.3,0.92,0.15,336,43,inf,inf,inf,0.0,0.0,False,False,TabularQL.__init__() got an unexpected keyword argument 'alpha_min'
576,0.3,0.92,0.15,336,44,inf,inf,inf,0.0,0.0,False,False,TabularQL.__init__() got an unexpected keyword argument 'alpha_min'
577,0.3,0.92,0.2,96,42,inf,inf,inf,0.0,0.0,False,False,TabularQL.__init__() got an unexpected keyword argument 'alpha_min'
578,0.3,0.92,0.2,96,43,inf,inf,inf,0.0,0.0,False,False,TabularQL.__init__() got an unexpected keyword argument 'alpha_min'
579,0.3,0.92,0.2,96,44,inf,inf,inf,0.0,0.0,False,False,TabularQL.__init__() got an unexpected keyword argument 'alpha_min'
580,0.3,0.92,0.2,120,42,inf,inf,inf,0.0,0.0,False,False,TabularQL.__init__() got an unexpected keyword argument 'alpha_min'
581,0.3,0.92,0.2,120,43,inf,inf,inf,0.0,0.0,False,False,TabularQL.__init__() got an unexpected keyword argument 'alpha_min'
582,0.3,0.92,0.2,120,44,inf,inf,inf,0.0,0.0,False,False,TabularQL.__init__() got an unexpected keyword argument 'alpha_min'
583,0.3,0.92,0.2,144,42,inf,inf,inf,0.0,0.0,False,False,TabularQL.__init__() got an unexpected keyword argument 'alpha_min'
584,0.3,0.92,0.2,144,43,inf,inf,inf,0.0,0.0,False,False,TabularQL.__init__() got an unexpected keyword argument 'alpha_min'
585,0.3,0.92,0.2,144,44,inf,inf,inf,0.0,0.0,False,False,TabularQL.__init__() got an unexpected keyword argument 'alpha_min'
586,0.3,0.92,0.2,168,42,inf,inf,inf,0.0,0.0,False,False,TabularQL.__init__() got an unexpected keyword argument 'alpha_min'
587,0.3,0.92,0.2,168,43,inf,inf,inf,0.0,0.0,False,False,TabularQL.__init__() got an unexpected keyword argument 'alpha_min'
588,0.3,0.92,0.2,168,44,inf,inf,inf,0.0,0.0,False,False,TabularQL.__init__() got an unexpected keyword argument 'alpha_min'
589,0.3,0.92,0.2,240,42,inf,inf,inf,0.0,0.0,False,False,TabularQL.__init__() got an unexpected keyword argument 'alpha_min'
590,0.3,0.92,0.2,240,43,inf,inf,inf,0.0,0.0,False,False,TabularQL.__init__() got an unexpected keyword argument 'alpha_min'
591,0.3,0.92,0.2,240,44,inf,inf,inf,0.0,0.0,False,False,TabularQL.__init__() got an unexpected keyword argument 'alpha_min'
592,0.3,0.92,0.2,336,42,inf,inf,inf,0.0,0.0,False,False,TabularQL.__init__() got an unexpected keyword argument 'alpha_min'
593,0.3,0.92,0.2,336,43,inf,inf,inf,0.0,0.0,False,False,TabularQL.__init__() got an unexpected keyword argument 'alpha_min'
594,0.3,0.92,0.2,336,44,inf,inf,inf,0.0,0.0,False,False,TabularQL.__init__() got an unexpected keyword argument 'alpha_min'
595,0.3,0.92,0.25,96,42,inf,inf,inf,0.0,0.0,False,False,TabularQL.__init__() got an unexpected keyword argument 'alpha_min'
596,0.3,0.92,0.25,96,43,inf,inf,inf,0.0,0.0,False,False,TabularQL.__init__() got an unexpected keyword argument 'alpha_min'
597,0.3,0.92,0.25,96,44,inf,inf,inf,0.0,0.0,False,False,TabularQL.__init__() got an unexpected keyword argument 'alpha_min'
598,0.3,0.92,0.25,120,42,inf,inf,inf,0.0,0.0,False,False,TabularQL.__init__() got an unexpected keyword argument 'alpha_min'
599,0.3,0.92,0.25,120,43,inf,inf,inf,0.0,0.0,False,False,TabularQL.__init__() got an unexpected keyword argument 'alpha_min'
600,0.3,0.92,0.25,120,44,inf,inf,inf,0.0,0.0,False,False,TabularQL.__init__() got an unexpected keyword argument 'alpha_min'
601,0.3,0.92,0.25,144,42,inf,inf,inf,0.0,0.0,False,False,TabularQL.__init__() got an unexpected keyword argument 'alpha_min'
602,0.3,0.92,0.25,144,43,inf,inf,inf,0.0,0.0,False,False,TabularQL.__init__() got an unexpected keyword argument 'alpha_min'
603,0.3,0.92,0.25,144,44,inf,inf,inf,0.0,0.0,False,False,TabularQL.__init__() got an unexpected keyword argument 'alpha_min'
604,0.3,0.92,0.25,168,42,inf,inf,inf,0.0,0.0,False,False,TabularQL.__init__() got an unexpected keyword argument 'alpha_min'
605,0.3,0.92,0.25,168,43,inf,inf,inf,0.0,0.0,False,False,TabularQL.__init__() got an unexpected keyword argument 'alpha_min'
606,0.3,0.92,0.25,168,44,inf,inf,inf,0.0,0.0,False,False,TabularQL.__init__() got an unexpected keyword argument 'alpha_min'
607,0.3,0.92,0.25,240,42,inf,inf,inf,0.0,0.0,False,False,TabularQL.__init__() got an unexpected keyword argument 'alpha_min'
608,0.3,0.92,0.25,240,43,inf,inf,inf,0.0,0.0,False,False,TabularQL.__init__() got an unexpected keyword argument 'alpha_min'
609,0.3,0.92,0.25,240,44,inf,inf,inf,0.0,0.0,False,False,TabularQL.__init__() got an unexpected keyword argument 'alpha_min'
610,0.3,0.92,0.25,336,42,inf,inf,inf,0.0,0.0,False,False,TabularQL.__init__() got an unexpected keyword argument 'alpha_min'
611,0.3,0.92,0.25,336,43,inf,inf,inf,0.0,0.0,False,False,TabularQL.__init__() got an unexpected keyword argument 'alpha_min'
612,0.3,0.92,0.25,336,44,inf,inf,inf,0.0,0.0,False,False,TabularQL.__init__() got an unexpected keyword argument 'alpha_min'
613,0.3,0.92,0.3,96,42,inf,inf,inf,0.0,0.0,False,False,TabularQL.__init__() got an unexpected keyword argument 'alpha_min'
614,0.3,0.92,0.3,96,43,inf,inf,inf,0.0,0.0,False,False,TabularQL.__init__() got an unexpected keyword argument 'alpha_min'
615,0.3,0.92,0.3,96,44,inf,inf,inf,0.0,0.0,False,False,TabularQL.__init__() got an unexpected keyword argument 'alpha_min'
616,0.3,0.92,0.3,120,42,inf,inf,inf,0.0,0.0,False,False,TabularQL.__init__() got an unexpected keyword argument 'alpha_min'
617,0.3,0.92,0.3,120,43,inf,inf,inf,0.0,0.0,False,False,TabularQL.__init__() got an unexpected keyword argument 'alpha_min'
618,0.3,0.92,0.3,120,44,inf,inf,inf,0.0,0.0,False,False,TabularQL.__init__() got an unexpected keyword argument 'alpha_min'
619,0.3,0.92,0.3,144,42,inf,inf,inf,0.0,0.0,False,False,TabularQL.__init__() got an unexpected keyword argument 'alpha_min'
620,0.3,0.92,0.3,144,43,inf,inf,inf,0.0,0.0,False,False,TabularQL.__init__() got an unexpected keyword argument 'alpha_min'
621,0.3,0.92,0.3,144,44,inf,inf,inf,0.0,0.0,False,False,TabularQL.__init__() got an unexpected keyword argument 'alpha_min'
622,0.3,0.92,0.3,168,42,inf,inf,inf,0.0,0.0,False,False,TabularQL.__init__() got an unexpected keyword argument 'alpha_min'
623,0.3,0.92,0.3,168,43,inf,inf,inf,0.0,0.0,False,False,TabularQL.__init__() got an unexpected keyword argument 'alpha_min'
624,0.3,0.92,0.3,168,44,inf,inf,inf,0.0,0.0,False,False,TabularQL.__init__() got an unexpected keyword argument 'alpha_min'
625,0.3,0.92,0.3,240,42,inf,inf,inf,0.0,0.0,False,False,TabularQL.__init__() got an unexpected keyword argument 'alpha_min'
626,0.3,0.92,0.3,240,43,inf,inf,inf,0.0,0.0,False,False,TabularQL.__init__() got an unexpected keyword argument 'alpha_min'
627,0.3,0.92,0.3,240,44,inf,inf,inf,0.0,0.0,False,False,TabularQL.__init__() got an unexpected keyword argument 'alpha_min'
628,0.3,0.92,0.3,336,42,inf,inf,inf,0.0,0.0,False,False,TabularQL.__init__() got an unexpected keyword argument 'alpha_min'
629,0.3,0.92,0.3,336,43,inf,inf,inf,0.0,0.0,False,False,TabularQL.__init__() got an unexpected keyword argument 'alpha_min'
630,0.3,0.92,0.3,336,44,inf,inf,inf,0.0,0.0,False,False,TabularQL.__init__() got an unexpected keyword argument 'alpha_min'
631,0.3,0.95,0.1,96,42,inf,inf,inf,0.0,0.0,False,False,TabularQL.__init__() got an unexpected keyword argument 'alpha_min'
632,0.3,0.95,0.1,96,43,inf,inf,inf,0.0,0.0,False,False,TabularQL.__init__() got an unexpected keyword argument 'alpha_min'
633,0.3,0.95,0.1,96,44,inf,inf,inf,0.0,0.0,False,False,TabularQL.__init__() got an unexpected keyword argument 'alpha_min'
634,0.3,0.95,0.1,120,42,inf,inf,inf,0.0,0.0,False,False,TabularQL.__init__() got an unexpected keyword argument 'alpha_min'
635,0.3,0.95,0.1,120,43,inf,inf,inf,0.0,0.0,False,False,TabularQL.__init__() got an unexpected keyword argument 'alpha_min'
636,0.3,0.95,0.1,120,44,inf,inf,inf,0.0,0.0,False,False,TabularQL.__init__() got an unexpected keyword argument 'alpha_min'
637,0.3,0.95,0.1,144,42,inf,inf,inf,0.0,0.0,False,False,TabularQL.__init__() got an unexpected keyword argument 'alpha_min'
638,0.3,0.95,0.1,144,43,inf,inf,inf,0.0,0.0,False,False,TabularQL.__init__() got an unexpected keyword argument 'alpha_min'
639,0.3,0.95,0.1,144,44,inf,inf,inf,0.0,0.0,False,False,TabularQL.__init__() got an unexpected keyword argument 'alpha_min'
640,0.3,0.95,0.1,168,42,inf,inf,inf,0.0,0.0,False,False,TabularQL.__init__() got an unexpected keyword argument 'alpha_min'
641,0.3,0.95,0.1,168,43,inf,inf,inf,0.0,0.0,False,False,TabularQL.__init__() got an unexpected keyword argument 'alpha_min'
642,0.3,0.95,0.1,168,44,inf,inf,inf,0.0,0.0,False,False,TabularQL.__init__() got an unexpected keyword argument 'alpha_min'
643,0.3,0.95,0.1,240,42,inf,inf,inf,0.0,0.0,False,False,TabularQL.__init__() got an unexpected keyword argument 'alpha_min'
644,0.3,0.95,0.1,240,43,inf,inf,inf,0.0,0.0,False,False,TabularQL.__init__() got an unexpected keyword argument 'alpha_min'
645,0.3,0.95,0.1,240,44,inf,inf,inf,0.0,0.0,False,False,TabularQL.__init__() got an unexpected keyword argument 'alpha_min'
646,0.3,0.95,0.1,336,42,inf,inf,inf,0.0,0.0,False,False,TabularQL.__init__() got an unexpected keyword argument 'alpha_min'
647,0.3,0.95,0.1,336,43,inf,inf,inf,0.0,0.0,False,False,TabularQL.__init__() got an unexpected keyword argument 'alpha_min'
648,0.3,0.95,0.1,336,44,inf,inf,inf,0.0,0.0,False,False,TabularQL.__init__() got an unexpected keyword argument 'alpha_min'
649,0.3,0.95,0.15,96,42,inf,inf,inf,0.0,0.0,False,False,TabularQL.__init__() got an unexpected keyword argument 'alpha_min'
650,0.3,0.95,0.15,96,43,inf,inf,inf,0.0,0.0,False,False,TabularQL.__init__() got an unexpected keyword argument 'alpha_min'
651,0.3,0.95,0.15,96,44,inf,inf,inf,0.0,0.0,False,False,TabularQL.__init__() got an unexpected keyword argument 'alpha_min'
652,0.3,0.95,0.15,120,42,inf,inf,inf,0.0,0.0,False,False,TabularQL.__init__() got an unexpected keyword argument 'alpha_min'
653,0.3,0.95,0.15,120,43,inf,inf,inf,0.0,0.0,False,False,TabularQL.__init__() got an unexpected keyword argument 'alpha_min'
654,0.3,0.95,0.15,120,44,inf,inf,inf,0.0,0.0,False,False,TabularQL.__init__() got an unexpected keyword argument 'alpha_min'
655,0.3,0.95,0.15,144,42,inf,inf,inf,0.0,0.0,False,False,TabularQL.__init__() got an unexpected keyword argument 'alpha_min'
656,0.3,0.95,0.15,144,43,inf,inf,inf,0.0,0.0,False,False,TabularQL.__init__() got an unexpected keyword argument 'alpha_min'
657,0.3,0.95,0.15,144,44,inf,inf,inf,0.0,0.0,False,False,TabularQL.__init__() got an unexpected keyword argument 'alpha_min'
658,0.3,0.95,0.15,168,42,inf,inf,inf,0.0,0.0,False,False,TabularQL.__init__() got an unexpected keyword argument 'alpha_min'
659,0.3,0.95,0.15,168,43,inf,inf,inf,0.0,0.0,False,False,TabularQL.__init__() got an unexpected keyword argument 'alpha_min'
660,0.3,0.95,0.15,168,44,inf,inf,inf,0.0,0.0,False,False,TabularQL.__init__() got an unexpected keyword argument 'alpha_min'
661,0.3,0.95,0.15,240,42,inf,inf,inf,0.0,0.0,False,False,TabularQL.__init__() got an unexpected keyword argument 'alpha_min'
662,0.3,0.95,0.15,240,43,inf,inf,inf,0.0,0.0,False,False,TabularQL.__init__() got an unexpected keyword argument 'alpha_min'
663,0.3,0.95,0.15,240,44,inf,inf,inf,0.0,0.0,False,False,TabularQL.__init__() got an unexpected keyword argument 'alpha_min'
664,0.3,0.95,0.15,336,42,inf,inf,inf,0.0,0.0,False,False,TabularQL.__init__() got an unexpected keyword argument 'alpha_min'
665,0.3,0.95,0.15,336,43,inf,inf,inf,0.0,0.0,False,False,TabularQL.__init__() got an unexpected keyword argument 'alpha_min'
666,0.3,0.95,0.15,336,44,inf,inf,inf,0.0,0.0,False,False,TabularQL.__init__() got an unexpected keyword argument 'alpha_min'
667,0.3,0.95,0.2,96,42,inf,inf,inf,0.0,0.0,False,False,TabularQL.__init__() got an unexpected keyword argument 'alpha_min'
668,0.3,0.95,0.2,96,43,inf,inf,inf,0.0,0.0,False,False,TabularQL.__init__() got an unexpected keyword argument 'alpha_min'
669,0.3,0.95,0.2,96,44,inf,inf,inf,0.0,0.0,False,False,TabularQL.__init__() got an unexpected keyword argument 'alpha_min'
670,0.3,0.95,0.2,120,42,inf,inf,inf,0.0,0.0,False,False,TabularQL.__init__() got an unexpected keyword argument 'alpha_min'
671,0.3,0.95,0.2,120,43,inf,inf,inf,0.0,0.0,False,False,TabularQL.__init__() got an unexpected keyword argument 'alpha_min'
672,0.3,0.95,0.2,120,44,inf,inf,inf,0.0,0.0,False,False,TabularQL.__init__() got an unexpected keyword argument 'alpha_min'
673,0.3,0.95,0.2,144,42,inf,inf,inf,0.0,0.0,False,False,TabularQL.__init__() got an unexpected keyword argument 'alpha_min'
674,0.3,0.95,0.2,144,43,inf,inf,inf,0.0,0.0,False,False,TabularQL.__init__() got an unexpected keyword argument 'alpha_min'
675,0.3,0.95,0.2,144,44,inf,inf,inf,0.0,0.0,False,False,TabularQL.__init__() got an unexpected keyword argument 'alpha_min'
676,0.3,0.95,0.2,168,42,inf,inf,inf,0.0,0.0,False,False,TabularQL.__init__() got an unexpected keyword argument 'alpha_min'
677,0.3,0.95,0.2,168,43,inf,inf,inf,0.0,0.0,False,False,TabularQL.__init__() got an unexpected keyword argument 'alpha_min'
678,0.3,0.95,0.2,168,44,inf,inf,inf,0.0,0.0,False,False,TabularQL.__init__() got an unexpected keyword argument 'alpha_min'
679,0.3,0.95,0.2,240,42,inf,inf,inf,0.0,0.0,False,False,TabularQL.__init__() got an unexpected keyword argument 'alpha_min'
680,0.3,0.95,0.2,240,43,inf,inf,inf,0.0,0.0,False,False,TabularQL.__init__() got an unexpected keyword argument 'alpha_min'
681,0.3,0.95,0.2,240,44,inf,inf,inf,0.0,0.0,False,False,TabularQL.__init__() got an unexpected keyword argument 'alpha_min'
682,0.3,0.95,0.2,336,42,inf,inf,inf,0.0,0.0,False,False,TabularQL.__init__() got an unexpected keyword argument 'alpha_min'
683,0.3,0.95,0.2,336,43,inf,inf,inf,0.0,0.0,False,False,TabularQL.__init__() got an unexpected keyword argument 'alpha_min'
684,0.3,0.95,0.2,336,44,inf,inf,inf,0.0,0.0,False,False,TabularQL.__init__() got an unexpected keyword argument 'alpha_min'
685,0.3,0.95,0.25,96,42,inf,inf,inf,0.0,0.0,False,False,TabularQL.__init__() got an unexpected keyword argument 'alpha_min'
686,0.3,0.95,0.25,96,43,inf,inf,inf,0.0,0.0,False,False,TabularQL.__init__() got an unexpected keyword argument 'alpha_min'
687,0.3,0.95,0.25,96,44,inf,inf,inf,0.0,0.0,False,False,TabularQL.__init__() got an unexpected keyword argument 'alpha_min'
688,0.3,0.95,0.25,120,42,inf,inf,inf,0.0,0.0,False,False,TabularQL.__init__() got an unexpected keyword argument 'alpha_min'
689,0.3,0.95,0.25,120,43,inf,inf,inf,0.0,0.0,False,False,TabularQL.__init__() got an unexpected keyword argument 'alpha_min'
690,0.3,0.95,0.25,120,44,inf,inf,inf,0.0,0.0,False,False,TabularQL.__init__() got an unexpected keyword argument 'alpha_min'
691,0.3,0.95,0.25,144,42,inf,inf,inf,0.0,0.0,False,False,TabularQL.__init__() got an unexpected keyword argument 'alpha_min'
692,0.3,0.95,0.25,144,43,inf,inf,inf,0.0,0.0,False,False,TabularQL.__init__() got an unexpected keyword argument 'alpha_min'
693,0.3,0.95,0.25,144,44,inf,inf,inf,0.0,0.0,False,False,TabularQL.__init__() got an unexpected keyword argument 'alpha_min'
694,0.3,0.95,0.25,168,42,inf,inf,inf,0.0,0.0,False,False,TabularQL.__init__() got an unexpected keyword argument 'alpha_min'
695,0.3,0.95,0.25,168,43,inf,inf,inf,0.0,0.0,False,False,TabularQL.__init__() got an unexpected keyword argument 'alpha_min'
696,0.3,0.95,0.25,168,44,inf,inf,inf,0.0,0.0,False,False,TabularQL.__init__() got an unexpected keyword argument 'alpha_min'
697,0.3,0.95,0.25,240,42,inf,inf,inf,0.0,0.0,False,False,TabularQL.__init__() got an unexpected keyword argument 'alpha_min'
698,0.3,0.95,0.25,240,43,inf,inf,inf,0.0,0.0,False,False,TabularQL.__init__() got an unexpected keyword argument 'alpha_min'
699,0.3,0.95,0.25,240,44,inf,inf,inf,0.0,0.0,False,False,TabularQL.__init__() got an unexpected keyword argument 'alpha_min'
700,0.3,0.95,0.25,336,42,inf,inf,inf,0.0,0.0,False,False,TabularQL.__init__() got an unexpected keyword argument 'alpha_min'
701,0.3,0.95,0.25,336,43,inf,inf,inf,0.0,0.0,False,False,TabularQL.__init__() got an unexpected keyword argument 'alpha_min'
702,0.3,0.95,0.25,336,44,inf,inf,inf,0.0,0.0,False,False,TabularQL.__init__() got an unexpected keyword argument 'alpha_min'
703,0.3,0.95,0.3,96,42,inf,inf,inf,0.0,0.0,False,False,TabularQL.__init__() got an unexpected keyword argument 'alpha_min'
704,0.3,0.95,0.3,96,43,inf,inf,inf,0.0,0.0,False,False,TabularQL.__init__() got an unexpected keyword argument 'alpha_min'
705,0.3,0.95,0.3,96,44,inf,inf,inf,0.0,0.0,False,False,TabularQL.__init__() got an unexpected keyword argument 'alpha_min'
706,0.3,0.95,0.3,120,42,inf,inf,inf,0.0,0.0,False,False,TabularQL.__init__() got an unexpected keyword argument 'alpha_min'
707,0.3,0.95,0.3,120,43,inf,inf,inf,0.0,0.0,False,False,TabularQL.__init__() got an unexpected keyword argument 'alpha_min'
708,0.3,0.95,0.3,120,44,inf,inf,inf,0.0,0.0,False,False,TabularQL.__init__() got an unexpected keyword argument 'alpha_min'
709,0.3,0.95,0.3,144,42,inf,inf,inf,0.0,0.0,False,False,TabularQL.__init__() got an unexpected keyword argument 'alpha_min'
710,0.3,0.95,0.3,144,43,inf,inf,inf,0.0,0.0,False,False,TabularQL.__init__() got an unexpected keyword argument 'alpha_min'
711,0.3,0.95,0.3,144,44,inf,inf,inf,0.0,0.0,False,False,TabularQL.__init__() got an unexpected keyword argument 'alpha_min'
712,0.3,0.95,0.3,168,42,inf,inf,inf,0.0,0.0,False,False,TabularQL.__init__() got an unexpected keyword argument 'alpha_min'
713,0.3,0.95,0.3,168,43,inf,inf,inf,0.0,0.0,False,False,TabularQL.__init__() got an unexpected keyword argument 'alpha_min'
714,0.3,0.95,0.3,168,44,inf,inf,inf,0.0,0.0,False,False,TabularQL.__init__() got an unexpected keyword argument 'alpha_min'
715,0.3,0.95,0.3,240,42,inf,inf,inf,0.0,0.0,False,False,TabularQL.__init__() got an unexpected keyword argument 'alpha_min'
716,0.3,0.95,0.3,240,43,inf,inf,inf,0.0,0.0,False,False,TabularQL.__init__() got an unexpected keyword argument 'alpha_min'
717,0.3,0.95,0.3,240,44,inf,inf,inf,0.0,0.0,False,False,TabularQL.__init__() got an unexpected keyword argument 'alpha_min'
718,0.3,0.95,0.3,336,42,inf,inf,inf,0.0,0.0,False,False,TabularQL.__init__() got an unexpected keyword argument 'alpha_min'
719,0.3,0.95,0.3,336,43,inf,inf,inf,0.0,0.0,False,False,TabularQL.__init__() got an unexpected keyword argument 'alpha_min'
720,0.3,0.95,0.3,336,44,inf,inf,inf,0.0,0.0,False,False,TabularQL.__init__() got an unexpected keyword argument 'alpha_min'
721,0.35,0.88,0.1,96,42,inf,inf,inf,0.0,0.0,False,False,TabularQL.__init__() got an unexpected keyword argument 'alpha_min'
722,0.35,0.88,0.1,96,43,inf,inf,inf,0.0,0.0,False,False,TabularQL.__init__() got an unexpected keyword argument 'alpha_min'
723,0.35,0.88,0.1,96,44,inf,inf,inf,0.0,0.0,False,False,TabularQL.__init__() got an unexpected keyword argument 'alpha_min'
724,0.35,0.88,0.1,120,42,inf,inf,inf,0.0,0.0,False,False,TabularQL.__init__() got an unexpected keyword argument 'alpha_min'
725,0.35,0.88,0.1,120,43,inf,inf,inf,0.0,0.0,False,False,TabularQL.__init__() got an unexpected keyword argument 'alpha_min'
726,0.35,0.88,0.1,120,44,inf,inf,inf,0.0,0.0,False,False,TabularQL.__init__() got an unexpected keyword argument 'alpha_min'
727,0.35,0.88,0.1,144,42,inf,inf,inf,0.0,0.0,False,False,TabularQL.__init__() got an unexpected keyword argument 'alpha_min'
728,0.35,0.88,0.1,144,43,inf,inf,inf,0.0,0.0,False,False,TabularQL.__init__() got an unexpected keyword argument 'alpha_min'
729,0.35,0.88,0.1,144,44,inf,inf,inf,0.0,0.0,False,False,TabularQL.__init__() got an unexpected keyword argument 'alpha_min'
730,0.35,0.88,0.1,168,42,inf,inf,inf,0.0,0.0,False,False,TabularQL.__init__() got an unexpected keyword argument 'alpha_min'
731,0.35,0.88,0.1,168,43,inf,inf,inf,0.0,0.0,False,False,TabularQL.__init__() got an unexpected keyword argument 'alpha_min'
732,0.35,0.88,0.1,168,44,inf,inf,inf,0.0,0.0,False,False,TabularQL.__init__() got an unexpected keyword argument 'alpha_min'
733,0.35,0.88,0.1,240,42,inf,inf,inf,0.0,0.0,False,False,TabularQL.__init__() got an unexpected keyword argument 'alpha_min'
734,0.35,0.88,0.1,240,43,inf,inf,inf,0.0,0.0,False,False,TabularQL.__init__() got an unexpected keyword argument 'alpha_min'
735,0.35,0.88,0.1,240,44,inf,inf,inf,0.0,0.0,False,False,TabularQL.__init__() got an unexpected keyword argument 'alpha_min'
736,0.35,0.88,0.1,336,42,inf,inf,inf,0.0,0.0,False,False,TabularQL.__init__() got an unexpected keyword argument 'alpha_min'
737,0.35,0.88,0.1,336,43,inf,inf,inf,0.0,0.0,False,False,TabularQL.__init__() got an unexpected keyword argument 'alpha_min'
738,0.35,0.88,0.1,336,44,inf,inf,inf,0.0,0.0,False,False,TabularQL.__init__() got an unexpected keyword argument 'alpha_min'
739,0.35,0.88,0.15,96,42,inf,inf,inf,0.0,0.0,False,False,TabularQL.__init__() got an unexpected keyword argument 'alpha_min'
740,0.35,0.88,0.15,96,43,inf,inf,inf,0.0,0.0,False,False,TabularQL.__init__() got an unexpected keyword argument 'alpha_min'
741,0.35,0.88,0.15,96,44,inf,inf,inf,0.0,0.0,False,False,TabularQL.__init__() got an unexpected keyword argument 'alpha_min'
742,0.35,0.88,0.15,120,42,inf,inf,inf,0.0,0.0,False,False,TabularQL.__init__() got an unexpected keyword argument 'alpha_min'
743,0.35,0.88,0.15,120,43,inf,inf,inf,0.0,0.0,False,False,TabularQL.__init__() got an unexpected keyword argument 'alpha_min'
744,0.35,0.88,0.15,120,44,inf,inf,inf,0.0,0.0,False,False,TabularQL.__init__() got an unexpected keyword argument 'alpha_min'
745,0.35,0.88,0.15,144,42,inf,inf,inf,0.0,0.0,False,False,TabularQL.__init__() got an unexpected keyword argument 'alpha_min'
746,0.35,0.88,0.15,144,43,inf,inf,inf,0.0,0.0,False,False,TabularQL.__init__() got an unexpected keyword argument 'alpha_min'
747,0.35,0.88,0.15,144,44,inf,inf,inf,0.0,0.0,False,False,TabularQL.__init__() got an unexpected keyword argument 'alpha_min'
748,0.35,0.88,0.15,168,42,inf,inf,inf,0.0,0.0,False,False,TabularQL.__init__() got an unexpected keyword argument 'alpha_min'
749,0.35,0.88,0.15,168,43,inf,inf,inf,0.0,0.0,False,False,TabularQL.__init__() got an unexpected keyword argument 'alpha_min'
750,0.35,0.88,0.15,168,44,inf,inf,inf,0.0,0.0,False,False,TabularQL.__init__() got an unexpected keyword argument 'alpha_min'
751,0.35,0.88,0.15,240,42,inf,inf,inf,0.0,0.0,False,False,TabularQL.__init__() got an unexpected keyword argument 'alpha_min'
752,0.35,0.88,0.15,240,43,inf,inf,inf,0.0,0.0,False,False,TabularQL.__init__() got an unexpected keyword argument 'alpha_min'
753,0.35,0.88,0.15,240,44,inf,inf,inf,0.0,0.0,False,False,TabularQL.__init__() got an unexpected keyword argument 'alpha_min'
754,0.35,0.88,0.15,336,42,inf,inf,inf,0.0,0.0,False,False,TabularQL.__init__() got an unexpected keyword argument 'alpha_min'
755,0.35,0.88,0.15,336,43,inf,inf,inf,0.0,0.0,False,False,TabularQL.__init__() got an unexpected keyword argument 'alpha_min'
756,0.35,0.88,0.15,336,44,inf,inf,inf,0.0,0.0,False,False,TabularQL.__init__() got an unexpected keyword argument 'alpha_min'
757,0.35,0.88,0.2,96,42,inf,inf,inf,0.0,0.0,False,False,TabularQL.__init__() got an unexpected keyword argument 'alpha_min'
758,0.35,0.88,0.2,96,43,inf,inf,inf,0.0,0.0,False,False,TabularQL.__init__() got an unexpected keyword argument 'alpha_min'
759,0.35,0.88,0.2,96,44,inf,inf,inf,0.0,0.0,False,False,TabularQL.__init__() got an unexpected keyword argument 'alpha_min'
760,0.35,0.88,0.2,120,42,inf,inf,inf,0.0,0.0,False,False,TabularQL.__init__() got an unexpected keyword argument 'alpha_min'
761,0.35,0.88,0.2,120,43,inf,inf,inf,0.0,0.0,False,False,TabularQL.__init__() got an unexpected keyword argument 'alpha_min'
762,0.35,0.88,0.2,120,44,inf,inf,inf,0.0,0.0,False,False,TabularQL.__init__() got an unexpected keyword argument 'alpha_min'
763,0.35,0.88,0.2,144,42,inf,inf,inf,0.0,0.0,False,False,TabularQL.__init__() got an unexpected keyword argument 'alpha_min'
764,0.35,0.88,0.2,144,43,inf,inf,inf,0.0,0.0,False,False,TabularQL.__init__() got an unexpected keyword argument 'alpha_min'
765,0.35,0.88,0.2,144,44,inf,inf,inf,0.0,0.0,False,False,TabularQL.__init__() got an unexpected keyword argument 'alpha_min'
766,0.35,0.88,0.2,168,42,inf,inf,inf,0.0,0.0,False,False,TabularQL.__init__() got an unexpected keyword argument 'alpha_min'
767,0.35,0.88,0.2,168,43,inf,inf,inf,0.0,0.0,False,False,TabularQL.__init__() got an unexpected keyword argument 'alpha_min'
768,0.35,0.88,0.2,168,44,inf,inf,inf,0.0,0.0,False,False,TabularQL.__init__() got an unexpected keyword argument 'alpha_min'
769,0.35,0.88,0.2,240,42,inf,inf,inf,0.0,0.0,False,False,TabularQL.__init__() got an unexpected keyword argument 'alpha_min'
770,0.35,0.88,0.2,240,43,inf,inf,inf,0.0,0.0,False,False,TabularQL.__init__() got an unexpected keyword argument 'alpha_min'
771,0.35,0.88,0.2,240,44,inf,inf,inf,0.0,0.0,False,False,TabularQL.__init__() got an unexpected keyword argument 'alpha_min'
772,0.35,0.88,0.2,336,42,inf,inf,inf,0.0,0.0,False,False,TabularQL.__init__() got an unexpected keyword argument 'alpha_min'
773,0.35,0.88,0.2,336,43,inf,inf,inf,0.0,0.0,False,False,TabularQL.__init__() got an unexpected keyword argument 'alpha_min'
774,0.35,0.88,0.2,336,44,inf,inf,inf,0.0,0.0,False,False,TabularQL.__init__() got an unexpected keyword argument 'alpha_min'
775,0.35,0.88,0.25,96,42,inf,inf,inf,0.0,0.0,False,False,TabularQL.__init__() got an unexpected keyword argument 'alpha_min'
776,0.35,0.88,0.25,96,43,inf,inf,inf,0.0,0.0,False,False,TabularQL.__init__() got an unexpected keyword argument 'alpha_min'
777,0.35,0.88,0.25,96,44,inf,inf,inf,0.0,0.0,False,False,TabularQL.__init__() got an unexpected keyword argument 'alpha_min'
778,0.35,0.88,0.25,120,42,inf,inf,inf,0.0,0.0,False,False,TabularQL.__init__() got an unexpected keyword argument 'alpha_min'
779,0.35,0.88,0.25,120,43,inf,inf,inf,0.0,0.0,False,False,TabularQL.__init__() got an unexpected keyword argument 'alpha_min'
780,0.35,0.88,0.25,120,44,inf,inf,inf,0.0,0.0,False,False,TabularQL.__init__() got an unexpected keyword argument 'alpha_min'
781,0.35,0.88,0.25,144,42,inf,inf,inf,0.0,0.0,False,False,TabularQL.__init__() got an unexpected keyword argument 'alpha_min'
782,0.35,0.88,0.25,144,43,inf,inf,inf,0.0,0.0,False,False,TabularQL.__init__() got an unexpected keyword argument 'alpha_min'
783,0.35,0.88,0.25,144,44,inf,inf,inf,0.0,0.0,False,False,TabularQL.__init__() got an unexpected keyword argument 'alpha_min'
784,0.35,0.88,0.25,168,42,inf,inf,inf,0.0,0.0,False,False,TabularQL.__init__() got an unexpected keyword argument 'alpha_min'
785,0.35,0.88,0.25,168,43,inf,inf,inf,0.0,0.0,False,False,TabularQL.__init__() got an unexpected keyword argument 'alpha_min'
786,0.35,0.88,0.25,168,44,inf,inf,inf,0.0,0.0,False,False,TabularQL.__init__() got an unexpected keyword argument 'alpha_min'
787,0.35,0.88,0.25,240,42,inf,inf,inf,0.0,0.0,False,False,TabularQL.__init__() got an unexpected keyword argument 'alpha_min'
788,0.35,0.88,0.25,240,43,inf,inf,inf,0.0,0.0,False,False,TabularQL.__init__() got an unexpected keyword argument 'alpha_min'
789,0.35,0.88,0.25,240,44,inf,inf,inf,0.0,0.0,False,False,TabularQL.__init__() got an unexpected keyword argument 'alpha_min'
790,0.35,0.88,0.25,336,42,inf,inf,inf,0.0,0.0,False,False,TabularQL.__init__() got an unexpected keyword argument 'alpha_min'
791,0.35,0.88,0.25,336,43,inf,inf,inf,0.0,0.0,False,False,TabularQL.__init__() got an unexpected keyword argument 'alpha_min'
792,0.35,0.88,0.25,336,44,inf,inf,inf,0.0,0.0,False,False,TabularQL.__init__() got an unexpected keyword argument 'alpha_min'
793,0.35,0.88,0.3,96,42,inf,inf,inf,0.0,0.0,False,False,TabularQL.__init__() got an unexpected keyword argument 'alpha_min'
794,0.35,0.88,0.3,96,43,inf,inf,inf,0.0,0.0,False,False,TabularQL.__init__() got an unexpected keyword argument 'alpha_min'
795,0.35,0.88,0.3,96,44,inf,inf,inf,0.0,0.0,False,False,TabularQL.__init__() got an unexpected keyword argument 'alpha_min'
796,0.35,0.88,0.3,120,42,inf,inf,inf,0.0,0.0,False,False,TabularQL.__init__() got an unexpected keyword argument 'alpha_min'
797,0.35,0.88,0.3,120,43,inf,inf,inf,0.0,0.0,False,False,TabularQL.__init__() got an unexpected keyword argument 'alpha_min'
798,0.35,0.88,0.3,120,44,inf,inf,inf,0.0,0.0,False,False,TabularQL.__init__() got an unexpected keyword argument 'alpha_min'
799,0.35,0.88,0.3,144,42,inf,inf,inf,0.0,0.0,False,False,TabularQL.__init__() got an unexpected keyword argument 'alpha_min'
800,0.35,0.88,0.3,144,43,inf,inf,inf,0.0,0.0,False,False,TabularQL.__init__() got an unexpected keyword argument 'alpha_min'
801,0.35,0.88,0.3,144,44,inf,inf,inf,0.0,0.0,False,False,TabularQL.__init__() got an unexpected keyword argument 'alpha_min'
802,0.35,0.88,0.3,168,42,inf,inf,inf,0.0,0.0,False,False,TabularQL.__init__() got an unexpected keyword argument 'alpha_min'
803,0.35,0.88,0.3,168,43,inf,inf,inf,0.0,0.0,False,False,TabularQL.__init__() got an unexpected keyword argument 'alpha_min'
804,0.35,0.88,0.3,168,44,inf,inf,inf,0.0,0.0,False,False,TabularQL.__init__() got an unexpected keyword argument 'alpha_min'
805,0.35,0.88,0.3,240,42,inf,inf,inf,0.0,0.0,False,False,TabularQL.__init__() got an unexpected keyword argument 'alpha_min'
806,0.35,0.88,0.3,240,43,inf,inf,inf,0.0,0.0,False,False,TabularQL.__init__() got an unexpected keyword argument 'alpha_min'
807,0.35,0.88,0.3,240,44,inf,inf,inf,0.0,0.0,False,False,TabularQL.__init__() got an unexpected keyword argument 'alpha_min'
808,0.35,0.88,0.3,336,42,inf,inf,inf,0.0,0.0,False,False,TabularQL.__init__() got an unexpected keyword argument 'alpha_min'
809,0.35,0.88,0.3,336,43,inf,inf,inf,0.0,0.0,False,False,TabularQL.__init__() got an unexpected keyword argument 'alpha_min'
810,0.35,0.88,0.3,336,44,inf,inf,inf,0.0,0.0,False,False,TabularQL.__init__() got an unexpected keyword argument 'alpha_min'
811,0.35,0.9,0.1,96,42,inf,inf,inf,0.0,0.0,False,False,TabularQL.__init__() got an unexpected keyword argument 'alpha_min'
812,0.35,0.9,0.1,96,43,inf,inf,inf,0.0,0.0,False,False,TabularQL.__init__() got an unexpected keyword argument 'alpha_min'
813,0.35,0.9,0.1,96,44,inf,inf,inf,0.0,0.0,False,False,TabularQL.__init__() got an unexpected keyword argument 'alpha_min'
814,0.35,0.9,0.1,120,42,inf,inf,inf,0.0,0.0,False,False,TabularQL.__init__() got an unexpected keyword argument 'alpha_min'
815,0.35,0.9,0.1,120,43,inf,inf,inf,0.0,0.0,False,False,TabularQL.__init__() got an unexpected keyword argument 'alpha_min'
816,0.35,0.9,0.1,120,44,inf,inf,inf,0.0,0.0,False,False,TabularQL.__init__() got an unexpected keyword argument 'alpha_min'
817,0.35,0.9,0.1,144,42,inf,inf,inf,0.0,0.0,False,False,TabularQL.__init__() got an unexpected keyword argument 'alpha_min'
818,0.35,0.9,0.1,144,43,inf,inf,inf,0.0,0.0,False,False,TabularQL.__init__() got an unexpected keyword argument 'alpha_min'
819,0.35,0.9,0.1,144,44,inf,inf,inf,0.0,0.0,False,False,TabularQL.__init__() got an unexpected keyword argument 'alpha_min'
820,0.35,0.9,0.1,168,42,inf,inf,inf,0.0,0.0,False,False,TabularQL.__init__() got an unexpected keyword argument 'alpha_min'
821,0.35,0.9,0.1,168,43,inf,inf,inf,0.0,0.0,False,False,TabularQL.__init__() got an unexpected keyword argument 'alpha_min'
822,0.35,0.9,0.1,168,44,inf,inf,inf,0.0,0.0,False,False,TabularQL.__init__() got an unexpected keyword argument 'alpha_min'
823,0.35,0.9,0.1,240,42,inf,inf,inf,0.0,0.0,False,False,TabularQL.__init__() got an unexpected keyword argument 'alpha_min'
824,0.35,0.9,0.1,240,43,inf,inf,inf,0.0,0.0,False,False,TabularQL.__init__() got an unexpected keyword argument 'alpha_min'
825,0.35,0.9,0.1,240,44,inf,inf,inf,0.0,0.0,False,False,TabularQL.__init__() got an unexpected keyword argument 'alpha_min'
826,0.35,0.9,0.1,336,42,inf,inf,inf,0.0,0.0,False,False,TabularQL.__init__() got an unexpected keyword argument 'alpha_min'
827,0.35,0.9,0.1,336,43,inf,inf,inf,0.0,0.0,False,False,TabularQL.__init__() got an unexpected keyword argument 'alpha_min'
828,0.35,0.9,0.1,336,44,inf,inf,inf,0.0,0.0,False,False,TabularQL.__init__() got an unexpected keyword argument 'alpha_min'
829,0.35,0.9,0.15,96,42,inf,inf,inf,0.0,0.0,False,False,TabularQL.__init__() got an unexpected keyword argument 'alpha_min'
830,0.35,0.9,0.15,96,43,inf,inf,inf,0.0,0.0,False,False,TabularQL.__init__() got an unexpected keyword argument 'alpha_min'
831,0.35,0.9,0.15,96,44,inf,inf,inf,0.0,0.0,False,False,TabularQL.__init__() got an unexpected keyword argument 'alpha_min'
832,0.35,0.9,0.15,120,42,inf,inf,inf,0.0,0.0,False,False,TabularQL.__init__() got an unexpected keyword argument 'alpha_min'
833,0.35,0.9,0.15,120,43,inf,inf,inf,0.0,0.0,False,False,TabularQL.__init__() got an unexpected keyword argument 'alpha_min'
834,0.35,0.9,0.15,120,44,inf,inf,inf,0.0,0.0,False,False,TabularQL.__init__() got an unexpected keyword argument 'alpha_min'
835,0.35,0.9,0.15,144,42,inf,inf,inf,0.0,0.0,False,False,TabularQL.__init__() got an unexpected keyword argument 'alpha_min'
836,0.35,0.9,0.15,144,43,inf,inf,inf,0.0,0.0,False,False,TabularQL.__init__() got an unexpected keyword argument 'alpha_min'
837,0.35,0.9,0.15,144,44,inf,inf,inf,0.0,0.0,False,False,TabularQL.__init__() got an unexpected keyword argument 'alpha_min'
838,0.35,0.9,0.15,168,42,inf,inf,inf,0.0,0.0,False,False,TabularQL.__init__() got an unexpected keyword argument 'alpha_min'
839,0.35,0.9,0.15,168,43,inf,inf,inf,0.0,0.0,False,False,TabularQL.__init__() got an unexpected keyword argument 'alpha_min'
840,0.35,0.9,0.15,168,44,inf,inf,inf,0.0,0.0,False,False,TabularQL.__init__() got an unexpected keyword argument 'alpha_min'
841,0.35,0.9,0.15,240,42,inf,inf,inf,0.0,0.0,False,False,TabularQL.__init__() got an unexpected keyword argument 'alpha_min'
842,0.35,0.9,0.15,240,43,inf,inf,inf,0.0,0.0,False,False,TabularQL.__init__() got an unexpected keyword argument 'alpha_min'
843,0.35,0.9,0.15,240,44,inf,inf,inf,0.0,0.0,False,False,TabularQL.__init__() got an unexpected keyword argument 'alpha_min'
844,0.35,0.9,0.15,336,42,inf,inf,inf,0.0,0.0,False,False,TabularQL.__init__() got an unexpected keyword argument 'alpha_min'
845,0.35,0.9,0.15,336,43,inf,inf,inf,0.0,0.0,False,False,TabularQL.__init__() got an unexpected keyword argument 'alpha_min'
846,0.35,0.9,0.15,336,44,inf,inf,inf,0.0,0.0,False,False,TabularQL.__init__() got an unexpected keyword argument 'alpha_min'
847,0.35,0.9,0.2,96,42,inf,inf,inf,0.0,0.0,False,False,TabularQL.__init__() got an unexpected keyword argument 'alpha_min'
848,0.35,0.9,0.2,96,43,inf,inf,inf,0.0,0.0,False,False,TabularQL.__init__() got an unexpected keyword argument 'alpha_min'
849,0.35,0.9,0.2,96,44,inf,inf,inf,0.0,0.0,False,False,TabularQL.__init__() got an unexpected keyword argument 'alpha_min'
850,0.35,0.9,0.2,120,42,inf,inf,inf,0.0,0.0,False,False,TabularQL.__init__() got an unexpected keyword argument 'alpha_min'
851,0.35,0.9,0.2,120,43,inf,inf,inf,0.0,0.0,False,False,TabularQL.__init__() got an unexpected keyword argument 'alpha_min'
852,0.35,0.9,0.2,120,44,inf,inf,inf,0.0,0.0,False,False,TabularQL.__init__() got an unexpected keyword argument 'alpha_min'
853,0.35,0.9,0.2,144,42,inf,inf,inf,0.0,0.0,False,False,TabularQL.__init__() got an unexpected keyword argument 'alpha_min'
854,0.35,0.9,0.2,144,43,inf,inf,inf,0.0,0.0,False,False,TabularQL.__init__() got an unexpected keyword argument 'alpha_min'
855,0.35,0.9,0.2,144,44,inf,inf,inf,0.0,0.0,False,False,TabularQL.__init__() got an unexpected keyword argument 'alpha_min'
856,0.35,0.9,0.2,168,42,inf,inf,inf,0.0,0.0,False,False,TabularQL.__init__() got an unexpected keyword argument 'alpha_min'
857,0.35,0.9,0.2,168,43,inf,inf,inf,0.0,0.0,False,False,TabularQL.__init__() got an unexpected keyword argument 'alpha_min'
858,0.35,0.9,0.2,168,44,inf,inf,inf,0.0,0.0,False,False,TabularQL.__init__() got an unexpected keyword argument 'alpha_min'
859,0.35,0.9,0.2,240,42,inf,inf,inf,0.0,0.0,False,False,TabularQL.__init__() got an unexpected keyword argument 'alpha_min'
860,0.35,0.9,0.2,240,43,inf,inf,inf,0.0,0.0,False,False,TabularQL.__init__() got an unexpected keyword argument 'alpha_min'
861,0.35,0.9,0.2,240,44,inf,inf,inf,0.0,0.0,False,False,TabularQL.__init__() got an unexpected keyword argument 'alpha_min'
862,0.35,0.9,0.2,336,42,inf,inf,inf,0.0,0.0,False,False,TabularQL.__init__() got an unexpected keyword argument 'alpha_min'
863,0.35,0.9,0.2,336,43,inf,inf,inf,0.0,0.0,False,False,TabularQL.__init__() got an unexpected keyword argument 'alpha_min'
864,0.35,0.9,0.2,336,44,inf,inf,inf,0.0,0.0,False,False,TabularQL.__init__() got an unexpected keyword argument 'alpha_min'
865,0.35,0.9,0.25,96,42,inf,inf,inf,0.0,0.0,False,False,TabularQL.__init__() got an unexpected keyword argument 'alpha_min'
866,0.35,0.9,0.25,96,43,inf,inf,inf,0.0,0.0,False,False,TabularQL.__init__() got an unexpected keyword argument 'alpha_min'
867,0.35,0.9,0.25,96,44,inf,inf,inf,0.0,0.0,False,False,TabularQL.__init__() got an unexpected keyword argument 'alpha_min'
868,0.35,0.9,0.25,120,42,inf,inf,inf,0.0,0.0,False,False,TabularQL.__init__() got an unexpected keyword argument 'alpha_min'
869,0.35,0.9,0.25,120,43,inf,inf,inf,0.0,0.0,False,False,TabularQL.__init__() got an unexpected keyword argument 'alpha_min'
870,0.35,0.9,0.25,120,44,inf,inf,inf,0.0,0.0,False,False,TabularQL.__init__() got an unexpected keyword argument 'alpha_min'
871,0.35,0.9,0.25,144,42,inf,inf,inf,0.0,0.0,False,False,TabularQL.__init__() got an unexpected keyword argument 'alpha_min'
872,0.35,0.9,0.25,144,43,inf,inf,inf,0.0,0.0,False,False,TabularQL.__init__() got an unexpected keyword argument 'alpha_min'
873,0.35,0.9,0.25,144,44,inf,inf,inf,0.0,0.0,False,False,TabularQL.__init__() got an unexpected keyword argument 'alpha_min'
874,0.35,0.9,0.25,168,42,inf,inf,inf,0.0,0.0,False,False,TabularQL.__init__() got an unexpected keyword argument 'alpha_min'
875,0.35,0.9,0.25,168,43,inf,inf,inf,0.0,0.0,False,False,TabularQL.__init__() got an unexpected keyword argument 'alpha_min'
876,0.35,0.9,0.25,168,44,inf,inf,inf,0.0,0.0,False,False,TabularQL.__init__() got an unexpected keyword argument 'alpha_min'
877,0.35,0.9,0.25,240,42,inf,inf,inf,0.0,0.0,False,False,TabularQL.__init__() got an unexpected keyword argument 'alpha_min'
878,0.35,0.9,0.25,240,43,inf,inf,inf,0.0,0.0,False,False,TabularQL.__init__() got an unexpected keyword argument 'alpha_min'
879,0.35,0.9,0.25,240,44,inf,inf,inf,0.0,0.0,False,False,TabularQL.__init__() got an unexpected keyword argument 'alpha_min'
880,0.35,0.9,0.25,336,42,inf,inf,inf,0.0,0.0,False,False,TabularQL.__init__() got an unexpected keyword argument 'alpha_min'
881,0.35,0.9,0.25,336,43,inf,inf,inf,0.0,0.0,False,False,TabularQL.__init__() got an unexpected keyword argument 'alpha_min'
882,0.35,0.9,0.25,336,44,inf,inf,inf,0.0,0.0,False,False,TabularQL.__init__() got an unexpected keyword argument 'alpha_min'
883,0.35,0.9,0.3,96,42,inf,inf,inf,0.0,0.0,False,False,TabularQL.__init__() got an unexpected keyword argument 'alpha_min'
884,0.35,0.9,0.3,96,43,inf,inf,inf,0.0,0.0,False,False,TabularQL.__init__() got an unexpected keyword argument 'alpha_min'
885,0.35,0.9,0.3,96,44,inf,inf,inf,0.0,0.0,False,False,TabularQL.__init__() got an unexpected keyword argument 'alpha_min'
886,0.35,0.9,0.3,120,42,inf,inf,inf,0.0,0.0,False,False,TabularQL.__init__() got an unexpected keyword argument 'alpha_min'
887,0.35,0.9,0.3,120,43,inf,inf,inf,0.0,0.0,False,False,TabularQL.__init__() got an unexpected keyword argument 'alpha_min'
888,0.35,0.9,0.3,120,44,inf,inf,inf,0.0,0.0,False,False,TabularQL.__init__() got an unexpected keyword argument 'alpha_min'
889,0.35,0.9,0.3,144,42,inf,inf,inf,0.0,0.0,False,False,TabularQL.__init__() got an unexpected keyword argument 'alpha_min'
890,0.35,0.9,0.3,144,43,inf,inf,inf,0.0,0.0,False,False,TabularQL.__init__() got an unexpected keyword argument 'alpha_min'
891,0.35,0.9,0.3,144,44,inf,inf,inf,0.0,0.0,False,False,TabularQL.__init__() got an unexpected keyword argument 'alpha_min'
892,0.35,0.9,0.3,168,42,inf,inf,inf,0.0,0.0,False,False,TabularQL.__init__() got an unexpected keyword argument 'alpha_min'
893,0.35,0.9,0.3,168,43,inf,inf,inf,0.0,0.0,False,False,TabularQL.__init__() got an unexpected keyword argument 'alpha_min'
894,0.35,0.9,0.3,168,44,inf,inf,inf,0.0,0.0,False,False,TabularQL.__init__() got an unexpected keyword argument 'alpha_min'
895,0.35,0.9,0.3,240,42,inf,inf,inf,0.0,0.0,False,False,TabularQL.__init__() got an unexpected keyword argument 'alpha_min'
896,0.35,0.9,0.3,240,43,inf,inf,inf,0.0,0.0,False,False,TabularQL.__init__() got an unexpected keyword argument 'alpha_min'
897,0.35,0.9,0.3,240,44,inf,inf,inf,0.0,0.0,False,False,TabularQL.__init__() got an unexpected keyword argument 'alpha_min'
898,0.35,0.9,0.3,336,42,inf,inf,inf,0.0,0.0,False,False,TabularQL.__init__() got an unexpected keyword argument 'alpha_min'
899,0.35,0.9,0.3,336,43,inf,inf,inf,0.0,0.0,False,False,TabularQL.__init__() got an unexpected keyword argument 'alpha_min'
900,0.35,0.9,0.3,336,44,inf,inf,inf,0.0,0.0,False,False,TabularQL.__init__() got an unexpected keyword argument 'alpha_min'
901,0.35,0.92,0.1,96,42,inf,inf,inf,0.0,0.0,False,False,TabularQL.__init__() got an unexpected keyword argument 'alpha_min'
902,0.35,0.92,0.1,96,43,inf,inf,inf,0.0,0.0,False,False,TabularQL.__init__() got an unexpected keyword argument 'alpha_min'
903,0.35,0.92,0.1,96,44,inf,inf,inf,0.0,0.0,False,False,TabularQL.__init__() got an unexpected keyword argument 'alpha_min'
904,0.35,0.92,0.1,120,42,inf,inf,inf,0.0,0.0,False,False,TabularQL.__init__() got an unexpected keyword argument 'alpha_min'
905,0.35,0.92,0.1,120,43,inf,inf,inf,0.0,0.0,False,False,TabularQL.__init__() got an unexpected keyword argument 'alpha_min'
906,0.35,0.92,0.1,120,44,inf,inf,inf,0.0,0.0,False,False,TabularQL.__init__() got an unexpected keyword argument 'alpha_min'
907,0.35,0.92,0.1,144,42,inf,inf,inf,0.0,0.0,False,False,TabularQL.__init__() got an unexpected keyword argument 'alpha_min'
908,0.35,0.92,0.1,144,43,inf,inf,inf,0.0,0.0,False,False,TabularQL.__init__() got an unexpected keyword argument 'alpha_min'
909,0.35,0.92,0.1,144,44,inf,inf,inf,0.0,0.0,False,False,TabularQL.__init__() got an unexpected keyword argument 'alpha_min'
910,0.35,0.92,0.1,168,42,inf,inf,inf,0.0,0.0,False,False,TabularQL.__init__() got an unexpected keyword argument 'alpha_min'
911,0.35,0.92,0.1,168,43,inf,inf,inf,0.0,0.0,False,False,TabularQL.__init__() got an unexpected keyword argument 'alpha_min'
912,0.35,0.92,0.1,168,44,inf,inf,inf,0.0,0.0,False,False,TabularQL.__init__() got an unexpected keyword argument 'alpha_min'
913,0.35,0.92,0.1,240,42,inf,inf,inf,0.0,0.0,False,False,TabularQL.__init__() got an unexpected keyword argument 'alpha_min'
914,0.35,0.92,0.1,240,43,inf,inf,inf,0.0,0.0,False,False,TabularQL.__init__() got an unexpected keyword argument 'alpha_min'
915,0.35,0.92,0.1,240,44,inf,inf,inf,0.0,0.0,False,False,TabularQL.__init__() got an unexpected keyword argument 'alpha_min'
916,0.35,0.92,0.1,336,42,inf,inf,inf,0.0,0.0,False,False,TabularQL.__init__() got an unexpected keyword argument 'alpha_min'
917,0.35,0.92,0.1,336,43,inf,inf,inf,0.0,0.0,False,False,TabularQL.__init__() got an unexpected keyword argument 'alpha_min'
918,0.35,0.92,0.1,336,44,inf,inf,inf,0.0,0.0,False,False,TabularQL.__init__() got an unexpected keyword argument 'alpha_min'
919,0.35,0.92,0.15,96,42,inf,inf,inf,0.0,0.0,False,False,TabularQL.__init__() got an unexpected keyword argument 'alpha_min'
920,0.35,0.92,0.15,96,43,inf,inf,inf,0.0,0.0,False,False,TabularQL.__init__() got an unexpected keyword argument 'alpha_min'
921,0.35,0.92,0.15,96,44,inf,inf,inf,0.0,0.0,False,False,TabularQL.__init__() got an unexpected keyword argument 'alpha_min'
922,0.35,0.92,0.15,120,42,inf,inf,inf,0.0,0.0,False,False,TabularQL.__init__() got an unexpected keyword argument 'alpha_min'
923,0.35,0.92,0.15,120,43,inf,inf,inf,0.0,0.0,False,False,TabularQL.__init__() got an unexpected keyword argument 'alpha_min'
924,0.35,0.92,0.15,120,44,inf,inf,inf,0.0,0.0,False,False,TabularQL.__init__() got an unexpected keyword argument 'alpha_min'
925,0.35,0.92,0.15,144,42,inf,inf,inf,0.0,0.0,False,False,TabularQL.__init__() got an unexpected keyword argument 'alpha_min'
926,0.35,0.92,0.15,144,43,inf,inf,inf,0.0,0.0,False,False,TabularQL.__init__() got an unexpected keyword argument 'alpha_min'
927,0.35,0.92,0.15,144,44,inf,inf,inf,0.0,0.0,False,False,TabularQL.__init__() got an unexpected keyword argument 'alpha_min'
928,0.35,0.92,0.15,168,42,inf,inf,inf,0.0,0.0,False,False,TabularQL.__init__() got an unexpected keyword argument 'alpha_min'
929,0.35,0.92,0.15,168,43,inf,inf,inf,0.0,0.0,False,False,TabularQL.__init__() got an unexpected keyword argument 'alpha_min'
930,0.35,0.92,0.15,168,44,inf,inf,inf,0.0,0.0,False,False,TabularQL.__init__() got an unexpected keyword argument 'alpha_min'
931,0.35,0.92,0.15,240,42,inf,inf,inf,0.0,0.0,False,False,TabularQL.__init__() got an unexpected keyword argument 'alpha_min'
932,0.35,0.92,0.15,240,43,inf,inf,inf,0.0,0.0,False,False,TabularQL.__init__() got an unexpected keyword argument 'alpha_min'
933,0.35,0.92,0.15,240,44,inf,inf,inf,0.0,0.0,False,False,TabularQL.__init__() got an unexpected keyword argument 'alpha_min'
934,0.35,0.92,0.15,336,42,inf,inf,inf,0.0,0.0,False,False,TabularQL.__init__() got an unexpected keyword argument 'alpha_min'
935,0.35,0.92,0.15,336,43,inf,inf,inf,0.0,0.0,False,False,TabularQL.__init__() got an unexpected keyword argument 'alpha_min'
936,0.35,0.92,0.15,336,44,inf,inf,inf,0.0,0.0,False,False,TabularQL.__init__() got an unexpected keyword argument 'alpha_min'
937,0.35,0.92,0.2,96,42,inf,inf,inf,0.0,0.0,False,False,TabularQL.__init__() got an unexpected keyword argument 'alpha_min'
938,0.35,0.92,0.2,96,43,inf,inf,inf,0.0,0.0,False,False,TabularQL.__init__() got an unexpected keyword argument 'alpha_min'
939,0.35,0.92,0.2,96,44,inf,inf,inf,0.0,0.0,False,False,TabularQL.__init__() got an unexpected keyword argument 'alpha_min'
940,0.35,0.92,0.2,120,42,inf,inf,inf,0.0,0.0,False,False,TabularQL.__init__() got an unexpected keyword argument 'alpha_min'
941,0.35,0.92,0.2,120,43,inf,inf,inf,0.0,0.0,False,False,TabularQL.__init__() got an unexpected keyword argument 'alpha_min'
942,0.35,0.92,0.2,120,44,inf,inf,inf,0.0,0.0,False,False,TabularQL.__init__() got an unexpected keyword argument 'alpha_min'
943,0.35,0.92,0.2,144,42,inf,inf,inf,0.0,0.0,False,False,TabularQL.__init__() got an unexpected keyword argument 'alpha_min'
944,0.35,0.92,0.2,144,43,inf,inf,inf,0.0,0.0,False,False,TabularQL.__init__() got an unexpected keyword argument 'alpha_min'
945,0.35,0.92,0.2,144,44,inf,inf,inf,0.0,0.0,False,False,TabularQL.__init__() got an unexpected keyword argument 'alpha_min'
946,0.35,0.92,0.2,168,42,inf,inf,inf,0.0,0.0,False,False,TabularQL.__init__() got an unexpected keyword argument 'alpha_min'
947,0.35,0.92,0.2,168,43,inf,inf,inf,0.0,0.0,False,False,TabularQL.__init__() got an unexpected keyword argument 'alpha_min'
948,0.35,0.92,0.2,168,44,inf,inf,inf,0.0,0.0,False,False,TabularQL.__init__() got an unexpected keyword argument 'alpha_min'
949,0.35,0.92,0.2,240,42,inf,inf,inf,0.0,0.0,False,False,TabularQL.__init__() got an unexpected keyword argument 'alpha_min'
950,0.35,0.92,0.2,240,43,inf,inf,inf,0.0,0.0,False,False,TabularQL.__init__() got an unexpected keyword argument 'alpha_min'
951,0.35,0.92,0.2,240,44,inf,inf,inf,0.0,0.0,False,False,TabularQL.__init__() got an unexpected keyword argument 'alpha_min'
952,0.35,0.92,0.2,336,42,inf,inf,inf,0.0,0.0,False,False,TabularQL.__init__() got an unexpected keyword argument 'alpha_min'
953,0.35,0.92,0.2,336,43,inf,inf,inf,0.0,0.0,False,False,TabularQL.__init__() got an unexpected keyword argument 'alpha_min'
954,0.35,0.92,0.2,336,44,inf,inf,inf,0.0,0.0,False,False,TabularQL.__init__() got an unexpected keyword argument 'alpha_min'
955,0.35,0.92,0.25,96,42,inf,inf,inf,0.0,0.0,False,False,TabularQL.__init__() got an unexpected keyword argument 'alpha_min'
956,0.35,0.92,0.25,96,43,inf,inf,inf,0.0,0.0,False,False,TabularQL.__init__() got an unexpected keyword argument 'alpha_min'
957,0.35,0.92,0.25,96,44,inf,inf,inf,0.0,0.0,False,False,TabularQL.__init__() got an unexpected keyword argument 'alpha_min'
958,0.35,0.92,0.25,120,42,inf,inf,inf,0.0,0.0,False,False,TabularQL.__init__() got an unexpected keyword argument 'alpha_min'
959,0.35,0.92,0.25,120,43,inf,inf,inf,0.0,0.0,False,False,TabularQL.__init__() got an unexpected keyword argument 'alpha_min'
960,0.35,0.92,0.25,120,44,inf,inf,inf,0.0,0.0,False,False,TabularQL.__init__() got an unexpected keyword argument 'alpha_min'
961,0.35,0.92,0.25,144,42,inf,inf,inf,0.0,0.0,False,False,TabularQL.__init__() got an unexpected keyword argument 'alpha_min'
962,0.35,0.92,0.25,144,43,inf,inf,inf,0.0,0.0,False,False,TabularQL.__init__() got an unexpected keyword argument 'alpha_min'
963,0.35,0.92,0.25,144,44,inf,inf,inf,0.0,0.0,False,False,TabularQL.__init__() got an unexpected keyword argument 'alpha_min'
964,0.35,0.92,0.25,168,42,inf,inf,inf,0.0,0.0,False,False,TabularQL.__init__() got an unexpected keyword argument 'alpha_min'
965,0.35,0.92,0.25,168,43,inf,inf,inf,0.0,0.0,False,False,TabularQL.__init__() got an unexpected keyword argument 'alpha_min'
966,0.35,0.92,0.25,168,44,inf,inf,inf,0.0,0.0,False,False,TabularQL.__init__() got an unexpected keyword argument 'alpha_min'
967,0.35,0.92,0.25,240,42,inf,inf,inf,0.0,0.0,False,False,TabularQL.__init__() got an unexpected keyword argument 'alpha_min'
968,0.35,0.92,0.25,240,43,inf,inf,inf,0.0,0.0,False,False,TabularQL.__init__() got an unexpected keyword argument 'alpha_min'
969,0.35,0.92,0.25,240,44,inf,inf,inf,0.0,0.0,False,False,TabularQL.__init__() got an unexpected keyword argument 'alpha_min'
970,0.35,0.92,0.25,336,42,inf,inf,inf,0.0,0.0,False,False,TabularQL.__init__() got an unexpected keyword argument 'alpha_min'
971,0.35,0.92,0.25,336,43,inf,inf,inf,0.0,0.0,False,False,TabularQL.__init__() got an unexpected keyword argument 'alpha_min'
972,0.35,0.92,0.25,336,44,inf,inf,inf,0.0,0.0,False,False,TabularQL.__init__() got an unexpected keyword argument 'alpha_min'
973,0.35,0.92,0.3,96,42,inf,inf,inf,0.0,0.0,False,False,TabularQL.__init__() got an unexpected keyword argument 'alpha_min'
974,0.35,0.92,0.3,96,43,inf,inf,inf,0.0,0.0,False,False,TabularQL.__init__() got an unexpected keyword argument 'alpha_min'
975,0.35,0.92,0.3,96,44,inf,inf,inf,0.0,0.0,False,False,TabularQL.__init__() got an unexpected keyword argument 'alpha_min'
976,0.35,0.92,0.3,120,42,inf,inf,inf,0.0,0.0,False,False,TabularQL.__init__() got an unexpected keyword argument 'alpha_min'
977,0.35,0.92,0.3,120,43,inf,inf,inf,0.0,0.0,False,False,TabularQL.__init__() got an unexpected keyword argument 'alpha_min'
978,0.35,0.92,0.3,120,44,inf,inf,inf,0.0,0.0,False,False,TabularQL.__init__() got an unexpected keyword argument 'alpha_min'
979,0.35,0.92,0.3,144,42,inf,inf,inf,0.0,0.0,False,False,TabularQL.__init__() got an unexpected keyword argument 'alpha_min'
980,0.35,0.92,0.3,144,43,inf,inf,inf,0.0,0.0,False,False,TabularQL.__init__() got an unexpected keyword argument 'alpha_min'
981,0.35,0.92,0.3,144,44,inf,inf,inf,0.0,0.0,False,False,TabularQL.__init__() got an unexpected keyword argument 'alpha_min'
982,0.35,0.92,0.3,168,42,inf,inf,inf,0.0,0.0,False,False,TabularQL.__init__() got an unexpected keyword argument 'alpha_min'
983,0.35,0.92,0.3,168,43,inf,inf,inf,0.0,0.0,False,False,TabularQL.__init__() got an unexpected keyword argument 'alpha_min'
984,0.35,0.92,0.3,168,44,inf,inf,inf,0.0,0.0,False,False,TabularQL.__init__() got an unexpected keyword argument 'alpha_min'
985,0.35,0.92,0.3,240,42,inf,inf,inf,0.0,0.0,False,False,TabularQL.__init__() got an unexpected keyword argument 'alpha_min'
986,0.35,0.92,0.3,240,43,inf,inf,inf,0.0,0.0,False,False,TabularQL.__init__() got an unexpected keyword argument 'alpha_min'
987,0.35,0.92,0.3,240,44,inf,inf,inf,0.0,0.0,False,False,TabularQL.__init__() got an unexpected keyword argument 'alpha_min'
988,0.35,0.92,0.3,336,42,inf,inf,inf,0.0,0.0,False,False,TabularQL.__init__() got an unexpected keyword argument 'alpha_min'
989,0.35,0.92,0.3,336,43,inf,inf,inf,0.0,0.0,False,False,TabularQL.__init__() got an unexpected keyword argument 'alpha_min'
990,0.35,0.92,0.3,336,44,inf,inf,inf,0.0,0.0,False,False,TabularQL.__init__() got an unexpected keyword argument 'alpha_min'
991,0.35,0.95,0.1,96,42,inf,inf,inf,0.0,0.0,False,False,TabularQL.__init__() got an unexpected keyword argument 'alpha_min'
992,0.35,0.95,0.1,96,43,inf,inf,inf,0.0,0.0,False,False,TabularQL.__init__() got an unexpected keyword argument 'alpha_min'
993,0.35,0.95,0.1,96,44,inf,inf,inf,0.0,0.0,False,False,TabularQL.__init__() got an unexpected keyword argument 'alpha_min'
994,0.35,0.95,0.1,120,42,inf,inf,inf,0.0,0.0,False,False,TabularQL.__init__() got an unexpected keyword argument 'alpha_min'
995,0.35,0.95,0.1,120,43,inf,inf,inf,0.0,0.0,False,False,TabularQL.__init__() got an unexpected keyword argument 'alpha_min'
996,0.35,0.95,0.1,120,44,inf,inf,inf,0.0,0.0,False,False,TabularQL.__init__() got an unexpected keyword argument 'alpha_min'
997,0.35,0.95,0.1,144,42,inf,inf,inf,0.0,0.0,False,False,TabularQL.__init__() got an unexpected keyword argument 'alpha_min'
998,0.35,0.95,0.1,144,43,inf,inf,inf,0.0,0.0,False,False,TabularQL.__init__() got an unexpected keyword argument 'alpha_min'
999,0.35,0.95,0.1,144,44,inf,inf,inf,0.0,0.0,False,False,TabularQL.__init__() got an unexpected keyword argument 'alpha_min'
1000,0.35,0.95,0.1,168,42,inf,inf,inf,0.0,0.0,False,False,TabularQL.__init__() got an unexpected keyword argument 'alpha_min'
1001,0.35,0.95,0.1,168,43,inf,inf,inf,0.0,0.0,False,False,TabularQL.__init__() got an unexpected keyword argument 'alpha_min'
1002,0.35,0.95,0.1,168,44,inf,inf,inf,0.0,0.0,False,False,TabularQL.__init__() got an unexpected keyword argument 'alpha_min'
1003,0.35,0.95,0.1,240,42,inf,inf,inf,0.0,0.0,False,False,TabularQL.__init__() got an unexpected keyword argument 'alpha_min'
1004,0.35,0.95,0.1,240,43,inf,inf,inf,0.0,0.0,False,False,TabularQL.__init__() got an unexpected keyword argument 'alpha_min'
1005,0.35,0.95,0.1,240,44,inf,inf,inf,0.0,0.0,False,False,TabularQL.__init__() got an unexpected keyword argument 'alpha_min'
1006,0.35,0.95,0.1,336,42,inf,inf,inf,0.0,0.0,False,False,TabularQL.__init__() got an unexpected keyword argument 'alpha_min'
1007,0.35,0.95,0.1,336,43,inf,inf,inf,0.0,0.0,False,False,TabularQL.__init__() got an unexpected keyword argument 'alpha_min'
1008,0.35,0.95,0.1,336,44,inf,inf,inf,0.0,0.0,False,False,TabularQL.__init__() got an unexpected keyword argument 'alpha_min'
1009,0.35,0.95,0.15,96,42,inf,inf,inf,0.0,0.0,False,False,TabularQL.__init__() got an unexpected keyword argument 'alpha_min'
1010,0.35,0.95,0.15,96,43,inf,inf,inf,0.0,0.0,False,False,TabularQL.__init__() got an unexpected keyword argument 'alpha_min'
1011,0.35,0.95,0.15,96,44,inf,inf,inf,0.0,0.0,False,False,TabularQL.__init__() got an unexpected keyword argument 'alpha_min'
1012,0.35,0.95,0.15,120,42,inf,inf,inf,0.0,0.0,False,False,TabularQL.__init__() got an unexpected keyword argument 'alpha_min'
1013,0.35,0.95,0.15,120,43,inf,inf,inf,0.0,0.0,False,False,TabularQL.__init__() got an unexpected keyword argument 'alpha_min'
1014,0.35,0.95,0.15,120,44,inf,inf,inf,0.0,0.0,False,False,TabularQL.__init__() got an unexpected keyword argument 'alpha_min'
1015,0.35,0.95,0.15,144,42,inf,inf,inf,0.0,0.0,False,False,TabularQL.__init__() got an unexpected keyword argument 'alpha_min'
1016,0.35,0.95,0.15,144,43,inf,inf,inf,0.0,0.0,False,False,TabularQL.__init__() got an unexpected keyword argument 'alpha_min'
1017,0.35,0.95,0.15,144,44,inf,inf,inf,0.0,0.0,False,False,TabularQL.__init__() got an unexpected keyword argument 'alpha_min'
1018,0.35,0.95,0.15,168,42,inf,inf,inf,0.0,0.0,False,False,TabularQL.__init__() got an unexpected keyword argument 'alpha_min'
1019,0.35,0.95,0.15,168,43,inf,inf,inf,0.0,0.0,False,False,TabularQL.__init__() got an unexpected keyword argument 'alpha_min'
1020,0.35,0.95,0.15,168,44,inf,inf,inf,0.0,0.0,False,False,TabularQL.__init__() got an unexpected keyword argument 'alpha_min'
1021,0.35,0.95,0.15,240,42,inf,inf,inf,0.0,0.0,False,False,TabularQL.__init__() got an unexpected keyword argument 'alpha_min'
1022,0.35,0.95,0.15,240,43,inf,inf,inf,0.0,0.0,False,False,TabularQL.__init__() got an unexpected keyword argument 'alpha_min'
1023,0.35,0.95,0.15,240,44,inf,inf,inf,0.0,0.0,False,False,TabularQL.__init__() got an unexpected keyword argument 'alpha_min'
1024,0.35,0.95,0.15,336,42,inf,inf,inf,0.0,0.0,False,False,TabularQL.__init__() got an unexpected keyword argument 'alpha_min'
1025,0.35,0.95,0.15,336,43,inf,inf,inf,0.0,0.0,False,False,TabularQL.__init__() got an unexpected keyword argument 'alpha_min'
1026,0.35,0.95,0.15,336,44,inf,inf,inf,0.0,0.0,False,False,TabularQL.__init__() got an unexpected keyword argument 'alpha_min'
1027,0.35,0.95,0.2,96,42,inf,inf,inf,0.0,0.0,False,False,TabularQL.__init__() got an unexpected keyword argument 'alpha_min'
1028,0.35,0.95,0.2,96,43,inf,inf,inf,0.0,0.0,False,False,TabularQL.__init__() got an unexpected keyword argument 'alpha_min'
1029,0.35,0.95,0.2,96,44,inf,inf,inf,0.0,0.0,False,False,TabularQL.__init__() got an unexpected keyword argument 'alpha_min'
1030,0.35,0.95,0.2,120,42,inf,inf,inf,0.0,0.0,False,False,TabularQL.__init__() got an unexpected keyword argument 'alpha_min'
1031,0.35,0.95,0.2,120,43,inf,inf,inf,0.0,0.0,False,False,TabularQL.__init__() got an unexpected keyword argument 'alpha_min'
1032,0.35,0.95,0.2,120,44,inf,inf,inf,0.0,0.0,False,False,TabularQL.__init__() got an unexpected keyword argument 'alpha_min'
1033,0.35,0.95,0.2,144,42,inf,inf,inf,0.0,0.0,False,False,TabularQL.__init__() got an unexpected keyword argument 'alpha_min'
1034,0.35,0.95,0.2,144,43,inf,inf,inf,0.0,0.0,False,False,TabularQL.__init__() got an unexpected keyword argument 'alpha_min'
1035,0.35,0.95,0.2,144,44,inf,inf,inf,0.0,0.0,False,False,TabularQL.__init__() got an unexpected keyword argument 'alpha_min'
1036,0.35,0.95,0.2,168,42,inf,inf,inf,0.0,0.0,False,False,TabularQL.__init__() got an unexpected keyword argument 'alpha_min'
1037,0.35,0.95,0.2,168,43,inf,inf,inf,0.0,0.0,False,False,TabularQL.__init__() got an unexpected keyword argument 'alpha_min'
1038,0.35,0.95,0.2,168,44,inf,inf,inf,0.0,0.0,False,False,TabularQL.__init__() got an unexpected keyword argument 'alpha_min'
1039,0.35,0.95,0.2,240,42,inf,inf,inf,0.0,0.0,False,False,TabularQL.__init__() got an unexpected keyword argument 'alpha_min'
1040,0.35,0.95,0.2,240,43,inf,inf,inf,0.0,0.0,False,False,TabularQL.__init__() got an unexpected keyword argument 'alpha_min'
1041,0.35,0.95,0.2,240,44,inf,inf,inf,0.0,0.0,False,False,TabularQL.__init__() got an unexpected keyword argument 'alpha_min'
1042,0.35,0.95,0.2,336,42,inf,inf,inf,0.0,0.0,False,False,TabularQL.__init__() got an unexpected keyword argument 'alpha_min'
1043,0.35,0.95,0.2,336,43,inf,inf,inf,0.0,0.0,False,False,TabularQL.__init__() got an unexpected keyword argument 'alpha_min'
1044,0.35,0.95,0.2,336,44,inf,inf,inf,0.0,0.0,False,False,TabularQL.__init__() got an unexpected keyword argument 'alpha_min'
1045,0.35,0.95,0.25,96,42,inf,inf,inf,0.0,0.0,False,False,TabularQL.__init__() got an unexpected keyword argument 'alpha_min'
1046,0.35,0.95,0.25,96,43,inf,inf,inf,0.0,0.0,False,False,TabularQL.__init__() got an unexpected keyword argument 'alpha_min'
1047,0.35,0.95,0.25,96,44,inf,inf,inf,0.0,0.0,False,False,TabularQL.__init__() got an unexpected keyword argument 'alpha_min'
1048,0.35,0.95,0.25,120,42,inf,inf,inf,0.0,0.0,False,False,TabularQL.__init__() got an unexpected keyword argument 'alpha_min'
1049,0.35,0.95,0.25,120,43,inf,inf,inf,0.0,0.0,False,False,TabularQL.__init__() got an unexpected keyword argument 'alpha_min'
1050,0.35,0.95,0.25,120,44,inf,inf,inf,0.0,0.0,False,False,TabularQL.__init__() got an unexpected keyword argument 'alpha_min'
1051,0.35,0.95,0.25,144,42,inf,inf,inf,0.0,0.0,False,False,TabularQL.__init__() got an unexpected keyword argument 'alpha_min'
1052,0.35,0.95,0.25,144,43,inf,inf,inf,0.0,0.0,False,False,TabularQL.__init__() got an unexpected keyword argument 'alpha_min'
1053,0.35,0.95,0.25,144,44,inf,inf,inf,0.0,0.0,False,False,TabularQL.__init__() got an unexpected keyword argument 'alpha_min'
1054,0.35,0.95,0.25,168,42,inf,inf,inf,0.0,0.0,False,False,TabularQL.__init__() got an unexpected keyword argument 'alpha_min'
1055,0.35,0.95,0.25,168,43,inf,inf,inf,0.0,0.0,False,False,TabularQL.__init__() got an unexpected keyword argument 'alpha_min'
1056,0.35,0.95,0.25,168,44,inf,inf,inf,0.0,0.0,False,False,TabularQL.__init__() got an unexpected keyword argument 'alpha_min'
1057,0.35,0.95,0.25,240,42,inf,inf,inf,0.0,0.0,False,False,TabularQL.__init__() got an unexpected keyword argument 'alpha_min'
1058,0.35,0.95,0.25,240,43,inf,inf,inf,0.0,0.0,False,False,TabularQL.__init__() got an unexpected keyword argument 'alpha_min'
1059,0.35,0.95,0.25,240,44,inf,inf,inf,0.0,0.0,False,False,TabularQL.__init__() got an unexpected keyword argument 'alpha_min'
1060,0.35,0.95,0.25,336,42,inf,inf,inf,0.0,0.0,False,False,TabularQL.__init__() got an unexpected keyword argument 'alpha_min'
1061,0.35,0.95,0.25,336,43,inf,inf,inf,0.0,0.0,False,False,TabularQL.__init__() got an unexpected keyword argument 'alpha_min'
1062,0.35,0.95,0.25,336,44,inf,inf,inf,0.0,0.0,False,False,TabularQL.__init__() got an unexpected keyword argument 'alpha_min'
1063,0.35,0.95,0.3,96,42,inf,inf,inf,0.0,0.0,False,False,TabularQL.__init__() got an unexpected keyword argument 'alpha_min'
1064,0.35,0.95,0.3,96,43,inf,inf,inf,0.0,0.0,False,False,TabularQL.__init__() got an unexpected keyword argument 'alpha_min'
1065,0.35,0.95,0.3,96,44,inf,inf,inf,0.0,0.0,False,False,TabularQL.__init__() got an unexpected keyword argument 'alpha_min'
1066,0.35,0.95,0.3,120,42,inf,inf,inf,0.0,0.0,False,False,TabularQL.__init__() got an unexpected keyword argument 'alpha_min'
1067,0.35,0.95,0.3,120,43,inf,inf,inf,0.0,0.0,False,False,TabularQL.__init__() got an unexpected keyword argument 'alpha_min'
1068,0.35,0.95,0.3,120,44,inf,inf,inf,0.0,0.0,False,False,TabularQL.__init__() got an unexpected keyword argument 'alpha_min'
1069,0.35,0.95,0.3,144,42,inf,inf,inf,0.0,0.0,False,False,TabularQL.__init__() got an unexpected keyword argument 'alpha_min'
1070,0.35,0.95,0.3,144,43,inf,inf,inf,0.0,0.0,False,False,TabularQL.__init__() got an unexpected keyword argument 'alpha_min'
1071,0.35,0.95,0.3,144,44,inf,inf,inf,0.0,0.0,False,False,TabularQL.__init__() got an unexpected keyword argument 'alpha_min'
1072,0.35,0.95,0.3,168,42,inf,inf,inf,0.0,0.0,False,False,TabularQL.__init__() got an unexpected keyword argument 'alpha_min'
1073,0.35,0.95,0.3,168,43,inf,inf,inf,0.0,0.0,False,False,TabularQL.__init__() got an unexpected keyword argument 'alpha_min'
1074,0.35,0.95,0.3,168,44,inf,inf,inf,0.0,0.0,False,False,TabularQL.__init__() got an unexpected keyword argument 'alpha_min'
1075,0.35,0.95,0.3,240,42,inf,inf,inf,0.0,0.0,False,False,TabularQL.__init__() got an unexpected keyword argument 'alpha_min'
1076,0.35,0.95,0.3,240,43,inf,inf,inf,0.0,0.0,False,False,TabularQL.__init__() got an unexpected keyword argument 'alpha_min'
1077,0.35,0.95,0.3,240,44,inf,inf,inf,0.0,0.0,False,False,TabularQL.__init__() got an unexpected keyword argument 'alpha_min'
1078,0.35,0.95,0.3,336,42,inf,inf,inf,0.0,0.0,False,False,TabularQL.__init__() got an unexpected keyword argument 'alpha_min'
1079,0.35,0.95,0.3,336,43,inf,inf,inf,0.0,0.0,False,False,TabularQL.__init__() got an unexpected keyword argument 'alpha_min'
1080,0.35,0.95,0.3,336,44,inf,inf,inf,0.0,0.0,False,False,TabularQL.__init__() got an unexpected keyword argument 'alpha_min'
1081,0.4,0.88,0.1,96,42,inf,inf,inf,0.0,0.0,False,False,TabularQL.__init__() got an unexpected keyword argument 'alpha_min'
1082,0.4,0.88,0.1,96,43,inf,inf,inf,0.0,0.0,False,False,TabularQL.__init__() got an unexpected keyword argument 'alpha_min'
1083,0.4,0.88,0.1,96,44,inf,inf,inf,0.0,0.0,False,False,TabularQL.__init__() got an unexpected keyword argument 'alpha_min'
1084,0.4,0.88,0.1,120,42,inf,inf,inf,0.0,0.0,False,False,TabularQL.__init__() got an unexpected keyword argument 'alpha_min'
1085,0.4,0.88,0.1,120,43,inf,inf,inf,0.0,0.0,False,False,TabularQL.__init__() got an unexpected keyword argument 'alpha_min'
1086,0.4,0.88,0.1,120,44,inf,inf,inf,0.0,0.0,False,False,TabularQL.__init__() got an unexpected keyword argument 'alpha_min'
1087,0.4,0.88,0.1,144,42,inf,inf,inf,0.0,0.0,False,False,TabularQL.__init__() got an unexpected keyword argument 'alpha_min'
1088,0.4,0.88,0.1,144,43,inf,inf,inf,0.0,0.0,False,False,TabularQL.__init__() got an unexpected keyword argument 'alpha_min'
1089,0.4,0.88,0.1,144,44,inf,inf,inf,0.0,0.0,False,False,TabularQL.__init__() got an unexpected keyword argument 'alpha_min'
1090,0.4,0.88,0.1,168,42,inf,inf,inf,0.0,0.0,False,False,TabularQL.__init__() got an unexpected keyword argument 'alpha_min'
1091,0.4,0.88,0.1,168,43,inf,inf,inf,0.0,0.0,False,False,TabularQL.__init__() got an unexpected keyword argument 'alpha_min'
1092,0.4,0.88,0.1,168,44,inf,inf,inf,0.0,0.0,False,False,TabularQL.__init__() got an unexpected keyword argument 'alpha_min'
1093,0.4,0.88,0.1,240,42,inf,inf,inf,0.0,0.0,False,False,TabularQL.__init__() got an unexpected keyword argument 'alpha_min'
1094,0.4,0.88,0.1,240,43,inf,inf,inf,0.0,0.0,False,False,TabularQL.__init__() got an unexpected keyword argument 'alpha_min'
1095,0.4,0.88,0.1,240,44,inf,inf,inf,0.0,0.0,False,False,TabularQL.__init__() got an unexpected keyword argument 'alpha_min'
1096,0.4,0.88,0.1,336,42,inf,inf,inf,0.0,0.0,False,False,TabularQL.__init__() got an unexpected keyword argument 'alpha_min'
1097,0.4,0.88,0.1,336,43,inf,inf,inf,0.0,0.0,False,False,TabularQL.__init__() got an unexpected keyword argument 'alpha_min'
1098,0.4,0.88,0.1,336,44,inf,inf,inf,0.0,0.0,False,False,TabularQL.__init__() got an unexpected keyword argument 'alpha_min'
1099,0.4,0.88,0.15,96,42,inf,inf,inf,0.0,0.0,False,False,TabularQL.__init__() got an unexpected keyword argument 'alpha_min'
1100,0.4,0.88,0.15,96,43,inf,inf,inf,0.0,0.0,False,False,TabularQL.__init__() got an unexpected keyword argument 'alpha_min'
1101,0.4,0.88,0.15,96,44,inf,inf,inf,0.0,0.0,False,False,TabularQL.__init__() got an unexpected keyword argument 'alpha_min'
1102,0.4,0.88,0.15,120,42,inf,inf,inf,0.0,0.0,False,False,TabularQL.__init__() got an unexpected keyword argument 'alpha_min'
1103,0.4,0.88,0.15,120,43,inf,inf,inf,0.0,0.0,False,False,TabularQL.__init__() got an unexpected keyword argument 'alpha_min'
1104,0.4,0.88,0.15,120,44,inf,inf,inf,0.0,0.0,False,False,TabularQL.__init__() got an unexpected keyword argument 'alpha_min'
1105,0.4,0.88,0.15,144,42,inf,inf,inf,0.0,0.0,False,False,TabularQL.__init__() got an unexpected keyword argument 'alpha_min'
1106,0.4,0.88,0.15,144,43,inf,inf,inf,0.0,0.0,False,False,TabularQL.__init__() got an unexpected keyword argument 'alpha_min'
1107,0.4,0.88,0.15,144,44,inf,inf,inf,0.0,0.0,False,False,TabularQL.__init__() got an unexpected keyword argument 'alpha_min'
1108,0.4,0.88,0.15,168,42,inf,inf,inf,0.0,0.0,False,False,TabularQL.__init__() got an unexpected keyword argument 'alpha_min'
1109,0.4,0.88,0.15,168,43,inf,inf,inf,0.0,0.0,False,False,TabularQL.__init__() got an unexpected keyword argument 'alpha_min'
1110,0.4,0.88,0.15,168,44,inf,inf,inf,0.0,0.0,False,False,TabularQL.__init__() got an unexpected keyword argument 'alpha_min'
1111,0.4,0.88,0.15,240,42,inf,inf,inf,0.0,0.0,False,False,TabularQL.__init__() got an unexpected keyword argument 'alpha_min'
1112,0.4,0.88,0.15,240,43,inf,inf,inf,0.0,0.0,False,False,TabularQL.__init__() got an unexpected keyword argument 'alpha_min'
1113,0.4,0.88,0.15,240,44,inf,inf,inf,0.0,0.0,False,False,TabularQL.__init__() got an unexpected keyword argument 'alpha_min'
1114,0.4,0.88,0.15,336,42,inf,inf,inf,0.0,0.0,False,False,TabularQL.__init__() got an unexpected keyword argument 'alpha_min'
1115,0.4,0.88,0.15,336,43,inf,inf,inf,0.0,0.0,False,False,TabularQL.__init__() got an unexpected keyword argument 'alpha_min'
1116,0.4,0.88,0.15,336,44,inf,inf,inf,0.0,0.0,False,False,TabularQL.__init__() got an unexpected keyword argument 'alpha_min'
1117,0.4,0.88,0.2,96,42,inf,inf,inf,0.0,0.0,False,False,TabularQL.__init__() got an unexpected keyword argument 'alpha_min'
1118,0.4,0.88,0.2,96,43,inf,inf,inf,0.0,0.0,False,False,TabularQL.__init__() got an unexpected keyword argument 'alpha_min'
1119,0.4,0.88,0.2,96,44,inf,inf,inf,0.0,0.0,False,False,TabularQL.__init__() got an unexpected keyword argument 'alpha_min'
1120,0.4,0.88,0.2,120,42,inf,inf,inf,0.0,0.0,False,False,TabularQL.__init__() got an unexpected keyword argument 'alpha_min'
1121,0.4,0.88,0.2,120,43,inf,inf,inf,0.0,0.0,False,False,TabularQL.__init__() got an unexpected keyword argument 'alpha_min'
1122,0.4,0.88,0.2,120,44,inf,inf,inf,0.0,0.0,False,False,TabularQL.__init__() got an unexpected keyword argument 'alpha_min'
1123,0.4,0.88,0.2,144,42,inf,inf,inf,0.0,0.0,False,False,TabularQL.__init__() got an unexpected keyword argument 'alpha_min'
1124,0.4,0.88,0.2,144,43,inf,inf,inf,0.0,0.0,False,False,TabularQL.__init__() got an unexpected keyword argument 'alpha_min'
1125,0.4,0.88,0.2,144,44,inf,inf,inf,0.0,0.0,False,False,TabularQL.__init__() got an unexpected keyword argument 'alpha_min'
1126,0.4,0.88,0.2,168,42,inf,inf,inf,0.0,0.0,False,False,TabularQL.__init__() got an unexpected keyword argument 'alpha_min'
1127,0.4,0.88,0.2,168,43,inf,inf,inf,0.0,0.0,False,False,TabularQL.__init__() got an unexpected keyword argument 'alpha_min'
1128,0.4,0.88,0.2,168,44,inf,inf,inf,0.0,0.0,False,False,TabularQL.__init__() got an unexpected keyword argument 'alpha_min'
1129,0.4,0.88,0.2,240,42,inf,inf,inf,0.0,0.0,False,False,TabularQL.__init__() got an unexpected keyword argument 'alpha_min'
1130,0.4,0.88,0.2,240,43,inf,inf,inf,0.0,0.0,False,False,TabularQL.__init__() got an unexpected keyword argument 'alpha_min'
1131,0.4,0.88,0.2,240,44,inf,inf,inf,0.0,0.0,False,False,TabularQL.__init__() got an unexpected keyword argument 'alpha_min'
1132,0.4,0.88,0.2,336,42,inf,inf,inf,0.0,0.0,False,False,TabularQL.__init__() got an unexpected keyword argument 'alpha_min'
1133,0.4,0.88,0.2,336,43,inf,inf,inf,0.0,0.0,False,False,TabularQL.__init__() got an unexpected keyword argument 'alpha_min'
1134,0.4,0.88,0.2,336,44,inf,inf,inf,0.0,0.0,False,False,TabularQL.__init__() got an unexpected keyword argument 'alpha_min'
1135,0.4,0.88,0.25,96,42,inf,inf,inf,0.0,0.0,False,False,TabularQL.__init__() got an unexpected keyword argument 'alpha_min'
1136,0.4,0.88,0.25,96,43,inf,inf,inf,0.0,0.0,False,False,TabularQL.__init__() got an unexpected keyword argument 'alpha_min'
1137,0.4,0.88,0.25,96,44,inf,inf,inf,0.0,0.0,False,False,TabularQL.__init__() got an unexpected keyword argument 'alpha_min'
1138,0.4,0.88,0.25,120,42,inf,inf,inf,0.0,0.0,False,False,TabularQL.__init__() got an unexpected keyword argument 'alpha_min'
1139,0.4,0.88,0.25,120,43,inf,inf,inf,0.0,0.0,False,False,TabularQL.__init__() got an unexpected keyword argument 'alpha_min'
1140,0.4,0.88,0.25,120,44,inf,inf,inf,0.0,0.0,False,False,TabularQL.__init__() got an unexpected keyword argument 'alpha_min'
1141,0.4,0.88,0.25,144,42,inf,inf,inf,0.0,0.0,False,False,TabularQL.__init__() got an unexpected keyword argument 'alpha_min'
1142,0.4,0.88,0.25,144,43,inf,inf,inf,0.0,0.0,False,False,TabularQL.__init__() got an unexpected keyword argument 'alpha_min'
1143,0.4,0.88,0.25,144,44,inf,inf,inf,0.0,0.0,False,False,TabularQL.__init__() got an unexpected keyword argument 'alpha_min'
1144,0.4,0.88,0.25,168,42,inf,inf,inf,0.0,0.0,False,False,TabularQL.__init__() got an unexpected keyword argument 'alpha_min'
1145,0.4,0.88,0.25,168,43,inf,inf,inf,0.0,0.0,False,False,TabularQL.__init__() got an unexpected keyword argument 'alpha_min'
1146,0.4,0.88,0.25,168,44,inf,inf,inf,0.0,0.0,False,False,TabularQL.__init__() got an unexpected keyword argument 'alpha_min'
1147,0.4,0.88,0.25,240,42,inf,inf,inf,0.0,0.0,False,False,TabularQL.__init__() got an unexpected keyword argument 'alpha_min'
1148,0.4,0.88,0.25,240,43,inf,inf,inf,0.0,0.0,False,False,TabularQL.__init__() got an unexpected keyword argument 'alpha_min'
1149,0.4,0.88,0.25,240,44,inf,inf,inf,0.0,0.0,False,False,TabularQL.__init__() got an unexpected keyword argument 'alpha_min'
1150,0.4,0.88,0.25,336,42,inf,inf,inf,0.0,0.0,False,False,TabularQL.__init__() got an unexpected keyword argument 'alpha_min'
1151,0.4,0.88,0.25,336,43,inf,inf,inf,0.0,0.0,False,False,TabularQL.__init__() got an unexpected keyword argument 'alpha_min'
1152,0.4,0.88,0.25,336,44,inf,inf,inf,0.0,0.0,False,False,TabularQL.__init__() got an unexpected keyword argument 'alpha_min'
1153,0.4,0.88,0.3,96,42,inf,inf,inf,0.0,0.0,False,False,TabularQL.__init__() got an unexpected keyword argument 'alpha_min'
1154,0.4,0.88,0.3,96,43,inf,inf,inf,0.0,0.0,False,False,TabularQL.__init__() got an unexpected keyword argument 'alpha_min'
1155,0.4,0.88,0.3,96,44,inf,inf,inf,0.0,0.0,False,False,TabularQL.__init__() got an unexpected keyword argument 'alpha_min'
1156,0.4,0.88,0.3,120,42,inf,inf,inf,0.0,0.0,False,False,TabularQL.__init__() got an unexpected keyword argument 'alpha_min'
1157,0.4,0.88,0.3,120,43,inf,inf,inf,0.0,0.0,False,False,TabularQL.__init__() got an unexpected keyword argument 'alpha_min'
1158,0.4,0.88,0.3,120,44,inf,inf,inf,0.0,0.0,False,False,TabularQL.__init__() got an unexpected keyword argument 'alpha_min'
1159,0.4,0.88,0.3,144,42,inf,inf,inf,0.0,0.0,False,False,TabularQL.__init__() got an unexpected keyword argument 'alpha_min'
1160,0.4,0.88,0.3,144,43,inf,inf,inf,0.0,0.0,False,False,TabularQL.__init__() got an unexpected keyword argument 'alpha_min'
1161,0.4,0.88,0.3,144,44,inf,inf,inf,0.0,0.0,False,False,TabularQL.__init__() got an unexpected keyword argument 'alpha_min'
1162,0.4,0.88,0.3,168,42,inf,inf,inf,0.0,0.0,False,False,TabularQL.__init__() got an unexpected keyword argument 'alpha_min'
1163,0.4,0.88,0.3,168,43,inf,inf,inf,0.0,0.0,False,False,TabularQL.__init__() got an unexpected keyword argument 'alpha_min'
1164,0.4,0.88,0.3,168,44,inf,inf,inf,0.0,0.0,False,False,TabularQL.__init__() got an unexpected keyword argument 'alpha_min'
1165,0.4,0.88,0.3,240,42,inf,inf,inf,0.0,0.0,False,False,TabularQL.__init__() got an unexpected keyword argument 'alpha_min'
1166,0.4,0.88,0.3,240,43,inf,inf,inf,0.0,0.0,False,False,TabularQL.__init__() got an unexpected keyword argument 'alpha_min'
1167,0.4,0.88,0.3,240,44,inf,inf,inf,0.0,0.0,False,False,TabularQL.__init__() got an unexpected keyword argument 'alpha_min'
1168,0.4,0.88,0.3,336,42,inf,inf,inf,0.0,0.0,False,False,TabularQL.__init__() got an unexpected keyword argument 'alpha_min'
1169,0.4,0.88,0.3,336,43,inf,inf,inf,0.0,0.0,False,False,TabularQL.__init__() got an unexpected keyword argument 'alpha_min'
1170,0.4,0.88,0.3,336,44,inf,inf,inf,0.0,0.0,False,False,TabularQL.__init__() got an unexpected keyword argument 'alpha_min'
1171,0.4,0.9,0.1,96,42,inf,inf,inf,0.0,0.0,False,False,TabularQL.__init__() got an unexpected keyword argument 'alpha_min'
1172,0.4,0.9,0.1,96,43,inf,inf,inf,0.0,0.0,False,False,TabularQL.__init__() got an unexpected keyword argument 'alpha_min'
1173,0.4,0.9,0.1,96,44,inf,inf,inf,0.0,0.0,False,False,TabularQL.__init__() got an unexpected keyword argument 'alpha_min'
1174,0.4,0.9,0.1,120,42,inf,inf,inf,0.0,0.0,False,False,TabularQL.__init__() got an unexpected keyword argument 'alpha_min'
1175,0.4,0.9,0.1,120,43,inf,inf,inf,0.0,0.0,False,False,TabularQL.__init__() got an unexpected keyword argument 'alpha_min'
1176,0.4,0.9,0.1,120,44,inf,inf,inf,0.0,0.0,False,False,TabularQL.__init__() got an unexpected keyword argument 'alpha_min'
1177,0.4,0.9,0.1,144,42,inf,inf,inf,0.0,0.0,False,False,TabularQL.__init__() got an unexpected keyword argument 'alpha_min'
1178,0.4,0.9,0.1,144,43,inf,inf,inf,0.0,0.0,False,False,TabularQL.__init__() got an unexpected keyword argument 'alpha_min'
1179,0.4,0.9,0.1,144,44,inf,inf,inf,0.0,0.0,False,False,TabularQL.__init__() got an unexpected keyword argument 'alpha_min'
1180,0.4,0.9,0.1,168,42,inf,inf,inf,0.0,0.0,False,False,TabularQL.__init__() got an unexpected keyword argument 'alpha_min'
1181,0.4,0.9,0.1,168,43,inf,inf,inf,0.0,0.0,False,False,TabularQL.__init__() got an unexpected keyword argument 'alpha_min'
1182,0.4,0.9,0.1,168,44,inf,inf,inf,0.0,0.0,False,False,TabularQL.__init__() got an unexpected keyword argument 'alpha_min'
1183,0.4,0.9,0.1,240,42,inf,inf,inf,0.0,0.0,False,False,TabularQL.__init__() got an unexpected keyword argument 'alpha_min'
1184,0.4,0.9,0.1,240,43,inf,inf,inf,0.0,0.0,False,False,TabularQL.__init__() got an unexpected keyword argument 'alpha_min'
1185,0.4,0.9,0.1,240,44,inf,inf,inf,0.0,0.0,False,False,TabularQL.__init__() got an unexpected keyword argument 'alpha_min'
1186,0.4,0.9,0.1,336,42,inf,inf,inf,0.0,0.0,False,False,TabularQL.__init__() got an unexpected keyword argument 'alpha_min'
1187,0.4,0.9,0.1,336,43,inf,inf,inf,0.0,0.0,False,False,TabularQL.__init__() got an unexpected keyword argument 'alpha_min'
1188,0.4,0.9,0.1,336,44,inf,inf,inf,0.0,0.0,False,False,TabularQL.__init__() got an unexpected keyword argument 'alpha_min'
1189,0.4,0.9,0.15,96,42,inf,inf,inf,0.0,0.0,False,False,TabularQL.__init__() got an unexpected keyword argument 'alpha_min'
1190,0.4,0.9,0.15,96,43,inf,inf,inf,0.0,0.0,False,False,TabularQL.__init__() got an unexpected keyword argument 'alpha_min'
1191,0.4,0.9,0.15,96,44,inf,inf,inf,0.0,0.0,False,False,TabularQL.__init__() got an unexpected keyword argument 'alpha_min'
1192,0.4,0.9,0.15,120,42,inf,inf,inf,0.0,0.0,False,False,TabularQL.__init__() got an unexpected keyword argument 'alpha_min'
1193,0.4,0.9,0.15,120,43,inf,inf,inf,0.0,0.0,False,False,TabularQL.__init__() got an unexpected keyword argument 'alpha_min'
1194,0.4,0.9,0.15,120,44,inf,inf,inf,0.0,0.0,False,False,TabularQL.__init__() got an unexpected keyword argument 'alpha_min'
1195,0.4,0.9,0.15,144,42,inf,inf,inf,0.0,0.0,False,False,TabularQL.__init__() got an unexpected keyword argument 'alpha_min'
1196,0.4,0.9,0.15,144,43,inf,inf,inf,0.0,0.0,False,False,TabularQL.__init__() got an unexpected keyword argument 'alpha_min'
1197,0.4,0.9,0.15,144,44,inf,inf,inf,0.0,0.0,False,False,TabularQL.__init__() got an unexpected keyword argument 'alpha_min'
1198,0.4,0.9,0.15,168,42,inf,inf,inf,0.0,0.0,False,False,TabularQL.__init__() got an unexpected keyword argument 'alpha_min'
1199,0.4,0.9,0.15,168,43,inf,inf,inf,0.0,0.0,False,False,TabularQL.__init__() got an unexpected keyword argument 'alpha_min'
1200,0.4,0.9,0.15,168,44,inf,inf,inf,0.0,0.0,False,False,TabularQL.__init__() got an unexpected keyword argument 'alpha_min'
1201,0.4,0.9,0.15,240,42,inf,inf,inf,0.0,0.0,False,False,TabularQL.__init__() got an unexpected keyword argument 'alpha_min'
1202,0.4,0.9,0.15,240,43,inf,inf,inf,0.0,0.0,False,False,TabularQL.__init__() got an unexpected keyword argument 'alpha_min'
1203,0.4,0.9,0.15,240,44,inf,inf,inf,0.0,0.0,False,False,TabularQL.__init__() got an unexpected keyword argument 'alpha_min'
1204,0.4,0.9,0.15,336,42,inf,inf,inf,0.0,0.0,False,False,TabularQL.__init__() got an unexpected keyword argument 'alpha_min'
1205,0.4,0.9,0.15,336,43,inf,inf,inf,0.0,0.0,False,False,TabularQL.__init__() got an unexpected keyword argument 'alpha_min'
1206,0.4,0.9,0.15,336,44,inf,inf,inf,0.0,0.0,False,False,TabularQL.__init__() got an unexpected keyword argument 'alpha_min'
1207,0.4,0.9,0.2,96,42,inf,inf,inf,0.0,0.0,False,False,TabularQL.__init__() got an unexpected keyword argument 'alpha_min'
1208,0.4,0.9,0.2,96,43,inf,inf,inf,0.0,0.0,False,False,TabularQL.__init__() got an unexpected keyword argument 'alpha_min'
1209,0.4,0.9,0.2,96,44,inf,inf,inf,0.0,0.0,False,False,TabularQL.__init__() got an unexpected keyword argument 'alpha_min'
1210,0.4,0.9,0.2,120,42,inf,inf,inf,0.0,0.0,False,False,TabularQL.__init__() got an unexpected keyword argument 'alpha_min'
1211,0.4,0.9,0.2,120,43,inf,inf,inf,0.0,0.0,False,False,TabularQL.__init__() got an unexpected keyword argument 'alpha_min'
1212,0.4,0.9,0.2,120,44,inf,inf,inf,0.0,0.0,False,False,TabularQL.__init__() got an unexpected keyword argument 'alpha_min'
1213,0.4,0.9,0.2,144,42,inf,inf,inf,0.0,0.0,False,False,TabularQL.__init__() got an unexpected keyword argument 'alpha_min'
1214,0.4,0.9,0.2,144,43,inf,inf,inf,0.0,0.0,False,False,TabularQL.__init__() got an unexpected keyword argument 'alpha_min'
1215,0.4,0.9,0.2,144,44,inf,inf,inf,0.0,0.0,False,False,TabularQL.__init__() got an unexpected keyword argument 'alpha_min'
1216,0.4,0.9,0.2,168,42,inf,inf,inf,0.0,0.0,False,False,TabularQL.__init__() got an unexpected keyword argument 'alpha_min'
1217,0.4,0.9,0.2,168,43,inf,inf,inf,0.0,0.0,False,False,TabularQL.__init__() got an unexpected keyword argument 'alpha_min'
1218,0.4,0.9,0.2,168,44,inf,inf,inf,0.0,0.0,False,False,TabularQL.__init__() got an unexpected keyword argument 'alpha_min'
1219,0.4,0.9,0.2,240,42,inf,inf,inf,0.0,0.0,False,False,TabularQL.__init__() got an unexpected keyword argument 'alpha_min'
1220,0.4,0.9,0.2,240,43,inf,inf,inf,0.0,0.0,False,False,TabularQL.__init__() got an unexpected keyword argument 'alpha_min'
1221,0.4,0.9,0.2,240,44,inf,inf,inf,0.0,0.0,False,False,TabularQL.__init__() got an unexpected keyword argument 'alpha_min'
1222,0.4,0.9,0.2,336,42,inf,inf,inf,0.0,0.0,False,False,TabularQL.__init__() got an unexpected keyword argument 'alpha_min'
1223,0.4,0.9,0.2,336,43,inf,inf,inf,0.0,0.0,False,False,TabularQL.__init__() got an unexpected keyword argument 'alpha_min'
1224,0.4,0.9,0.2,336,44,inf,inf,inf,0.0,0.0,False,False,TabularQL.__init__() got an unexpected keyword argument 'alpha_min'
1225,0.4,0.9,0.25,96,42,inf,inf,inf,0.0,0.0,False,False,TabularQL.__init__() got an unexpected keyword argument 'alpha_min'
1226,0.4,0.9,0.25,96,43,inf,inf,inf,0.0,0.0,False,False,TabularQL.__init__() got an unexpected keyword argument 'alpha_min'
1227,0.4,0.9,0.25,96,44,inf,inf,inf,0.0,0.0,False,False,TabularQL.__init__() got an unexpected keyword argument 'alpha_min'
1228,0.4,0.9,0.25,120,42,inf,inf,inf,0.0,0.0,False,False,TabularQL.__init__() got an unexpected keyword argument 'alpha_min'
1229,0.4,0.9,0.25,120,43,inf,inf,inf,0.0,0.0,False,False,TabularQL.__init__() got an unexpected keyword argument 'alpha_min'
1230,0.4,0.9,0.25,120,44,inf,inf,inf,0.0,0.0,False,False,TabularQL.__init__() got an unexpected keyword argument 'alpha_min'
1231,0.4,0.9,0.25,144,42,inf,inf,inf,0.0,0.0,False,False,TabularQL.__init__() got an unexpected keyword argument 'alpha_min'
1232,0.4,0.9,0.25,144,43,inf,inf,inf,0.0,0.0,False,False,TabularQL.__init__() got an unexpected keyword argument 'alpha_min'
1233,0.4,0.9,0.25,144,44,inf,inf,inf,0.0,0.0,False,False,TabularQL.__init__() got an unexpected keyword argument 'alpha_min'
1234,0.4,0.9,0.25,168,42,inf,inf,inf,0.0,0.0,False,False,TabularQL.__init__() got an unexpected keyword argument 'alpha_min'
1235,0.4,0.9,0.25,168,43,inf,inf,inf,0.0,0.0,False,False,TabularQL.__init__() got an unexpected keyword argument 'alpha_min'
1236,0.4,0.9,0.25,168,44,inf,inf,inf,0.0,0.0,False,False,TabularQL.__init__() got an unexpected keyword argument 'alpha_min'
1237,0.4,0.9,0.25,240,42,inf,inf,inf,0.0,0.0,False,False,TabularQL.__init__() got an unexpected keyword argument 'alpha_min'
1238,0.4,0.9,0.25,240,43,inf,inf,inf,0.0,0.0,False,False,TabularQL.__init__() got an unexpected keyword argument 'alpha_min'
1239,0.4,0.9,0.25,240,44,inf,inf,inf,0.0,0.0,False,False,TabularQL.__init__() got an unexpected keyword argument 'alpha_min'
1240,0.4,0.9,0.25,336,42,inf,inf,inf,0.0,0.0,False,False,TabularQL.__init__() got an unexpected keyword argument 'alpha_min'
1241,0.4,0.9,0.25,336,43,inf,inf,inf,0.0,0.0,False,False,TabularQL.__init__() got an unexpected keyword argument 'alpha_min'
1242,0.4,0.9,0.25,336,44,inf,inf,inf,0.0,0.0,False,False,TabularQL.__init__() got an unexpected keyword argument 'alpha_min'
1243,0.4,0.9,0.3,96,42,inf,inf,inf,0.0,0.0,False,False,TabularQL.__init__() got an unexpected keyword argument 'alpha_min'
1244,0.4,0.9,0.3,96,43,inf,inf,inf,0.0,0.0,False,False,TabularQL.__init__() got an unexpected keyword argument 'alpha_min'
1245,0.4,0.9,0.3,96,44,inf,inf,inf,0.0,0.0,False,False,TabularQL.__init__() got an unexpected keyword argument 'alpha_min'
1246,0.4,0.9,0.3,120,42,inf,inf,inf,0.0,0.0,False,False,TabularQL.__init__() got an unexpected keyword argument 'alpha_min'
1247,0.4,0.9,0.3,120,43,inf,inf,inf,0.0,0.0,False,False,TabularQL.__init__() got an unexpected keyword argument 'alpha_min'
1248,0.4,0.9,0.3,120,44,inf,inf,inf,0.0,0.0,False,False,TabularQL.__init__() got an unexpected keyword argument 'alpha_min'
1249,0.4,0.9,0.3,144,42,inf,inf,inf,0.0,0.0,False,False,TabularQL.__init__() got an unexpected keyword argument 'alpha_min'
1250,0.4,0.9,0.3,144,43,inf,inf,inf,0.0,0.0,False,False,TabularQL.__init__() got an unexpected keyword argument 'alpha_min'
1251,0.4,0.9,0.3,144,44,inf,inf,inf,0.0,0.0,False,False,TabularQL.__init__() got an unexpected keyword argument 'alpha_min'
1252,0.4,0.9,0.3,168,42,inf,inf,inf,0.0,0.0,False,False,TabularQL.__init__() got an unexpected keyword argument 'alpha_min'
1253,0.4,0.9,0.3,168,43,inf,inf,inf,0.0,0.0,False,False,TabularQL.__init__() got an unexpected keyword argument 'alpha_min'
1254,0.4,0.9,0.3,168,44,inf,inf,inf,0.0,0.0,False,False,TabularQL.__init__() got an unexpected keyword argument 'alpha_min'
1255,0.4,0.9,0.3,240,42,inf,inf,inf,0.0,0.0,False,False,TabularQL.__init__() got an unexpected keyword argument 'alpha_min'
1256,0.4,0.9,0.3,240,43,inf,inf,inf,0.0,0.0,False,False,TabularQL.__init__() got an unexpected keyword argument 'alpha_min'
1257,0.4,0.9,0.3,240,44,inf,inf,inf,0.0,0.0,False,False,TabularQL.__init__() got an unexpected keyword argument 'alpha_min'
1258,0.4,0.9,0.3,336,42,inf,inf,inf,0.0,0.0,False,False,TabularQL.__init__() got an unexpected keyword argument 'alpha_min'
1259,0.4,0.9,0.3,336,43,inf,inf,inf,0.0,0.0,False,False,TabularQL.__init__() got an unexpected keyword argument 'alpha_min'
1260,0.4,0.9,0.3,336,44,inf,inf,inf,0.0,0.0,False,False,TabularQL.__init__() got an unexpected keyword argument 'alpha_min'
1261,0.4,0.92,0.1,96,42,inf,inf,inf,0.0,0.0,False,False,TabularQL.__init__() got an unexpected keyword argument 'alpha_min'
1262,0.4,0.92,0.1,96,43,inf,inf,inf,0.0,0.0,False,False,TabularQL.__init__() got an unexpected keyword argument 'alpha_min'
1263,0.4,0.92,0.1,96,44,inf,inf,inf,0.0,0.0,False,False,TabularQL.__init__() got an unexpected keyword argument 'alpha_min'
1264,0.4,0.92,0.1,120,42,inf,inf,inf,0.0,0.0,False,False,TabularQL.__init__() got an unexpected keyword argument 'alpha_min'
1265,0.4,0.92,0.1,120,43,inf,inf,inf,0.0,0.0,False,False,TabularQL.__init__() got an unexpected keyword argument 'alpha_min'
1266,0.4,0.92,0.1,120,44,inf,inf,inf,0.0,0.0,False,False,TabularQL.__init__() got an unexpected keyword argument 'alpha_min'
1267,0.4,0.92,0.1,144,42,inf,inf,inf,0.0,0.0,False,False,TabularQL.__init__() got an unexpected keyword argument 'alpha_min'
1268,0.4,0.92,0.1,144,43,inf,inf,inf,0.0,0.0,False,False,TabularQL.__init__() got an unexpected keyword argument 'alpha_min'
1269,0.4,0.92,0.1,144,44,inf,inf,inf,0.0,0.0,False,False,TabularQL.__init__() got an unexpected keyword argument 'alpha_min'
1270,0.4,0.92,0.1,168,42,inf,inf,inf,0.0,0.0,False,False,TabularQL.__init__() got an unexpected keyword argument 'alpha_min'
1271,0.4,0.92,0.1,168,43,inf,inf,inf,0.0,0.0,False,False,TabularQL.__init__() got an unexpected keyword argument 'alpha_min'
1272,0.4,0.92,0.1,168,44,inf,inf,inf,0.0,0.0,False,False,TabularQL.__init__() got an unexpected keyword argument 'alpha_min'
1273,0.4,0.92,0.1,240,42,inf,inf,inf,0.0,0.0,False,False,TabularQL.__init__() got an unexpected keyword argument 'alpha_min'
1274,0.4,0.92,0.1,240,43,inf,inf,inf,0.0,0.0,False,False,TabularQL.__init__() got an unexpected keyword argument 'alpha_min'
1275,0.4,0.92,0.1,240,44,inf,inf,inf,0.0,0.0,False,False,TabularQL.__init__() got an unexpected keyword argument 'alpha_min'
1276,0.4,0.92,0.1,336,42,inf,inf,inf,0.0,0.0,False,False,TabularQL.__init__() got an unexpected keyword argument 'alpha_min'
1277,0.4,0.92,0.1,336,43,inf,inf,inf,0.0,0.0,False,False,TabularQL.__init__() got an unexpected keyword argument 'alpha_min'
1278,0.4,0.92,0.1,336,44,inf,inf,inf,0.0,0.0,False,False,TabularQL.__init__() got an unexpected keyword argument 'alpha_min'
1279,0.4,0.92,0.15,96,42,inf,inf,inf,0.0,0.0,False,False,TabularQL.__init__() got an unexpected keyword argument 'alpha_min'
1280,0.4,0.92,0.15,96,43,inf,inf,inf,0.0,0.0,False,False,TabularQL.__init__() got an unexpected keyword argument 'alpha_min'
1281,0.4,0.92,0.15,96,44,inf,inf,inf,0.0,0.0,False,False,TabularQL.__init__() got an unexpected keyword argument 'alpha_min'
1282,0.4,0.92,0.15,120,42,inf,inf,inf,0.0,0.0,False,False,TabularQL.__init__() got an unexpected keyword argument 'alpha_min'
1283,0.4,0.92,0.15,120,43,inf,inf,inf,0.0,0.0,False,False,TabularQL.__init__() got an unexpected keyword argument 'alpha_min'
1284,0.4,0.92,0.15,120,44,inf,inf,inf,0.0,0.0,False,False,TabularQL.__init__() got an unexpected keyword argument 'alpha_min'
1285,0.4,0.92,0.15,144,42,inf,inf,inf,0.0,0.0,False,False,TabularQL.__init__() got an unexpected keyword argument 'alpha_min'
1286,0.4,0.92,0.15,144,43,inf,inf,inf,0.0,0.0,False,False,TabularQL.__init__() got an unexpected keyword argument 'alpha_min'
1287,0.4,0.92,0.15,144,44,inf,inf,inf,0.0,0.0,False,False,TabularQL.__init__() got an unexpected keyword argument 'alpha_min'
1288,0.4,0.92,0.15,168,42,inf,inf,inf,0.0,0.0,False,False,TabularQL.__init__() got an unexpected keyword argument 'alpha_min'
1289,0.4,0.92,0.15,168,43,inf,inf,inf,0.0,0.0,False,False,TabularQL.__init__() got an unexpected keyword argument 'alpha_min'
1290,0.4,0.92,0.15,168,44,inf,inf,inf,0.0,0.0,False,False,TabularQL.__init__() got an unexpected keyword argument 'alpha_min'
1291,0.4,0.92,0.15,240,42,inf,inf,inf,0.0,0.0,False,False,TabularQL.__init__() got an unexpected keyword argument 'alpha_min'
1292,0.4,0.92,0.15,240,43,inf,inf,inf,0.0,0.0,False,False,TabularQL.__init__() got an unexpected keyword argument 'alpha_min'
1293,0.4,0.92,0.15,240,44,inf,inf,inf,0.0,0.0,False,False,TabularQL.__init__() got an unexpected keyword argument 'alpha_min'
1294,0.4,0.92,0.15,336,42,inf,inf,inf,0.0,0.0,False,False,TabularQL.__init__() got an unexpected keyword argument 'alpha_min'
1295,0.4,0.92,0.15,336,43,inf,inf,inf,0.0,0.0,False,False,TabularQL.__init__() got an unexpected keyword argument 'alpha_min'
1296,0.4,0.92,0.15,336,44,inf,inf,inf,0.0,0.0,False,False,TabularQL.__init__() got an unexpected keyword argument 'alpha_min'
1297,0.4,0.92,0.2,96,42,inf,inf,inf,0.0,0.0,False,False,TabularQL.__init__() got an unexpected keyword argument 'alpha_min'
1298,0.4,0.92,0.2,96,43,inf,inf,inf,0.0,0.0,False,False,TabularQL.__init__() got an unexpected keyword argument 'alpha_min'
1299,0.4,0.92,0.2,96,44,inf,inf,inf,0.0,0.0,False,False,TabularQL.__init__() got an unexpected keyword argument 'alpha_min'
1300,0.4,0.92,0.2,120,42,inf,inf,inf,0.0,0.0,False,False,TabularQL.__init__() got an unexpected keyword argument 'alpha_min'
1301,0.4,0.92,0.2,120,43,inf,inf,inf,0.0,0.0,False,False,TabularQL.__init__() got an unexpected keyword argument 'alpha_min'
1302,0.4,0.92,0.2,120,44,inf,inf,inf,0.0,0.0,False,False,TabularQL.__init__() got an unexpected keyword argument 'alpha_min'
1303,0.4,0.92,0.2,144,42,inf,inf,inf,0.0,0.0,False,False,TabularQL.__init__() got an unexpected keyword argument 'alpha_min'
1304,0.4,0.92,0.2,144,43,inf,inf,inf,0.0,0.0,False,False,TabularQL.__init__() got an unexpected keyword argument 'alpha_min'
1305,0.4,0.92,0.2,144,44,inf,inf,inf,0.0,0.0,False,False,TabularQL.__init__() got an unexpected keyword argument 'alpha_min'
1306,0.4,0.92,0.2,168,42,inf,inf,inf,0.0,0.0,False,False,TabularQL.__init__() got an unexpected keyword argument 'alpha_min'
1307,0.4,0.92,0.2,168,43,inf,inf,inf,0.0,0.0,False,False,TabularQL.__init__() got an unexpected keyword argument 'alpha_min'
1308,0.4,0.92,0.2,168,44,inf,inf,inf,0.0,0.0,False,False,TabularQL.__init__() got an unexpected keyword argument 'alpha_min'
1309,0.4,0.92,0.2,240,42,inf,inf,inf,0.0,0.0,False,False,TabularQL.__init__() got an unexpected keyword argument 'alpha_min'
1310,0.4,0.92,0.2,240,43,inf,inf,inf,0.0,0.0,False,False,TabularQL.__init__() got an unexpected keyword argument 'alpha_min'
1311,0.4,0.92,0.2,240,44,inf,inf,inf,0.0,0.0,False,False,TabularQL.__init__() got an unexpected keyword argument 'alpha_min'
1312,0.4,0.92,0.2,336,42,inf,inf,inf,0.0,0.0,False,False,TabularQL.__init__() got an unexpected keyword argument 'alpha_min'
1313,0.4,0.92,0.2,336,43,inf,inf,inf,0.0,0.0,False,False,TabularQL.__init__() got an unexpected keyword argument 'alpha_min'
1314,0.4,0.92,0.2,336,44,inf,inf,inf,0.0,0.0,False,False,TabularQL.__init__() got an unexpected keyword argument 'alpha_min'
1315,0.4,0.92,0.25,96,42,inf,inf,inf,0.0,0.0,False,False,TabularQL.__init__() got an unexpected keyword argument 'alpha_min'
1316,0.4,0.92,0.25,96,43,inf,inf,inf,0.0,0.0,False,False,TabularQL.__init__() got an unexpected keyword argument 'alpha_min'
1317,0.4,0.92,0.25,96,44,inf,inf,inf,0.0,0.0,False,False,TabularQL.__init__() got an unexpected keyword argument 'alpha_min'
1318,0.4,0.92,0.25,120,42,inf,inf,inf,0.0,0.0,False,False,TabularQL.__init__() got an unexpected keyword argument 'alpha_min'
1319,0.4,0.92,0.25,120,43,inf,inf,inf,0.0,0.0,False,False,TabularQL.__init__() got an unexpected keyword argument 'alpha_min'
1320,0.4,0.92,0.25,120,44,inf,inf,inf,0.0,0.0,False,False,TabularQL.__init__() got an unexpected keyword argument 'alpha_min'
1321,0.4,0.92,0.25,144,42,inf,inf,inf,0.0,0.0,False,False,TabularQL.__init__() got an unexpected keyword argument 'alpha_min'
1322,0.4,0.92,0.25,144,43,inf,inf,inf,0.0,0.0,False,False,TabularQL.__init__() got an unexpected keyword argument 'alpha_min'
1323,0.4,0.92,0.25,144,44,inf,inf,inf,0.0,0.0,False,False,TabularQL.__init__() got an unexpected keyword argument 'alpha_min'
1324,0.4,0.92,0.25,168,42,inf,inf,inf,0.0,0.0,False,False,TabularQL.__init__() got an unexpected keyword argument 'alpha_min'
1325,0.4,0.92,0.25,168,43,inf,inf,inf,0.0,0.0,False,False,TabularQL.__init__() got an unexpected keyword argument 'alpha_min'
1326,0.4,0.92,0.25,168,44,inf,inf,inf,0.0,0.0,False,False,TabularQL.__init__() got an unexpected keyword argument 'alpha_min'
1327,0.4,0.92,0.25,240,42,inf,inf,inf,0.0,0.0,False,False,TabularQL.__init__() got an unexpected keyword argument 'alpha_min'
1328,0.4,0.92,0.25,240,43,inf,inf,inf,0.0,0.0,False,False,TabularQL.__init__() got an unexpected keyword argument 'alpha_min'
1329,0.4,0.92,0.25,240,44,inf,inf,inf,0.0,0.0,False,False,TabularQL.__init__() got an unexpected keyword argument 'alpha_min'
1330,0.4,0.92,0.25,336,42,inf,inf,inf,0.0,0.0,False,False,TabularQL.__init__() got an unexpected keyword argument 'alpha_min'
1331,0.4,0.92,0.25,336,43,inf,inf,inf,0.0,0.0,False,False,TabularQL.__init__() got an unexpected keyword argument 'alpha_min'
1332,0.4,0.92,0.25,336,44,inf,inf,inf,0.0,0.0,False,False,TabularQL.__init__() got an unexpected keyword argument 'alpha_min'
1333,0.4,0.92,0.3,96,42,inf,inf,inf,0.0,0.0,False,False,TabularQL.__init__() got an unexpected keyword argument 'alpha_min'
1334,0.4,0.92,0.3,96,43,inf,inf,inf,0.0,0.0,False,False,TabularQL.__init__() got an unexpected keyword argument 'alpha_min'
1335,0.4,0.92,0.3,96,44,inf,inf,inf,0.0,0.0,False,False,TabularQL.__init__() got an unexpected keyword argument 'alpha_min'
1336,0.4,0.92,0.3,120,42,inf,inf,inf,0.0,0.0,False,False,TabularQL.__init__() got an unexpected keyword argument 'alpha_min'
1337,0.4,0.92,0.3,120,43,inf,inf,inf,0.0,0.0,False,False,TabularQL.__init__() got an unexpected keyword argument 'alpha_min'
1338,0.4,0.92,0.3,120,44,inf,inf,inf,0.0,0.0,False,False,TabularQL.__init__() got an unexpected keyword argument 'alpha_min'
1339,0.4,0.92,0.3,144,42,inf,inf,inf,0.0,0.0,False,False,TabularQL.__init__() got an unexpected keyword argument 'alpha_min'
1340,0.4,0.92,0.3,144,43,inf,inf,inf,0.0,0.0,False,False,TabularQL.__init__() got an unexpected keyword argument 'alpha_min'
1341,0.4,0.92,0.3,144,44,inf,inf,inf,0.0,0.0,False,False,TabularQL.__init__() got an unexpected keyword argument 'alpha_min'
1342,0.4,0.92,0.3,168,42,inf,inf,inf,0.0,0.0,False,False,TabularQL.__init__() got an unexpected keyword argument 'alpha_min'
1343,0.4,0.92,0.3,168,43,inf,inf,inf,0.0,0.0,False,False,TabularQL.__init__() got an unexpected keyword argument 'alpha_min'
1344,0.4,0.92,0.3,168,44,inf,inf,inf,0.0,0.0,False,False,TabularQL.__init__() got an unexpected keyword argument 'alpha_min'
1345,0.4,0.92,0.3,240,42,inf,inf,inf,0.0,0.0,False,False,TabularQL.__init__() got an unexpected keyword argument 'alpha_min'
1346,0.4,0.92,0.3,240,43,inf,inf,inf,0.0,0.0,False,False,TabularQL.__init__() got an unexpected keyword argument 'alpha_min'
1347,0.4,0.92,0.3,240,44,inf,inf,inf,0.0,0.0,False,False,TabularQL.__init__() got an unexpected keyword argument 'alpha_min'
1348,0.4,0.92,0.3,336,42,inf,inf,inf,0.0,0.0,False,False,TabularQL.__init__() got an unexpected keyword argument 'alpha_min'
1349,0.4,0.92,0.3,336,43,inf,inf,inf,0.0,0.0,False,False,TabularQL.__init__() got an unexpected keyword argument 'alpha_min'
1350,0.4,0.92,0.3,336,44,inf,inf,inf,0.0,0.0,False,False,TabularQL.__init__() got an unexpected keyword argument 'alpha_min'
1351,0.4,0.95,0.1,96,42,inf,inf,inf,0.0,0.0,False,False,TabularQL.__init__() got an unexpected keyword argument 'alpha_min'
1352,0.4,0.95,0.1,96,43,inf,inf,inf,0.0,0.0,False,False,TabularQL.__init__() got an unexpected keyword argument 'alpha_min'
1353,0.4,0.95,0.1,96,44,inf,inf,inf,0.0,0.0,False,False,TabularQL.__init__() got an unexpected keyword argument 'alpha_min'
1354,0.4,0.95,0.1,120,42,inf,inf,inf,0.0,0.0,False,False,TabularQL.__init__() got an unexpected keyword argument 'alpha_min'
1355,0.4,0.95,0.1,120,43,inf,inf,inf,0.0,0.0,False,False,TabularQL.__init__() got an unexpected keyword argument 'alpha_min'
1356,0.4,0.95,0.1,120,44,inf,inf,inf,0.0,0.0,False,False,TabularQL.__init__() got an unexpected keyword argument 'alpha_min'
1357,0.4,0.95,0.1,144,42,inf,inf,inf,0.0,0.0,False,False,TabularQL.__init__() got an unexpected keyword argument 'alpha_min'
1358,0.4,0.95,0.1,144,43,inf,inf,inf,0.0,0.0,False,False,TabularQL.__init__() got an unexpected keyword argument 'alpha_min'
1359,0.4,0.95,0.1,144,44,inf,inf,inf,0.0,0.0,False,False,TabularQL.__init__() got an unexpected keyword argument 'alpha_min'
1360,0.4,0.95,0.1,168,42,inf,inf,inf,0.0,0.0,False,False,TabularQL.__init__() got an unexpected keyword argument 'alpha_min'
1361,0.4,0.95,0.1,168,43,inf,inf,inf,0.0,0.0,False,False,TabularQL.__init__() got an unexpected keyword argument 'alpha_min'
1362,0.4,0.95,0.1,168,44,inf,inf,inf,0.0,0.0,False,False,TabularQL.__init__() got an unexpected keyword argument 'alpha_min'
1363,0.4,0.95,0.1,240,42,inf,inf,inf,0.0,0.0,False,False,TabularQL.__init__() got an unexpected keyword argument 'alpha_min'
1364,0.4,0.95,0.1,240,43,inf,inf,inf,0.0,0.0,False,False,TabularQL.__init__() got an unexpected keyword argument 'alpha_min'
1365,0.4,0.95,0.1,240,44,inf,inf,inf,0.0,0.0,False,False,TabularQL.__init__() got an unexpected keyword argument 'alpha_min'
1366,0.4,0.95,0.1,336,42,inf,inf,inf,0.0,0.0,False,False,TabularQL.__init__() got an unexpected keyword argument 'alpha_min'
1367,0.4,0.95,0.1,336,43,inf,inf,inf,0.0,0.0,False,False,TabularQL.__init__() got an unexpected keyword argument 'alpha_min'
1368,0.4,0.95,0.1,336,44,inf,inf,inf,0.0,0.0,False,False,TabularQL.__init__() got an unexpected keyword argument 'alpha_min'
1369,0.4,0.95,0.15,96,42,inf,inf,inf,0.0,0.0,False,False,TabularQL.__init__() got an unexpected keyword argument 'alpha_min'
1370,0.4,0.95,0.15,96,43,inf,inf,inf,0.0,0.0,False,False,TabularQL.__init__() got an unexpected keyword argument 'alpha_min'
1371,0.4,0.95,0.15,96,44,inf,inf,inf,0.0,0.0,False,False,TabularQL.__init__() got an unexpected keyword argument 'alpha_min'
1372,0.4,0.95,0.15,120,42,inf,inf,inf,0.0,0.0,False,False,TabularQL.__init__() got an unexpected keyword argument 'alpha_min'
1373,0.4,0.95,0.15,120,43,inf,inf,inf,0.0,0.0,False,False,TabularQL.__init__() got an unexpected keyword argument 'alpha_min'
1374,0.4,0.95,0.15,120,44,inf,inf,inf,0.0,0.0,False,False,TabularQL.__init__() got an unexpected keyword argument 'alpha_min'
1375,0.4,0.95,0.15,144,42,inf,inf,inf,0.0,0.0,False,False,TabularQL.__init__() got an unexpected keyword argument 'alpha_min'
1376,0.4,0.95,0.15,144,43,inf,inf,inf,0.0,0.0,False,False,TabularQL.__init__() got an unexpected keyword argument 'alpha_min'
1377,0.4,0.95,0.15,144,44,inf,inf,inf,0.0,0.0,False,False,TabularQL.__init__() got an unexpected keyword argument 'alpha_min'
1378,0.4,0.95,0.15,168,42,inf,inf,inf,0.0,0.0,False,False,TabularQL.__init__() got an unexpected keyword argument 'alpha_min'
1379,0.4,0.95,0.15,168,43,inf,inf,inf,0.0,0.0,False,False,TabularQL.__init__() got an unexpected keyword argument 'alpha_min'
1380,0.4,0.95,0.15,168,44,inf,inf,inf,0.0,0.0,False,False,TabularQL.__init__() got an unexpected keyword argument 'alpha_min'
1381,0.4,0.95,0.15,240,42,inf,inf,inf,0.0,0.0,False,False,TabularQL.__init__() got an unexpected keyword argument 'alpha_min'
1382,0.4,0.95,0.15,240,43,inf,inf,inf,0.0,0.0,False,False,TabularQL.__init__() got an unexpected keyword argument 'alpha_min'
1383,0.4,0.95,0.15,240,44,inf,inf,inf,0.0,0.0,False,False,TabularQL.__init__() got an unexpected keyword argument 'alpha_min'
1384,0.4,0.95,0.15,336,42,inf,inf,inf,0.0,0.0,False,False,TabularQL.__init__() got an unexpected keyword argument 'alpha_min'
1385,0.4,0.95,0.15,336,43,inf,inf,inf,0.0,0.0,False,False,TabularQL.__init__() got an unexpected keyword argument 'alpha_min'
1386,0.4,0.95,0.15,336,44,inf,inf,inf,0.0,0.0,False,False,TabularQL.__init__() got an unexpected keyword argument 'alpha_min'
1387,0.4,0.95,0.2,96,42,inf,inf,inf,0.0,0.0,False,False,TabularQL.__init__() got an unexpected keyword argument 'alpha_min'
1388,0.4,0.95,0.2,96,43,inf,inf,inf,0.0,0.0,False,False,TabularQL.__init__() got an unexpected keyword argument 'alpha_min'
1389,0.4,0.95,0.2,96,44,inf,inf,inf,0.0,0.0,False,False,TabularQL.__init__() got an unexpected keyword argument 'alpha_min'
1390,0.4,0.95,0.2,120,42,inf,inf,inf,0.0,0.0,False,False,TabularQL.__init__() got an unexpected keyword argument 'alpha_min'
1391,0.4,0.95,0.2,120,43,inf,inf,inf,0.0,0.0,False,False,TabularQL.__init__() got an unexpected keyword argument 'alpha_min'
1392,0.4,0.95,0.2,120,44,inf,inf,inf,0.0,0.0,False,False,TabularQL.__init__() got an unexpected keyword argument 'alpha_min'
1393,0.4,0.95,0.2,144,42,inf,inf,inf,0.0,0.0,False,False,TabularQL.__init__() got an unexpected keyword argument 'alpha_min'
1394,0.4,0.95,0.2,144,43,inf,inf,inf,0.0,0.0,False,False,TabularQL.__init__() got an unexpected keyword argument 'alpha_min'
1395,0.4,0.95,0.2,144,44,inf,inf,inf,0.0,0.0,False,False,TabularQL.__init__() got an unexpected keyword argument 'alpha_min'
1396,0.4,0.95,0.2,168,42,inf,inf,inf,0.0,0.0,False,False,TabularQL.__init__() got an unexpected keyword argument 'alpha_min'
1397,0.4,0.95,0.2,168,43,inf,inf,inf,0.0,0.0,False,False,TabularQL.__init__() got an unexpected keyword argument 'alpha_min'
1398,0.4,0.95,0.2,168,44,inf,inf,inf,0.0,0.0,False,False,TabularQL.__init__() got an unexpected keyword argument 'alpha_min'
1399,0.4,0.95,0.2,240,42,inf,inf,inf,0.0,0.0,False,False,TabularQL.__init__() got an unexpected keyword argument 'alpha_min'
1400,0.4,0.95,0.2,240,43,inf,inf,inf,0.0,0.0,False,False,TabularQL.__init__() got an unexpected keyword argument 'alpha_min'
1401,0.4,0.95,0.2,240,44,inf,inf,inf,0.0,0.0,False,False,TabularQL.__init__() got an unexpected keyword argument 'alpha_min'
1402,0.4,0.95,0.2,336,42,inf,inf,inf,0.0,0.0,False,False,TabularQL.__init__() got an unexpected keyword argument 'alpha_min'
1403,0.4,0.95,0.2,336,43,inf,inf,inf,0.0,0.0,False,False,TabularQL.__init__() got an unexpected keyword argument 'alpha_min'
1404,0.4,0.95,0.2,336,44,inf,inf,inf,0.0,0.0,False,False,TabularQL.__init__() got an unexpected keyword argument 'alpha_min'
1405,0.4,0.95,0.25,96,42,inf,inf,inf,0.0,0.0,False,False,TabularQL.__init__() got an unexpected keyword argument 'alpha_min'
1406,0.4,0.95,0.25,96,43,inf,inf,inf,0.0,0.0,False,False,TabularQL.__init__() got an unexpected keyword argument 'alpha_min'
1407,0.4,0.95,0.25,96,44,inf,inf,inf,0.0,0.0,False,False,TabularQL.__init__() got an unexpected keyword argument 'alpha_min'
1408,0.4,0.95,0.25,120,42,inf,inf,inf,0.0,0.0,False,False,TabularQL.__init__() got an unexpected keyword argument 'alpha_min'
1409,0.4,0.95,0.25,120,43,inf,inf,inf,0.0,0.0,False,False,TabularQL.__init__() got an unexpected keyword argument 'alpha_min'
1410,0.4,0.95,0.25,120,44,inf,inf,inf,0.0,0.0,False,False,TabularQL.__init__() got an unexpected keyword argument 'alpha_min'
1411,0.4,0.95,0.25,144,42,inf,inf,inf,0.0,0.0,False,False,TabularQL.__init__() got an unexpected keyword argument 'alpha_min'
1412,0.4,0.95,0.25,144,43,inf,inf,inf,0.0,0.0,False,False,TabularQL.__init__() got an unexpected keyword argument 'alpha_min'
1413,0.4,0.95,0.25,144,44,inf,inf,inf,0.0,0.0,False,False,TabularQL.__init__() got an unexpected keyword argument 'alpha_min'
1414,0.4,0.95,0.25,168,42,inf,inf,inf,0.0,0.0,False,False,TabularQL.__init__() got an unexpected keyword argument 'alpha_min'
1415,0.4,0.95,0.25,168,43,inf,inf,inf,0.0,0.0,False,False,TabularQL.__init__() got an unexpected keyword argument 'alpha_min'
1416,0.4,0.95,0.25,168,44,inf,inf,inf,0.0,0.0,False,False,TabularQL.__init__() got an unexpected keyword argument 'alpha_min'
1417,0.4,0.95,0.25,240,42,inf,inf,inf,0.0,0.0,False,False,TabularQL.__init__() got an unexpected keyword argument 'alpha_min'
1418,0.4,0.95,0.25,240,43,inf,inf,inf,0.0,0.0,False,False,TabularQL.__init__() got an unexpected keyword argument 'alpha_min'
1419,0.4,0.95,0.25,240,44,inf,inf,inf,0.0,0.0,False,False,TabularQL.__init__() got an unexpected keyword argument 'alpha_min'
1420,0.4,0.95,0.25,336,42,inf,inf,inf,0.0,0.0,False,False,TabularQL.__init__() got an unexpected keyword argument 'alpha_min'
1421,0.4,0.95,0.25,336,43,inf,inf,inf,0.0,0.0,False,False,TabularQL.__init__() got an unexpected keyword argument 'alpha_min'
1422,0.4,0.95,0.25,336,44,inf,inf,inf,0.0,0.0,False,False,TabularQL.__init__() got an unexpected keyword argument 'alpha_min'
1423,0.4,0.95,0.3,96,42,inf,inf,inf,0.0,0.0,False,False,TabularQL.__init__() got an unexpected keyword argument 'alpha_min'
1424,0.4,0.95,0.3,96,43,inf,inf,inf,0.0,0.0,False,False,TabularQL.__init__() got an unexpected keyword argument 'alpha_min'
1425,0.4,0.95,0.3,96,44,inf,inf,inf,0.0,0.0,False,False,TabularQL.__init__() got an unexpected keyword argument 'alpha_min'
1426,0.4,0.95,0.3,120,42,inf,inf,inf,0.0,0.0,False,False,TabularQL.__init__() got an unexpected keyword argument 'alpha_min'
1427,0.4,0.95,0.3,120,43,inf,inf,inf,0.0,0.0,False,False,TabularQL.__init__() got an unexpected keyword argument 'alpha_min'
1428,0.4,0.95,0.3,120,44,inf,inf,inf,0.0,0.0,False,False,TabularQL.__init__() got an unexpected keyword argument 'alpha_min'
1429,0.4,0.95,0.3,144,42,inf,inf,inf,0.0,0.0,False,False,TabularQL.__init__() got an unexpected keyword argument 'alpha_min'
1430,0.4,0.95,0.3,144,43,inf,inf,inf,0.0,0.0,False,False,TabularQL.__init__() got an unexpected keyword argument 'alpha_min'
1431,0.4,0.95,0.3,144,44,inf,inf,inf,0.0,0.0,False,False,TabularQL.__init__() got an unexpected keyword argument 'alpha_min'
1432,0.4,0.95,0.3,168,42,inf,inf,inf,0.0,0.0,False,False,TabularQL.__init__() got an unexpected keyword argument 'alpha_min'
1433,0.4,0.95,0.3,168,43,inf,inf,inf,0.0,0.0,False,False,TabularQL.__init__() got an unexpected keyword argument 'alpha_min'
1434,0.4,0.95,0.3,168,44,inf,inf,inf,0.0,0.0,False,False,TabularQL.__init__() got an unexpected keyword argument 'alpha_min'
1435,0.4,0.95,0.3,240,42,inf,inf,inf,0.0,0.0,False,False,TabularQL.__init__() got an unexpected keyword argument 'alpha_min'
1436,0.4,0.95,0.3,240,43,inf,inf,inf,0.0,0.0,False,False,TabularQL.__init__() got an unexpected keyword argument 'alpha_min'
1437,0.4,0.95,0.3,240,44,inf,inf,inf,0.0,0.0,False,False,TabularQL.__init__() got an unexpected keyword argument 'alpha_min'
1438,0.4,0.95,0.3,336,42,inf,inf,inf,0.0,0.0,False,False,TabularQL.__init__() got an unexpected keyword argument 'alpha_min'
1439,0.4,0.95,0.3,336,43,inf,inf,inf,0.0,0.0,False,False,TabularQL.__init__() got an unexpected keyword argument 'alpha_min'
1440,0.4,0.95,0.3,336,44,inf,inf,inf,0.0,0.0,False,False,TabularQL.__init__() got an unexpected keyword argument 'alpha_min'
1441,0.45,0.88,0.1,96,42,inf,inf,inf,0.0,0.0,False,False,TabularQL.__init__() got an unexpected keyword argument 'alpha_min'
1442,0.45,0.88,0.1,96,43,inf,inf,inf,0.0,0.0,False,False,TabularQL.__init__() got an unexpected keyword argument 'alpha_min'
1443,0.45,0.88,0.1,96,44,inf,inf,inf,0.0,0.0,False,False,TabularQL.__init__() got an unexpected keyword argument 'alpha_min'
1444,0.45,0.88,0.1,120,42,inf,inf,inf,0.0,0.0,False,False,TabularQL.__init__() got an unexpected keyword argument 'alpha_min'
1445,0.45,0.88,0.1,120,43,inf,inf,inf,0.0,0.0,False,False,TabularQL.__init__() got an unexpected keyword argument 'alpha_min'
1446,0.45,0.88,0.1,120,44,inf,inf,inf,0.0,0.0,False,False,TabularQL.__init__() got an unexpected keyword argument 'alpha_min'
1447,0.45,0.88,0.1,144,42,inf,inf,inf,0.0,0.0,False,False,TabularQL.__init__() got an unexpected keyword argument 'alpha_min'
1448,0.45,0.88,0.1,144,43,inf,inf,inf,0.0,0.0,False,False,TabularQL.__init__() got an unexpected keyword argument 'alpha_min'
1449,0.45,0.88,0.1,144,44,inf,inf,inf,0.0,0.0,False,False,TabularQL.__init__() got an unexpected keyword argument 'alpha_min'
1450,0.45,0.88,0.1,168,42,inf,inf,inf,0.0,0.0,False,False,TabularQL.__init__() got an unexpected keyword argument 'alpha_min'
1451,0.45,0.88,0.1,168,43,inf,inf,inf,0.0,0.0,False,False,TabularQL.__init__() got an unexpected keyword argument 'alpha_min'
1452,0.45,0.88,0.1,168,44,inf,inf,inf,0.0,0.0,False,False,TabularQL.__init__() got an unexpected keyword argument 'alpha_min'
1453,0.45,0.88,0.1,240,42,inf,inf,inf,0.0,0.0,False,False,TabularQL.__init__() got an unexpected keyword argument 'alpha_min'
1454,0.45,0.88,0.1,240,43,inf,inf,inf,0.0,0.0,False,False,TabularQL.__init__() got an unexpected keyword argument 'alpha_min'
1455,0.45,0.88,0.1,240,44,inf,inf,inf,0.0,0.0,False,False,TabularQL.__init__() got an unexpected keyword argument 'alpha_min'
1456,0.45,0.88,0.1,336,42,inf,inf,inf,0.0,0.0,False,False,TabularQL.__init__() got an unexpected keyword argument 'alpha_min'
1457,0.45,0.88,0.1,336,43,inf,inf,inf,0.0,0.0,False,False,TabularQL.__init__() got an unexpected keyword argument 'alpha_min'
1458,0.45,0.88,0.1,336,44,inf,inf,inf,0.0,0.0,False,False,TabularQL.__init__() got an unexpected keyword argument 'alpha_min'
1459,0.45,0.88,0.15,96,42,inf,inf,inf,0.0,0.0,False,False,TabularQL.__init__() got an unexpected keyword argument 'alpha_min'
1460,0.45,0.88,0.15,96,43,inf,inf,inf,0.0,0.0,False,False,TabularQL.__init__() got an unexpected keyword argument 'alpha_min'
1461,0.45,0.88,0.15,96,44,inf,inf,inf,0.0,0.0,False,False,TabularQL.__init__() got an unexpected keyword argument 'alpha_min'
1462,0.45,0.88,0.15,120,42,inf,inf,inf,0.0,0.0,False,False,TabularQL.__init__() got an unexpected keyword argument 'alpha_min'
1463,0.45,0.88,0.15,120,43,inf,inf,inf,0.0,0.0,False,False,TabularQL.__init__() got an unexpected keyword argument 'alpha_min'
1464,0.45,0.88,0.15,120,44,inf,inf,inf,0.0,0.0,False,False,TabularQL.__init__() got an unexpected keyword argument 'alpha_min'
1465,0.45,0.88,0.15,144,42,inf,inf,inf,0.0,0.0,False,False,TabularQL.__init__() got an unexpected keyword argument 'alpha_min'
1466,0.45,0.88,0.15,144,43,inf,inf,inf,0.0,0.0,False,False,TabularQL.__init__() got an unexpected keyword argument 'alpha_min'
1467,0.45,0.88,0.15,144,44,inf,inf,inf,0.0,0.0,False,False,TabularQL.__init__() got an unexpected keyword argument 'alpha_min'
1468,0.45,0.88,0.15,168,42,inf,inf,inf,0.0,0.0,False,False,TabularQL.__init__() got an unexpected keyword argument 'alpha_min'
1469,0.45,0.88,0.15,168,43,inf,inf,inf,0.0,0.0,False,False,TabularQL.__init__() got an unexpected keyword argument 'alpha_min'
1470,0.45,0.88,0.15,168,44,inf,inf,inf,0.0,0.0,False,False,TabularQL.__init__() got an unexpected keyword argument 'alpha_min'
1471,0.45,0.88,0.15,240,42,inf,inf,inf,0.0,0.0,False,False,TabularQL.__init__() got an unexpected keyword argument 'alpha_min'
1472,0.45,0.88,0.15,240,43,inf,inf,inf,0.0,0.0,False,False,TabularQL.__init__() got an unexpected keyword argument 'alpha_min'
1473,0.45,0.88,0.15,240,44,inf,inf,inf,0.0,0.0,False,False,TabularQL.__init__() got an unexpected keyword argument 'alpha_min'
1474,0.45,0.88,0.15,336,42,inf,inf,inf,0.0,0.0,False,False,TabularQL.__init__() got an unexpected keyword argument 'alpha_min'
1475,0.45,0.88,0.15,336,43,inf,inf,inf,0.0,0.0,False,False,TabularQL.__init__() got an unexpected keyword argument 'alpha_min'
1476,0.45,0.88,0.15,336,44,inf,inf,inf,0.0,0.0,False,False,TabularQL.__init__() got an unexpected keyword argument 'alpha_min'
1477,0.45,0.88,0.2,96,42,inf,inf,inf,0.0,0.0,False,False,TabularQL.__init__() got an unexpected keyword argument 'alpha_min'
1478,0.45,0.88,0.2,96,43,inf,inf,inf,0.0,0.0,False,False,TabularQL.__init__() got an unexpected keyword argument 'alpha_min'
1479,0.45,0.88,0.2,96,44,inf,inf,inf,0.0,0.0,False,False,TabularQL.__init__() got an unexpected keyword argument 'alpha_min'
1480,0.45,0.88,0.2,120,42,inf,inf,inf,0.0,0.0,False,False,TabularQL.__init__() got an unexpected keyword argument 'alpha_min'
1481,0.45,0.88,0.2,120,43,inf,inf,inf,0.0,0.0,False,False,TabularQL.__init__() got an unexpected keyword argument 'alpha_min'
1482,0.45,0.88,0.2,120,44,inf,inf,inf,0.0,0.0,False,False,TabularQL.__init__() got an unexpected keyword argument 'alpha_min'
1483,0.45,0.88,0.2,144,42,inf,inf,inf,0.0,0.0,False,False,TabularQL.__init__() got an unexpected keyword argument 'alpha_min'
1484,0.45,0.88,0.2,144,43,inf,inf,inf,0.0,0.0,False,False,TabularQL.__init__() got an unexpected keyword argument 'alpha_min'
1485,0.45,0.88,0.2,144,44,inf,inf,inf,0.0,0.0,False,False,TabularQL.__init__() got an unexpected keyword argument 'alpha_min'
1486,0.45,0.88,0.2,168,42,inf,inf,inf,0.0,0.0,False,False,TabularQL.__init__() got an unexpected keyword argument 'alpha_min'
1487,0.45,0.88,0.2,168,43,inf,inf,inf,0.0,0.0,False,False,TabularQL.__init__() got an unexpected keyword argument 'alpha_min'
1488,0.45,0.88,0.2,168,44,inf,inf,inf,0.0,0.0,False,False,TabularQL.__init__() got an unexpected keyword argument 'alpha_min'
1489,0.45,0.88,0.2,240,42,inf,inf,inf,0.0,0.0,False,False,TabularQL.__init__() got an unexpected keyword argument 'alpha_min'
1490,0.45,0.88,0.2,240,43,inf,inf,inf,0.0,0.0,False,False,TabularQL.__init__() got an unexpected keyword argument 'alpha_min'
1491,0.45,0.88,0.2,240,44,inf,inf,inf,0.0,0.0,False,False,TabularQL.__init__() got an unexpected keyword argument 'alpha_min'
1492,0.45,0.88,0.2,336,42,inf,inf,inf,0.0,0.0,False,False,TabularQL.__init__() got an unexpected keyword argument 'alpha_min'
1493,0.45,0.88,0.2,336,43,inf,inf,inf,0.0,0.0,False,False,TabularQL.__init__() got an unexpected keyword argument 'alpha_min'
1494,0.45,0.88,0.2,336,44,inf,inf,inf,0.0,0.0,False,False,TabularQL.__init__() got an unexpected keyword argument 'alpha_min'
1495,0.45,0.88,0.25,96,42,inf,inf,inf,0.0,0.0,False,False,TabularQL.__init__() got an unexpected keyword argument 'alpha_min'
1496,0.45,0.88,0.25,96,43,inf,inf,inf,0.0,0.0,False,False,TabularQL.__init__() got an unexpected keyword argument 'alpha_min'
1497,0.45,0.88,0.25,96,44,inf,inf,inf,0.0,0.0,False,False,TabularQL.__init__() got an unexpected keyword argument 'alpha_min'
1498,0.45,0.88,0.25,120,42,inf,inf,inf,0.0,0.0,False,False,TabularQL.__init__() got an unexpected keyword argument 'alpha_min'
1499,0.45,0.88,0.25,120,43,inf,inf,inf,0.0,0.0,False,False,TabularQL.__init__() got an unexpected keyword argument 'alpha_min'
1500,0.45,0.88,0.25,120,44,inf,inf,inf,0.0,0.0,False,False,TabularQL.__init__() got an unexpected keyword argument 'alpha_min'
1501,0.45,0.88,0.25,144,42,inf,inf,inf,0.0,0.0,False,False,TabularQL.__init__() got an unexpected keyword argument 'alpha_min'
1502,0.45,0.88,0.25,144,43,inf,inf,inf,0.0,0.0,False,False,TabularQL.__init__() got an unexpected keyword argument 'alpha_min'
1503,0.45,0.88,0.25,144,44,inf,inf,inf,0.0,0.0,False,False,TabularQL.__init__() got an unexpected keyword argument 'alpha_min'
1504,0.45,0.88,0.25,168,42,inf,inf,inf,0.0,0.0,False,False,TabularQL.__init__() got an unexpected keyword argument 'alpha_min'
1505,0.45,0.88,0.25,168,43,inf,inf,inf,0.0,0.0,False,False,TabularQL.__init__() got an unexpected keyword argument 'alpha_min'
1506,0.45,0.88,0.25,168,44,inf,inf,inf,0.0,0.0,False,False,TabularQL.__init__() got an unexpected keyword argument 'alpha_min'
1507,0.45,0.88,0.25,240,42,inf,inf,inf,0.0,0.0,False,False,TabularQL.__init__() got an unexpected keyword argument 'alpha_min'
1508,0.45,0.88,0.25,240,43,inf,inf,inf,0.0,0.0,False,False,TabularQL.__init__() got an unexpected keyword argument 'alpha_min'
1509,0.45,0.88,0.25,240,44,inf,inf,inf,0.0,0.0,False,False,TabularQL.__init__() got an unexpected keyword argument 'alpha_min'
1510,0.45,0.88,0.25,336,42,inf,inf,inf,0.0,0.0,False,False,TabularQL.__init__() got an unexpected keyword argument 'alpha_min'
1511,0.45,0.88,0.25,336,43,inf,inf,inf,0.0,0.0,False,False,TabularQL.__init__() got an unexpected keyword argument 'alpha_min'
1512,0.45,0.88,0.25,336,44,inf,inf,inf,0.0,0.0,False,False,TabularQL.__init__() got an unexpected keyword argument 'alpha_min'
1513,0.45,0.88,0.3,96,42,inf,inf,inf,0.0,0.0,False,False,TabularQL.__init__() got an unexpected keyword argument 'alpha_min'
1514,0.45,0.88,0.3,96,43,inf,inf,inf,0.0,0.0,False,False,TabularQL.__init__() got an unexpected keyword argument 'alpha_min'
1515,0.45,0.88,0.3,96,44,inf,inf,inf,0.0,0.0,False,False,TabularQL.__init__() got an unexpected keyword argument 'alpha_min'
1516,0.45,0.88,0.3,120,42,inf,inf,inf,0.0,0.0,False,False,TabularQL.__init__() got an unexpected keyword argument 'alpha_min'
1517,0.45,0.88,0.3,120,43,inf,inf,inf,0.0,0.0,False,False,TabularQL.__init__() got an unexpected keyword argument 'alpha_min'
1518,0.45,0.88,0.3,120,44,inf,inf,inf,0.0,0.0,False,False,TabularQL.__init__() got an unexpected keyword argument 'alpha_min'
1519,0.45,0.88,0.3,144,42,inf,inf,inf,0.0,0.0,False,False,TabularQL.__init__() got an unexpected keyword argument 'alpha_min'
1520,0.45,0.88,0.3,144,43,inf,inf,inf,0.0,0.0,False,False,TabularQL.__init__() got an unexpected keyword argument 'alpha_min'
1521,0.45,0.88,0.3,144,44,inf,inf,inf,0.0,0.0,False,False,TabularQL.__init__() got an unexpected keyword argument 'alpha_min'
1522,0.45,0.88,0.3,168,42,inf,inf,inf,0.0,0.0,False,False,TabularQL.__init__() got an unexpected keyword argument 'alpha_min'
1523,0.45,0.88,0.3,168,43,inf,inf,inf,0.0,0.0,False,False,TabularQL.__init__() got an unexpected keyword argument 'alpha_min'
1524,0.45,0.88,0.3,168,44,inf,inf,inf,0.0,0.0,False,False,TabularQL.__init__() got an unexpected keyword argument 'alpha_min'
1525,0.45,0.88,0.3,240,42,inf,inf,inf,0.0,0.0,False,False,TabularQL.__init__() got an unexpected keyword argument 'alpha_min'
1526,0.45,0.88,0.3,240,43,inf,inf,inf,0.0,0.0,False,False,TabularQL.__init__() got an unexpected keyword argument 'alpha_min'
1527,0.45,0.88,0.3,240,44,inf,inf,inf,0.0,0.0,False,False,TabularQL.__init__() got an unexpected keyword argument 'alpha_min'
1528,0.45,0.88,0.3,336,42,inf,inf,inf,0.0,0.0,False,False,TabularQL.__init__() got an unexpected keyword argument 'alpha_min'
1529,0.45,0.88,0.3,336,43,inf,inf,inf,0.0,0.0,False,False,TabularQL.__init__() got an unexpected keyword argument 'alpha_min'
1530,0.45,0.88,0.3,336,44,inf,inf,inf,0.0,0.0,False,False,TabularQL.__init__() got an unexpected keyword argument 'alpha_min'
1531,0.45,0.9,0.1,96,42,inf,inf,inf,0.0,0.0,False,False,TabularQL.__init__() got an unexpected keyword argument 'alpha_min'
1532,0.45,0.9,0.1,96,43,inf,inf,inf,0.0,0.0,False,False,TabularQL.__init__() got an unexpected keyword argument 'alpha_min'
1533,0.45,0.9,0.1,96,44,inf,inf,inf,0.0,0.0,False,False,TabularQL.__init__() got an unexpected keyword argument 'alpha_min'
1534,0.45,0.9,0.1,120,42,inf,inf,inf,0.0,0.0,False,False,TabularQL.__init__() got an unexpected keyword argument 'alpha_min'
1535,0.45,0.9,0.1,120,43,inf,inf,inf,0.0,0.0,False,False,TabularQL.__init__() got an unexpected keyword argument 'alpha_min'
1536,0.45,0.9,0.1,120,44,inf,inf,inf,0.0,0.0,False,False,TabularQL.__init__() got an unexpected keyword argument 'alpha_min'
1537,0.45,0.9,0.1,144,42,inf,inf,inf,0.0,0.0,False,False,TabularQL.__init__() got an unexpected keyword argument 'alpha_min'
1538,0.45,0.9,0.1,144,43,inf,inf,inf,0.0,0.0,False,False,TabularQL.__init__() got an unexpected keyword argument 'alpha_min'
1539,0.45,0.9,0.1,144,44,inf,inf,inf,0.0,0.0,False,False,TabularQL.__init__() got an unexpected keyword argument 'alpha_min'
1540,0.45,0.9,0.1,168,42,inf,inf,inf,0.0,0.0,False,False,TabularQL.__init__() got an unexpected keyword argument 'alpha_min'
1541,0.45,0.9,0.1,168,43,inf,inf,inf,0.0,0.0,False,False,TabularQL.__init__() got an unexpected keyword argument 'alpha_min'
1542,0.45,0.9,0.1,168,44,inf,inf,inf,0.0,0.0,False,False,TabularQL.__init__() got an unexpected keyword argument 'alpha_min'
1543,0.45,0.9,0.1,240,42,inf,inf,inf,0.0,0.0,False,False,TabularQL.__init__() got an unexpected keyword argument 'alpha_min'
1544,0.45,0.9,0.1,240,43,inf,inf,inf,0.0,0.0,False,False,TabularQL.__init__() got an unexpected keyword argument 'alpha_min'
1545,0.45,0.9,0.1,240,44,inf,inf,inf,0.0,0.0,False,False,TabularQL.__init__() got an unexpected keyword argument 'alpha_min'
1546,0.45,0.9,0.1,336,42,inf,inf,inf,0.0,0.0,False,False,TabularQL.__init__() got an unexpected keyword argument 'alpha_min'
1547,0.45,0.9,0.1,336,43,inf,inf,inf,0.0,0.0,False,False,TabularQL.__init__() got an unexpected keyword argument 'alpha_min'
1548,0.45,0.9,0.1,336,44,inf,inf,inf,0.0,0.0,False,False,TabularQL.__init__() got an unexpected keyword argument 'alpha_min'
1549,0.45,0.9,0.15,96,42,inf,inf,inf,0.0,0.0,False,False,TabularQL.__init__() got an unexpected keyword argument 'alpha_min'
1550,0.45,0.9,0.15,96,43,inf,inf,inf,0.0,0.0,False,False,TabularQL.__init__() got an unexpected keyword argument 'alpha_min'
1551,0.45,0.9,0.15,96,44,inf,inf,inf,0.0,0.0,False,False,TabularQL.__init__() got an unexpected keyword argument 'alpha_min'
1552,0.45,0.9,0.15,120,42,inf,inf,inf,0.0,0.0,False,False,TabularQL.__init__() got an unexpected keyword argument 'alpha_min'
1553,0.45,0.9,0.15,120,43,inf,inf,inf,0.0,0.0,False,False,TabularQL.__init__() got an unexpected keyword argument 'alpha_min'
1554,0.45,0.9,0.15,120,44,inf,inf,inf,0.0,0.0,False,False,TabularQL.__init__() got an unexpected keyword argument 'alpha_min'
1555,0.45,0.9,0.15,144,42,inf,inf,inf,0.0,0.0,False,False,TabularQL.__init__() got an unexpected keyword argument 'alpha_min'
1556,0.45,0.9,0.15,144,43,inf,inf,inf,0.0,0.0,False,False,TabularQL.__init__() got an unexpected keyword argument 'alpha_min'
1557,0.45,0.9,0.15,144,44,inf,inf,inf,0.0,0.0,False,False,TabularQL.__init__() got an unexpected keyword argument 'alpha_min'
1558,0.45,0.9,0.15,168,42,inf,inf,inf,0.0,0.0,False,False,TabularQL.__init__() got an unexpected keyword argument 'alpha_min'
1559,0.45,0.9,0.15,168,43,inf,inf,inf,0.0,0.0,False,False,TabularQL.__init__() got an unexpected keyword argument 'alpha_min'
1560,0.45,0.9,0.15,168,44,inf,inf,inf,0.0,0.0,False,False,TabularQL.__init__() got an unexpected keyword argument 'alpha_min'
1561,0.45,0.9,0.15,240,42,inf,inf,inf,0.0,0.0,False,False,TabularQL.__init__() got an unexpected keyword argument 'alpha_min'
1562,0.45,0.9,0.15,240,43,inf,inf,inf,0.0,0.0,False,False,TabularQL.__init__() got an unexpected keyword argument 'alpha_min'
1563,0.45,0.9,0.15,240,44,inf,inf,inf,0.0,0.0,False,False,TabularQL.__init__() got an unexpected keyword argument 'alpha_min'
1564,0.45,0.9,0.15,336,42,inf,inf,inf,0.0,0.0,False,False,TabularQL.__init__() got an unexpected keyword argument 'alpha_min'
1565,0.45,0.9,0.15,336,43,inf,inf,inf,0.0,0.0,False,False,TabularQL.__init__() got an unexpected keyword argument 'alpha_min'
1566,0.45,0.9,0.15,336,44,inf,inf,inf,0.0,0.0,False,False,TabularQL.__init__() got an unexpected keyword argument 'alpha_min'
1567,0.45,0.9,0.2,96,42,inf,inf,inf,0.0,0.0,False,False,TabularQL.__init__() got an unexpected keyword argument 'alpha_min'
1568,0.45,0.9,0.2,96,43,inf,inf,inf,0.0,0.0,False,False,TabularQL.__init__() got an unexpected keyword argument 'alpha_min'
1569,0.45,0.9,0.2,96,44,inf,inf,inf,0.0,0.0,False,False,TabularQL.__init__() got an unexpected keyword argument 'alpha_min'
1570,0.45,0.9,0.2,120,42,inf,inf,inf,0.0,0.0,False,False,TabularQL.__init__() got an unexpected keyword argument 'alpha_min'
1571,0.45,0.9,0.2,120,43,inf,inf,inf,0.0,0.0,False,False,TabularQL.__init__() got an unexpected keyword argument 'alpha_min'
1572,0.45,0.9,0.2,120,44,inf,inf,inf,0.0,0.0,False,False,TabularQL.__init__() got an unexpected keyword argument 'alpha_min'
1573,0.45,0.9,0.2,144,42,inf,inf,inf,0.0,0.0,False,False,TabularQL.__init__() got an unexpected keyword argument 'alpha_min'
1574,0.45,0.9,0.2,144,43,inf,inf,inf,0.0,0.0,False,False,TabularQL.__init__() got an unexpected keyword argument 'alpha_min'
1575,0.45,0.9,0.2,144,44,inf,inf,inf,0.0,0.0,False,False,TabularQL.__init__() got an unexpected keyword argument 'alpha_min'
1576,0.45,0.9,0.2,168,42,inf,inf,inf,0.0,0.0,False,False,TabularQL.__init__() got an unexpected keyword argument 'alpha_min'
1577,0.45,0.9,0.2,168,43,inf,inf,inf,0.0,0.0,False,False,TabularQL.__init__() got an unexpected keyword argument 'alpha_min'
1578,0.45,0.9,0.2,168,44,inf,inf,inf,0.0,0.0,False,False,TabularQL.__init__() got an unexpected keyword argument 'alpha_min'
1579,0.45,0.9,0.2,240,42,inf,inf,inf,0.0,0.0,False,False,TabularQL.__init__() got an unexpected keyword argument 'alpha_min'
1580,0.45,0.9,0.2,240,43,inf,inf,inf,0.0,0.0,False,False,TabularQL.__init__() got an unexpected keyword argument 'alpha_min'
1581,0.45,0.9,0.2,240,44,inf,inf,inf,0.0,0.0,False,False,TabularQL.__init__() got an unexpected keyword argument 'alpha_min'
1582,0.45,0.9,0.2,336,42,inf,inf,inf,0.0,0.0,False,False,TabularQL.__init__() got an unexpected keyword argument 'alpha_min'
1583,0.45,0.9,0.2,336,43,inf,inf,inf,0.0,0.0,False,False,TabularQL.__init__() got an unexpected keyword argument 'alpha_min'
1584,0.45,0.9,0.2,336,44,inf,inf,inf,0.0,0.0,False,False,TabularQL.__init__() got an unexpected keyword argument 'alpha_min'
1585,0.45,0.9,0.25,96,42,inf,inf,inf,0.0,0.0,False,False,TabularQL.__init__() got an unexpected keyword argument 'alpha_min'
1586,0.45,0.9,0.25,96,43,inf,inf,inf,0.0,0.0,False,False,TabularQL.__init__() got an unexpected keyword argument 'alpha_min'
1587,0.45,0.9,0.25,96,44,inf,inf,inf,0.0,0.0,False,False,TabularQL.__init__() got an unexpected keyword argument 'alpha_min'
1588,0.45,0.9,0.25,120,42,inf,inf,inf,0.0,0.0,False,False,TabularQL.__init__() got an unexpected keyword argument 'alpha_min'
1589,0.45,0.9,0.25,120,43,inf,inf,inf,0.0,0.0,False,False,TabularQL.__init__() got an unexpected keyword argument 'alpha_min'
1590,0.45,0.9,0.25,120,44,inf,inf,inf,0.0,0.0,False,False,TabularQL.__init__() got an unexpected keyword argument 'alpha_min'
1591,0.45,0.9,0.25,144,42,inf,inf,inf,0.0,0.0,False,False,TabularQL.__init__() got an unexpected keyword argument 'alpha_min'
1592,0.45,0.9,0.25,144,43,inf,inf,inf,0.0,0.0,False,False,TabularQL.__init__() got an unexpected keyword argument 'alpha_min'
1593,0.45,0.9,0.25,144,44,inf,inf,inf,0.0,0.0,False,False,TabularQL.__init__() got an unexpected keyword argument 'alpha_min'
1594,0.45,0.9,0.25,168,42,inf,inf,inf,0.0,0.0,False,False,TabularQL.__init__() got an unexpected keyword argument 'alpha_min'
1595,0.45,0.9,0.25,168,43,inf,inf,inf,0.0,0.0,False,False,TabularQL.__init__() got an unexpected keyword argument 'alpha_min'
1596,0.45,0.9,0.25,168,44,inf,inf,inf,0.0,0.0,False,False,TabularQL.__init__() got an unexpected keyword argument 'alpha_min'
1597,0.45,0.9,0.25,240,42,inf,inf,inf,0.0,0.0,False,False,TabularQL.__init__() got an unexpected keyword argument 'alpha_min'
1598,0.45,0.9,0.25,240,43,inf,inf,inf,0.0,0.0,False,False,TabularQL.__init__() got an unexpected keyword argument 'alpha_min'
1599,0.45,0.9,0.25,240,44,inf,inf,inf,0.0,0.0,False,False,TabularQL.__init__() got an unexpected keyword argument 'alpha_min'
1600,0.45,0.9,0.25,336,42,inf,inf,inf,0.0,0.0,False,False,TabularQL.__init__() got an unexpected keyword argument 'alpha_min'
1601,0.45,0.9,0.25,336,43,inf,inf,inf,0.0,0.0,False,False,TabularQL.__init__() got an unexpected keyword argument 'alpha_min'
1602,0.45,0.9,0.25,336,44,inf,inf,inf,0.0,0.0,False,False,TabularQL.__init__() got an unexpected keyword argument 'alpha_min'
1603,0.45,0.9,0.3,96,42,inf,inf,inf,0.0,0.0,False,False,TabularQL.__init__() got an unexpected keyword argument 'alpha_min'
1604,0.45,0.9,0.3,96,43,inf,inf,inf,0.0,0.0,False,False,TabularQL.__init__() got an unexpected keyword argument 'alpha_min'
1605,0.45,0.9,0.3,96,44,inf,inf,inf,0.0,0.0,False,False,TabularQL.__init__() got an unexpected keyword argument 'alpha_min'
1606,0.45,0.9,0.3,120,42,inf,inf,inf,0.0,0.0,False,False,TabularQL.__init__() got an unexpected keyword argument 'alpha_min'
1607,0.45,0.9,0.3,120,43,inf,inf,inf,0.0,0.0,False,False,TabularQL.__init__() got an unexpected keyword argument 'alpha_min'
1608,0.45,0.9,0.3,120,44,inf,inf,inf,0.0,0.0,False,False,TabularQL.__init__() got an unexpected keyword argument 'alpha_min'
1609,0.45,0.9,0.3,144,42,inf,inf,inf,0.0,0.0,False,False,TabularQL.__init__() got an unexpected keyword argument 'alpha_min'
1610,0.45,0.9,0.3,144,43,inf,inf,inf,0.0,0.0,False,False,TabularQL.__init__() got an unexpected keyword argument 'alpha_min'
1611,0.45,0.9,0.3,144,44,inf,inf,inf,0.0,0.0,False,False,TabularQL.__init__() got an unexpected keyword argument 'alpha_min'
1612,0.45,0.9,0.3,168,42,inf,inf,inf,0.0,0.0,False,False,TabularQL.__init__() got an unexpected keyword argument 'alpha_min'
1613,0.45,0.9,0.3,168,43,inf,inf,inf,0.0,0.0,False,False,TabularQL.__init__() got an unexpected keyword argument 'alpha_min'
1614,0.45,0.9,0.3,168,44,inf,inf,inf,0.0,0.0,False,False,TabularQL.__init__() got an unexpected keyword argument 'alpha_min'
1615,0.45,0.9,0.3,240,42,inf,inf,inf,0.0,0.0,False,False,TabularQL.__init__() got an unexpected keyword argument 'alpha_min'
1616,0.45,0.9,0.3,240,43,inf,inf,inf,0.0,0.0,False,False,TabularQL.__init__() got an unexpected keyword argument 'alpha_min'
1617,0.45,0.9,0.3,240,44,inf,inf,inf,0.0,0.0,False,False,TabularQL.__init__() got an unexpected keyword argument 'alpha_min'
1618,0.45,0.9,0.3,336,42,inf,inf,inf,0.0,0.0,False,False,TabularQL.__init__() got an unexpected keyword argument 'alpha_min'
1619,0.45,0.9,0.3,336,43,inf,inf,inf,0.0,0.0,False,False,TabularQL.__init__() got an unexpected keyword argument 'alpha_min'
1620,0.45,0.9,0.3,336,44,inf,inf,inf,0.0,0.0,False,False,TabularQL.__init__() got an unexpected keyword argument 'alpha_min'
1621,0.45,0.92,0.1,96,42,inf,inf,inf,0.0,0.0,False,False,TabularQL.__init__() got an unexpected keyword argument 'alpha_min'
1622,0.45,0.92,0.1,96,43,inf,inf,inf,0.0,0.0,False,False,TabularQL.__init__() got an unexpected keyword argument 'alpha_min'
1623,0.45,0.92,0.1,96,44,inf,inf,inf,0.0,0.0,False,False,TabularQL.__init__() got an unexpected keyword argument 'alpha_min'
1624,0.45,0.92,0.1,120,42,inf,inf,inf,0.0,0.0,False,False,TabularQL.__init__() got an unexpected keyword argument 'alpha_min'
1625,0.45,0.92,0.1,120,43,inf,inf,inf,0.0,0.0,False,False,TabularQL.__init__() got an unexpected keyword argument 'alpha_min'
1626,0.45,0.92,0.1,120,44,inf,inf,inf,0.0,0.0,False,False,TabularQL.__init__() got an unexpected keyword argument 'alpha_min'
1627,0.45,0.92,0.1,144,42,inf,inf,inf,0.0,0.0,False,False,TabularQL.__init__() got an unexpected keyword argument 'alpha_min'
1628,0.45,0.92,0.1,144,43,inf,inf,inf,0.0,0.0,False,False,TabularQL.__init__() got an unexpected keyword argument 'alpha_min'
1629,0.45,0.92,0.1,144,44,inf,inf,inf,0.0,0.0,False,False,TabularQL.__init__() got an unexpected keyword argument 'alpha_min'
1630,0.45,0.92,0.1,168,42,inf,inf,inf,0.0,0.0,False,False,TabularQL.__init__() got an unexpected keyword argument 'alpha_min'
1631,0.45,0.92,0.1,168,43,inf,inf,inf,0.0,0.0,False,False,TabularQL.__init__() got an unexpected keyword argument 'alpha_min'
1632,0.45,0.92,0.1,168,44,inf,inf,inf,0.0,0.0,False,False,TabularQL.__init__() got an unexpected keyword argument 'alpha_min'
1633,0.45,0.92,0.1,240,42,inf,inf,inf,0.0,0.0,False,False,TabularQL.__init__() got an unexpected keyword argument 'alpha_min'
1634,0.45,0.92,0.1,240,43,inf,inf,inf,0.0,0.0,False,False,TabularQL.__init__() got an unexpected keyword argument 'alpha_min'
1635,0.45,0.92,0.1,240,44,inf,inf,inf,0.0,0.0,False,False,TabularQL.__init__() got an unexpected keyword argument 'alpha_min'
1636,0.45,0.92,0.1,336,42,inf,inf,inf,0.0,0.0,False,False,TabularQL.__init__() got an unexpected keyword argument 'alpha_min'
1637,0.45,0.92,0.1,336,43,inf,inf,inf,0.0,0.0,False,False,TabularQL.__init__() got an unexpected keyword argument 'alpha_min'
1638,0.45,0.92,0.1,336,44,inf,inf,inf,0.0,0.0,False,False,TabularQL.__init__() got an unexpected keyword argument 'alpha_min'
1639,0.45,0.92,0.15,96,42,inf,inf,inf,0.0,0.0,False,False,TabularQL.__init__() got an unexpected keyword argument 'alpha_min'
1640,0.45,0.92,0.15,96,43,inf,inf,inf,0.0,0.0,False,False,TabularQL.__init__() got an unexpected keyword argument 'alpha_min'
1641,0.45,0.92,0.15,96,44,inf,inf,inf,0.0,0.0,False,False,TabularQL.__init__() got an unexpected keyword argument 'alpha_min'
1642,0.45,0.92,0.15,120,42,inf,inf,inf,0.0,0.0,False,False,TabularQL.__init__() got an unexpected keyword argument 'alpha_min'
1643,0.45,0.92,0.15,120,43,inf,inf,inf,0.0,0.0,False,False,TabularQL.__init__() got an unexpected keyword argument 'alpha_min'
1644,0.45,0.92,0.15,120,44,inf,inf,inf,0.0,0.0,False,False,TabularQL.__init__() got an unexpected keyword argument 'alpha_min'
1645,0.45,0.92,0.15,144,42,inf,inf,inf,0.0,0.0,False,False,TabularQL.__init__() got an unexpected keyword argument 'alpha_min'
1646,0.45,0.92,0.15,144,43,inf,inf,inf,0.0,0.0,False,False,TabularQL.__init__() got an unexpected keyword argument 'alpha_min'
1647,0.45,0.92,0.15,144,44,inf,inf,inf,0.0,0.0,False,False,TabularQL.__init__() got an unexpected keyword argument 'alpha_min'
1648,0.45,0.92,0.15,168,42,inf,inf,inf,0.0,0.0,False,False,TabularQL.__init__() got an unexpected keyword argument 'alpha_min'
1649,0.45,0.92,0.15,168,43,inf,inf,inf,0.0,0.0,False,False,TabularQL.__init__() got an unexpected keyword argument 'alpha_min'
1650,0.45,0.92,0.15,168,44,inf,inf,inf,0.0,0.0,False,False,TabularQL.__init__() got an unexpected keyword argument 'alpha_min'
1651,0.45,0.92,0.15,240,42,inf,inf,inf,0.0,0.0,False,False,TabularQL.__init__() got an unexpected keyword argument 'alpha_min'
1652,0.45,0.92,0.15,240,43,inf,inf,inf,0.0,0.0,False,False,TabularQL.__init__() got an unexpected keyword argument 'alpha_min'
1653,0.45,0.92,0.15,240,44,inf,inf,inf,0.0,0.0,False,False,TabularQL.__init__() got an unexpected keyword argument 'alpha_min'
1654,0.45,0.92,0.15,336,42,inf,inf,inf,0.0,0.0,False,False,TabularQL.__init__() got an unexpected keyword argument 'alpha_min'
1655,0.45,0.92,0.15,336,43,inf,inf,inf,0.0,0.0,False,False,TabularQL.__init__() got an unexpected keyword argument 'alpha_min'
1656,0.45,0.92,0.15,336,44,inf,inf,inf,0.0,0.0,False,False,TabularQL.__init__() got an unexpected keyword argument 'alpha_min'
1657,0.45,0.92,0.2,96,42,inf,inf,inf,0.0,0.0,False,False,TabularQL.__init__() got an unexpected keyword argument 'alpha_min'
1658,0.45,0.92,0.2,96,43,inf,inf,inf,0.0,0.0,False,False,TabularQL.__init__() got an unexpected keyword argument 'alpha_min'
1659,0.45,0.92,0.2,96,44,inf,inf,inf,0.0,0.0,False,False,TabularQL.__init__() got an unexpected keyword argument 'alpha_min'
1660,0.45,0.92,0.2,120,42,inf,inf,inf,0.0,0.0,False,False,TabularQL.__init__() got an unexpected keyword argument 'alpha_min'
1661,0.45,0.92,0.2,120,43,inf,inf,inf,0.0,0.0,False,False,TabularQL.__init__() got an unexpected keyword argument 'alpha_min'
1662,0.45,0.92,0.2,120,44,inf,inf,inf,0.0,0.0,False,False,TabularQL.__init__() got an unexpected keyword argument 'alpha_min'
1663,0.45,0.92,0.2,144,42,inf,inf,inf,0.0,0.0,False,False,TabularQL.__init__() got an unexpected keyword argument 'alpha_min'
1664,0.45,0.92,0.2,144,43,inf,inf,inf,0.0,0.0,False,False,TabularQL.__init__() got an unexpected keyword argument 'alpha_min'
1665,0.45,0.92,0.2,144,44,inf,inf,inf,0.0,0.0,False,False,TabularQL.__init__() got an unexpected keyword argument 'alpha_min'
1666,0.45,0.92,0.2,168,42,inf,inf,inf,0.0,0.0,False,False,TabularQL.__init__() got an unexpected keyword argument 'alpha_min'
1667,0.45,0.92,0.2,168,43,inf,inf,inf,0.0,0.0,False,False,TabularQL.__init__() got an unexpected keyword argument 'alpha_min'
1668,0.45,0.92,0.2,168,44,inf,inf,inf,0.0,0.0,False,False,TabularQL.__init__() got an unexpected keyword argument 'alpha_min'
1669,0.45,0.92,0.2,240,42,inf,inf,inf,0.0,0.0,False,False,TabularQL.__init__() got an unexpected keyword argument 'alpha_min'
1670,0.45,0.92,0.2,240,43,inf,inf,inf,0.0,0.0,False,False,TabularQL.__init__() got an unexpected keyword argument 'alpha_min'
1671,0.45,0.92,0.2,240,44,inf,inf,inf,0.0,0.0,False,False,TabularQL.__init__() got an unexpected keyword argument 'alpha_min'
1672,0.45,0.92,0.2,336,42,inf,inf,inf,0.0,0.0,False,False,TabularQL.__init__() got an unexpected keyword argument 'alpha_min'
1673,0.45,0.92,0.2,336,43,inf,inf,inf,0.0,0.0,False,False,TabularQL.__init__() got an unexpected keyword argument 'alpha_min'
1674,0.45,0.92,0.2,336,44,inf,inf,inf,0.0,0.0,False,False,TabularQL.__init__() got an unexpected keyword argument 'alpha_min'
1675,0.45,0.92,0.25,96,42,inf,inf,inf,0.0,0.0,False,False,TabularQL.__init__() got an unexpected keyword argument 'alpha_min'
1676,0.45,0.92,0.25,96,43,inf,inf,inf,0.0,0.0,False,False,TabularQL.__init__() got an unexpected keyword argument 'alpha_min'
1677,0.45,0.92,0.25,96,44,inf,inf,inf,0.0,0.0,False,False,TabularQL.__init__() got an unexpected keyword argument 'alpha_min'
1678,0.45,0.92,0.25,120,42,inf,inf,inf,0.0,0.0,False,False,TabularQL.__init__() got an unexpected keyword argument 'alpha_min'
1679,0.45,0.92,0.25,120,43,inf,inf,inf,0.0,0.0,False,False,TabularQL.__init__() got an unexpected keyword argument 'alpha_min'
1680,0.45,0.92,0.25,120,44,inf,inf,inf,0.0,0.0,False,False,TabularQL.__init__() got an unexpected keyword argument 'alpha_min'
1681,0.45,0.92,0.25,144,42,inf,inf,inf,0.0,0.0,False,False,TabularQL.__init__() got an unexpected keyword argument 'alpha_min'
1682,0.45,0.92,0.25,144,43,inf,inf,inf,0.0,0.0,False,False,TabularQL.__init__() got an unexpected keyword argument 'alpha_min'
1683,0.45,0.92,0.25,144,44,inf,inf,inf,0.0,0.0,False,False,TabularQL.__init__() got an unexpected keyword argument 'alpha_min'
1684,0.45,0.92,0.25,168,42,inf,inf,inf,0.0,0.0,False,False,TabularQL.__init__() got an unexpected keyword argument 'alpha_min'
1685,0.45,0.92,0.25,168,43,inf,inf,inf,0.0,0.0,False,False,TabularQL.__init__() got an unexpected keyword argument 'alpha_min'
1686,0.45,0.92,0.25,168,44,inf,inf,inf,0.0,0.0,False,False,TabularQL.__init__() got an unexpected keyword argument 'alpha_min'
1687,0.45,0.92,0.25,240,42,inf,inf,inf,0.0,0.0,False,False,TabularQL.__init__() got an unexpected keyword argument 'alpha_min'
1688,0.45,0.92,0.25,240,43,inf,inf,inf,0.0,0.0,False,False,TabularQL.__init__() got an unexpected keyword argument 'alpha_min'
1689,0.45,0.92,0.25,240,44,inf,inf,inf,0.0,0.0,False,False,TabularQL.__init__() got an unexpected keyword argument 'alpha_min'
1690,0.45,0.92,0.25,336,42,inf,inf,inf,0.0,0.0,False,False,TabularQL.__init__() got an unexpected keyword argument 'alpha_min'
1691,0.45,0.92,0.25,336,43,inf,inf,inf,0.0,0.0,False,False,TabularQL.__init__() got an unexpected keyword argument 'alpha_min'
1692,0.45,0.92,0.25,336,44,inf,inf,inf,0.0,0.0,False,False,TabularQL.__init__() got an unexpected keyword argument 'alpha_min'
1693,0.45,0.92,0.3,96,42,inf,inf,inf,0.0,0.0,False,False,TabularQL.__init__() got an unexpected keyword argument 'alpha_min'
1694,0.45,0.92,0.3,96,43,inf,inf,inf,0.0,0.0,False,False,TabularQL.__init__() got an unexpected keyword argument 'alpha_min'
1695,0.45,0.92,0.3,96,44,inf,inf,inf,0.0,0.0,False,False,TabularQL.__init__() got an unexpected keyword argument 'alpha_min'
1696,0.45,0.92,0.3,120,42,inf,inf,inf,0.0,0.0,False,False,TabularQL.__init__() got an unexpected keyword argument 'alpha_min'
1697,0.45,0.92,0.3,120,43,inf,inf,inf,0.0,0.0,False,False,TabularQL.__init__() got an unexpected keyword argument 'alpha_min'
1698,0.45,0.92,0.3,120,44,inf,inf,inf,0.0,0.0,False,False,TabularQL.__init__() got an unexpected keyword argument 'alpha_min'
1699,0.45,0.92,0.3,144,42,inf,inf,inf,0.0,0.0,False,False,TabularQL.__init__() got an unexpected keyword argument 'alpha_min'
1700,0.45,0.92,0.3,144,43,inf,inf,inf,0.0,0.0,False,False,TabularQL.__init__() got an unexpected keyword argument 'alpha_min'
1701,0.45,0.92,0.3,144,44,inf,inf,inf,0.0,0.0,False,False,TabularQL.__init__() got an unexpected keyword argument 'alpha_min'
1702,0.45,0.92,0.3,168,42,inf,inf,inf,0.0,0.0,False,False,TabularQL.__init__() got an unexpected keyword argument 'alpha_min'
1703,0.45,0.92,0.3,168,43,inf,inf,inf,0.0,0.0,False,False,TabularQL.__init__() got an unexpected keyword argument 'alpha_min'
1704,0.45,0.92,0.3,168,44,inf,inf,inf,0.0,0.0,False,False,TabularQL.__init__() got an unexpected keyword argument 'alpha_min'
1705,0.45,0.92,0.3,240,42,inf,inf,inf,0.0,0.0,False,False,TabularQL.__init__() got an unexpected keyword argument 'alpha_min'
1706,0.45,0.92,0.3,240,43,inf,inf,inf,0.0,0.0,False,False,TabularQL.__init__() got an unexpected keyword argument 'alpha_min'
1707,0.45,0.92,0.3,240,44,inf,inf,inf,0.0,0.0,False,False,TabularQL.__init__() got an unexpected keyword argument 'alpha_min'
1708,0.45,0.92,0.3,336,42,inf,inf,inf,0.0,0.0,False,False,TabularQL.__init__() got an unexpected keyword argument 'alpha_min'
1709,0.45,0.92,0.3,336,43,inf,inf,inf,0.0,0.0,False,False,TabularQL.__init__() got an unexpected keyword argument 'alpha_min'
1710,0.45,0.92,0.3,336,44,inf,inf,inf,0.0,0.0,False,False,TabularQL.__init__() got an unexpected keyword argument 'alpha_min'
1711,0.45,0.95,0.1,96,42,inf,inf,inf,0.0,0.0,False,False,TabularQL.__init__() got an unexpected keyword argument 'alpha_min'
1712,0.45,0.95,0.1,96,43,inf,inf,inf,0.0,0.0,False,False,TabularQL.__init__() got an unexpected keyword argument 'alpha_min'
1713,0.45,0.95,0.1,96,44,inf,inf,inf,0.0,0.0,False,False,TabularQL.__init__() got an unexpected keyword argument 'alpha_min'
1714,0.45,0.95,0.1,120,42,inf,inf,inf,0.0,0.0,False,False,TabularQL.__init__() got an unexpected keyword argument 'alpha_min'
1715,0.45,0.95,0.1,120,43,inf,inf,inf,0.0,0.0,False,False,TabularQL.__init__() got an unexpected keyword argument 'alpha_min'
1716,0.45,0.95,0.1,120,44,inf,inf,inf,0.0,0.0,False,False,TabularQL.__init__() got an unexpected keyword argument 'alpha_min'
1717,0.45,0.95,0.1,144,42,inf,inf,inf,0.0,0.0,False,False,TabularQL.__init__() got an unexpected keyword argument 'alpha_min'
1718,0.45,0.95,0.1,144,43,inf,inf,inf,0.0,0.0,False,False,TabularQL.__init__() got an unexpected keyword argument 'alpha_min'
1719,0.45,0.95,0.1,144,44,inf,inf,inf,0.0,0.0,False,False,TabularQL.__init__() got an unexpected keyword argument 'alpha_min'
1720,0.45,0.95,0.1,168,42,inf,inf,inf,0.0,0.0,False,False,TabularQL.__init__() got an unexpected keyword argument 'alpha_min'
1721,0.45,0.95,0.1,168,43,inf,inf,inf,0.0,0.0,False,False,TabularQL.__init__() got an unexpected keyword argument 'alpha_min'
1722,0.45,0.95,0.1,168,44,inf,inf,inf,0.0,0.0,False,False,TabularQL.__init__() got an unexpected keyword argument 'alpha_min'
1723,0.45,0.95,0.1,240,42,inf,inf,inf,0.0,0.0,False,False,TabularQL.__init__() got an unexpected keyword argument 'alpha_min'
1724,0.45,0.95,0.1,240,43,inf,inf,inf,0.0,0.0,False,False,TabularQL.__init__() got an unexpected keyword argument 'alpha_min'
1725,0.45,0.95,0.1,240,44,inf,inf,inf,0.0,0.0,False,False,TabularQL.__init__() got an unexpected keyword argument 'alpha_min'
1726,0.45,0.95,0.1,336,42,inf,inf,inf,0.0,0.0,False,False,TabularQL.__init__() got an unexpected keyword argument 'alpha_min'
1727,0.45,0.95,0.1,336,43,inf,inf,inf,0.0,0.0,False,False,TabularQL.__init__() got an unexpected keyword argument 'alpha_min'
1728,0.45,0.95,0.1,336,44,inf,inf,inf,0.0,0.0,False,False,TabularQL.__init__() got an unexpected keyword argument 'alpha_min'
1729,0.45,0.95,0.15,96,42,inf,inf,inf,0.0,0.0,False,False,TabularQL.__init__() got an unexpected keyword argument 'alpha_min'
1730,0.45,0.95,0.15,96,43,inf,inf,inf,0.0,0.0,False,False,TabularQL.__init__() got an unexpected keyword argument 'alpha_min'
1731,0.45,0.95,0.15,96,44,inf,inf,inf,0.0,0.0,False,False,TabularQL.__init__() got an unexpected keyword argument 'alpha_min'
1732,0.45,0.95,0.15,120,42,inf,inf,inf,0.0,0.0,False,False,TabularQL.__init__() got an unexpected keyword argument 'alpha_min'
1733,0.45,0.95,0.15,120,43,inf,inf,inf,0.0,0.0,False,False,TabularQL.__init__() got an unexpected keyword argument 'alpha_min'
1734,0.45,0.95,0.15,120,44,inf,inf,inf,0.0,0.0,False,False,TabularQL.__init__() got an unexpected keyword argument 'alpha_min'
1735,0.45,0.95,0.15,144,42,inf,inf,inf,0.0,0.0,False,False,TabularQL.__init__() got an unexpected keyword argument 'alpha_min'
1736,0.45,0.95,0.15,144,43,inf,inf,inf,0.0,0.0,False,False,TabularQL.__init__() got an unexpected keyword argument 'alpha_min'
1737,0.45,0.95,0.15,144,44,inf,inf,inf,0.0,0.0,False,False,TabularQL.__init__() got an unexpected keyword argument 'alpha_min'
1738,0.45,0.95,0.15,168,42,inf,inf,inf,0.0,0.0,False,False,TabularQL.__init__() got an unexpected keyword argument 'alpha_min'
1739,0.45,0.95,0.15,168,43,inf,inf,inf,0.0,0.0,False,False,TabularQL.__init__() got an unexpected keyword argument 'alpha_min'
1740,0.45,0.95,0.15,168,44,inf,inf,inf,0.0,0.0,False,False,TabularQL.__init__() got an unexpected keyword argument 'alpha_min'
1741,0.45,0.95,0.15,240,42,inf,inf,inf,0.0,0.0,False,False,TabularQL.__init__() got an unexpected keyword argument 'alpha_min'
1742,0.45,0.95,0.15,240,43,inf,inf,inf,0.0,0.0,False,False,TabularQL.__init__() got an unexpected keyword argument 'alpha_min'
1743,0.45,0.95,0.15,240,44,inf,inf,inf,0.0,0.0,False,False,TabularQL.__init__() got an unexpected keyword argument 'alpha_min'
1744,0.45,0.95,0.15,336,42,inf,inf,inf,0.0,0.0,False,False,TabularQL.__init__() got an unexpected keyword argument 'alpha_min'
1745,0.45,0.95,0.15,336,43,inf,inf,inf,0.0,0.0,False,False,TabularQL.__init__() got an unexpected keyword argument 'alpha_min'
1746,0.45,0.95,0.15,336,44,inf,inf,inf,0.0,0.0,False,False,TabularQL.__init__() got an unexpected keyword argument 'alpha_min'
1747,0.45,0.95,0.2,96,42,inf,inf,inf,0.0,0.0,False,False,TabularQL.__init__() got an unexpected keyword argument 'alpha_min'
1748,0.45,0.95,0.2,96,43,inf,inf,inf,0.0,0.0,False,False,TabularQL.__init__() got an unexpected keyword argument 'alpha_min'
1749,0.45,0.95,0.2,96,44,inf,inf,inf,0.0,0.0,False,False,TabularQL.__init__() got an unexpected keyword argument 'alpha_min'
1750,0.45,0.95,0.2,120,42,inf,inf,inf,0.0,0.0,False,False,TabularQL.__init__() got an unexpected keyword argument 'alpha_min'
1751,0.45,0.95,0.2,120,43,inf,inf,inf,0.0,0.0,False,False,TabularQL.__init__() got an unexpected keyword argument 'alpha_min'
1752,0.45,0.95,0.2,120,44,inf,inf,inf,0.0,0.0,False,False,TabularQL.__init__() got an unexpected keyword argument 'alpha_min'
1753,0.45,0.95,0.2,144,42,inf,inf,inf,0.0,0.0,False,False,TabularQL.__init__() got an unexpected keyword argument 'alpha_min'
1754,0.45,0.95,0.2,144,43,inf,inf,inf,0.0,0.0,False,False,TabularQL.__init__() got an unexpected keyword argument 'alpha_min'
1755,0.45,0.95,0.2,144,44,inf,inf,inf,0.0,0.0,False,False,TabularQL.__init__() got an unexpected keyword argument 'alpha_min'
1756,0.45,0.95,0.2,168,42,inf,inf,inf,0.0,0.0,False,False,TabularQL.__init__() got an unexpected keyword argument 'alpha_min'
1757,0.45,0.95,0.2,168,43,inf,inf,inf,0.0,0.0,False,False,TabularQL.__init__() got an unexpected keyword argument 'alpha_min'
1758,0.45,0.95,0.2,168,44,inf,inf,inf,0.0,0.0,False,False,TabularQL.__init__() got an unexpected keyword argument 'alpha_min'
1759,0.45,0.95,0.2,240,42,inf,inf,inf,0.0,0.0,False,False,TabularQL.__init__() got an unexpected keyword argument 'alpha_min'
1760,0.45,0.95,0.2,240,43,inf,inf,inf,0.0,0.0,False,False,TabularQL.__init__() got an unexpected keyword argument 'alpha_min'
1761,0.45,0.95,0.2,240,44,inf,inf,inf,0.0,0.0,False,False,TabularQL.__init__() got an unexpected keyword argument 'alpha_min'
1762,0.45,0.95,0.2,336,42,inf,inf,inf,0.0,0.0,False,False,TabularQL.__init__() got an unexpected keyword argument 'alpha_min'
1763,0.45,0.95,0.2,336,43,inf,inf,inf,0.0,0.0,False,False,TabularQL.__init__() got an unexpected keyword argument 'alpha_min'
1764,0.45,0.95,0.2,336,44,inf,inf,inf,0.0,0.0,False,False,TabularQL.__init__() got an unexpected keyword argument 'alpha_min'
1765,0.45,0.95,0.25,96,42,inf,inf,inf,0.0,0.0,False,False,TabularQL.__init__() got an unexpected keyword argument 'alpha_min'
1766,0.45,0.95,0.25,96,43,inf,inf,inf,0.0,0.0,False,False,TabularQL.__init__() got an unexpected keyword argument 'alpha_min'
1767,0.45,0.95,0.25,96,44,inf,inf,inf,0.0,0.0,False,False,TabularQL.__init__() got an unexpected keyword argument 'alpha_min'
1768,0.45,0.95,0.25,120,42,inf,inf,inf,0.0,0.0,False,False,TabularQL.__init__() got an unexpected keyword argument 'alpha_min'
1769,0.45,0.95,0.25,120,43,inf,inf,inf,0.0,0.0,False,False,TabularQL.__init__() got an unexpected keyword argument 'alpha_min'
1770,0.45,0.95,0.25,120,44,inf,inf,inf,0.0,0.0,False,False,TabularQL.__init__() got an unexpected keyword argument 'alpha_min'
1771,0.45,0.95,0.25,144,42,inf,inf,inf,0.0,0.0,False,False,TabularQL.__init__() got an unexpected keyword argument 'alpha_min'
1772,0.45,0.95,0.25,144,43,inf,inf,inf,0.0,0.0,False,False,TabularQL.__init__() got an unexpected keyword argument 'alpha_min'
1773,0.45,0.95,0.25,144,44,inf,inf,inf,0.0,0.0,False,False,TabularQL.__init__() got an unexpected keyword argument 'alpha_min'
1774,0.45,0.95,0.25,168,42,inf,inf,inf,0.0,0.0,False,False,TabularQL.__init__() got an unexpected keyword argument 'alpha_min'
1775,0.45,0.95,0.25,168,43,inf,inf,inf,0.0,0.0,False,False,TabularQL.__init__() got an unexpected keyword argument 'alpha_min'
1776,0.45,0.95,0.25,168,44,inf,inf,inf,0.0,0.0,False,False,TabularQL.__init__() got an unexpected keyword argument 'alpha_min'
1777,0.45,0.95,0.25,240,42,inf,inf,inf,0.0,0.0,False,False,TabularQL.__init__() got an unexpected keyword argument 'alpha_min'
1778,0.45,0.95,0.25,240,43,inf,inf,inf,0.0,0.0,False,False,TabularQL.__init__() got an unexpected keyword argument 'alpha_min'
1779,0.45,0.95,0.25,240,44,inf,inf,inf,0.0,0.0,False,False,TabularQL.__init__() got an unexpected keyword argument 'alpha_min'
1780,0.45,0.95,0.25,336,42,inf,inf,inf,0.0,0.0,False,False,TabularQL.__init__() got an unexpected keyword argument 'alpha_min'
1781,0.45,0.95,0.25,336,43,inf,inf,inf,0.0,0.0,False,False,TabularQL.__init__() got an unexpected keyword argument 'alpha_min'
1782,0.45,0.95,0.25,336,44,inf,inf,inf,0.0,0.0,False,False,TabularQL.__init__() got an unexpected keyword argument 'alpha_min'
1783,0.45,0.95,0.3,96,42,inf,inf,inf,0.0,0.0,False,False,TabularQL.__init__() got an unexpected keyword argument 'alpha_min'
1784,0.45,0.95,0.3,96,43,inf,inf,inf,0.0,0.0,False,False,TabularQL.__init__() got an unexpected keyword argument 'alpha_min'
1785,0.45,0.95,0.3,96,44,inf,inf,inf,0.0,0.0,False,False,TabularQL.__init__() got an unexpected keyword argument 'alpha_min'
1786,0.45,0.95,0.3,120,42,inf,inf,inf,0.0,0.0,False,False,TabularQL.__init__() got an unexpected keyword argument 'alpha_min'
1787,0.45,0.95,0.3,120,43,inf,inf,inf,0.0,0.0,False,False,TabularQL.__init__() got an unexpected keyword argument 'alpha_min'
1788,0.45,0.95,0.3,120,44,inf,inf,inf,0.0,0.0,False,False,TabularQL.__init__() got an unexpected keyword argument 'alpha_min'
1789,0.45,0.95,0.3,144,42,inf,inf,inf,0.0,0.0,False,False,TabularQL.__init__() got an unexpected keyword argument 'alpha_min'
1790,0.45,0.95,0.3,144,43,inf,inf,inf,0.0,0.0,False,False,TabularQL.__init__() got an unexpected keyword argument 'alpha_min'
1791,0.45,0.95,0.3,144,44,inf,inf,inf,0.0,0.0,False,False,TabularQL.__init__() got an unexpected keyword argument 'alpha_min'
1792,0.45,0.95,0.3,168,42,inf,inf,inf,0.0,0.0,False,False,TabularQL.__init__() got an unexpected keyword argument 'alpha_min'
1793,0.45,0.95,0.3,168,43,inf,inf,inf,0.0,0.0,False,False,TabularQL.__init__() got an unexpected keyword argument 'alpha_min'
1794,0.45,0.95,0.3,168,44,inf,inf,inf,0.0,0.0,False,False,TabularQL.__init__() got an unexpected keyword argument 'alpha_min'
1795,0.45,0.95,0.3,240,42,inf,inf,inf,0.0,0.0,False,False,TabularQL.__init__() got an unexpected keyword argument 'alpha_min'
1796,0.45,0.95,0.3,240,43,inf,inf,inf,0.0,0.0,False,False,TabularQL.__init__() got an unexpected keyword argument 'alpha_min'
1797,0.45,0.95,0.3,240,44,inf,inf,inf,0.0,0.0,False,False,TabularQL.__init__() got an unexpected keyword argument 'alpha_min'
1798,0.45,0.95,0.3,336,42,inf,inf,inf,0.0,0.0,False,False,TabularQL.__init__() got an unexpected keyword argument 'alpha_min'
1799,0.45,0.95,0.3,336,43,inf,inf,inf,0.0,0.0,False,False,TabularQL.__init__() got an unexpected keyword argument 'alpha_min'
1800,0.45,0.95,0.3,336,44,inf,inf,inf,0.0,0.0,False,False,TabularQL.__init__() got an unexpected keyword argument 'alpha_min'
