timestamp,demand_kw,price_eur_mwh,solar_potential_kw,wind_potential_kw
2025-01-01 00:00:00,33.26619516617459,16.29400454060376,0.0,79.7644950710337
2025-01-01 01:00:00,31.571817475593935,26.679362394680034,0.0,54.00942633581125
2025-01-01 02:00:00,28.77998183237141,28.60454361489709,0.0,56.32317554792274
2025-01-01 03:00:00,34.47300917777825,25.678916747824726,0.0,49.77814902452366
2025-01-01 04:00:00,30.29631823904663,30.248570509366893,0.0,72.15479792150515
2025-01-01 05:00:00,27.907846435358756,35.132827018690655,0.0,84.3365868479508
2025-01-01 06:00:00,78.97415293923113,54.22694706023868,12.635890497709097,62.97982611373735
2025-01-01 07:00:00,71.93023251229945,48.341073103301746,18.614680057533597,34.664751757082456
2025-01-01 08:00:00,78.96700494963345,58.86042364040986,28.80619924539017,34.27427341831678
2025-01-01 09:00:00,82.88505749787288,60.718812462953444,41.99479226044981,13.718030711533558
2025-01-01 10:00:00,60.43184346845417,25.963314122918284,47.1655310771981,40.28866670684247
2025-01-01 11:00:00,65.74580864724297,43.70945761588282,56.89256646563448,35.10110797494775
2025-01-01 12:00:00,57.71943275575697,35.59227141625957,73.998445788769,37.598803925458604
2025-01-01 13:00:00,50.65359245776297,36.73418397861553,74.22916743549295,32.574855602884675
2025-01-01 14:00:00,52.028014017399016,34.20097651322723,67.30885950252102,35.81403105095458
2025-01-01 15:00:00,59.003539761316375,38.66196791410757,68.54993847873583,35.55085918289692
2025-01-01 16:00:00,49.112127934052424,28.40049518048223,55.829097106926646,49.74205961811277
2025-01-01 17:00:00,43.76184091913494,36.576274476799696,46.275056638137265,35.87046352752901
2025-01-01 18:00:00,104.48704583814484,87.71543423019173,38.158376903147285,60.252243814151264
2025-01-01 19:00:00,109.06713954990413,77.25535494843137,23.195191895803045,56.43030464021167
2025-01-01 20:00:00,99.21989725202627,69.69053670529357,16.22544859622007,34.69619295180608
2025-01-01 21:00:00,104.45623337177494,81.8130425035645,0.0,49.30582162396123
2025-01-01 22:00:00,64.43209611735777,55.371325601791376,0.0,42.643389711277734
2025-01-01 23:00:00,63.47961481669333,54.092324558742,0.0,22.995872508813466
2025-01-02 00:00:00,30.5650133511311,15.198546490262556,0.0,78.47984118386339
2025-01-02 01:00:00,26.85686808804084,19.817232300221548,0.0,65.9172774938978
2025-01-02 02:00:00,29.634242033938865,10.301648373691926,0.0,63.53553651178261
2025-01-02 03:00:00,32.063702042449336,32.77891957560494,0.0,58.38055438151108
2025-01-02 04:00:00,34.08700135841278,28.34521568501718,0.0,36.69254606882322
2025-01-02 05:00:00,31.502752715995676,22.01372984522312,0.0,49.28415048149899
2025-01-02 06:00:00,78.2824854933789,43.60633585792474,11.394201897988106,67.86037293809235
2025-01-02 07:00:00,82.49127979548545,48.993701767870476,16.981640318543164,24.797319556492653
2025-01-02 08:00:00,83.86245414765419,59.748556172603514,27.56259889173535,12.346864064222082
2025-01-02 09:00:00,81.70031659667666,47.69066538919149,34.080154807998895,31.72758188903698
2025-01-02 10:00:00,55.29371149168617,39.7226656184547,41.85612609043781,32.44530681349758
2025-01-02 11:00:00,58.24022635088128,51.388660103138605,63.59295993850531,34.77739560724568
2025-01-02 12:00:00,63.321747000964734,39.553450956974274,63.332811602910176,39.76376298548128
2025-01-02 13:00:00,42.36521444990706,23.465726823154995,69.02843196365963,45.49911948054678
2025-01-02 14:00:00,39.169493488496975,30.545249872415457,60.83195150683543,41.78239463515613
2025-01-02 15:00:00,55.375167414905285,29.231782482587736,61.68885911164864,50.972875436723925
2025-01-02 16:00:00,50.89016323685565,46.474531130351565,57.424177587772746,24.34115682706374
2025-01-02 17:00:00,51.31907960059767,44.46321066103057,42.84257351834285,44.19403340539607
2025-01-02 18:00:00,96.08191279719263,72.40999422907011,37.85426959002205,45.390537768350164
2025-01-02 19:00:00,104.2464654641138,75.2806873335247,25.594739538336746,34.82022572006965
2025-01-02 20:00:00,102.16620827257202,77.5924617948865,18.047707647671373,31.498848396195616
2025-01-02 21:00:00,93.79811507819659,73.47434209198856,0.0,41.0467619287073
2025-01-02 22:00:00,65.46582887134099,58.57637717446024,0.0,42.11139412511832
2025-01-02 23:00:00,59.77062846339291,48.77971574419522,0.0,59.95974400244633
2025-01-03 00:00:00,28.21762215264329,17.961405859397804,0.0,46.99197260084429
2025-01-03 01:00:00,28.29904614306652,30.44732577234299,0.0,43.63552699522462
2025-01-03 02:00:00,21.0,27.884175906501447,0.0,47.03229617277231
2025-01-03 03:00:00,32.670014698341134,21.025312744530233,0.0,71.04929433001158
2025-01-03 04:00:00,31.178357432605765,17.726718867838617,0.0,55.70314124003672
2025-01-03 05:00:00,29.126639404501073,24.515356640748095,0.0,53.03399438345521
2025-01-03 06:00:00,85.95208732003698,50.38425332119738,11.14547246705273,53.995158515440444
2025-01-03 07:00:00,73.97153830102314,56.244270231384974,20.82276938066596,44.073939415053516
2025-01-03 08:00:00,77.51342774285018,46.090898176032425,26.35839090160603,27.073918156427336
2025-01-03 09:00:00,76.37386674008272,53.89723168011726,33.014750326574074,44.26922135703941
2025-01-03 10:00:00,57.95710050590635,39.419747748716354,49.35781381348271,35.06633467163405
2025-01-03 11:00:00,59.51529302853584,37.54147190233486,50.40522464240763,31.97723246660003
2025-01-03 12:00:00,61.14673877202944,38.78688492401851,64.35650730390115,54.14153970066366
2025-01-03 13:00:00,47.15668439009226,40.31631391322294,56.81766164247915,28.60848484369028
2025-01-03 14:00:00,44.769964120868266,24.6752843905524,60.22167735418767,35.42892431865411
2025-01-03 15:00:00,56.305096203032285,36.06190700777954,64.29572846969603,26.890711471616463
2025-01-03 16:00:00,59.570445792113844,34.76549166456839,59.16115187852327,48.11993393205269
2025-01-03 17:00:00,49.3628549525344,33.71053513667273,46.945312664463756,55.278242870514276
2025-01-03 18:00:00,97.78061820653667,69.81307701837477,35.732909505678336,55.09104588065995
2025-01-03 19:00:00,107.82567344782089,69.99439124220768,25.751267840731824,65.26002718451684
2025-01-03 20:00:00,94.67572287965248,67.70700751758653,15.990332118587805,47.50111522209075
2025-01-03 21:00:00,99.67964989695885,88.6470603704017,0.0,45.40712090166073
2025-01-03 22:00:00,56.07915118381998,52.53904257037859,0.0,29.092843581904518
2025-01-03 23:00:00,53.99376793785114,39.57717847914837,0.0,75.4029738042609
2025-01-04 00:00:00,28.739890951852036,21.618575678386225,0.0,75.89764592626453
2025-01-04 01:00:00,26.11122564371716,23.797020067093236,0.0,59.577873973059056
2025-01-04 02:00:00,30.056945088668947,20.05533340590814,0.0,90.48757191551675
2025-01-04 03:00:00,30.12229725452609,27.7260342331769,0.0,51.412211656577455
2025-01-04 04:00:00,27.204007244151093,23.970530737446484,0.0,74.83863940162226
2025-01-04 05:00:00,28.332689895327587,16.815800607918646,0.0,65.00108832810528
2025-01-04 06:00:00,66.74507971991711,46.96375097977004,14.834595089021324,78.77968273112577
2025-01-04 07:00:00,71.42820735052123,34.95641007598515,23.481830226615713,40.11192221306369
2025-01-04 08:00:00,67.11596777069498,49.82977136149192,38.47303439697888,25.974874207632574
2025-01-04 09:00:00,71.49505790902126,39.93198663035545,49.81880945676779,41.52985050307293
2025-01-04 10:00:00,52.53658348260881,36.566227127498586,53.47624498784824,51.44758773960659
2025-01-04 11:00:00,52.4723131926662,29.385233238785016,77.04352477354303,40.462019102565236
2025-01-04 12:00:00,56.14573192316974,37.90427544016321,82.47400217017682,48.65810354196323
2025-01-04 13:00:00,35.92142858832078,30.695687130139692,85.67824476396746,35.12349963510267
2025-01-04 14:00:00,38.829363568795365,36.750349869549694,95.01632403763956,47.24082602984527
2025-01-04 15:00:00,48.89353214852544,24.601399796226325,92.11417772809614,40.128681340398515
2025-01-04 16:00:00,39.80076329452567,34.32683033580642,80.69139012713121,56.43331994575556
2025-01-04 17:00:00,28.290630942601055,25.375232429814048,58.07741385841241,47.92740077432599
2025-01-04 18:00:00,84.75401755018927,63.42771053618242,47.286559915025094,55.756793056706705
2025-01-04 19:00:00,86.27460298008938,70.9143709602434,36.41315842077259,77.7651431653228
2025-01-04 20:00:00,73.89036606591431,57.66696431574021,26.282994327217477,71.71091898147306
2025-01-04 21:00:00,91.67008547385052,77.18951363866954,0.0,65.31418633748208
2025-01-04 22:00:00,46.68871896921765,38.2013570297919,0.0,45.88202431266444
2025-01-04 23:00:00,51.37895907495668,34.782550635798756,0.0,61.09701306273991
2025-01-05 00:00:00,28.98308304595172,29.830291437569485,0.0,47.18848131996852
2025-01-05 01:00:00,24.202418613581813,32.926722699341674,0.0,49.76134070134762
2025-01-05 02:00:00,25.18271339414061,23.82901214930603,0.0,49.346607596281174
2025-01-05 03:00:00,25.792127236076038,7.809872879100212,0.0,41.10655947941841
2025-01-05 04:00:00,34.88552359132637,26.58029298319884,0.0,27.802885280226874
2025-01-05 05:00:00,29.336078153549316,24.473540797845786,0.0,45.35026515147987
2025-01-05 06:00:00,65.61430858554081,43.861663856115456,10.834802100191993,57.076541035197394
2025-01-05 07:00:00,63.75696330336764,48.18206178988964,17.19102188749353,21.65654934212336
2025-01-05 08:00:00,73.34537940689125,47.49014339301205,23.14271966279802,32.79473101568934
2025-01-05 09:00:00,74.55160913637982,54.47956242594794,31.382835727181313,48.185514814454
2025-01-05 10:00:00,55.36587510169781,31.193285628387336,47.457194075255295,41.021619467289305
2025-01-05 11:00:00,52.2504955837115,42.737731724677786,59.58229218547741,46.08891213715759
2025-01-05 12:00:00,51.33876274593595,44.72752816314474,60.55632485706679,35.8608697350601
2025-01-05 13:00:00,35.59871945037323,19.68034756166612,70.04053119415768,49.23487437519978
2025-01-05 14:00:00,39.96425356106503,23.525800782557432,66.71112115858779,31.213329140983674
2025-01-05 15:00:00,37.993068716205826,30.92238042743923,57.76380463008889,31.97197316668214
2025-01-05 16:00:00,32.8556351408336,19.97530034837687,55.3044281349287,12.013189269504874
2025-01-05 17:00:00,45.82713501750894,29.206837980037047,50.043533034852125,49.41243067795775
2025-01-05 18:00:00,82.75964450376433,70.79694798699404,34.604412066034456,52.78696402877731
2025-01-05 19:00:00,91.27261784598846,75.61072775402894,28.567989715430343,42.22356941155062
2025-01-05 20:00:00,89.85873806594964,83.01243709023663,13.792997761531243,45.889081453477004
2025-01-05 21:00:00,88.39611015737997,72.77423056510253,0.0,39.76518031773385
2025-01-05 22:00:00,52.792505880452076,43.23497637553552,0.0,53.687494138709425
2025-01-05 23:00:00,47.26561508818607,35.714108798696415,0.0,62.78040980320961
2025-01-06 00:00:00,38.36032568080799,28.451415921848877,0.0,30.420281368388494
2025-01-06 01:00:00,30.19406443928872,22.7121740056971,0.0,59.42525931214079
2025-01-06 02:00:00,31.358692583034166,24.52580405309977,0.0,50.17866649738196
2025-01-06 03:00:00,27.079156498950123,18.083268403482048,0.0,55.43552239067558
2025-01-06 04:00:00,25.80975632650368,25.087719927637842,0.0,60.09311003643363
2025-01-06 05:00:00,32.1478320396424,16.539679246777514,0.0,51.37095277486901
2025-01-06 06:00:00,81.8087228774439,50.19607640437095,11.772513788474093,52.5113027462638
2025-01-06 07:00:00,77.27782649915777,52.36266576935949,17.227832826339817,30.614979443665842
2025-01-06 08:00:00,74.35699191123004,36.786252575021926,24.29754464808769,40.19046784783039
2025-01-06 09:00:00,75.1152582527454,55.010981790836176,34.27446726103641,35.73052958700861
2025-01-06 10:00:00,65.06753583619951,32.438376866305646,36.74185096399168,34.12805545681079
2025-01-06 11:00:00,56.9252919433642,44.05337333000662,51.77237109375072,22.06735399835424
2025-01-06 12:00:00,58.15984565374827,31.840545074023655,61.42120627103673,29.283161972976064
2025-01-06 13:00:00,55.638976255490384,33.99469402358507,71.08206635427086,46.212976591058016
2025-01-06 14:00:00,44.06276756438574,34.32598713212857,60.93093198857236,38.090748958162266
2025-01-06 15:00:00,45.84096837534785,45.335384612837984,55.85285358914826,43.95700376600079
2025-01-06 16:00:00,45.65299436255149,32.39594323490919,50.58313435430975,54.40001480364305
2025-01-06 17:00:00,56.39375325632178,26.472698596334666,46.887984446835944,47.533110872869784
2025-01-06 18:00:00,110.94511593477007,89.80290043123046,34.91954919659728,38.61396315045601
2025-01-06 19:00:00,105.35692469645898,79.55389988157182,23.838014188820267,42.318729397597124
2025-01-06 20:00:00,105.50012144084329,83.92442142380561,17.811198658964692,17.54421130157093
2025-01-06 21:00:00,99.36329266931192,81.87143512505001,0.0,46.47422708937844
2025-01-06 22:00:00,68.4479123003588,44.71468668068459,0.0,44.56233889317049
2025-01-06 23:00:00,60.8895672539035,43.649998303809305,0.0,53.25140218822391
2025-01-07 00:00:00,33.83899619002383,23.38225248466282,0.0,51.31803784388197
2025-01-07 01:00:00,29.525137775530705,31.3852065385834,0.0,49.09671495749523
2025-01-07 02:00:00,28.793853357025753,29.58492779583471,0.0,29.629246403295852
2025-01-07 03:00:00,37.48369016818253,18.530052311923207,0.0,40.8296872579795
2025-01-07 04:00:00,32.42875655882238,32.20624436710559,0.0,59.73148377333151
2025-01-07 05:00:00,36.53118957481672,28.386740073068708,0.0,76.26675405501528
2025-01-07 06:00:00,82.19252078856402,45.513685284344916,10.910342042658456,52.07030815941176
2025-01-07 07:00:00,77.22589460180741,53.05681050034454,18.067426839352116,34.64731665155771
2025-01-07 08:00:00,78.41850081775813,58.929767936527384,23.027101065161624,39.64823694860577
2025-01-07 09:00:00,81.50688760680207,47.46372420997033,32.473107731118105,25.53114397773868
2025-01-07 10:00:00,57.0259070395885,48.18418346108596,41.47553614239315,34.95956416397585
2025-01-07 11:00:00,54.86158167295887,29.956427877399364,45.602060928318444,26.094778513870974
2025-01-07 12:00:00,65.2515346548251,38.24620994326388,59.91268939956106,38.9465043434613
2025-01-07 13:00:00,46.794049691113756,26.84772436998434,63.601959537068,38.77421382070928
2025-01-07 14:00:00,49.86783237488051,42.46768827907607,62.32632827864508,40.14765316886423
2025-01-07 15:00:00,50.57856616430478,32.65454132966896,57.42786528449621,30.05061385024835
2025-01-07 16:00:00,46.599275945877004,26.26059822181468,45.8009897547306,43.96380622753455
2025-01-07 17:00:00,55.77456260820889,40.44318931300418,41.37778217948262,56.83137896279423
2025-01-07 18:00:00,97.21479209421835,79.94661654658009,32.43295133419584,27.94618357982646
2025-01-07 19:00:00,103.41924370575258,83.6085091190075,22.83148463857581,43.95438936466182
2025-01-07 20:00:00,103.34945969833375,77.8822134059139,16.55168859620546,50.815703924034445
2025-01-07 21:00:00,101.99778430675045,80.92748363857146,0.0,57.47806298521465
2025-01-07 22:00:00,54.00905125205955,44.79943159479025,0.0,41.31505069842168
2025-01-07 23:00:00,63.763836995169065,57.87225204463088,0.0,14.01367863782805
2025-01-08 00:00:00,33.34579801650568,31.290649189947978,0.0,70.79134617087428
2025-01-08 01:00:00,26.959941621339528,29.724752871915918,0.0,62.883135038802195
2025-01-08 02:00:00,33.18369243242413,31.5676916678325,0.0,29.814169263680615
2025-01-08 03:00:00,31.687084588353493,28.273235873909343,0.0,44.811770937290255
2025-01-08 04:00:00,24.237245345875014,15.120704823756178,0.0,73.55200452241823
2025-01-08 05:00:00,26.15731988442889,26.482100317822635,0.0,71.96178499518761
2025-01-08 06:00:00,86.38098517297902,56.92929598646842,10.949808018312812,65.23616599851827
2025-01-08 07:00:00,82.65109150411514,63.54986203901309,18.907318612452656,30.30661431555987
2025-01-08 08:00:00,78.7193554148281,58.13768363984638,24.236963418089594,32.36013685553411
2025-01-08 09:00:00,77.39557716069903,55.365851342007524,33.34486959819177,30.66474559129258
2025-01-08 10:00:00,57.68726691171254,29.786743625267967,41.70144609938416,40.644392008153424
2025-01-08 11:00:00,58.006381118782265,40.518689503009455,42.83528605498123,24.76083242830015
2025-01-08 12:00:00,56.1997053564003,35.705707743352036,57.21899496603081,25.315963462362042
2025-01-08 13:00:00,41.542510663635085,30.74933006169996,61.33288328944633,46.327687825156566
2025-01-08 14:00:00,54.510508958163484,33.81412698597873,73.06703514004282,36.57595695846738
2025-01-08 15:00:00,53.74830069611144,34.45846514793074,56.4582129621181,49.73219577145198
2025-01-08 16:00:00,43.65079963622908,34.83127175198152,51.823654276155274,30.776984520967645
2025-01-08 17:00:00,49.99384999939645,33.29390345112835,41.83479800780063,36.479636665721394
2025-01-08 18:00:00,98.45082642650344,77.71750502698899,29.617084913532292,28.45702127135157
2025-01-08 19:00:00,101.33384583420047,68.54105484528648,26.088490075000003,47.64114782835004
2025-01-08 20:00:00,100.95944872928843,74.52047759713936,17.416605193375922,29.976053496114634
2025-01-08 21:00:00,100.58564436798946,83.6528429265734,0.0,41.75643402463329
2025-01-08 22:00:00,69.01980088157522,52.19373983657949,0.0,30.478850636981008
2025-01-08 23:00:00,58.02507342218908,49.32361854947104,0.0,55.80325726044637
2025-01-09 00:00:00,26.362812787198838,29.145891919354835,0.0,61.675070207551556
2025-01-09 01:00:00,26.568383567263286,23.60984794372884,0.0,29.679540737207326
2025-01-09 02:00:00,34.6969963038079,43.15608506004676,0.0,69.74696208119951
2025-01-09 03:00:00,22.565539507381793,29.360931099456792,0.0,84.96150612721613
2025-01-09 04:00:00,26.568196876040158,18.12993939588023,0.0,52.9063927314227
2025-01-09 05:00:00,36.5107027805019,32.09710780972688,0.0,43.921465045406144
2025-01-09 06:00:00,82.57331019660839,52.91710359135128,11.04572195379357,89.23631844978526
2025-01-09 07:00:00,82.3390213732815,52.02003973305205,14.91920320022826,21.03462407065646
2025-01-09 08:00:00,91.07003142126564,53.66978829828591,26.037649047175933,31.54063210412356
2025-01-09 09:00:00,82.58393813888723,61.102533130440925,28.409739127326485,32.792148546740684
2025-01-09 10:00:00,56.98219153684611,35.738960000102416,43.015569549700125,41.93653477297586
2025-01-09 11:00:00,58.899682507020664,39.28079360635485,58.24461764070943,34.20529386913878
2025-01-09 12:00:00,55.05958387232667,33.11721557000724,51.70855835523898,27.470740156987183
2025-01-09 13:00:00,55.167574399207496,33.82775659744391,57.07237516741137,27.906848174119325
2025-01-09 14:00:00,52.10138544805208,35.26751914462034,60.2572456890139,33.484551202349294
2025-01-09 15:00:00,54.57572139400586,40.56271303942816,53.89677544694291,27.396613590190498
2025-01-09 16:00:00,54.97428539760903,22.980249436950302,43.41185448030157,37.051124225888785
2025-01-09 17:00:00,47.65190920496296,35.05739791809825,41.311973601261194,31.449082926963825
2025-01-09 18:00:00,98.53032760423372,73.03281022456981,29.27893377076874,22.93792584684528
2025-01-09 19:00:00,102.54900643738752,85.88873901688379,24.29740662452714,61.84560831808849
2025-01-09 20:00:00,98.8542906197253,95.06947962649548,14.906284059730442,41.21742422386138
2025-01-09 21:00:00,103.52402137761433,80.2883278019515,0.0,32.15015300086388
2025-01-09 22:00:00,65.26346522672033,45.56807326641035,0.0,45.094152339050375
2025-01-09 23:00:00,59.41240085574298,43.8495538585288,0.0,47.878959879263796
2025-01-10 00:00:00,30.674977904584825,24.354793417480458,0.0,29.16865929754544
2025-01-10 01:00:00,29.57769472699485,35.46409707590926,0.0,56.0667803016414
2025-01-10 02:00:00,33.61227407596964,36.51246209978037,0.0,38.2201833076284
2025-01-10 03:00:00,26.994979225702696,27.756999930500562,0.0,73.92083155131374
2025-01-10 04:00:00,21.0,19.96647635312909,0.0,58.55598599324936
2025-01-10 05:00:00,32.11890986718922,29.33017573902456,0.0,46.59797652758116
2025-01-10 06:00:00,86.13869575136545,59.20750061722611,11.43153250697676,42.12899514549101
2025-01-10 07:00:00,83.70212495689289,58.28148498985156,14.765257874186947,30.249263549092145
2025-01-10 08:00:00,78.81240362587342,43.891796114521036,22.32894487065434,35.82345725603361
2025-01-10 09:00:00,76.58588641364217,57.969655182035375,33.36600844642065,30.866464397561675
2025-01-10 10:00:00,62.557819534621046,44.358395988760726,36.263997788574905,29.377974716534002
2025-01-10 11:00:00,60.96923592981563,41.205337235023066,49.40342126554327,31.517765011895996
2025-01-10 12:00:00,59.76651381714712,37.12900078171418,60.7303679382408,26.374817594811226
2025-01-10 13:00:00,57.85323557814674,35.10347565803037,51.00041844599231,33.13225819930434
2025-01-10 14:00:00,45.39155011085868,35.33874630064298,59.3913829604549,17.34361243549788
2025-01-10 15:00:00,57.639817129748266,28.114590570614858,56.124021510763896,45.064277177354754
2025-01-10 16:00:00,49.79517810659255,39.70068908105094,51.555258777497095,38.94911093018046
2025-01-10 17:00:00,41.39208338875574,25.63907557480391,36.24441181491553,29.233993473045164
2025-01-10 18:00:00,102.24788912491321,65.2961206322372,28.017895871144745,53.44528746810335
2025-01-10 19:00:00,107.37203341404684,92.79378154252292,23.876472665260735,47.61035186471118
2025-01-10 20:00:00,101.41155342172698,74.40693794648469,16.126556579798372,34.52646890261602
2025-01-10 21:00:00,96.41779763377657,71.41941979841299,0.0,56.576962353848536
2025-01-10 22:00:00,59.592265248526836,58.43671773093373,0.0,51.23361359332421
2025-01-10 23:00:00,56.475304959096924,52.42220738623775,0.0,51.193211578739096
2025-01-11 00:00:00,32.21316480489583,16.161120708774906,0.0,45.79087036754053
2025-01-11 01:00:00,33.48029917230425,19.58213163128008,0.0,57.01682655613376
2025-01-11 02:00:00,25.24678316513352,18.83041329571526,0.0,47.89189618868603
2025-01-11 03:00:00,26.823881751979577,29.106746300518363,0.0,58.36772792759273
2025-01-11 04:00:00,33.40489109298122,36.926809821085406,0.0,26.840474883040056
2025-01-11 05:00:00,26.135200747654682,17.77727244845216,0.0,45.68686970132282
2025-01-11 06:00:00,64.19371902085415,51.92089278751497,10.152856330181482,73.30849078135152
2025-01-11 07:00:00,63.75932053899698,41.788018968322426,15.843392257962345,24.850924337926354
2025-01-11 08:00:00,70.64760439039166,51.44435950775334,21.210070074733576,26.105635160664967
2025-01-11 09:00:00,70.45464036990872,40.94393832802337,31.22826415450946,27.303831059209003
2025-01-11 10:00:00,47.7818658373544,35.03398743889698,40.28942241246776,21.409244092984373
2025-01-11 11:00:00,50.88295725663714,37.032038901741224,44.77131845593735,13.772597556709314
2025-01-11 12:00:00,57.73216870275817,37.46156250705828,61.838970693823256,28.97474998824598
2025-01-11 13:00:00,37.37512343891808,29.971170802620943,59.44904913639962,37.090139134042964
2025-01-11 14:00:00,32.975552404503055,19.796238577351822,51.81901587308111,35.400897667439686
2025-01-11 15:00:00,43.80623423579174,26.287373591282677,56.633753537259864,34.5724977216154
2025-01-11 16:00:00,41.26158890749293,33.547662892508825,43.782375968475904,36.25774791844144
2025-01-11 17:00:00,38.56328125438212,37.01693956581924,41.84522250989346,45.04454091048447
2025-01-11 18:00:00,90.20114935819724,70.58408595924679,33.5002931033306,34.16385000413391
2025-01-11 19:00:00,91.0433014411097,74.8808219076697,20.957670436508444,39.5015424031974
2025-01-11 20:00:00,77.32953720063973,67.34281351156639,16.604243107010266,42.87939877604151
2025-01-11 21:00:00,84.33009769810846,72.97903040636797,0.0,52.800823218816035
2025-01-11 22:00:00,61.28889601444594,46.14597176228637,0.0,62.4017986540553
2025-01-11 23:00:00,53.485395095151944,35.793499943014375,0.0,38.8782059292759
2025-01-12 00:00:00,33.042466372337174,21.262390497301695,0.0,51.97325208676145
2025-01-12 01:00:00,35.27802425384165,37.910270595329315,0.0,55.00907228258828
2025-01-12 02:00:00,30.076809713398767,27.79956991353132,0.0,38.13320963665814
2025-01-12 03:00:00,33.58507872041229,28.513772589915952,0.0,50.97768487667154
2025-01-12 04:00:00,33.23127919726741,28.88498435628867,0.0,32.13449602412445
2025-01-12 05:00:00,32.425686735387416,18.5908165301557,0.0,28.28777359701689
2025-01-12 06:00:00,67.80197507929076,58.26838625868233,10.058771620231967,55.36903586355615
2025-01-12 07:00:00,70.02529409771724,52.205802461485476,16.073127550912975,27.510830778608472
2025-01-12 08:00:00,66.60340190768858,50.857977272143074,25.27290652802345,31.97019375951445
2025-01-12 09:00:00,69.3086933176183,37.265094406257525,29.403973195803484,30.295139021397265
2025-01-12 10:00:00,45.742562695855106,39.47757959288305,36.18927050663816,23.003004778111887
2025-01-12 11:00:00,47.44296374957352,32.67092773113848,43.148000571467854,30.0869941964146
2025-01-12 12:00:00,49.73036752163962,28.341048474374507,49.20346673062731,21.050067775390616
2025-01-12 13:00:00,37.62896865048283,21.613242404164062,55.688232977219236,47.84913978588174
2025-01-12 14:00:00,39.60306537356488,22.34360473827499,57.56314236359591,23.467852581183536
2025-01-12 15:00:00,41.13797619651836,22.659090957986745,53.80411444906833,33.76541192513517
2025-01-12 16:00:00,43.68582364290788,32.91452666906873,49.52775721221763,26.25217694209599
2025-01-12 17:00:00,46.147300950256266,31.37563756139379,38.55152724742751,40.56609959795263
2025-01-12 18:00:00,85.41425651263486,69.66390597687705,33.480402796537916,32.561445593226736
2025-01-12 19:00:00,93.50925696154516,83.49883047033471,21.478580998173424,39.72803646561945
2025-01-12 20:00:00,91.72503603765108,70.47327118334005,18.363204896469178,55.383427103488955
2025-01-12 21:00:00,89.76970842758409,58.698514508662555,0.0,45.98277515803673
2025-01-12 22:00:00,51.69219279213659,44.886294331399,0.0,51.542728259231126
2025-01-12 23:00:00,52.43681549871024,47.32871116676975,0.0,34.448294263514214
2025-01-13 00:00:00,35.34173017799872,27.20126807588617,0.0,32.56600296887022
2025-01-13 01:00:00,35.50610846891673,35.8366471276384,0.0,51.53985048283627
2025-01-13 02:00:00,36.007260277726395,29.949672656668863,0.0,46.19345068368746
2025-01-13 03:00:00,30.185970743446514,12.580040771622961,0.0,58.05543656193271
2025-01-13 04:00:00,32.49735224249376,25.95466192186462,0.0,49.19179503354017
2025-01-13 05:00:00,36.045959279799234,28.638910261263312,0.0,52.76795240374465
2025-01-13 06:00:00,79.54876499898802,61.35443240316122,0.25603776913201187,29.82330337149069
2025-01-13 07:00:00,80.92261131437942,65.33670839107354,0.3517592262498353,44.335104857156466
2025-01-13 08:00:00,82.42765213967245,61.33949845584709,0.5024110993062977,28.880114628759788
2025-01-13 09:00:00,86.40368147701912,59.58953273347575,0.780048025162599,35.36898043426168
2025-01-13 10:00:00,64.94739004531763,49.41843817864427,0.9471383862539074,23.821637048631224
2025-01-13 11:00:00,59.79022686669312,40.178252529792275,1.2297082529882215,32.435784351455766
2025-01-13 12:00:00,54.04037282237513,29.663054309868087,1.3680530926105816,20.30736873833152
2025-01-13 13:00:00,51.17375722190172,35.773293110491316,1.3949873256493348,39.10715965464759
2025-01-13 14:00:00,45.93350685459205,35.50418488047961,1.308107448768315,32.00928387544591
2025-01-13 15:00:00,43.36121655168886,24.825630042006317,1.1584056857635974,35.39258655546295
2025-01-13 16:00:00,44.37850744926814,40.276361204074654,1.121709511615371,41.26721045686142
2025-01-13 17:00:00,51.53464400787489,43.69283052727769,1.030450018519733,24.30948759514328
2025-01-13 18:00:00,110.00652706933735,76.3906570356868,0.7639225718820943,29.123570425628166
2025-01-13 19:00:00,104.05688426820282,87.9934775066581,0.49472504752521834,50.33999890230891
2025-01-13 20:00:00,104.83307189104657,77.33289221055101,0.3828883142757208,68.87191574490342
2025-01-13 21:00:00,109.20488617009039,80.64305901288374,0.0,43.61561303916359
2025-01-13 22:00:00,53.87906827620783,54.24694587763718,0.0,51.85123912058995
2025-01-13 23:00:00,63.16990926428505,45.19026942473558,0.0,43.96697201626973
2025-01-14 00:00:00,29.947845970565304,33.96759817711313,0.0,2.1690903007867535
2025-01-14 01:00:00,32.547258564744304,21.47777614466704,0.0,0.8223287903684526
2025-01-14 02:00:00,27.824322412182827,13.55918954293212,0.0,1.4946542770341145
2025-01-14 03:00:00,26.31928219308083,23.548184528342304,0.0,0.8667446210891585
2025-01-14 04:00:00,30.632290069285226,30.938739938154892,0.0,0.5451442673669656
2025-01-14 05:00:00,37.42136095500508,21.94582224002083,0.0,1.568697070623059
2025-01-14 06:00:00,86.45266034372618,49.31533720074303,9.594700782327516,1.5110355801643425
2025-01-14 07:00:00,80.29394740747918,56.5761011751083,13.39683117834119,0.8136847293517256
2025-01-14 08:00:00,76.54419071137383,43.726042463716965,21.23337243230562,0.8528105913253451
2025-01-14 09:00:00,75.00926209664956,51.39914891561628,28.80350270974081,1.5546498920991347
2025-01-14 10:00:00,66.91887118829436,44.37828504751814,33.44690907352874,0.8195241229175362
2025-01-14 11:00:00,56.698553358355966,42.513962518960966,45.67595984660272,0.9877949523960191
2025-01-14 12:00:00,59.53161329648997,32.934141146338376,52.57478655059095,0.7338468417727999
2025-01-14 13:00:00,56.150803113155085,45.94781777140902,58.20348613271529,1.0975182729666668
2025-01-14 14:00:00,42.94279649615053,30.0403578487914,58.078153108459254,0.9612069214245275
2025-01-14 15:00:00,56.92054333844376,44.472050994163595,44.77174841558739,0.9171846895026393
2025-01-14 16:00:00,49.06397100328974,40.239978747430825,41.07343078676696,1.4868455563360043
2025-01-14 17:00:00,45.03672812723167,25.853490474380997,38.32980212140733,1.3228748386388274
2025-01-14 18:00:00,103.04762691944187,84.72732063966627,29.848414475744683,1.0570219323016135
2025-01-14 19:00:00,100.90902057530532,71.45888531010117,21.839683763772097,0.5571102111063564
2025-01-14 20:00:00,106.14439518668769,73.77968752890604,18.859512259067884,1.1955025293661088
2025-01-14 21:00:00,101.24411013911697,89.28683018081301,0.0,2.202117812131298
2025-01-14 22:00:00,52.3940337058315,54.23027590790114,0.0,1.23832507088589
2025-01-14 23:00:00,60.00389225012673,55.308452566013784,0.0,1.6765388783834128
2025-01-15 00:00:00,23.895547264710576,20.766354307851586,0.0,66.87269180834923
2025-01-15 01:00:00,30.91943947794744,24.963636157579646,0.0,51.844259431035454
2025-01-15 02:00:00,24.65791350472504,27.835593485964093,0.0,38.808916575834765
2025-01-15 03:00:00,27.803942385725612,25.773177386779423,0.0,19.227486894286844
2025-01-15 04:00:00,30.82164511896451,19.480357945566233,0.0,57.56080816234321
2025-01-15 05:00:00,29.043935737345787,19.275001243457368,0.0,39.141509487705626
2025-01-15 06:00:00,83.92966678943617,57.188888821929865,9.510007501300628,51.31815103632485
2025-01-15 07:00:00,85.86402276166137,52.25821754950702,15.365711575122877,20.27716244650906
2025-01-15 08:00:00,77.5920288671406,46.56444789962677,22.0592848909941,27.536522861092628
2025-01-15 09:00:00,82.51294158312028,57.58768629113965,29.473293778691026,29.740739384129924
2025-01-15 10:00:00,46.181780798162016,33.98323732864772,35.06279498991868,31.47247676467702
2025-01-15 11:00:00,62.27754774451996,49.06887212616584,46.0225388642314,21.27250813329902
2025-01-15 12:00:00,59.810884300261804,38.38263505244249,46.12549278438425,38.31699035703767
2025-01-15 13:00:00,45.9199326368063,29.982364645811387,51.3445294771133,29.273070644636878
2025-01-15 14:00:00,51.766193972791534,39.946462818003326,50.30390040665445,20.003912739750845
2025-01-15 15:00:00,55.62259566978997,33.83216708610118,49.48720859432559,33.46967698589545
2025-01-15 16:00:00,48.20337670826193,30.422514844759974,51.422413636139744,34.70317429454171
2025-01-15 17:00:00,46.09379136636943,30.804560757750274,30.59676969639562,35.78885185628155
2025-01-15 18:00:00,105.18352682588855,78.81007403701808,29.551437791387897,46.12436898945754
2025-01-15 19:00:00,98.43068314500573,87.49715075121097,17.850874892725543,41.62317433937778
2025-01-15 20:00:00,101.46919697750442,70.8678383935187,13.554247079533551,42.91525260889969
2025-01-15 21:00:00,109.94172287234161,94.50452972167122,0.0,32.037471074099244
2025-01-15 22:00:00,61.44435442110389,57.12457209811156,0.0,53.31314233788165
2025-01-15 23:00:00,52.706946549190846,48.93173895632893,0.0,46.27656649495589
2025-01-16 00:00:00,21.913537587242693,43.208322733668055,0.0,43.529892604426415
2025-01-16 01:00:00,30.72938561691049,34.42475184953232,0.0,25.477651394167598
2025-01-16 02:00:00,33.880757591629596,30.522371873834658,0.0,66.20014349045519
2025-01-16 03:00:00,22.720703436182326,17.102456615109674,0.0,33.70942125233703
2025-01-16 04:00:00,32.023706733734286,18.40766307041625,0.0,41.44761212307738
2025-01-16 05:00:00,35.98654578370373,28.974753586480805,0.0,52.994340192706495
2025-01-16 06:00:00,91.52328310473355,51.07485795005459,0.6519988160684793,34.08784286416001
2025-01-16 07:00:00,84.51842007828913,61.83966516452227,0.9336891887671053,18.286272941028027
2025-01-16 08:00:00,85.3085293344058,45.78554126956685,1.2350285972181865,13.686870292476966
2025-01-16 09:00:00,73.42858773459302,57.024584536015325,1.7416487567170889,34.44236011199287
2025-01-16 10:00:00,70.78232471017171,46.57688653885206,2.5010245539058604,25.20483293380784
2025-01-16 11:00:00,58.7437322852572,40.699052416436864,2.6940704592636906,50.53837854548041
2025-01-16 12:00:00,57.13281803127706,35.86498599424566,3.298367229405425,21.92789070423233
2025-01-16 13:00:00,49.337770931846485,24.185015502412302,3.4639107402927527,26.203061723274995
2025-01-16 14:00:00,57.28872890065924,47.389567752313226,3.2714171450253953,29.233648929972748
2025-01-16 15:00:00,60.422405750770764,48.757508326513815,3.798314204636098,36.11542974138354
2025-01-16 16:00:00,51.05053759446609,34.61450769090488,3.0063556055825327,30.04385523449963
2025-01-16 17:00:00,54.977577313541246,43.26816463190505,1.987759876172986,39.25785381734271
2025-01-16 18:00:00,104.91681529273436,79.32037001032265,1.8749186944960141,25.716737174253968
2025-01-16 19:00:00,100.05231744506776,80.62354561184686,1.2800039897318936,28.654168341730035
2025-01-16 20:00:00,111.3677435921969,91.69673206844281,0.992259216563551,24.09491520256401
2025-01-16 21:00:00,101.92282341204584,85.72385397169775,0.0,19.44005646386718
2025-01-16 22:00:00,68.24332672436321,66.49304860667193,0.0,38.10400279199512
2025-01-16 23:00:00,67.17687422815062,51.06845764788064,0.0,40.47968132985911
2025-01-17 00:00:00,32.763163187807436,26.11847698233754,0.0,40.52687189662912
2025-01-17 01:00:00,38.23038640314459,22.761703365448582,0.0,63.08293381431976
2025-01-17 02:00:00,40.04555714933582,25.37786920082855,0.0,62.89795153159727
2025-01-17 03:00:00,29.211404866660597,29.21456945222615,0.0,44.09564880206581
2025-01-17 04:00:00,26.36042646712606,16.39657293203804,0.0,26.54113257462078
2025-01-17 05:00:00,21.610785732345875,31.156504479854416,0.0,41.305655677039404
2025-01-17 06:00:00,93.35512972387993,60.24181434933567,0.43027612209590144,40.90723668182643
2025-01-17 07:00:00,81.27549053431075,51.078845554579175,0.7050062016879742,24.130621441271167
2025-01-17 08:00:00,88.3617254314016,52.88620662452345,1.0771050125075912,23.837664435594757
2025-01-17 09:00:00,79.9184104206511,58.26410443213076,1.5130686855329927,24.157128418640504
2025-01-17 10:00:00,68.42524006493699,47.45362159467318,1.642501643517369,26.083911667573407
2025-01-17 11:00:00,58.35251551766346,50.98062748506726,2.1330394889589277,24.286497714703735
2025-01-17 12:00:00,56.14030857955478,31.912189686516967,2.3891468632730195,30.377965072627504
2025-01-17 13:00:00,49.68925829473548,31.868417659584118,2.505506369309539,36.721437025017444
2025-01-17 14:00:00,48.23454657969999,34.045743070699686,3.017065904996288,26.017421752695586
2025-01-17 15:00:00,53.310886268602815,32.25339715445945,2.5639714224297396,44.390992146532874
2025-01-17 16:00:00,50.396260061661,37.192587139911694,1.970612040751166,25.432815256638875
2025-01-17 17:00:00,53.452198009511,41.154120716468334,1.9503927797086789,20.062015494637354
2025-01-17 18:00:00,103.69547783917089,82.5860825350226,1.655299407722371,36.893317182426806
2025-01-17 19:00:00,102.0120912984701,88.59570799559863,1.1207920354741925,34.46052352274379
2025-01-17 20:00:00,102.37905200252239,71.74476277431908,0.6250502652493038,46.79015490076481
2025-01-17 21:00:00,114.20729905919433,92.78197850290336,0.0,17.284784868809016
2025-01-17 22:00:00,62.51631387585403,49.12480341228413,0.0,58.388528176119415
2025-01-17 23:00:00,52.57611473829412,41.74965026062877,0.0,50.59073977847551
2025-01-18 00:00:00,27.659059439456634,27.80283801300656,0.0,29.75258508519535
2025-01-18 01:00:00,30.43589714614144,19.49577947844766,0.0,30.01087992048455
2025-01-18 02:00:00,38.3042985656267,21.694113228989536,0.0,67.51869996698818
2025-01-18 03:00:00,34.629144221504546,30.05427314923298,0.0,38.83595570561245
2025-01-18 04:00:00,25.85226973583138,24.879407638048715,0.0,37.68365710693454
2025-01-18 05:00:00,40.88260089107603,29.885186958650934,0.0,20.63970737495756
2025-01-18 06:00:00,70.25620422240095,52.874327649430164,8.134475587733371,43.43779287056965
2025-01-18 07:00:00,76.00491001384485,57.19015332672587,14.435055101367936,26.941557940709707
2025-01-18 08:00:00,65.19888762570804,42.93259587128513,17.990449353268176,33.67796598186861
2025-01-18 09:00:00,59.604691935378554,38.29693807994923,26.991177953096486,18.575734587994766
2025-01-18 10:00:00,45.521877691348074,27.501538953741157,35.5431218845737,17.71006665515504
2025-01-18 11:00:00,37.23331875512502,29.60814668502786,37.377632604641846,31.78869423078242
2025-01-18 12:00:00,61.36422137064379,33.46648193158607,45.52888234534711,35.75797515952263
2025-01-18 13:00:00,43.55691429999362,34.37433508018903,36.069904153092914,20.23791671796486
2025-01-18 14:00:00,38.430618081988605,36.181556013768066,44.706360263156,42.34076144176086
2025-01-18 15:00:00,44.62832429991529,30.77512454039013,44.822396220998066,33.64205884667845
2025-01-18 16:00:00,43.443519327815494,29.00020393326448,36.341372112160784,42.42651137205307
2025-01-18 17:00:00,45.38571644526771,45.82908957603445,37.83983916067379,32.744150535816715
2025-01-18 18:00:00,94.37592363512269,85.14378682284956,23.08348981857479,12.312841627568027
2025-01-18 19:00:00,87.62838714139691,65.0615288880118,18.398739607253557,41.223868512583806
2025-01-18 20:00:00,84.97375545255504,68.08701530964676,13.243743220859006,54.2091827592716
2025-01-18 21:00:00,92.65802079468311,77.08190618102914,0.0,33.277214202267935
2025-01-18 22:00:00,55.47031689848579,51.10652317784203,0.0,38.69563280215289
2025-01-18 23:00:00,52.31313053455175,50.55322581560268,0.0,40.96497751470866
2025-01-19 00:00:00,39.79899384906348,31.645283502843853,0.0,12.959879603406797
2025-01-19 01:00:00,28.029800447122565,24.416090283259212,0.0,66.78864950878148
2025-01-19 02:00:00,25.950639127641292,28.942515999984213,0.0,36.490962848238055
2025-01-19 03:00:00,31.881411423779706,31.896515227405068,0.0,53.06181301284649
2025-01-19 04:00:00,26.962779643889256,29.85629629543051,0.0,46.08498117323535
2025-01-19 05:00:00,32.22982435865203,27.628438469456476,0.0,61.91637379565627
2025-01-19 06:00:00,66.8415613532713,37.042420171091486,9.205787042980761,51.88793918245614
2025-01-19 07:00:00,68.7890082313553,46.09266809578489,11.315660196237477,26.60365846302498
2025-01-19 08:00:00,79.09888039472503,59.37489399655776,20.331715468907493,21.95011985390913
2025-01-19 09:00:00,68.76495539918422,49.0820581653142,25.445159416317413,33.90114585230881
2025-01-19 10:00:00,48.41024193033375,42.177469635740906,30.08215859386742,15.02605666686587
2025-01-19 11:00:00,57.273128427590834,51.563991497839105,40.83373400919494,32.82740930355446
2025-01-19 12:00:00,47.27538510212146,28.14701925406795,45.33169795415177,20.49786729716873
2025-01-19 13:00:00,39.59431702968117,36.25659466415719,45.21815863395642,43.297479050108
2025-01-19 14:00:00,45.30708660763346,31.05055176324692,47.7641734146838,34.30389357579779
2025-01-19 15:00:00,46.935412972772795,39.58534517568539,43.24566684474759,38.28408069447082
2025-01-19 16:00:00,48.20470532520782,34.97402102093258,39.7356041184998,33.65009137444604
2025-01-19 17:00:00,39.3500633203508,44.429630035101745,34.37475363647969,18.528398673620416
2025-01-19 18:00:00,91.85716215912349,73.65631237752686,28.65022111734623,25.87874570922736
2025-01-19 19:00:00,87.07763623273713,64.9062027493147,16.758895303445193,49.52197210956519
2025-01-19 20:00:00,86.4496727798881,71.4221657838937,14.965687843943812,44.161776399168254
2025-01-19 21:00:00,94.58958065100123,76.61037269934818,0.0,54.91255523702812
2025-01-19 22:00:00,49.53207909704344,52.11639551555679,0.0,46.669663922519064
2025-01-19 23:00:00,53.25699456050599,43.46557041877326,0.0,32.149483597060964
2025-01-20 00:00:00,30.700107611537874,39.960784786609786,0.0,37.327614236249524
2025-01-20 01:00:00,25.18160530647674,23.463500590967673,0.0,47.80124327697821
2025-01-20 02:00:00,34.347417849103444,27.397450414316793,0.0,19.64231352586809
2025-01-20 03:00:00,32.52126402155529,20.671392685752107,0.0,66.09871707845355
2025-01-20 04:00:00,21.061692246583107,24.409082543979927,0.0,51.748791435752196
2025-01-20 05:00:00,31.248395000568046,25.356682622175587,0.0,60.89782674343607
2025-01-20 06:00:00,80.45916209980027,57.38827600569717,6.790530898239294,28.18729421066766
2025-01-20 07:00:00,88.87438143240688,59.84620160584114,12.312471510618,36.66124046628221
2025-01-20 08:00:00,77.43324328803665,48.52297461146196,18.9882657851155,43.560232937803555
2025-01-20 09:00:00,82.33339619471711,50.84595783525134,25.344461856997317,18.727944042796565
2025-01-20 10:00:00,63.64476739461063,42.20078651587387,30.241956186425785,33.35367246202132
2025-01-20 11:00:00,62.26018823880098,50.390143948324855,37.75205384915502,27.969078337140495
2025-01-20 12:00:00,65.44896907037541,53.90450630499254,41.78723530117912,17.165217404627747
2025-01-20 13:00:00,44.22181515892699,32.054789228813505,44.125281772483824,36.64119784006597
2025-01-20 14:00:00,58.488328611871985,34.25227738258714,49.456216403321406,39.41989430806994
2025-01-20 15:00:00,53.41786506051601,37.69190889043941,44.74549622759212,27.71912099160567
2025-01-20 16:00:00,57.17344605447282,52.42014063897921,36.26312609353092,42.130037283361546
2025-01-20 17:00:00,54.98879485751837,46.333372562905296,34.11803153626772,19.028442344635117
2025-01-20 18:00:00,105.80718267688987,86.17634935961742,25.39662942884884,20.43122774829012
2025-01-20 19:00:00,100.08053624283734,83.4814028801123,19.314031000705484,43.37427046714488
2025-01-20 20:00:00,103.32343887631842,89.70170985726512,13.091623550881074,42.208156386556524
2025-01-20 21:00:00,113.01246318981916,81.67017678908712,0.0,34.42835160220302
2025-01-20 22:00:00,68.25012693261625,55.11336721498376,0.0,50.4309774322208
2025-01-20 23:00:00,59.227457004695935,39.89790173298358,0.0,47.50866875573243
2025-01-21 00:00:00,21.0,27.163144299887033,0.0,55.99236804231446
2025-01-21 01:00:00,29.042896195626966,25.27970333276209,0.0,44.6827001845916
2025-01-21 02:00:00,28.705337003418975,28.35505188136135,0.0,53.04693104625161
2025-01-21 03:00:00,28.876023245818274,21.500741451272095,0.0,40.96557415874283
2025-01-21 04:00:00,32.37842640824131,32.234536779415116,0.0,69.77314547967468
2025-01-21 05:00:00,33.94295660694748,26.351260311659125,0.0,36.736929048646786
2025-01-21 06:00:00,88.62317888298007,61.556489052977966,7.321792088842605,70.36646248422502
2025-01-21 07:00:00,86.17252205164137,65.74580820229585,11.601408397698258,27.902403901273253
2025-01-21 08:00:00,76.06336276238035,59.82300379018003,18.728395242624096,18.149092652392213
2025-01-21 09:00:00,82.63143212391239,57.24092841530149,25.334094553650054,37.12180367225909
2025-01-21 10:00:00,72.5560272167455,54.591979498562196,30.96330136300277,28.531787872539216
2025-01-21 11:00:00,63.8715984973853,54.51355280605989,37.7625781938531,33.54691028429843
2025-01-21 12:00:00,63.84281124877154,46.35981909064194,46.725794370488906,36.12445740070075
2025-01-21 13:00:00,52.8157060546275,33.09824442021073,42.99113772511978,34.99790357473952
2025-01-21 14:00:00,53.06722762692209,41.3404222220169,47.1018955348212,27.493233812692427
2025-01-21 15:00:00,40.47401451075848,30.138529025850968,41.70698167480569,40.14322757198727
2025-01-21 16:00:00,50.12015989954533,22.48736940784353,36.759926240681665,32.27742970815209
2025-01-21 17:00:00,51.02750158256903,39.68418791602736,33.74146209414032,37.804721153469444
2025-01-21 18:00:00,111.91276794793062,88.05681284117199,25.749643291318247,14.895394511290995
2025-01-21 19:00:00,106.3605666770906,88.64953239565477,18.822008325766582,46.128225233278215
2025-01-21 20:00:00,98.73673741158153,73.46137765541253,13.414189805287279,34.86771028694575
2025-01-21 21:00:00,108.08143985406315,74.3287249420543,0.0,58.64137899639938
2025-01-21 22:00:00,58.5704122736818,52.22263015834864,0.0,47.95495642377847
2025-01-21 23:00:00,56.71208780590777,44.18913023975898,0.0,43.979743004003524
2025-01-22 00:00:00,26.246284289775385,24.49400583004061,0.0,51.149864037880114
2025-01-22 01:00:00,32.44126903349032,26.291582110191285,0.0,34.22174181110495
2025-01-22 02:00:00,35.66442557892031,19.573097510451582,0.0,64.11255922951021
2025-01-22 03:00:00,32.17318475329914,23.15451701625261,0.0,68.30954230912373
2025-01-22 04:00:00,32.844104506276594,23.326516035300155,0.0,50.08502068019423
2025-01-22 05:00:00,32.128703727771004,30.6763248956997,0.0,63.737990213174065
2025-01-22 06:00:00,84.85270887234303,59.63187499977859,7.650819517095466,39.116245518506375
2025-01-22 07:00:00,87.53292443380334,58.0023781510165,12.475340327102147,21.910283398943964
2025-01-22 08:00:00,73.51224697465854,61.55488917704046,16.785229227708903,27.643130116887654
2025-01-22 09:00:00,84.89663415734267,55.252998089702494,24.136775076092267,30.33851403020837
2025-01-22 10:00:00,57.65788977655306,45.07472855252589,29.89430065650132,24.667991009973946
2025-01-22 11:00:00,67.59311400880182,45.36597022175167,36.721543422487095,31.041933301550966
2025-01-22 12:00:00,61.69785355887732,52.54912523823233,43.25650800473693,29.459119431609466
2025-01-22 13:00:00,51.48097675749956,38.119517123181915,41.07647329036008,23.95628933096597
2025-01-22 14:00:00,44.56888692615222,32.96730131865872,51.31100236690628,36.06414941464208
2025-01-22 15:00:00,55.91744936085216,38.44050131749249,37.967437135552544,38.81545548628389
2025-01-22 16:00:00,54.16468690152647,40.19113161474769,32.89930504584028,33.29218491910759
2025-01-22 17:00:00,53.84797583082659,45.50406713133899,33.0076309408257,41.12289949095619
2025-01-22 18:00:00,102.77481788582894,85.8136597377557,25.01666494440143,22.207692400244866
2025-01-22 19:00:00,102.95204141836706,79.68968228018828,18.071876975674886,45.846486592076545
2025-01-22 20:00:00,107.43961826559521,94.51749139389239,12.424606468897576,29.036286304989822
2025-01-22 21:00:00,103.3081778744724,87.74099575309715,0.0,29.61295847424826
2025-01-22 22:00:00,64.31707076440122,53.483307850549366,0.0,34.570657631675196
2025-01-22 23:00:00,52.63594571990294,32.201561919552844,0.0,31.378100369844063
2025-01-23 00:00:00,27.80604949617033,8.870257078951523,0.0,38.93212541484656
2025-01-23 01:00:00,38.08539059441921,0.9001902185216937,0.0,42.69727589130552
2025-01-23 02:00:00,31.977686225980943,9.485165097695736,0.0,54.55401999083476
2025-01-23 03:00:00,30.75057149038947,8.566717755091197,0.0,41.49041836738262
2025-01-23 04:00:00,38.93351941052111,8.317811560135388,0.0,27.22960861193089
2025-01-23 05:00:00,21.0,8.63658510876291,0.0,57.97031391995395
2025-01-23 06:00:00,80.95829137731226,0.8005026525298309,7.428393089174747,35.671684368890055
2025-01-23 07:00:00,82.8219121209955,1.511680939786968,10.689937752024655,26.670139878737707
2025-01-23 08:00:00,88.489771942383,1.3437242656108217,16.858177227844816,30.089149582683188
2025-01-23 09:00:00,88.56764502838581,1.1124181075137596,21.66275115283961,28.418232003959332
2025-01-23 10:00:00,58.63586335497224,3.2771121953222924,31.702836048827177,34.47166804256777
2025-01-23 11:00:00,67.02368799503553,8.302168829505273,35.05630359803141,30.308847201071657
2025-01-23 12:00:00,60.71797709244637,2.519621436312293,37.54230220479977,21.23912069603249
2025-01-23 13:00:00,56.938122936582964,2.4422167899226,41.68922138833915,48.7778059838516
2025-01-23 14:00:00,46.838852479612456,6.758887574206133,44.20289953933575,33.112944103322505
2025-01-23 15:00:00,50.93084242536399,0.9692510213671712,38.38409802901826,30.415537734443046
2025-01-23 16:00:00,49.27999170196719,3.60279992361924,33.14026461605175,39.188630685524906
2025-01-23 17:00:00,56.23788129320742,2.95426306844221,29.981998996382398,33.54807930087707
2025-01-23 18:00:00,104.36897376777564,8.473008641294212,23.352348441577064,34.73052357993058
2025-01-23 19:00:00,106.53047086177051,5.1450127762546,16.07698946955062,65.89768075015706
2025-01-23 20:00:00,109.00214053180713,6.46473564121941,11.082622669794413,37.80867255254258
2025-01-23 21:00:00,109.17515241594096,1.2903433820623522,0.0,37.37586875296294
2025-01-23 22:00:00,66.52418027902333,9.289182605559102,0.0,41.78454840867474
2025-01-23 23:00:00,63.482955041195055,3.2245215412510464,0.0,51.477459374886244
2025-01-24 00:00:00,16.474899265391127,19.335955341895442,0.0,27.816893350476565
2025-01-24 01:00:00,16.655642165275594,27.90080328393092,0.0,22.696084678719213
2025-01-24 02:00:00,17.645364788831174,27.858925234349694,0.0,38.07385048927644
2025-01-24 03:00:00,18.235764189215608,23.226043486810667,0.0,26.395753342438724
2025-01-24 04:00:00,17.189635515712816,36.21785704527616,0.0,39.88427607192901
2025-01-24 05:00:00,17.628308569923142,13.549061379512525,0.0,50.22950197605675
2025-01-24 06:00:00,45.71981887281691,54.22886267557526,7.369309974624468,34.68654006495987
2025-01-24 07:00:00,51.47987158225366,59.02489130677504,9.907632499739941,17.2236617349351
2025-01-24 08:00:00,50.19781831866362,54.84485869012504,14.468503494104501,27.238306647484045
2025-01-24 09:00:00,52.36187135783281,55.225291182443456,21.00450383330864,32.54767183381852
2025-01-24 10:00:00,36.741337096604575,45.22501740046838,28.126355191125896,15.428807645374478
2025-01-24 11:00:00,32.157365526145455,37.96161059352933,35.37476120621148,32.26446051519876
2025-01-24 12:00:00,35.79581625607778,39.857795210015084,43.728372699289864,32.244873889225886
2025-01-24 13:00:00,29.724081158363905,28.17934456747263,44.49120898839984,38.687145131753695
2025-01-24 14:00:00,32.21000368827323,28.708386580414583,41.10182990734786,40.751843635475616
2025-01-24 15:00:00,24.79263707441001,29.277599219301813,39.0525366539641,48.43239626788269
2025-01-24 16:00:00,30.359802695414274,35.693499247698256,31.74796759080204,28.455788072848677
2025-01-24 17:00:00,31.605609130181524,38.07435644214686,28.57259779738481,32.09222063597403
2025-01-24 18:00:00,60.95554986788918,80.72348962909359,21.770738198373046,27.98453469464141
2025-01-24 19:00:00,62.89643085599327,79.8764638618183,16.725259626884203,40.181140623761806
2025-01-24 20:00:00,61.046386136190456,78.90326856974822,10.464204545086805,55.55183625003025
2025-01-24 21:00:00,60.77603333251937,77.89766425948122,0.0,26.656912449412722
2025-01-24 22:00:00,35.66405313447374,63.20119280391415,0.0,31.516075536267657
2025-01-24 23:00:00,34.867066874294636,37.99563981144091,0.0,53.98863405524887
2025-01-25 00:00:00,33.0762824037135,22.988570656093145,0.0,55.39477148285936
2025-01-25 01:00:00,26.6927165542408,20.2493546010066,0.0,40.13187773850194
2025-01-25 02:00:00,25.936904968284328,19.342488440387523,0.0,53.56703863971765
2025-01-25 03:00:00,37.9556790007779,28.25143897129309,0.0,47.90416548205897
2025-01-25 04:00:00,34.32333005320816,24.906615472811325,0.0,60.69407157491135
2025-01-25 05:00:00,21.6231898770336,21.54556969205455,0.0,44.96113276156984
2025-01-25 06:00:00,68.32209663015142,45.403540633098444,7.328338993136971,55.456517521760105
2025-01-25 07:00:00,72.85463730724001,45.74194788556682,12.233835750348451,43.97570393708831
2025-01-25 08:00:00,73.22045173702953,53.34430160718692,15.717931604825024,30.44328282463835
2025-01-25 09:00:00,65.0563360386718,58.52830695939852,22.368918668801477,26.80995742898326
2025-01-25 10:00:00,58.098710168566306,36.319283638023684,29.364378528899554,31.26657002114146
2025-01-25 11:00:00,56.598675337183174,43.370527921675944,32.48950206432872,24.064897056506307
2025-01-25 12:00:00,55.05372279504738,38.787634348196306,38.718196519736466,42.2937176812443
2025-01-25 13:00:00,49.55124941725942,40.019023323675334,40.5302241449657,32.288182708999315
2025-01-25 14:00:00,45.481276175624004,38.141809545344444,40.805823415774285,28.78903464557209
2025-01-25 15:00:00,45.464585165688185,35.815496218561,35.68410968584125,24.442132832824683
2025-01-25 16:00:00,50.45552793225497,36.258240694504735,33.63273941935512,39.37253108150627
2025-01-25 17:00:00,48.401459322329565,33.18084493459216,28.93661677855627,37.59568558694755
2025-01-25 18:00:00,86.85515885300786,65.21416080073865,24.18841805037377,27.055535898977443
2025-01-25 19:00:00,93.49132072213337,72.74466259208386,17.072698198871397,45.44993417980793
2025-01-25 20:00:00,87.65273702579613,63.726191084260854,12.77474258706396,24.743181718317132
2025-01-25 21:00:00,92.910637897386,71.05232641584296,0.0,41.56203635470307
2025-01-25 22:00:00,55.02992623245502,55.7900202846458,0.0,44.22148688116201
2025-01-25 23:00:00,46.659562544813916,36.0676536033942,0.0,56.680983719708564
2025-01-26 00:00:00,29.45169474910034,30.241269590420607,0.0,35.245282053211525
2025-01-26 01:00:00,31.19365660611181,34.632346996542594,0.0,29.705743774397522
2025-01-26 02:00:00,28.036694140526293,23.904710029536734,0.0,33.88522058290603
2025-01-26 03:00:00,31.416194740758417,27.20783199208659,0.0,29.070339724241165
2025-01-26 04:00:00,33.62653999650481,23.50733976508937,0.0,58.24758113744174
2025-01-26 05:00:00,29.8623312109616,18.490688445655618,0.0,60.561283191512416
2025-01-26 06:00:00,72.97118979763054,44.583575940719875,6.418948448169549,47.15351741470379
2025-01-26 07:00:00,78.18590050594527,58.79389168779103,11.331262473546088,34.19306662614992
2025-01-26 08:00:00,74.0898767769569,52.89882047302253,15.637439849727073,27.072348106617497
2025-01-26 09:00:00,72.86420145597852,61.53790797644028,24.75511476680191,25.572220873709664
2025-01-26 10:00:00,48.721511905946414,42.94562393217939,25.298823301934483,24.01409809474513
2025-01-26 11:00:00,56.05248616558236,36.44655256706981,30.43418813482572,24.16240568070706
2025-01-26 12:00:00,54.51854388659626,45.246390485606774,35.19725113698052,16.058886854296205
2025-01-26 13:00:00,49.345885046933454,34.5674266667694,32.66760932605347,32.57990087764802
2025-01-26 14:00:00,43.780011040142014,40.426594063561595,37.699115827377405,30.25277237532557
2025-01-26 15:00:00,35.39585834467414,25.347664718076256,34.7248038663389,36.25566261626328
2025-01-26 16:00:00,35.91851368554994,22.68724490966259,33.01846313323739,31.275474179566093
2025-01-26 17:00:00,46.879621032195914,30.796024728766906,27.787342103571305,29.317838631030867
2025-01-26 18:00:00,88.32224400091255,66.56299459352188,24.226584975295307,23.904814932167152
2025-01-26 19:00:00,92.85357007055147,68.33410270002973,16.583183961120767,40.00140053003669
2025-01-26 20:00:00,91.40216209081484,68.96731020280089,10.103237713584987,46.5444481711446
2025-01-26 21:00:00,90.13733668593159,78.9867946480948,0.0,28.061429555971014
2025-01-26 22:00:00,52.59924332918553,58.63027575927008,0.0,40.15189637230059
2025-01-26 23:00:00,49.13861634162902,29.879304510545033,0.0,41.58184545558423
2025-01-27 00:00:00,29.92900039995148,32.455250188875375,0.0,35.43046780205871
2025-01-27 01:00:00,27.369779552425207,21.92360889786777,0.0,36.836146771427636
2025-01-27 02:00:00,28.324845659434327,26.346975621268314,0.0,45.67199276575147
2025-01-27 03:00:00,28.543579298808776,15.21833699505652,0.0,30.946447025061598
2025-01-27 04:00:00,28.979880285455764,27.326607281833006,0.0,46.96004703726878
2025-01-27 05:00:00,34.14978055428189,15.032024703880783,0.0,33.516519872729766
2025-01-27 06:00:00,84.96907576106496,58.367158810317434,6.16585005642666,54.65655563893466
2025-01-27 07:00:00,90.15979500714153,61.515863879008954,10.69430993582097,41.052401171197744
2025-01-27 08:00:00,92.47348177345525,63.60528448439986,13.389755029914621,20.33401290280651
2025-01-27 09:00:00,89.40038542223876,55.06870348480567,23.46104276850207,29.369703254438935
2025-01-27 10:00:00,65.63245927717286,49.7625631074601,28.75403889948642,21.202075830387077
2025-01-27 11:00:00,64.69809581204039,47.412806546004234,30.50395380961449,32.652082281496554
2025-01-27 12:00:00,67.12146506008988,46.116291055951635,30.991516019366806,17.71390978107358
2025-01-27 13:00:00,52.46658238148688,41.43054966133596,42.37035925871201,33.859443312740034
2025-01-27 14:00:00,56.49502336461119,40.0451672648338,37.87940166965217,23.63057753870537
2025-01-27 15:00:00,54.82793518160738,42.42373686253934,39.469830735523324,28.66352047490325
2025-01-27 16:00:00,50.445176984292054,37.26400864638892,27.650896176681606,22.436309531116862
2025-01-27 17:00:00,56.095788018266425,41.70073108003534,25.01498822308116,36.44212492846751
2025-01-27 18:00:00,108.29057814250665,88.09212330146163,20.4714720296751,23.90269180358819
2025-01-27 19:00:00,107.40132408135217,80.47306223866856,15.027236222950863,44.2270767836075
2025-01-27 20:00:00,105.73602189381215,75.45247676703534,9.918914430823756,35.52089779393785
2025-01-27 21:00:00,108.62600293104316,87.05365329187757,0.0,37.75195035966843
2025-01-27 22:00:00,67.71143263872298,65.05332165349166,0.0,40.299771383348755
2025-01-27 23:00:00,67.22758089453322,50.379412016696975,0.0,31.4622481034923
2025-01-28 00:00:00,31.590272088565307,27.006562482660854,0.0,44.9571241633339
2025-01-28 01:00:00,32.69839638326266,24.553059474964957,0.0,59.05136796144224
2025-01-28 02:00:00,35.72263556185151,32.231873453944736,0.0,34.40260406033711
2025-01-28 03:00:00,29.325151689731126,22.570998843842673,0.0,55.22314432216174
2025-01-28 04:00:00,24.98060998411407,20.754178252230414,0.0,58.707151016806996
2025-01-28 05:00:00,35.85508433480358,34.51955921424471,0.0,33.99620784010463
2025-01-28 06:00:00,83.40130610895471,54.22113926460608,6.771130453617002,27.17421617223968
2025-01-28 07:00:00,82.67878668804538,62.15632173407766,9.136366014586697,27.56108222195075
2025-01-28 08:00:00,77.70241834408746,60.70437789286908,14.369185113266456,22.119490937286642
2025-01-28 09:00:00,88.35608198233227,61.977226553321586,20.05782506055263,37.59798371131136
2025-01-28 10:00:00,56.104944371834705,33.51342506950896,26.55910145075052,25.84952884370072
2025-01-28 11:00:00,60.025316547706886,43.309734614691635,32.52176085868923,20.48713298185166
2025-01-28 12:00:00,66.04854675763747,45.48116396603496,31.729996689286153,18.27710039855942
2025-01-28 13:00:00,55.45821328777076,36.46048397688557,32.560576216622465,38.04400854800551
2025-01-28 14:00:00,49.27689898495103,37.130039498112076,40.909517318721996,25.628357945367213
2025-01-28 15:00:00,51.60587768046726,42.21722429047129,35.79397539868505,30.225212189585406
2025-01-28 16:00:00,48.2828922831054,33.00789681321934,28.927569726514637,37.04167435593248
2025-01-28 17:00:00,49.741782106782765,36.27583802219052,28.67476466531847,26.278075207049383
2025-01-28 18:00:00,109.36710397455425,83.49666439583154,20.050480766841833,29.5543273691502
2025-01-28 19:00:00,105.91172524928211,89.25611699546286,15.906003361969752,38.28057302125202
2025-01-28 20:00:00,107.07016762307566,81.43350498668211,10.043530135786472,45.006508053857004
2025-01-28 21:00:00,101.57795523658712,72.78285749248552,0.0,44.116817316692575
2025-01-28 22:00:00,68.49978392394732,49.31995254722906,0.0,36.32451293490909
2025-01-28 23:00:00,65.6967808515895,49.40449173019644,0.0,39.05145880123645
2025-01-29 00:00:00,33.568074173267405,21.920886248196407,0.0,38.31767331869814
2025-01-29 01:00:00,35.80691396077588,32.31746657753183,0.0,26.638957241516362
2025-01-29 02:00:00,26.286542060044276,16.31480649466271,0.0,44.964559571574945
2025-01-29 03:00:00,28.387224826373895,20.032877703783516,0.0,62.22748827588066
2025-01-29 04:00:00,21.473245345880052,17.041922752339843,0.0,32.91106917565443
2025-01-29 05:00:00,44.13190309546007,34.628812167995235,0.0,34.080061217139004
2025-01-29 06:00:00,85.34448577296806,61.950816565219526,7.289807149184674,33.04827113680811
2025-01-29 07:00:00,90.69189524151335,63.01668861054584,11.053855863874478,29.93787284450989
2025-01-29 08:00:00,80.44589454238668,48.70919572891585,13.8219536777207,28.18829607208474
2025-01-29 09:00:00,90.50136760728978,56.12952891213846,20.77456269879485,24.34183004324983
2025-01-29 10:00:00,71.93487371384568,51.665805059161784,26.029167588456453,19.52929644787056
2025-01-29 11:00:00,63.30445139829626,34.438930515217336,33.12463445805775,25.931776068291576
2025-01-29 12:00:00,59.02674803426897,41.56906519135616,31.219415989131942,15.432028097855788
2025-01-29 13:00:00,51.730178503180234,46.599051014398015,37.98940271465547,30.631134729438976
2025-01-29 14:00:00,42.33433544512763,30.767610734082925,39.062220375047424,36.013747896871855
2025-01-29 15:00:00,52.184272152836854,30.100524590901664,29.070971404049132,20.32107682652407
2025-01-29 16:00:00,56.04911443434363,37.80921335054507,27.02955395917825,18.24136711132362
2025-01-29 17:00:00,52.193852907754334,34.41506315260662,20.713373264734052,41.24714436647097
2025-01-29 18:00:00,107.18089661876992,96.78305487506002,18.86084596119678,25.048265078044402
2025-01-29 19:00:00,110.83358113737442,94.78480030311994,14.912392634149962,48.816710760179966
2025-01-29 20:00:00,111.17763642614327,90.71095007730068,10.857687537539668,36.555897605013946
2025-01-29 21:00:00,100.98994958359695,78.34975622237793,0.0,36.48026561131216
2025-01-29 22:00:00,63.97541809917672,62.4791204183927,0.0,42.18670350337651
2025-01-29 23:00:00,74.53764782795378,45.967892942375705,0.0,29.61730358277142
2025-01-30 00:00:00,23.992426894583893,30.869491740826472,0.0,43.16600251065141
2025-01-30 01:00:00,29.6156152522512,30.30001189642936,0.0,37.79715546818176
2025-01-30 02:00:00,38.737857549232665,28.78152708251912,0.0,27.988788070025485
2025-01-30 03:00:00,34.96878820444654,33.601081615029436,0.0,45.3071727883077
2025-01-30 04:00:00,27.689714936507723,21.97477592980367,0.0,39.031621556887195
2025-01-30 05:00:00,30.927609208301718,17.46478298552219,0.0,40.1418005006545
2025-01-30 06:00:00,86.2404974400683,64.76280028475895,6.104392604428304,29.1412662947494
2025-01-30 07:00:00,82.8836768805525,55.82392795827387,10.62353789525585,35.04298644602232
2025-01-30 08:00:00,85.91586551628113,61.82642952772284,12.165523981943668,30.56383336810322
2025-01-30 09:00:00,84.99015240237061,68.3249553061507,16.144876901521986,31.11185676631915
2025-01-30 10:00:00,64.25737022134537,41.56172759364175,23.89441641103348,23.154888346551743
2025-01-30 11:00:00,60.382275686890345,43.08061608466007,29.840340755618076,14.231893262969244
2025-01-30 12:00:00,58.00521809889902,50.307695293998066,32.719771271560454,37.3087222212881
2025-01-30 13:00:00,52.31423651973433,42.546109047328336,29.145524477959228,28.800666586877277
2025-01-30 14:00:00,60.21803198180451,38.692787773619564,34.672379405895875,23.772290193101163
2025-01-30 15:00:00,52.869913168182585,32.86359708087682,29.382066918692047,32.29499328445734
2025-01-30 16:00:00,51.007827994808046,33.950328990882156,30.501825534373598,37.781215283159966
2025-01-30 17:00:00,55.89338612267324,36.3691374124595,24.704972854325785,29.078860215466367
2025-01-30 18:00:00,108.03756174332078,84.9785103109911,17.28659154297151,38.59615305902783
2025-01-30 19:00:00,117.15614816231599,89.70284625986146,13.113212222213345,47.78503225530473
2025-01-30 20:00:00,108.73239370817213,87.2767040636457,8.602515109121324,27.484796567393218
2025-01-30 21:00:00,111.90223678421172,83.05505153909237,0.0,31.26953551279257
2025-01-30 22:00:00,60.35428027923027,52.08273837725902,0.0,46.60556288012032
2025-01-30 23:00:00,66.01390164001498,36.86668009446366,0.0,12.102665927110383
2025-01-31 00:00:00,31.325063261785807,26.145717646224675,0.0,39.78086481394048
2025-01-31 01:00:00,29.832865054572476,32.46008320545285,0.0,26.542677738039096
2025-01-31 02:00:00,27.82923269027517,16.267432232783005,0.0,36.401538518998606
2025-01-31 03:00:00,27.21600687010323,27.606304584556852,0.0,38.23774665546532
2025-01-31 04:00:00,31.35772960344735,21.755349457105623,0.0,37.623820567577916
2025-01-31 05:00:00,32.917368609173046,31.13652798777244,0.0,35.61938731623834
2025-01-31 06:00:00,85.91014772478019,59.62365311402686,5.851290503313177,29.990081101890517
2025-01-31 07:00:00,87.77508598914736,61.27174644082066,9.804308136198387,39.0019153004928
2025-01-31 08:00:00,86.31176425650632,58.43470123124773,12.207469423684227,36.37086513314226
2025-01-31 09:00:00,86.92574742017803,67.16633184352006,18.8445003484922,17.591613074782344
2025-01-31 10:00:00,63.02228280903031,46.63855172726306,22.27227275250322,34.60208440636256
2025-01-31 11:00:00,64.00516183823521,41.419558572258765,26.27606238242112,22.31877342543678
2025-01-31 12:00:00,76.06546728675623,52.3765676251145,31.51897925695539,25.595755131519418
2025-01-31 13:00:00,54.047592037198264,37.17924253436615,31.03880864876105,28.469859778787683
2025-01-31 14:00:00,55.54907400550455,41.401737847442575,32.34263677351194,24.156237147483726
2025-01-31 15:00:00,54.61634391654129,36.83798402377013,28.744632046218975,36.04253278872663
2025-01-31 16:00:00,51.46256198772809,33.70923475654616,32.46535332634757,29.837842357359072
2025-01-31 17:00:00,58.46818915237736,43.75758456104794,23.324546172568883,25.481094162216717
2025-01-31 18:00:00,107.73023841821116,85.22746307284973,17.100083155776236,19.492837398269977
2025-01-31 19:00:00,113.78822085537118,94.85350163623474,13.479401448862422,28.883690271401605
2025-01-31 20:00:00,107.53654389383068,82.7247194404118,9.026478501525677,21.930703340288225
2025-01-31 21:00:00,104.72059904898151,70.94412245871159,0.0,37.30608944546973
2025-01-31 22:00:00,65.56856816814069,55.443897413458735,0.0,26.065707181523063
2025-01-31 23:00:00,58.95327762861834,34.01168814212972,0.0,34.72322313738173
2025-02-01 00:00:00,32.41038101257474,27.406844730266844,0.0,54.87296034333304
2025-02-01 01:00:00,24.626286047589076,13.768952675339783,0.0,53.12766257612489
2025-02-01 02:00:00,28.56446386287216,18.63718610395629,0.0,40.54312535931838
2025-02-01 03:00:00,23.557216365638663,22.427008085797766,0.0,39.98308607588426
2025-02-01 04:00:00,42.708751542312285,39.01316316048371,0.0,60.08193732065513
2025-02-01 05:00:00,22.557181981726586,17.79101052052912,0.0,46.194146419689545
2025-02-01 06:00:00,73.18914982515483,51.19387653727861,5.5945473630407365,37.523334937263094
2025-02-01 07:00:00,78.28985722785606,58.63853994653034,9.254339249812459,15.780930377186287
2025-02-01 08:00:00,77.80872458201262,62.76138346594317,13.612159685990205,26.938576298163508
2025-02-01 09:00:00,76.97602754315012,57.67080694885076,16.79802177471062,29.60829784037262
2025-02-01 10:00:00,52.49371324803161,46.25071105672223,21.48742531794048,20.65114487841142
2025-02-01 11:00:00,60.00114125354476,48.32769985339206,26.572538167863918,26.309109774100246
2025-02-01 12:00:00,58.03150090363807,35.15744682908783,25.11835438522644,22.294716616454252
2025-02-01 13:00:00,45.26471577532902,36.89883070550901,28.80107719141981,27.29471640888781
2025-02-01 14:00:00,45.39198090562654,40.49814499898004,36.357566020653685,10.81625223703363
2025-02-01 15:00:00,42.9417155815877,27.326544481770686,34.83972986820897,27.024706681133125
2025-02-01 16:00:00,40.2159333796082,28.05203838853292,26.629086632306194,35.544726797939596
2025-02-01 17:00:00,49.8765468855111,33.04611938201785,23.56401024657365,24.094783174316035
2025-02-01 18:00:00,98.27367096292065,82.39423032204137,17.979337456916667,28.986765489507505
2025-02-01 19:00:00,88.3902438570791,70.84480308867548,15.995631903950384,29.833610938580293
2025-02-01 20:00:00,91.67670174855589,71.21581320602756,9.610993176427495,40.10041424439457
2025-02-01 21:00:00,91.72333051764858,66.67531486601862,0.0,34.79440807286468
2025-02-01 22:00:00,53.77428942819685,49.19332132007329,0.0,28.147993077856608
2025-02-01 23:00:00,54.21056794867237,36.775429695612814,0.0,49.040335522783444
2025-02-02 00:00:00,34.26087657740781,27.60160776454652,0.0,49.8144652623726
2025-02-02 01:00:00,26.637522111809652,18.083437381868343,0.0,34.312657104315875
2025-02-02 02:00:00,26.19143853819303,25.340011994478875,0.0,45.45709270930544
2025-02-02 03:00:00,35.56478883964339,24.397236719671113,0.0,45.85755128596095
2025-02-02 04:00:00,27.91809866153416,16.689161313853067,0.0,46.917618862267595
2025-02-02 05:00:00,24.3163409089032,17.63810960269431,0.0,23.30310283394679
2025-02-02 06:00:00,71.15925094193742,42.06713503401775,5.45541117229678,50.599486244872956
2025-02-02 07:00:00,71.85709837278883,50.103190971784784,7.884281596459517,20.80109176369349
2025-02-02 08:00:00,80.33966795615277,56.49841291630295,10.82476630084362,22.085862015266933
2025-02-02 09:00:00,77.50405363708215,54.176378857398745,17.25393372616282,40.251623969153556
2025-02-02 10:00:00,59.233094535885215,44.98146946980302,20.48059969191184,26.086241988979904
2025-02-02 11:00:00,57.759133151600665,37.856162596027744,23.303503947962007,21.913073220166062
2025-02-02 12:00:00,58.32734828330904,49.47861293421769,28.25534123285772,10.882962176684675
2025-02-02 13:00:00,41.336340231255335,29.17099766063259,28.97392011883278,38.13031955807242
2025-02-02 14:00:00,43.53900010177609,36.5705052700344,35.99937264519526,18.781527557798654
2025-02-02 15:00:00,39.978090892260795,31.01861148227553,31.89818386660067,21.199412320329387
2025-02-02 16:00:00,43.48551366345012,36.263494479940036,26.27863116194865,25.95414302097553
2025-02-02 17:00:00,47.5111822600731,34.26250107801375,24.380636156084456,38.31884055460957
2025-02-02 18:00:00,93.22104438338866,76.44106497450984,17.082670163827185,33.76866992613118
2025-02-02 19:00:00,98.51708328705487,77.91267375993989,11.56522309123435,34.94788372728327
2025-02-02 20:00:00,87.47904853671106,75.30122266509773,9.577084013193584,39.187746611145265
2025-02-02 21:00:00,94.86649217987562,71.85841669628091,0.0,30.922514554612107
2025-02-02 22:00:00,48.4518891526282,34.66960496607852,0.0,37.653830670793475
2025-02-02 23:00:00,54.49304587232152,35.297061916987865,0.0,37.05061909879256
2025-02-03 00:00:00,33.679812687190896,32.27329041908672,0.0,49.668773598948846
2025-02-03 01:00:00,29.383050734977754,23.093475364911416,0.0,49.65286192936911
2025-02-03 02:00:00,32.828382004078044,26.271205362322746,0.0,44.9226568832608
2025-02-03 03:00:00,26.02951677893854,18.496420169175828,0.0,36.362669109097496
2025-02-03 04:00:00,22.86170738380302,24.549312631016484,0.0,47.400161998086475
2025-02-03 05:00:00,32.854945586881854,19.946671117848673,0.0,39.065430185934645
2025-02-03 06:00:00,95.02687881517213,58.55601185072092,5.560422549570258,29.169741727969118
2025-02-03 07:00:00,82.69663053106682,54.9181264661093,7.571105692415079,21.57205362068641
2025-02-03 08:00:00,92.67870657231191,65.070246320288,11.829785707320466,24.497827463418275
2025-02-03 09:00:00,87.37423810150518,62.204374087596655,15.269248487770597,29.45007330198207
2025-02-03 10:00:00,58.43601272375464,46.496002125718036,18.75067250779383,22.890109118796182
2025-02-03 11:00:00,59.35485071528875,33.842838575559725,27.315177106645162,16.73842986670487
2025-02-03 12:00:00,64.5176560514964,45.29981869465944,33.2188691487397,24.331179158715074
2025-02-03 13:00:00,51.26044018048611,36.895558152089244,27.243372581116617,28.78322497048271
2025-02-03 14:00:00,47.17241208073249,26.25734991439861,32.0570647344161,29.289703108377804
2025-02-03 15:00:00,45.45734371063025,34.5671158745067,27.317015241787466,34.42598323419528
2025-02-03 16:00:00,49.270283500475294,35.23255417640719,24.4398524107642,35.11908121111353
2025-02-03 17:00:00,53.952661013634604,43.448505067314294,20.08379956060471,23.83144336724571
2025-02-03 18:00:00,109.88223756557502,86.62530785674325,15.284521810846893,23.67797374430623
2025-02-03 19:00:00,107.65547014353879,81.3793982601388,12.059334365110953,26.62806547473326
2025-02-03 20:00:00,110.81953332660082,91.43581582278026,7.707363447576909,42.27323360695005
2025-02-03 21:00:00,114.59116119167123,75.14505025226066,0.0,49.02070255253447
2025-02-03 22:00:00,66.22019386832714,57.10907467448073,0.0,33.151630839496164
2025-02-03 23:00:00,63.900735550120366,35.999953671465875,0.0,33.81424063307395
2025-02-04 00:00:00,34.61152082358142,20.58952698999665,0.0,54.05122990928906
2025-02-04 01:00:00,26.115870433634996,27.476038282607497,0.0,44.54739892414338
2025-02-04 02:00:00,29.423058865609242,16.723095342336187,0.0,43.86199625031655
2025-02-04 03:00:00,29.530301083406666,16.791253098371023,0.0,27.77399982342282
2025-02-04 04:00:00,24.86890713061552,38.51609574230973,0.0,46.259569303066996
2025-02-04 05:00:00,28.545763063328714,17.022529166000577,0.0,30.36227542464062
2025-02-04 06:00:00,78.07320621892669,64.37048510626747,5.2631107918533075,28.33654571644119
2025-02-04 07:00:00,96.01532599743884,63.667361332975545,7.946958778891577,21.67214305966562
2025-02-04 08:00:00,83.19216273499214,54.29278122727905,11.387491828261314,20.25419162464626
2025-02-04 09:00:00,94.54803837435145,66.7853542065593,14.71607833111418,22.41470350969692
2025-02-04 10:00:00,64.79177386295436,55.0405979590063,19.435014316942542,15.180931954920935
2025-02-04 11:00:00,67.16228218191846,40.070659505725274,26.06236107570555,29.417316397986255
2025-02-04 12:00:00,62.42079449463745,40.991075518124504,28.96556533829491,30.41910826958173
2025-02-04 13:00:00,54.16101160317474,45.73508276997736,27.327257998883802,14.206539932828045
2025-02-04 14:00:00,56.15253136929517,41.96798960742595,29.881263207507246,34.45614221032663
2025-02-04 15:00:00,56.21581385412102,47.73597564575729,29.523603143202717,22.07448237917076
2025-02-04 16:00:00,56.71180824468181,44.269888192694424,21.294797371056855,33.615357676401985
2025-02-04 17:00:00,51.567830794170916,49.600051545263696,21.260842940121663,27.210467989103968
2025-02-04 18:00:00,108.03903745248331,85.66472736078177,15.027018559318822,27.88334644746038
2025-02-04 19:00:00,103.0268625149902,82.3285435562615,12.139360969843052,33.94686832662847
2025-02-04 20:00:00,112.55514152899063,88.65733737967929,7.491821651005312,46.380076745777004
2025-02-04 21:00:00,115.0713601796499,89.89422725313315,0.0,24.56349695342602
2025-02-04 22:00:00,71.89231114684732,65.73650489201772,0.0,41.0028186502422
2025-02-04 23:00:00,65.99367044282893,48.39245541166789,0.0,45.394132662895075
2025-02-05 00:00:00,15.302760759272392,28.961635330026787,0.0,46.12407874740128
2025-02-05 01:00:00,15.0,28.95580477448198,0.0,61.85323912104967
2025-02-05 02:00:00,19.901966634162328,30.13871664195834,0.0,33.945629475083045
2025-02-05 03:00:00,15.0,27.101460404758917,0.0,48.48062567743773
2025-02-05 04:00:00,16.386019219073077,18.653160821989093,0.0,38.08100754052838
2025-02-05 05:00:00,16.681833188097027,20.627030783635064,0.0,51.180794824100175
2025-02-05 06:00:00,49.36246314079248,64.02325951266046,4.256651833781821,39.043339538900426
2025-02-05 07:00:00,49.630196980314125,68.7947362764047,6.702149479234317,21.19515120254185
2025-02-05 08:00:00,49.890521861548265,47.90009589609365,11.2544498260009,31.134865763462415
2025-02-05 09:00:00,43.39540549853558,50.16239540009595,15.642460765017518,20.586743615807517
2025-02-05 10:00:00,36.66170868146959,47.279341221868705,18.25298149903059,15.181556732514482
2025-02-05 11:00:00,30.95327599001538,35.45467644353396,24.946896333172162,20.438377119489395
2025-02-05 12:00:00,38.48690155480576,42.863829996973045,23.319695163915092,27.10347036817736
2025-02-05 13:00:00,28.755062406277943,40.08564325367307,28.477769590602833,36.912515004881
2025-02-05 14:00:00,24.680436220449206,43.47900479617579,25.855488403427135,28.143737785262186
2025-02-05 15:00:00,28.096067101542474,24.63022886303099,25.492095921709105,36.407013763654575
2025-02-05 16:00:00,28.717035083265728,37.74126898893014,23.82436740361768,18.08525723642589
2025-02-05 17:00:00,33.19574656961931,45.89501383716488,18.32209043925785,24.348506524489334
2025-02-05 18:00:00,62.953997166158956,91.71028414659212,14.852624304687303,25.407463297108904
2025-02-05 19:00:00,63.32995992819057,88.9030138470361,12.113871989448418,34.19836726947046
2025-02-05 20:00:00,65.45838716307877,100.30824161071953,7.349805919313382,35.94685267871915
2025-02-05 21:00:00,62.20927607941078,86.2418726234884,0.0,41.28785211220649
2025-02-05 22:00:00,38.542784215506074,66.82712601035651,0.0,31.291638410793272
2025-02-05 23:00:00,38.36390067522057,44.73270272626703,0.0,36.430366269434415
2025-02-06 00:00:00,24.819440506240618,25.052449156494035,0.0,38.2574753839844
2025-02-06 01:00:00,37.236979326637204,21.557956289192234,0.0,29.73738198888782
2025-02-06 02:00:00,24.217195216984848,30.149521597024936,0.0,37.59441743781721
2025-02-06 03:00:00,34.73670314995329,26.407437484704566,0.0,37.30428190708367
2025-02-06 04:00:00,23.781724561227627,26.921102434471372,0.0,37.09706567746696
2025-02-06 05:00:00,33.314118773985506,24.436775826327278,0.0,39.00119621591721
2025-02-06 06:00:00,96.25142555781703,67.35507519776523,5.1216513714832645,39.425998793158264
2025-02-06 07:00:00,86.9144046516653,62.1723324607434,6.763475952906937,20.707300213503856
2025-02-06 08:00:00,86.7192082133021,52.7507346805368,11.27707861849866,30.603340920224845
2025-02-06 09:00:00,90.61978860306706,55.862313125053944,16.492533905540597,16.428605311738163
2025-02-06 10:00:00,63.48482240277451,46.151761372441854,15.232777075444174,19.031803296994095
2025-02-06 11:00:00,73.14936062144865,53.876356280759055,21.44275940942459,39.35155772452747
2025-02-06 12:00:00,65.83197157717008,58.12787592732292,27.15044237055197,17.191781642934576
2025-02-06 13:00:00,52.07349259184502,41.074578524542325,27.17736619468883,17.91890463580025
2025-02-06 14:00:00,51.08297050330771,43.72424121319225,28.446380077620493,32.05924880936195
2025-02-06 15:00:00,49.3159872630597,28.53939682093195,24.69834696070769,13.020677122035332
2025-02-06 16:00:00,50.68935793842958,50.3348800878114,23.061505684981533,25.492635600485755
2025-02-06 17:00:00,51.936225107374604,41.79645708616611,18.75066323915122,41.61611536477295
2025-02-06 18:00:00,108.58413492693296,85.46835762129426,16.168651118027963,16.62433133665981
2025-02-06 19:00:00,107.8167220240596,84.60099473349635,11.038738926492325,17.569306879288874
2025-02-06 20:00:00,120.0,87.15296348685874,7.636286574852876,21.772487452176073
2025-02-06 21:00:00,106.14308291347386,78.42266877579642,0.0,42.645821569147266
2025-02-06 22:00:00,65.62695309901375,67.64455251530178,0.0,44.617041793848415
2025-02-06 23:00:00,67.63345099852988,42.94931931012525,0.0,30.361902556795844
2025-02-07 00:00:00,33.5304597639502,20.02685458738489,0.0,44.81281245653563
2025-02-07 01:00:00,30.43124194280228,19.907595356283796,0.0,51.57837831106447
2025-02-07 02:00:00,29.61181221051051,16.488231216159665,0.0,55.37807110121169
2025-02-07 03:00:00,32.726937494401184,26.300219869395836,0.0,35.91813878129702
2025-02-07 04:00:00,31.894321208725305,33.50544908477332,0.0,16.25290992634617
2025-02-07 05:00:00,29.529659027369593,21.511819966715624,0.0,30.420434594202884
2025-02-07 06:00:00,81.07480985076914,47.557111527085695,4.476292951921522,34.19126438639523
2025-02-07 07:00:00,85.99760667302947,60.96974221452089,6.889584415547873,21.478522813203046
2025-02-07 08:00:00,82.94378768684552,56.948113765905376,10.070223502561177,21.88661034138771
2025-02-07 09:00:00,85.10104544823062,63.688256956672134,14.707667950620907,29.38906594189847
2025-02-07 10:00:00,65.28945214097311,43.68001643903545,17.69074333092095,30.282030987785657
2025-02-07 11:00:00,66.75426021563158,45.886473208454426,22.594756070495162,21.979537433217455
2025-02-07 12:00:00,73.15198494846263,49.17949903399167,29.177768472185555,29.271887779567127
2025-02-07 13:00:00,51.23996093463851,38.48855749260171,28.49331059320116,29.188371422907522
2025-02-07 14:00:00,57.14410499844385,39.18022138426936,25.942237496538933,27.224765764269705
2025-02-07 15:00:00,55.03510974967594,36.5610189333211,27.42777733055118,32.86488352612429
2025-02-07 16:00:00,59.49027915758472,32.038651269351575,21.36191531331536,27.276650320251203
2025-02-07 17:00:00,56.251318877885986,37.46517117999188,15.322304480389986,40.57626964797127
2025-02-07 18:00:00,106.52841285662292,88.8890118384793,13.107904763222248,17.157966167108658
2025-02-07 19:00:00,103.3128721476008,86.86622892278395,8.870024208648623,30.01112943922505
2025-02-07 20:00:00,112.46725692791512,84.92542793705692,6.967639001359656,33.35817608204046
2025-02-07 21:00:00,108.68854978885959,93.19736615277566,0.0,38.232287861099536
2025-02-07 22:00:00,60.72853571086911,52.684078444347854,0.0,45.3673449920345
2025-02-07 23:00:00,59.43584789724795,36.04366193754545,0.0,34.23762995044925
2025-02-08 00:00:00,30.7243897391422,15.983875192167657,0.0,24.400255644631805
2025-02-08 01:00:00,36.784684646910144,34.95163919358835,0.0,45.83751109308474
2025-02-08 02:00:00,28.16097444432281,22.061452922839084,0.0,45.00874542657454
2025-02-08 03:00:00,32.656216399838954,19.874823106218724,0.0,19.481632587754696
2025-02-08 04:00:00,29.539801424020833,11.174749000943889,0.0,37.82656617404839
2025-02-08 05:00:00,24.197780599034733,23.257051808733074,0.0,22.810858766934487
2025-02-08 06:00:00,77.82734476291952,56.596773402885674,4.465958341249945,31.571224282800113
2025-02-08 07:00:00,69.59457951899947,46.11595583288295,7.833144590876536,17.590144276716355
2025-02-08 08:00:00,74.61801355479368,45.959921670653046,10.31221853348299,27.313671617953553
2025-02-08 09:00:00,72.98385184959876,48.1252506727586,13.495117618229338,23.3810685291092
2025-02-08 10:00:00,58.97186874338759,51.27305677015796,18.807492654354796,15.416177044542724
2025-02-08 11:00:00,50.191340821723884,29.84438484861273,17.511275849824248,27.715779344583353
2025-02-08 12:00:00,56.71193487295079,38.38068895403051,24.56162240472996,14.574407821375726
2025-02-08 13:00:00,41.39009524013249,39.86333184417535,27.244559252121622,28.691119985268738
2025-02-08 14:00:00,42.86921011772211,37.198836737752885,22.626524773028063,21.110207856500764
2025-02-08 15:00:00,28.810782549271185,27.715174614501265,26.313039976456828,24.080844046130267
2025-02-08 16:00:00,54.58362714548223,36.320511672987365,21.850656883984538,29.84507537942787
2025-02-08 17:00:00,47.646689770919686,36.85273487373651,17.051258017848035,29.958900272140244
2025-02-08 18:00:00,90.63530345968155,69.21306368121132,14.431226015114033,35.36249333309295
2025-02-08 19:00:00,89.02741654890481,66.57525409959675,11.874910350875108,33.37559148139928
2025-02-08 20:00:00,91.85794775844626,67.26274133367724,7.007324186593358,36.686996481862664
2025-02-08 21:00:00,97.31432505309081,83.15301441605648,0.0,30.347198302988215
2025-02-08 22:00:00,46.438638122709804,43.74651900704487,0.0,35.62670351831062
2025-02-08 23:00:00,54.31589040101745,42.87455487835578,0.0,37.82033377538462
2025-02-09 00:00:00,37.96788842608203,29.701858418619892,0.0,36.535415153825774
2025-02-09 01:00:00,24.897241488144882,28.411572525023164,0.0,20.56567403044987
2025-02-09 02:00:00,30.361732674436446,23.21896075055804,0.0,40.559880779080544
2025-02-09 03:00:00,39.91489416865991,26.61531792503352,0.0,40.869740882816586
2025-02-09 04:00:00,32.844682333608475,21.6654484401701,0.0,31.086845838123352
2025-02-09 05:00:00,30.566657192184547,17.27377428551239,0.0,25.428991835620092
2025-02-09 06:00:00,76.99545287657295,45.66613075509574,4.377710971681658,51.276116317260986
2025-02-09 07:00:00,72.91169482193878,49.53807591816421,6.4039936173955025,25.234729560611136
2025-02-09 08:00:00,80.56392961334792,46.459361692200595,9.015576623978882,21.186524505051814
2025-02-09 09:00:00,72.91860372643148,43.53759898527643,14.100025487149361,16.08528941505716
2025-02-09 10:00:00,46.28287438279993,43.05416964563794,15.814355529814707,17.85630997944827
2025-02-09 11:00:00,53.33832765437976,40.95164449997249,20.595485362570646,29.792064561181366
2025-02-09 12:00:00,50.74888623766667,35.778458581742335,22.318168476565745,23.247032572871255
2025-02-09 13:00:00,44.02561996353809,48.204244540297495,25.647994742933292,22.610204816832113
2025-02-09 14:00:00,44.12511475256369,24.296392227279206,25.360829790029566,29.56010172130717
2025-02-09 15:00:00,50.67939741754861,44.2747588798039,25.1309672716729,20.880976225737655
2025-02-09 16:00:00,48.41981028841626,35.851123654158656,19.642702197579784,36.056914610028294
2025-02-09 17:00:00,46.475687712515814,40.41697199793978,16.610523732361504,35.086525964993314
2025-02-09 18:00:00,94.31873168585638,76.7050877921358,12.186469079745427,23.160893029337647
2025-02-09 19:00:00,89.56712499699208,61.45861623572236,9.32941595948528,28.412209733858127
2025-02-09 20:00:00,84.5166974673575,71.43764366547526,6.8489844665798785,11.645817009870527
2025-02-09 21:00:00,94.84120608812057,79.54286799348671,0.0,21.22422324705734
2025-02-09 22:00:00,58.675077038193294,40.17105603374645,0.0,22.42187750711579
2025-02-09 23:00:00,54.61168914751118,53.01413578627282,0.0,34.849719210671765
2025-02-10 00:00:00,21.074858441542958,26.825239277825673,0.0,34.03343812018264
2025-02-10 01:00:00,24.394961344889037,31.07795087986414,0.0,24.5925715329586
2025-02-10 02:00:00,22.57492366022681,18.228717507301603,0.0,34.45095938544097
2025-02-10 03:00:00,28.45222143917642,32.90885631487065,0.0,41.73703515391966
2025-02-10 04:00:00,26.947193697231892,34.2703847753002,0.0,41.94549351704139
2025-02-10 05:00:00,26.03949011745589,29.989315502678792,0.0,19.457264229024737
2025-02-10 06:00:00,68.06966066094179,61.81677099742128,4.378112573152402,35.86741633889585
2025-02-10 07:00:00,61.26603863745697,52.71032889992984,5.9220656913660825,14.544296384264173
2025-02-10 08:00:00,67.75491019777435,60.54224011705317,9.950041994744236,27.245502333296283
2025-02-10 09:00:00,66.80253091978318,57.81790844504831,14.094505934533686,26.591939375517857
2025-02-10 10:00:00,50.48676957728173,52.48288613754427,16.867034417225693,17.24183684264399
2025-02-10 11:00:00,50.108647937460866,43.232607588778144,22.65109875636486,17.97543854990984
2025-02-10 12:00:00,49.976266943759974,51.62162345954841,20.93493786765067,19.669500861769478
2025-02-10 13:00:00,48.90490695986146,42.91920272203372,21.390267081334006,11.33017458645399
2025-02-10 14:00:00,39.67887102393025,38.38487243906143,20.375300027188572,28.11761142514434
2025-02-10 15:00:00,43.042716419408976,46.14229461455539,24.987297519119508,24.169621310656055
2025-02-10 16:00:00,38.36723659893615,34.451698032839026,20.725121191409183,32.23027616821435
2025-02-10 17:00:00,42.558679897667915,46.92410420356633,16.25441900091237,18.816051885217497
2025-02-10 18:00:00,78.85806865390396,93.95952394265318,13.000292406773037,21.924097090838305
2025-02-10 19:00:00,78.85806865390396,87.74475450758788,8.46523542469268,20.789391691469568
2025-02-10 20:00:00,78.85806865390396,99.98626739558637,7.644756339023183,24.97678272865638
2025-02-10 21:00:00,78.85806865390396,86.55180625817167,0.0,23.495277129328166
2025-02-10 22:00:00,46.853415305815076,61.590204803972256,0.0,41.654022774713255
2025-02-10 23:00:00,49.177658387349986,59.2652948213756,0.0,27.528302787216553
2025-02-11 00:00:00,35.00197237126389,25.785194307957294,0.0,37.79976245777962
2025-02-11 01:00:00,31.845774376412088,29.80230978147809,0.0,33.171788514872226
2025-02-11 02:00:00,36.824257194882435,25.08513276871129,0.0,25.02647127987797
2025-02-11 03:00:00,28.06073711123645,18.695967608075506,0.0,35.11909891458844
2025-02-11 04:00:00,25.905738327886393,23.29808190220472,0.0,42.15266922461183
2025-02-11 05:00:00,32.42491904499916,18.501335988172407,0.0,25.59203093050664
2025-02-11 06:00:00,88.67159950571471,53.764028621237934,4.0073743040769765,44.07749209005206
2025-02-11 07:00:00,91.46179748983833,66.12596136936574,6.196998886237678,17.32416026082505
2025-02-11 08:00:00,88.89560043932708,57.717999562206366,9.45732821394483,19.340937290289805
2025-02-11 09:00:00,87.48882169042079,63.69446843826505,12.68741339280826,24.915341961023564
2025-02-11 10:00:00,65.48946398841302,49.22504989433937,15.968273199917338,18.34858604334112
2025-02-11 11:00:00,65.95650308773911,58.420792978871816,17.725878415436675,22.203618214365598
2025-02-11 12:00:00,64.45426721185228,49.45280591614863,22.250737925199914,20.26642246651717
2025-02-11 13:00:00,53.31647500918605,46.12193252258671,26.261450342820485,26.49314655340088
2025-02-11 14:00:00,52.414399201200375,42.485722065300905,25.28161533216044,10.388833379808274
2025-02-11 15:00:00,58.0855622570538,44.931505263767924,24.17488857287106,13.92429970975153
2025-02-11 16:00:00,55.10366373791757,47.750632605369375,18.14862032281905,29.61506220281844
2025-02-11 17:00:00,64.38595534240092,49.99857011440002,14.445363893477944,32.317484171736595
2025-02-11 18:00:00,112.93430891603603,89.99664084883102,12.094341353024866,19.82165997536167
2025-02-11 19:00:00,109.73227981880397,87.19192346640642,8.978202537231418,30.982519234116996
2025-02-11 20:00:00,120.0,98.68022251626469,6.680985968915081,35.42657781644704
2025-02-11 21:00:00,114.07245713499745,84.92296455083581,0.0,38.71373861337318
2025-02-11 22:00:00,70.28224460218745,57.27047834498658,0.0,16.26943241216082
2025-02-11 23:00:00,68.49114648558098,58.22396272920767,0.0,25.6866470219571
2025-02-12 00:00:00,33.92702729142346,38.15450899843745,0.0,33.25811050723771
2025-02-12 01:00:00,33.53392089066972,20.634631878824067,0.0,42.65056360082999
2025-02-12 02:00:00,26.16409711809129,19.45016106014333,0.0,58.931205753640725
2025-02-12 03:00:00,32.77735837360994,33.19142972063999,0.0,34.20643971983092
2025-02-12 04:00:00,25.16160179225751,28.790225942946705,0.0,23.51490026512785
2025-02-12 05:00:00,30.33884489572718,28.83266531775991,0.0,39.922096033820175
2025-02-12 06:00:00,85.98066187102144,63.0436160568702,3.2917862746098328,48.253605000957705
2025-02-12 07:00:00,90.85455626187549,60.432321823130884,6.618392991721192,22.352187286644504
2025-02-12 08:00:00,90.74950853857828,64.04270151378134,8.471386474598587,16.831288555950543
2025-02-12 09:00:00,91.41109693399957,63.076843093341196,11.326760965848436,26.977027313524943
2025-02-12 10:00:00,67.28978989653807,42.95134962387219,13.83886135013245,25.374899407510473
2025-02-12 11:00:00,63.26624128112837,48.24243582604557,15.758881450996704,16.1814433904695
2025-02-12 12:00:00,64.82243961708461,53.72024943996331,21.93736651359995,23.83985134945897
2025-02-12 13:00:00,58.51424549161783,40.25242182435242,22.037899917962445,31.722493650997308
2025-02-12 14:00:00,59.17781781379744,43.62245458453681,19.64841105686249,32.8944843434148
2025-02-12 15:00:00,49.21193882215317,39.01891201427941,18.449547139263704,24.970065272131983
2025-02-12 16:00:00,47.48328841966573,35.28532372520927,17.675601056465307,23.118803690102308
2025-02-12 17:00:00,51.10146054155144,42.434357633604705,17.068672171189128,33.18257923016125
2025-02-12 18:00:00,117.1983596510904,87.71636379814218,11.483708865179258,17.709818406339235
2025-02-12 19:00:00,117.96190366776892,99.13519425027836,7.5481028738726454,36.226246797917156
2025-02-12 20:00:00,108.33372207014,89.8000431244367,5.780904332400765,21.46499098572538
2025-02-12 21:00:00,113.87781762375879,82.99057661608629,0.0,41.34196077977776
2025-02-12 22:00:00,74.25189631829757,73.24607266394513,0.0,30.540620719634553
2025-02-12 23:00:00,67.86585696674867,49.17849795737948,0.0,43.000470209090366
2025-02-13 00:00:00,37.60504566145404,24.046671616889554,0.0,40.30276850711919
2025-02-13 01:00:00,35.70255044327906,34.98359064587023,0.0,24.916862095274126
2025-02-13 02:00:00,27.11238669987952,27.047422248653035,0.0,48.67678113391862
2025-02-13 03:00:00,30.353364472168266,13.556146558652273,0.0,49.81295753379388
2025-02-13 04:00:00,31.364676030218433,21.89976449693902,0.0,43.81019357845128
2025-02-13 05:00:00,31.67688112400115,27.769471075293545,0.0,29.059225167271517
2025-02-13 06:00:00,93.59556263155389,49.92557042923063,3.5712405579349467,33.147223945381974
2025-02-13 07:00:00,91.31116377131966,62.78861073147323,4.434628409213767,22.31888306455048
2025-02-13 08:00:00,76.2591780940788,54.91816434042646,8.19168320067261,17.747146020393988
2025-02-13 09:00:00,83.56430111216305,49.87797701854309,11.037790594936467,30.647460647785266
2025-02-13 10:00:00,56.32334763841803,43.74416722493225,15.243805033976079,22.312956675587145
2025-02-13 11:00:00,66.95570533875923,48.77740250179016,19.993775400206655,6.981143750521008
2025-02-13 12:00:00,67.24875617841515,40.55410180189884,21.51531484799065,23.362990080668382
2025-02-13 13:00:00,55.78831377692343,46.94448047692394,20.557515968270188,22.93834090322024
2025-02-13 14:00:00,50.198624258459425,43.328298059310015,19.149652034009705,24.654587425937773
2025-02-13 15:00:00,57.54744948621515,40.45841559508904,23.799694294250937,22.809813014493905
2025-02-13 16:00:00,57.73698269728358,41.03831409192812,17.499962430038874,30.19452956313827
2025-02-13 17:00:00,48.86563066075199,41.73089037569592,14.4556619577827,32.15832562995949
2025-02-13 18:00:00,106.18043101983045,82.53281411102202,11.223845460451619,26.90316758364123
2025-02-13 19:00:00,112.77701033832916,76.56551298622684,8.357797850734995,29.56359426849433
2025-02-13 20:00:00,120.0,96.47728799668769,5.58931314324103,31.970021683244976
2025-02-13 21:00:00,120.0,88.8077692947464,0.0,32.462145312317574
2025-02-13 22:00:00,68.70188137782645,57.39631891087973,0.0,25.823462681237555
2025-02-13 23:00:00,62.88157673369988,54.54948157568303,0.0,36.97926692788625
2025-02-14 00:00:00,35.28351802422433,26.4616487301855,0.0,39.603990631231206
2025-02-14 01:00:00,29.25681686488501,24.058550861179985,0.0,49.19764590105426
2025-02-14 02:00:00,27.838944391493552,27.25803708274821,0.0,46.666109500556225
2025-02-14 03:00:00,21.644875314226724,28.266184103949065,0.0,29.430325988252125
2025-02-14 04:00:00,31.753445949090136,19.793358252651636,0.0,42.802968627112186
2025-02-14 05:00:00,28.45832298540751,25.013725484238346,0.0,27.0747237092568
2025-02-14 06:00:00,90.1312061919468,60.62078156275628,0.3075877492813839,41.698629166725745
2025-02-14 07:00:00,79.35015985100175,57.46634261693118,0.4774718822456029,18.558924147319527
2025-02-14 08:00:00,90.46148951069512,63.743702894447146,0.7245973510335919,15.859632204243983
2025-02-14 09:00:00,78.7572242461962,70.4048341064599,0.94983903586581,22.803399162371157
2025-02-14 10:00:00,71.23118325275988,44.510732843768345,1.2023358576298202,7.061695010123611
2025-02-14 11:00:00,68.68396266665927,55.451040499418454,1.5510977704109135,11.982443548235542
2025-02-14 12:00:00,65.08146064164075,53.99755042142509,1.7072355943135427,20.36571377086484
2025-02-14 13:00:00,57.18678279791217,44.86563829723239,2.0784000735692265,25.375698618233127
2025-02-14 14:00:00,50.25320924555683,34.788234248726404,1.4617420254002311,22.567639156623038
2025-02-14 15:00:00,54.980233247809835,51.49240471913324,1.894966198917193,15.045773701411177
2025-02-14 16:00:00,58.23102660061433,29.990199291123282,1.691321151893234,19.779392383366453
2025-02-14 17:00:00,40.73024180663157,29.27280855045375,1.0635549994472135,27.2949403389536
2025-02-14 18:00:00,111.04657723653678,93.94462487862332,0.9657857432686555,28.47950319737638
2025-02-14 19:00:00,112.95718826947196,85.92537087992844,0.7049128015858226,31.83739206581655
2025-02-14 20:00:00,112.17576557522969,96.68111706788619,0.4430928442887487,41.21218224602109
2025-02-14 21:00:00,119.61604507310896,83.8617659558818,0.0,35.1429453098389
2025-02-14 22:00:00,61.27789705089841,48.09983548196655,0.0,25.99355652013756
2025-02-14 23:00:00,63.540235517547856,43.46194595452426,0.0,29.725338016940466
2025-02-15 00:00:00,21.37858938161198,28.13499815170931,0.0,22.82329189183111
2025-02-15 01:00:00,36.79628993072915,27.013952390199723,0.0,34.201194548078625
2025-02-15 02:00:00,28.8916943582604,21.36213390031096,0.0,44.92450973857528
2025-02-15 03:00:00,28.02716000383482,33.05195350246154,0.0,41.17375140216009
2025-02-15 04:00:00,29.76382792960179,33.23233835051373,0.0,47.47219169701962
2025-02-15 05:00:00,32.863061227936456,23.99586471018812,0.0,32.48978849224628
2025-02-15 06:00:00,77.43385517352644,42.752264741365366,3.1381870352436794,46.98086563065992
2025-02-15 07:00:00,87.78619881871077,47.5055936969575,4.7225429668602095,20.071663774502923
2025-02-15 08:00:00,77.91343135552086,55.55774109369571,8.598419634950606,28.850168919186327
2025-02-15 09:00:00,73.777115426443,56.11935802082094,11.079271553260641,20.975659354475546
2025-02-15 10:00:00,53.43943457442015,40.773118608987076,14.581701774019939,24.81994124674422
2025-02-15 11:00:00,54.198124607402264,39.967597112113666,16.886584766724074,28.868767309321505
2025-02-15 12:00:00,49.20727373244364,33.408280708214264,16.4565553824823,20.071013108866712
2025-02-15 13:00:00,46.192338844777055,39.965707787852985,18.449244172264507,25.949477501995002
2025-02-15 14:00:00,49.538556389005045,47.42081575980879,20.01123531196096,32.53451563351778
2025-02-15 15:00:00,43.252813708260355,21.387425860219103,16.32185149165824,23.787883880358216
2025-02-15 16:00:00,42.379739657786416,34.18888770217709,16.875506889970957,16.480567734698397
2025-02-15 17:00:00,52.834703069388965,33.47921119214113,12.980881073885762,37.78879184168134
2025-02-15 18:00:00,89.35672561733459,64.09116201075105,9.99861331703351,21.716292138994554
2025-02-15 19:00:00,86.47071712798197,63.5983161724011,7.970195207708982,32.89197172829591
2025-02-15 20:00:00,90.58784107571661,74.97820626574892,5.367245861899789,40.77931562354066
2025-02-15 21:00:00,88.84395259507049,75.51317703135201,0.0,26.8237235530245
2025-02-15 22:00:00,57.70355718174852,61.337561570740206,0.0,23.66503896842849
2025-02-15 23:00:00,54.34236964125483,41.333348848807155,0.0,33.643186854774456
2025-02-16 00:00:00,29.01140829739272,15.298954202924856,0.0,19.195266964294547
2025-02-16 01:00:00,35.18820379638648,26.227873030894166,0.0,32.28686021738739
2025-02-16 02:00:00,26.888993124767506,16.46638878681295,0.0,36.922279664872505
2025-02-16 03:00:00,33.487902352855386,19.556594588049084,0.0,32.44302116410966
2025-02-16 04:00:00,36.80095259641441,32.601843861831334,0.0,21.36644644691404
2025-02-16 05:00:00,27.949518758938527,25.24568017965928,0.0,48.65675423178732
2025-02-16 06:00:00,79.3769387673084,58.370519478558066,3.106057358289197,35.69154378008953
2025-02-16 07:00:00,74.97215531092459,50.589138044469365,5.413256131675834,28.34327787119974
2025-02-16 08:00:00,80.21877749708855,60.90236854928131,6.584385964508773,19.517558980291486
2025-02-16 09:00:00,68.98863457321177,47.40530885272565,10.337271372821458,16.282123100281733
2025-02-16 10:00:00,48.702946834914684,44.72198510927763,13.250210834060157,22.279357764533245
2025-02-16 11:00:00,54.34704722089481,43.28534306024887,14.880939185979495,19.74847963684964
2025-02-16 12:00:00,52.107590297209775,38.875354520646496,17.74160996800011,14.72827302210166
2025-02-16 13:00:00,43.80626895588114,35.618321392014025,16.563428019281233,33.30236637536659
2025-02-16 14:00:00,45.14359032730349,35.61719045030137,19.76621479569273,20.56505142290652
2025-02-16 15:00:00,49.37152084157876,48.32632175995008,17.03472610443783,13.149374220963637
2025-02-16 16:00:00,44.296987344768915,36.2780065960996,14.620713614798298,32.440134682206306
2025-02-16 17:00:00,42.42408405051173,34.55959917026784,13.711589431549363,21.28331625319169
2025-02-16 18:00:00,94.4311097012162,75.1271515585683,9.296698607366936,20.65300680852104
2025-02-16 19:00:00,92.55176613750146,80.84923559321638,6.3956017850197515,17.492487555663438
2025-02-16 20:00:00,91.80989513734903,77.51192888812662,4.336908917232069,44.9399398881066
2025-02-16 21:00:00,88.75434423553489,71.8290830330154,0.0,21.217875109984316
2025-02-16 22:00:00,56.420403460973596,44.13819830385454,0.0,31.769436446554177
2025-02-16 23:00:00,53.548576258292,35.10700930422783,0.0,38.45586346829741
2025-02-17 00:00:00,35.89191802637849,153.42723057633776,0.0,0.06162415721185178
2025-02-17 01:00:00,25.030381285557233,169.1878571767693,0.0,0.054915428967073
2025-02-17 02:00:00,29.104287702107012,161.7662606023056,0.0,0.03203120114205725
2025-02-17 03:00:00,39.701746192786835,186.98032664732986,0.0,0.04446191858243167
2025-02-17 04:00:00,27.315420872882143,161.35850552136858,0.0,0.05836413101824346
2025-02-17 05:00:00,30.47926406538991,172.89726673871775,0.0,0.04477620191552333
2025-02-17 06:00:00,84.89513861014576,190.9438775568356,3.201329728148352,0.0585809738854007
2025-02-17 07:00:00,84.2985127253455,195.76952677322348,4.244631450298935,0.03914884144170154
2025-02-17 08:00:00,97.32933595675448,186.13028968328888,7.846665367401329,0.0414965583684865
2025-02-17 09:00:00,91.13611424972709,171.4614205766477,7.838419494116739,0.0231947492688824
2025-02-17 10:00:00,67.43888217171423,178.59929373713666,13.714967374396974,0.051816490715818966
2025-02-17 11:00:00,59.20390434162192,184.4844973576247,14.812397486323523,0.039865767223618974
2025-02-17 12:00:00,68.45166364613229,193.74663132870592,16.378293199718353,0.03343375425955339
2025-02-17 13:00:00,60.281171590009656,194.4286992380146,16.804584442393406,0.049651953098359104
2025-02-17 14:00:00,60.24541960676582,196.54847457441736,18.131589709976872,0.062098959893165176
2025-02-17 15:00:00,58.08027236626516,190.5355549453691,16.456305062251193,0.02498705871119175
2025-02-17 16:00:00,49.990087733858125,157.33989679708333,15.852193982330055,0.03682517635433626
2025-02-17 17:00:00,56.4818282104059,187.38197666931217,12.18640174466682,0.01581952184752399
2025-02-17 18:00:00,116.89967798821962,190.72961867816088,9.517920910282442,0.04090221847486195
2025-02-17 19:00:00,105.82054953317483,193.8935713838192,6.680571639549079,0.0547552841167653
2025-02-17 20:00:00,108.84978750440685,196.2408447308913,4.707504556342771,0.049680920368313994
2025-02-17 21:00:00,117.89225361392037,175.45799067592236,0.0,0.041962295882422854
2025-02-17 22:00:00,70.7795333946686,182.75463475621552,0.0,0.02446500382623772
2025-02-17 23:00:00,59.86870374834865,150.47763883084846,0.0,0.05485737740008707
2025-02-18 00:00:00,35.204024229028875,23.325384297793537,0.0,46.495512504824916
2025-02-18 01:00:00,32.05529295850888,30.968188869863866,0.0,29.054027591658954
2025-02-18 02:00:00,35.14096795804978,23.854872155568366,0.0,37.84169025597117
2025-02-18 03:00:00,28.77108170686486,25.632222528077108,0.0,20.726190887028643
2025-02-18 04:00:00,34.52975339648165,35.25974317671163,0.0,37.987882789282324
2025-02-18 05:00:00,35.42365714750291,35.19094400571598,0.0,30.73843870176684
2025-02-18 06:00:00,89.00613322329623,62.55351649990689,2.982798130229524,27.593226003715554
2025-02-18 07:00:00,90.66702689062673,60.56317332995968,3.89195461898223,16.566440668478073
2025-02-18 08:00:00,87.668793100076,59.67830302184004,5.852737839243402,18.441890736207313
2025-02-18 09:00:00,98.01951570193339,70.86722240963448,9.500043564186441,22.41033050241352
2025-02-18 10:00:00,66.46163159766924,48.34308084295223,11.671064156264597,13.74471820987398
2025-02-18 11:00:00,62.85374586133787,42.76187275014703,13.683735180873063,18.42397370714669
2025-02-18 12:00:00,63.78163871219881,53.662014764187404,15.760544038191172,20.242618510705558
2025-02-18 13:00:00,55.78118047566883,43.110804043988814,17.218130558621993,17.30699193375472
2025-02-18 14:00:00,58.60070304353128,39.05164093728165,16.028929339362474,34.582624741582954
2025-02-18 15:00:00,49.19949196735198,41.30473525443973,14.757460523044578,18.771894058896137
2025-02-18 16:00:00,63.52518278377035,52.187363820059616,14.105744504299194,19.869978580218635
2025-02-18 17:00:00,56.5997515937796,36.822282980623086,10.61250718458319,18.027268890001963
2025-02-18 18:00:00,116.27047741942101,88.80267407337611,9.259723482533673,34.5934522606367
2025-02-18 19:00:00,113.73407259385318,87.09542738576458,5.666741234275152,34.9231021566465
2025-02-18 20:00:00,114.25809089413872,92.61554804615756,4.880044628109212,23.49789967983806
2025-02-18 21:00:00,113.50415142038534,92.3280924613937,0.0,39.16739695027951
2025-02-18 22:00:00,71.58293718529701,57.83539476467947,0.0,32.221498639687006
2025-02-18 23:00:00,66.96717668109503,39.40379317621986,0.0,32.65530220095184
2025-02-19 00:00:00,35.1604356624124,9.176935498488882,0.0,30.845328331448357
2025-02-19 01:00:00,29.756395824108626,3.5768210995967555,0.0,27.428451927952793
2025-02-19 02:00:00,32.58909205660062,4.622474565322625,0.0,36.60210240535862
2025-02-19 03:00:00,28.091068130117808,8.98327323304383,0.0,29.152579489438914
2025-02-19 04:00:00,37.18308672566812,0.47043664528668927,0.0,49.081826995479574
2025-02-19 05:00:00,27.95684709595918,7.838686941138514,0.0,23.041741837324793
2025-02-19 06:00:00,89.34415164534455,4.542177582343391,2.876694253266452,46.714131768497126
2025-02-19 07:00:00,89.38923728847416,3.7651835104967124,4.381129814044535,19.687632177647178
2025-02-19 08:00:00,89.21377789998856,4.46921291836839,6.737637019244918,21.76543031958572
2025-02-19 09:00:00,94.05779010701373,4.186906755015798,9.67562838582102,24.469332574752755
2025-02-19 10:00:00,65.74245941707551,7.566186181878059,11.852705194302136,17.060388813263835
2025-02-19 11:00:00,73.44007974582523,9.279475222441556,11.276478011781723,24.626738293792727
2025-02-19 12:00:00,63.484281470804646,4.914558254465787,13.450794329635519,6.543452700700033
2025-02-19 13:00:00,56.110048080067514,8.327337857825114,15.153828205360465,19.373726793447204
2025-02-19 14:00:00,51.85681251341863,7.319445357122386,15.984449004128557,18.16834653668483
2025-02-19 15:00:00,57.24222698671693,3.3068078555647684,15.60528097902869,16.222455597351377
2025-02-19 16:00:00,55.27607569392987,5.873138145265476,12.456194239337426,22.35676733676697
2025-02-19 17:00:00,54.650070264182176,6.668156750156945,11.126860194353826,25.904893453399836
2025-02-19 18:00:00,119.79383627991652,0.23499371890463028,8.022078662161709,27.776755878127855
2025-02-19 19:00:00,111.5011605109027,3.959555512242403,5.940971119828737,32.20609448039318
2025-02-19 20:00:00,117.08501713993167,9.926381758474568,3.8100693411806743,25.321412869144655
2025-02-19 21:00:00,110.9853793236141,6.372564270700936,0.0,33.1792136953955
2025-02-19 22:00:00,67.67450275911209,3.342440692917761,0.0,31.32067785911932
2025-02-19 23:00:00,61.7873303813849,2.500240394007278,0.0,37.485430585825085
2025-02-20 00:00:00,28.809158210137543,15.801670059682236,0.0,39.91159251941805
2025-02-20 01:00:00,31.420841663439983,26.576163432929295,0.0,33.67487205614573
2025-02-20 02:00:00,39.95640662147173,25.42395840143217,0.0,25.923637136105583
2025-02-20 03:00:00,32.24410278558686,16.97764390023208,0.0,27.964802096002735
2025-02-20 04:00:00,39.23649278991805,25.198200557664357,0.0,28.82671673245769
2025-02-20 05:00:00,32.781940181127005,20.377156342791462,0.0,30.786170671481923
2025-02-20 06:00:00,89.28274854924379,56.51468351619095,2.4410178760923835,35.65981718236979
2025-02-20 07:00:00,97.95173200108414,57.977115208786074,3.640799468683069,23.63733881606149
2025-02-20 08:00:00,92.99120694871141,60.93948833059407,5.475905809571619,19.795884027753257
2025-02-20 09:00:00,88.1323804769088,56.08722010944856,8.802802788714104,20.132978016240106
2025-02-20 10:00:00,69.4485423043371,52.14266438183252,9.63259221575919,20.770543536004624
2025-02-20 11:00:00,66.01429436245151,51.38997218608637,15.222153688278565,17.465891983370287
2025-02-20 12:00:00,58.380316854264926,45.312812663922855,14.810703201569293,15.413119201855345
2025-02-20 13:00:00,59.69602149755841,43.183854998057214,15.39160398648076,13.127415647031901
2025-02-20 14:00:00,60.41134553125181,43.09033541076174,14.125806991312748,19.328557662051313
2025-02-20 15:00:00,63.75488141582837,40.9830602266755,15.046647306260018,26.161378891821087
2025-02-20 16:00:00,57.383788895741816,38.250030543910825,11.995102480625517,19.28316081166624
2025-02-20 17:00:00,54.36488687249174,45.589042538256855,10.526090574648364,22.003343416016268
2025-02-20 18:00:00,118.47573698492988,81.55334376876976,9.781205388275946,26.122110811066154
2025-02-20 19:00:00,118.54247620566133,91.35296509951837,5.893965690218086,33.99356857284263
2025-02-20 20:00:00,120.0,93.33907205863179,4.457558412752299,21.96061028592834
2025-02-20 21:00:00,114.51746025792725,92.93371351858215,0.0,37.575657436900336
2025-02-20 22:00:00,66.58586536048158,48.75607415585169,0.0,38.55538563252394
2025-02-20 23:00:00,64.11102084812238,47.586634780649035,0.0,21.58224885168552
2025-02-21 00:00:00,34.29030988864744,29.626292204578505,0.0,26.27947979833099
2025-02-21 01:00:00,24.904552991345273,12.994556841814699,0.0,42.95093077402223
2025-02-21 02:00:00,35.36412367626557,21.323244800989293,0.0,31.88081999955122
2025-02-21 03:00:00,34.516988546780084,27.82398491599358,0.0,14.72950460866183
2025-02-21 04:00:00,34.504546409446704,31.046257151359168,0.0,21.514958319500188
2025-02-21 05:00:00,32.493744062642314,27.479911610724095,0.0,31.032604787887717
2025-02-21 06:00:00,98.13968344291396,69.49579508541112,2.3617506398616808,23.472901202070585
2025-02-21 07:00:00,95.16525192344496,58.28199748681196,3.865142204513208,17.80513538435633
2025-02-21 08:00:00,88.50943396783343,51.208951681981716,6.438453490533836,20.018356202829818
2025-02-21 09:00:00,88.58997560538467,60.76112663616365,7.321699866097128,27.11671982109808
2025-02-21 10:00:00,63.53492883640219,39.2711685915944,11.33281524285075,18.415604747314543
2025-02-21 11:00:00,69.9742359942582,44.4961807578973,12.614876082109868,25.18203649061332
2025-02-21 12:00:00,62.99283585118825,51.26500793811692,12.919791014873635,26.95044060764806
2025-02-21 13:00:00,60.49481547676514,44.96923052907805,15.129642248728032,31.474322230493996
2025-02-21 14:00:00,61.572930718194996,41.442456106545286,15.52151997178403,24.816352942007768
2025-02-21 15:00:00,51.66397762036302,36.114174526965854,14.201513768891147,11.796179745292868
2025-02-21 16:00:00,54.78458242497221,45.07639063799449,10.439154326768085,25.83611309810784
2025-02-21 17:00:00,55.694345246770915,42.97571849939962,9.321932492903601,29.239217947691582
2025-02-21 18:00:00,118.96702588339359,85.60374774781393,7.555692938953908,22.697594400783302
2025-02-21 19:00:00,120.0,81.9298153984636,5.6059526373383965,42.77746532866653
2025-02-21 20:00:00,107.40438589337148,95.67313042704227,4.068448989169351,36.18910723224256
2025-02-21 21:00:00,113.55728843241002,81.64854496904059,0.0,34.01798292492573
2025-02-21 22:00:00,66.29638586674649,60.333681021079634,0.0,37.876107206901274
2025-02-21 23:00:00,61.190446649778586,54.24093307176969,0.0,32.26875658204514
2025-02-22 00:00:00,27.817004913131722,157.3547025698431,0.0,12.351060519723195
2025-02-22 01:00:00,31.92496024957775,170.20412999806317,0.0,28.68872604552021
2025-02-22 02:00:00,28.745944937221992,187.7567854885492,0.0,42.58955944820278
2025-02-22 03:00:00,23.04920474126664,150.83780127760056,0.0,26.161031871782676
2025-02-22 04:00:00,42.933372141044615,157.34739419491942,0.0,30.947747196689427
2025-02-22 05:00:00,31.19780039341881,199.79141871623722,0.0,24.21686557531671
2025-02-22 06:00:00,77.67811117212544,186.677244857453,0.16631326428720405,47.39787398072541
2025-02-22 07:00:00,72.2348189528437,173.20651396096278,0.22684831150042128,27.935089976052517
2025-02-22 08:00:00,78.34866531551614,181.49007060458126,0.38077917060559074,15.321573238694352
2025-02-22 09:00:00,76.43652555845868,192.3110485299237,0.5297729384720468,20.39167413609887
2025-02-22 10:00:00,48.445760332764706,192.11522927768183,0.6776064072581686,16.32153842441167
2025-02-22 11:00:00,52.127966209919165,166.23507177306035,0.8499556163261665,22.69102611542155
2025-02-22 12:00:00,60.52128276951679,174.56457112726122,0.9456191014359615,22.173469994096834
2025-02-22 13:00:00,55.576509166655356,181.90275482493217,0.9783162131948373,27.60155022707505
2025-02-22 14:00:00,48.48067406434707,153.5948458257302,0.9383547676211567,24.84933103957848
2025-02-22 15:00:00,51.79230449397352,197.2898299695376,0.7686862322787157,39.78380636590312
2025-02-22 16:00:00,46.12753085302892,171.63709128311865,0.8092024931693365,17.04882193181407
2025-02-22 17:00:00,46.438972018590654,168.54311636289634,0.6593375776271819,13.132743797753005
2025-02-22 18:00:00,102.31626510759432,195.3550180724913,0.5160743372539474,20.69043928564578
2025-02-22 19:00:00,104.88935728461435,155.91433243765525,0.3317946213429776,17.936783459692684
2025-02-22 20:00:00,103.26179460390203,151.9630398693554,0.23201504158778416,18.493809319663224
2025-02-22 21:00:00,92.60822564407505,184.2501206150137,0.0,22.116163729693397
2025-02-22 22:00:00,56.64280068356543,169.2501484052552,0.0,22.699738801149554
2025-02-22 23:00:00,58.192976770127366,188.2237904415053,0.0,22.46056418390333
2025-02-23 00:00:00,28.831449164216117,25.578066512164618,0.0,36.67646469668494
2025-02-23 01:00:00,31.74535894537018,29.40528264280267,0.0,28.360872937634657
2025-02-23 02:00:00,33.69259565251026,27.89518782394594,0.0,31.012640236276166
2025-02-23 03:00:00,34.512643883798134,26.217765904995094,0.0,39.72874213049066
2025-02-23 04:00:00,37.58641568499685,27.234740825355477,0.0,26.24924977321597
2025-02-23 05:00:00,28.517515028738245,39.98018394756512,0.0,30.322401808070254
2025-02-23 06:00:00,71.21892543436162,43.279080215053455,2.4347120454966245,35.43888504747024
2025-02-23 07:00:00,78.96913034920358,61.543106170204524,3.466926631660852,10.02554547078284
2025-02-23 08:00:00,85.83422431647014,60.23138250987877,5.336252748838215,7.866279620239927
2025-02-23 09:00:00,75.21068330634527,48.11691219956214,6.932363732603093,21.167661929475965
2025-02-23 10:00:00,60.17111740389064,44.419297430725976,8.902352756784795,21.87824959150885
2025-02-23 11:00:00,60.211162073230795,35.68954595304582,11.516916146838232,29.53564111808896
2025-02-23 12:00:00,57.94179522015464,39.82428174695979,11.638027676542762,20.251903007732047
2025-02-23 13:00:00,46.973082917283286,36.453998837141434,13.021452394792474,27.386833366908952
2025-02-23 14:00:00,42.78649024684031,25.52607854720023,12.44420103979118,21.618170868619547
2025-02-23 15:00:00,36.67444234669398,34.3373172018681,11.717222206862125,24.417801118158135
2025-02-23 16:00:00,41.93859349259844,28.006623551704212,10.447817923901379,32.2026142234846
2025-02-23 17:00:00,45.185553001583926,28.4128308096958,9.039036465928085,10.659890180614584
2025-02-23 18:00:00,102.57224543857532,75.36051573930659,6.651785544854935,25.079149514812507
2025-02-23 19:00:00,97.16976706459195,89.80408379184897,5.568727956147736,44.8248456550014
2025-02-23 20:00:00,95.29822761004148,64.90277956556943,3.229021556744084,31.283319983820512
2025-02-23 21:00:00,93.62440885638271,77.73049322439334,0.0,41.2814734893402
2025-02-23 22:00:00,60.03593223539656,49.544056072005766,0.0,24.626014068452662
2025-02-23 23:00:00,63.19291325604162,44.40715642738608,0.0,28.9887286196417
2025-02-24 00:00:00,36.897503361628424,32.126059894904515,0.0,32.437955966528214
2025-02-24 01:00:00,34.83971626213797,31.888713179626922,0.0,14.334287341259763
2025-02-24 02:00:00,25.47178525450163,21.54939589396986,0.0,22.773759850989972
2025-02-24 03:00:00,30.529508520427886,17.716979255608045,0.0,23.347182746768897
2025-02-24 04:00:00,40.874911643228394,33.84353321218147,0.0,38.779474193942676
2025-02-24 05:00:00,37.16081982684337,31.543736366256542,0.0,39.182278420353484
2025-02-24 06:00:00,84.96334915321003,56.367756476525216,2.0900300582813096,34.77427661298725
2025-02-24 07:00:00,91.63195628086957,65.12843279965567,3.170625541142771,23.277512680689316
2025-02-24 08:00:00,93.51605658224096,61.02212965398119,5.334927282220397,18.508946138938295
2025-02-24 09:00:00,88.45240055164831,55.39540736054275,6.6382149059252855,25.1006317632051
2025-02-24 10:00:00,57.5826671301099,43.452289682632916,9.084395588645942,19.343414890339552
2025-02-24 11:00:00,68.41879342902367,52.55800155357797,8.919318247185442,19.58021705591221
2025-02-24 12:00:00,64.42917306715773,49.00051505018522,11.715117041583378,18.01945702500506
2025-02-24 13:00:00,52.492783196160346,42.92098437902475,13.078805180941883,26.370930308590264
2025-02-24 14:00:00,54.424009402353015,36.8429594726554,12.29020004650213,20.14672095392061
2025-02-24 15:00:00,55.41852940609478,50.915199552133885,12.447760994882607,28.01462533547515
2025-02-24 16:00:00,55.97919844861084,40.65541199851266,9.703409469524551,16.1444539773996
2025-02-24 17:00:00,52.042116476892424,39.82083545222903,9.337826351611884,16.33153720616289
2025-02-24 18:00:00,114.7991991607295,81.89085753146621,7.737395525376559,26.387685146034812
2025-02-24 19:00:00,107.88173687727044,84.1217641091183,4.642645469830702,28.310640421147784
2025-02-24 20:00:00,117.1898178382392,95.01313883691742,3.169108232657581,25.666301888398273
2025-02-24 21:00:00,102.93690268404764,86.3681740986717,0.0,35.39364208561732
2025-02-24 22:00:00,66.67137986449843,67.85473271711285,0.0,24.556228529251452
2025-02-24 23:00:00,72.110422917996,54.682590082409334,0.0,27.502480371451373
2025-02-25 00:00:00,27.42389334454984,26.080001277007877,0.0,43.02463162983902
2025-02-25 01:00:00,35.41486235374486,24.38128676423374,0.0,44.13956239254627
2025-02-25 02:00:00,37.39172364183057,24.061145340021746,0.0,44.40456719159177
2025-02-25 03:00:00,21.0,31.043901732204265,0.0,29.626489263411116
2025-02-25 04:00:00,31.509793371195716,30.960416062530832,0.0,41.681712225007956
2025-02-25 05:00:00,21.0,19.07915766888613,0.0,24.31276876702058
2025-02-25 06:00:00,91.56053249436155,66.74675714275936,2.2338594551067064,24.647850700329002
2025-02-25 07:00:00,92.06020005001484,67.62166065788085,3.4911585926744553,7.886797514862291
2025-02-25 08:00:00,80.92102256283205,49.51032361043685,4.321093623952591,27.123107258484396
2025-02-25 09:00:00,100.75424312879021,71.15393371689922,5.956865504129488,14.99393391332651
2025-02-25 10:00:00,69.41892400892891,43.8517090367465,7.736401030188829,18.51981547299211
2025-02-25 11:00:00,64.31124743020393,32.93320615339603,8.520250819475866,14.77235170733594
2025-02-25 12:00:00,74.72606029831643,51.72241430458419,10.023221698758563,22.44851565283109
2025-02-25 13:00:00,48.071284569253834,39.53263381720519,10.590904821272172,20.21694947071434
2025-02-25 14:00:00,50.62027441131183,39.042446610641115,10.80864307841512,15.033905416753274
2025-02-25 15:00:00,45.80399420562972,53.61169484601838,10.788261983083952,24.775880587138943
2025-02-25 16:00:00,64.25624744657127,49.701635669065126,9.725984687495236,14.314819629102821
2025-02-25 17:00:00,57.64710273376828,44.47317022810424,8.896578019577529,17.641155077144298
2025-02-25 18:00:00,119.02039617860675,96.62594651072739,5.671756426862375,10.5598947593247
2025-02-25 19:00:00,117.40759367692166,89.75663886852496,4.8648525166671615,18.47485027111054
2025-02-25 20:00:00,118.63504304943915,98.02578363254,3.046428753105428,29.96756424248621
2025-02-25 21:00:00,116.40443783682048,94.6011354382698,0.0,14.59793495841422
2025-02-25 22:00:00,69.35099891675658,62.67985251668145,0.0,18.064712306390163
2025-02-25 23:00:00,68.61606833757638,45.79730330560516,0.0,28.67019983770122
2025-02-26 00:00:00,29.530497917499073,15.976265706105108,0.0,27.29587225333889
2025-02-26 01:00:00,32.059349599094816,22.182134919204515,0.0,47.32038909798585
2025-02-26 02:00:00,33.50033662223837,27.681680060419303,0.0,46.071523137653905
2025-02-26 03:00:00,32.76663208054541,24.23103817146093,0.0,24.734683172368236
2025-02-26 04:00:00,25.619186557670897,26.591041839561598,0.0,35.98868604737712
2025-02-26 05:00:00,26.21672103382298,23.355463006659008,0.0,37.506095536719435
2025-02-26 06:00:00,97.17388256611929,67.98584522726668,1.876396025133508,26.870433899914122
2025-02-26 07:00:00,90.91962290702023,56.98714172008707,3.0752820639303877,11.866945031153868
2025-02-26 08:00:00,94.93236017515727,65.71360320990485,3.864017472613198,18.89503690811536
2025-02-26 09:00:00,87.38655651974474,56.428062099842585,5.980188127295143,18.13431153464652
2025-02-26 10:00:00,61.659165640212265,36.72949400441679,7.549989492924274,16.888515984168723
2025-02-26 11:00:00,64.49213732872894,46.1453358869235,9.341415081471247,21.049153281530455
2025-02-26 12:00:00,67.28677926665029,58.211736167002414,10.419591630347652,15.3961080636595
2025-02-26 13:00:00,53.28880372415485,32.27249219920181,12.97020745289313,15.743897220898376
2025-02-26 14:00:00,62.10463592491042,46.352066725074174,10.287722200494496,22.71521216645768
2025-02-26 15:00:00,57.08978992785328,47.5688627354886,9.75138630380606,24.24585775642249
2025-02-26 16:00:00,64.60215885446307,61.41380814317008,8.539318097295176,15.607645205346454
2025-02-26 17:00:00,58.101771764256085,40.36367076336029,7.119674930748119,27.242726567446287
2025-02-26 18:00:00,105.45739146123026,81.08639007027384,5.506784682189892,12.324889604315796
2025-02-26 19:00:00,120.0,87.39293785673826,4.6491435965031975,24.321029923264437
2025-02-26 20:00:00,109.52088784075463,93.46938214294121,3.2493406881334006,26.596172978189706
2025-02-26 21:00:00,117.35127164432045,87.1170541783579,0.0,23.90801178026591
2025-02-26 22:00:00,64.80224382563435,55.0248129806272,0.0,24.41380390596153
2025-02-26 23:00:00,77.93052174021048,42.75253285625308,0.0,41.72861269454465
2025-02-27 00:00:00,38.8249139198813,35.23725740683111,0.0,24.65051015301155
2025-02-27 01:00:00,29.008530358787773,30.924331065405582,0.0,50.420310321042905
2025-02-27 02:00:00,31.773613739900682,30.87749257387987,0.0,34.73274462627768
2025-02-27 03:00:00,33.44741455986716,17.169859106047305,0.0,32.031608096066144
2025-02-27 04:00:00,36.23208656847293,31.656614561289725,0.0,35.03891612704301
2025-02-27 05:00:00,32.477906851908244,15.136050351720986,0.0,51.1146794314855
2025-02-27 06:00:00,87.8959016099746,60.83113789009264,0.05548254118860245,23.5334196250829
2025-02-27 07:00:00,89.27891478078826,63.09099699874828,0.08404852388174072,13.524399101084494
2025-02-27 08:00:00,92.48776057349293,65.28452363571272,0.13595485106793484,15.241268857240158
2025-02-27 09:00:00,98.0629850616296,69.41071533131398,0.17116362190404316,18.937579001779763
2025-02-27 10:00:00,70.36871686530355,51.176505831052346,0.2415792737458353,10.68126488128601
2025-02-27 11:00:00,64.96307932312378,35.81790152216465,0.28185897186941744,18.891533445160288
2025-02-27 12:00:00,71.3611239925854,53.845935303521216,0.2761758179163457,26.740617758213183
2025-02-27 13:00:00,54.66977363579109,42.01156894390872,0.37597382787807837,22.747342126398834
2025-02-27 14:00:00,60.4180414340836,39.35241759467842,0.3826213818466192,20.31396687911444
2025-02-27 15:00:00,67.78275229322153,39.73210390496061,0.29887871700369467,18.53054977550714
2025-02-27 16:00:00,54.796486741496835,50.681133253516954,0.2687538907138242,26.84104718444264
2025-02-27 17:00:00,60.018428629511476,52.427883148458726,0.23519501343388727,17.39262401387453
2025-02-27 18:00:00,113.21814082731582,92.70393533279619,0.18386618008411873,32.03491146462474
2025-02-27 19:00:00,116.06722386912476,85.64044481639992,0.13791616798378442,41.80040174897154
2025-02-27 20:00:00,116.70544111241006,76.04800198406002,0.10452506333619183,29.988724954333286
2025-02-27 21:00:00,115.70083435128589,95.47406085192266,0.0,28.098797102658644
2025-02-27 22:00:00,79.52700809237896,68.38285415179129,0.0,35.44089857823075
2025-02-27 23:00:00,67.06377765683864,45.950163439011085,0.0,35.89275440532637
2025-02-28 00:00:00,35.06442199011808,34.79385865154735,0.0,24.786503061649068
2025-02-28 01:00:00,23.73819915363073,30.47068409662249,0.0,26.955018452576812
2025-02-28 02:00:00,34.36757460074942,28.993594950778196,0.0,20.779421316360278
2025-02-28 03:00:00,37.56283573117128,28.938825004022448,0.0,34.21572281316458
2025-02-28 04:00:00,30.04940202398045,25.15763780853258,0.0,36.21449181759549
2025-02-28 05:00:00,21.12759043090432,29.845714886915232,0.0,20.565405834887386
2025-02-28 06:00:00,92.53897388184019,57.65606127375187,1.6355602865520025,27.508765100302778
2025-02-28 07:00:00,92.79023416829803,66.45555147845364,2.40547665444389,12.351683531888302
2025-02-28 08:00:00,95.97124456991253,59.94275004289649,3.326165764808823,14.439770005418424
2025-02-28 09:00:00,101.76197050092361,76.15363962958642,4.811402451027849,21.190389403906963
2025-02-28 10:00:00,66.88693870347097,52.235262971459115,6.544262291783925,15.209520440358613
2025-02-28 11:00:00,64.74388357470109,43.42110759919812,9.051157110141473,17.224048476892122
2025-02-28 12:00:00,63.34605002500086,47.69949084575459,8.597329869070087,11.04768181562902
2025-02-28 13:00:00,57.43067055261917,37.952361988706585,9.71806981147593,22.744647427228035
2025-02-28 14:00:00,58.69641094066023,52.89892909156813,9.534603551553314,21.488373306831598
2025-02-28 15:00:00,54.08386750134534,51.2778227798276,9.82138330564482,17.769009443894483
2025-02-28 16:00:00,60.04338913174303,48.853647350458424,9.514888642843978,20.70210862879452
2025-02-28 17:00:00,58.63354512166326,53.31471390295134,6.2829816253327975,22.70827693316952
2025-02-28 18:00:00,117.02317615535594,93.14922953981333,4.910128047552285,17.302333498184872
2025-02-28 19:00:00,112.76776730860536,94.02538575030928,4.051022158270891,17.626492739351068
2025-02-28 20:00:00,114.66024413227268,96.32790831813394,2.7097536916077654,40.547765910555356
2025-02-28 21:00:00,105.89473471238247,84.68089455115422,0.0,23.51417105006555
2025-02-28 22:00:00,69.6582219200635,60.68453167174054,0.0,27.261326069239992
2025-02-28 23:00:00,68.71571593053581,54.77752967501736,0.0,34.997115091138724
2025-03-01 00:00:00,30.84815545990269,27.82694415880041,0.0,57.93535607878158
2025-03-01 01:00:00,32.26943557004052,22.329748747058957,0.0,21.203411945916436
2025-03-01 02:00:00,31.736196688945004,12.692662551649663,0.0,34.24099275323375
2025-03-01 03:00:00,29.50327568709284,24.42672750003441,0.0,25.33506873972172
2025-03-01 04:00:00,30.219006194232385,12.929997464029881,0.0,26.63367596225395
2025-03-01 05:00:00,23.680576124867237,19.539636785961136,0.0,25.237653290092872
2025-03-01 06:00:00,75.78933153248332,48.59955050142215,1.780870321194841,22.11780878013269
2025-03-01 07:00:00,78.64319417966131,52.22596847934028,2.515486813905748,18.277129508556186
2025-03-01 08:00:00,75.1047333464801,58.97706492632776,3.3961615029469763,11.660075464189589
2025-03-01 09:00:00,82.28675301951219,63.41798402643887,5.005214815421548,22.839125282987037
2025-03-01 10:00:00,54.91071146426666,45.19820363511869,6.681157729201196,18.72171472888934
2025-03-01 11:00:00,58.84793017918172,47.93457250959257,7.888331105930704,20.41812725559091
2025-03-01 12:00:00,58.39910128423331,48.044409451935884,8.72847325701117,16.31540340573967
2025-03-01 13:00:00,50.96204569505043,24.71401322814559,9.691004879175377,19.567811614177817
2025-03-01 14:00:00,51.65735680693094,39.90245205076377,9.764309478398138,23.094674531876983
2025-03-01 15:00:00,50.72694327315931,29.096802065321498,9.315560909462373,15.275650481742213
2025-03-01 16:00:00,38.12676861757948,35.74277178702056,7.786608307283407,19.617439511009255
2025-03-01 17:00:00,52.977463189862654,28.675256648220333,6.054796393580302,16.91548053986416
2025-03-01 18:00:00,105.83048005648286,83.7442849000203,4.835473819179669,16.748741916621093
2025-03-01 19:00:00,96.78803376816055,82.45802889113206,3.834168356569164,13.090151773753634
2025-03-01 20:00:00,100.02250415463499,72.83726540059337,2.2461598572976302,36.97704446685343
2025-03-01 21:00:00,94.94885048701865,83.2337622798911,0.0,22.947089265008074
2025-03-01 22:00:00,49.106852548269615,48.91695357772466,0.0,35.758514260402876
2025-03-01 23:00:00,54.55033713362356,43.58379217415611,0.0,35.103482793266586
2025-03-02 00:00:00,27.569374322413754,29.945288019212946,0.0,20.71202509750413
2025-03-02 01:00:00,28.40317170891683,23.511603606653456,0.0,22.219931112443543
2025-03-02 02:00:00,25.684886594973054,24.9075053582377,0.0,50.0667970717192
2025-03-02 03:00:00,26.699586749322425,24.427001189576004,0.0,43.88847073048648
2025-03-02 04:00:00,29.950471552672166,25.10756677601896,0.0,30.285659271402857
2025-03-02 05:00:00,26.533978576004362,21.01839255793242,0.0,32.49034970308531
2025-03-02 06:00:00,81.03285857717802,49.082918406139406,1.4902956954957116,25.711859363853172
2025-03-02 07:00:00,81.65447201199137,55.177981175854526,2.171535310705796,20.295429048685012
2025-03-02 08:00:00,89.2987439384431,59.37195845438888,3.2697195328893294,15.031791490819204
2025-03-02 09:00:00,83.65255877525847,54.458279357461166,4.914964515375197,9.009712706674561
2025-03-02 10:00:00,59.09671307300504,50.072009564502444,5.812899549739014,12.264406287335202
2025-03-02 11:00:00,55.211559975522626,35.2835778619564,6.9317707927025785,18.41229880030137
2025-03-02 12:00:00,59.32461239306017,43.921666212353664,6.974312590252626,13.13663986639877
2025-03-02 13:00:00,49.18030624506291,45.66465567634908,8.827690104262135,21.008934166538687
2025-03-02 14:00:00,45.400715524913835,42.384866456570556,8.760534444185275,15.62740648216477
2025-03-02 15:00:00,51.23741571082726,47.33840093589773,9.179964219943761,17.188935657239497
2025-03-02 16:00:00,41.41918335937087,30.621834776017995,6.7360709476927765,25.926016776447362
2025-03-02 17:00:00,46.61082516552051,42.03288857275116,5.825747858122747,22.690397912107652
2025-03-02 18:00:00,101.67261191780695,75.3347517337914,4.547881650506721,21.316707885465352
2025-03-02 19:00:00,97.87712018671418,76.62140628165132,3.67389747438382,33.51064554135235
2025-03-02 20:00:00,98.24085403544689,77.76340155476049,2.2249944351065167,30.774583950596853
2025-03-02 21:00:00,98.55121247551335,75.25303575284892,0.0,37.40914113714916
2025-03-02 22:00:00,54.24254372743232,48.045605455269985,0.0,24.315080431388356
2025-03-02 23:00:00,63.285303502611114,43.896734866742676,0.0,24.52267271252404
2025-03-03 00:00:00,28.068621988635428,19.87975795501614,0.0,20.431319639561487
2025-03-03 01:00:00,34.08150848563258,32.55722141603311,0.0,27.03356438029888
2025-03-03 02:00:00,34.51120705455878,25.905825909799063,0.0,37.58462667057855
2025-03-03 03:00:00,28.380992956847745,25.801280543046374,0.0,40.12231200762234
2025-03-03 04:00:00,32.978760657001445,27.218991905216324,0.0,37.55082750735874
2025-03-03 05:00:00,28.556446734936937,26.32644534661247,0.0,16.698553400794278
2025-03-03 06:00:00,99.57580183718667,66.5528643333641,1.3770335185249398,38.48075926931448
2025-03-03 07:00:00,88.19158748304196,59.69579155182529,2.1876797639281027,9.81779284791705
2025-03-03 08:00:00,90.37357377539108,70.3626701051347,3.0807519768260305,22.248029407416915
2025-03-03 09:00:00,87.8070981618348,65.31293156098683,4.000771669179513,16.498101478490316
2025-03-03 10:00:00,62.93993875367221,46.62560936876821,5.410076365224824,21.359655666578895
2025-03-03 11:00:00,76.21005183354652,51.71696449245313,6.977953974185163,12.11644468162659
2025-03-03 12:00:00,71.49206905718272,50.326762756101566,6.683657536128549,23.488267419920042
2025-03-03 13:00:00,57.54763960279927,46.39215438766673,7.833713908628272,13.43357010648851
2025-03-03 14:00:00,53.96172285208568,50.64693609504972,7.317113875553306,17.654476794349563
2025-03-03 15:00:00,61.00057233685728,37.39189223235587,7.977785650801188,15.90765465115074
2025-03-03 16:00:00,53.20731820999329,45.682040485068434,5.6429773529433715,11.900462065400927
2025-03-03 17:00:00,60.48769601163229,51.91216310926279,5.089151307854291,21.697662793549988
2025-03-03 18:00:00,113.65633762956828,80.04724505851543,4.2741527943108455,30.767545644423002
2025-03-03 19:00:00,114.68235371585313,87.46089165316516,3.415600696569492,45.423218849463
2025-03-03 20:00:00,120.0,87.87695280086126,2.0752495652765246,27.914901707932128
2025-03-03 21:00:00,120.0,96.77419148126539,0.0,34.861172551582065
2025-03-03 22:00:00,71.73821122711162,59.368626769055375,0.0,28.834272352738054
2025-03-03 23:00:00,64.32604950367062,46.245728663416294,0.0,30.65196656013282
2025-03-04 00:00:00,30.713380285159918,23.241891976194708,0.0,27.474388711906744
2025-03-04 01:00:00,33.429695516305955,31.14525659884479,0.0,31.509529265296674
2025-03-04 02:00:00,28.901886852317233,26.329317720979542,0.0,34.0813340434881
2025-03-04 03:00:00,38.892983601494464,31.290086048415525,0.0,25.699438942827424
2025-03-04 04:00:00,21.914889933135193,26.195997337760783,0.0,29.46222687879892
2025-03-04 05:00:00,29.21932336175146,28.658620122656558,0.0,29.60541933427103
2025-03-04 06:00:00,91.22002055285282,59.942909762792446,1.1942566439486517,36.25146791753555
2025-03-04 07:00:00,80.7153233242941,67.34987310897942,2.226980590174581,13.222348022935034
2025-03-04 08:00:00,87.23003872970419,53.033402076525185,2.4901376972068707,17.79429295945023
2025-03-04 09:00:00,96.32687262220637,54.505038499176706,3.1723977016929736,26.643302993774412
2025-03-04 10:00:00,69.33357872631362,39.10727159333442,5.116917799353807,23.272579845138445
2025-03-04 11:00:00,76.27641446101835,41.24294549321997,5.722829262812893,24.106844777721136
2025-03-04 12:00:00,76.15082136830696,58.05563854277001,6.204202323541734,18.13668093795546
2025-03-04 13:00:00,58.98812733857216,47.39150854320589,7.599462743737051,22.718729865047052
2025-03-04 14:00:00,58.4489907553576,50.809474329222965,7.3321793763156276,26.30051290645671
2025-03-04 15:00:00,57.33610862345945,36.46784898030151,6.451291320143669,29.234439847332048
2025-03-04 16:00:00,45.09154955439669,41.78219103002948,5.351616310640871,10.769962119317796
2025-03-04 17:00:00,50.76390082488706,40.58293404354078,5.28792028697417,14.11474152741042
2025-03-04 18:00:00,118.281877033654,93.29686165798445,4.049789550422674,27.915735775244503
2025-03-04 19:00:00,120.0,97.9174009475315,2.794046190412671,25.16810044227504
2025-03-04 20:00:00,119.13235142433044,88.90622203056202,2.22163501658504,22.49905347445992
2025-03-04 21:00:00,113.81274491498834,105.91371587422705,0.0,18.56177768573471
2025-03-04 22:00:00,73.415630632938,71.07199805211125,0.0,23.287969110410817
2025-03-04 23:00:00,75.86830049122115,51.12149379262654,0.0,17.559894677862353
2025-03-05 00:00:00,44.48522048757026,21.240223327198503,0.0,45.40294689287434
2025-03-05 01:00:00,44.76431475465164,28.3186024425421,0.0,29.648716077730835
2025-03-05 02:00:00,36.38860304912899,26.470605013870873,0.0,29.38399147796153
2025-03-05 03:00:00,45.23119466535785,35.16092696389001,0.0,34.199470948203086
2025-03-05 04:00:00,40.20100659201202,19.494627514731654,0.0,36.9892640133526
2025-03-05 05:00:00,42.179157147668285,29.050277867071365,0.0,36.86659362922803
2025-03-05 06:00:00,114.58772182869322,54.54103543137303,1.0570633532841598,37.81871981607314
2025-03-05 07:00:00,111.95456934292001,66.59834877730118,1.5719748365144521,15.06818318831026
2025-03-05 08:00:00,107.9608377611275,61.330343967498266,2.4609455193537766,16.557395041218395
2025-03-05 09:00:00,112.16736803198013,75.14954758328184,3.547828326332775,21.32898437823855
2025-03-05 10:00:00,88.66823102477282,43.70219978371097,4.661183189788507,15.53088127889978
2025-03-05 11:00:00,80.94463157663377,57.425716391140156,5.408661691030632,17.866733625260053
2025-03-05 12:00:00,88.16306637340415,42.12793306186981,6.425434994459877,19.67300080885661
2025-03-05 13:00:00,72.67820232210481,36.90532155394004,5.986409770522878,24.968100329052042
2025-03-05 14:00:00,67.07569449549324,33.011866753829096,7.420845554920534,11.595598444002713
2025-03-05 15:00:00,76.20261430622449,48.009728856546765,6.208351731498855,24.600562023726845
2025-03-05 16:00:00,66.76956376976987,35.447834262260386,6.008056493080862,19.651644392624085
2025-03-05 17:00:00,76.85558669459517,38.82274725210593,4.69753597427621,24.562535073958482
2025-03-05 18:00:00,120.0,94.94460677807034,3.6909272606952137,24.92503585716219
2025-03-05 19:00:00,120.0,94.1503442601921,2.7238935314556416,37.6212011289344
2025-03-05 20:00:00,120.0,89.26908950547461,1.8546192290629209,35.91412391531323
2025-03-05 21:00:00,120.0,90.6073652484683,0.0,35.867955501662195
2025-03-05 22:00:00,82.23014993023423,69.66956957423054,0.0,36.519350547383766
2025-03-05 23:00:00,76.52744233362371,47.667451884988424,0.0,28.789100788560003
2025-03-06 00:00:00,31.889658238994276,30.988922712848336,0.0,29.83425416970501
2025-03-06 01:00:00,29.25181333078689,25.694285875675792,0.0,36.05411464106603
2025-03-06 02:00:00,35.505890601628295,21.064919335563694,0.0,35.01280392870578
2025-03-06 03:00:00,38.74718978200069,33.03436143755357,0.0,27.30932574764778
2025-03-06 04:00:00,27.347807097895195,21.109731177275634,0.0,32.5914158984269
2025-03-06 05:00:00,40.57431241887493,29.981053220870237,0.0,29.33643600553029
2025-03-06 06:00:00,93.321994055197,65.38474042424862,1.1205773274564563,23.27784147253103
2025-03-06 07:00:00,89.51287747770677,49.72668163945663,1.826231741902395,23.486563294006743
2025-03-06 08:00:00,97.3103702208669,56.374820834432604,2.4395262304093013,18.00272194340357
2025-03-06 09:00:00,91.89142855778236,67.81943076043024,3.4690282801591814,26.852740486354413
2025-03-06 10:00:00,69.12004024030583,46.76911690189583,4.184970760099177,10.541430853440412
2025-03-06 11:00:00,67.6686031834932,45.83198835120203,5.670326127469868,15.285896113812406
2025-03-06 12:00:00,65.8125345890555,49.33766025681457,5.449773267367157,17.902566885917327
2025-03-06 13:00:00,60.53953271451486,42.4107115588934,7.016756820707864,26.608142009213562
2025-03-06 14:00:00,55.99318975568246,45.019545751344886,6.113421847668231,22.78626086069667
2025-03-06 15:00:00,50.81661300389969,39.42956228833448,5.102060849791094,22.325318871715123
2025-03-06 16:00:00,59.761316627678,46.39131792759259,5.136647654937057,14.878820844731143
2025-03-06 17:00:00,51.8564254890994,36.68392965684919,3.985568075759806,14.725111025527973
2025-03-06 18:00:00,113.12342136037392,90.50588427726271,3.5036003165929843,22.38763596680889
2025-03-06 19:00:00,120.0,103.49741822940861,2.276370367733853,17.552750442404466
2025-03-06 20:00:00,112.92956259096663,85.90496976262226,1.5917867980245146,23.094663218687412
2025-03-06 21:00:00,107.88909028123888,91.02019592221507,0.0,29.97217583638055
2025-03-06 22:00:00,72.29073196477428,62.27685275592547,0.0,20.095083049851947
2025-03-06 23:00:00,68.12046984978247,53.09647728062295,0.0,37.32677191019062
2025-03-07 00:00:00,31.960853339238348,26.45048639867386,0.0,38.376136351066336
2025-03-07 01:00:00,31.52504961428397,26.491607682915998,0.0,17.840860060640537
2025-03-07 02:00:00,33.98281610994414,29.737659340878135,0.0,22.535446775868913
2025-03-07 03:00:00,29.553064795796065,33.52600289501176,0.0,12.593041313362278
2025-03-07 04:00:00,39.58281831990581,31.78984724621942,0.0,23.635761317065676
2025-03-07 05:00:00,26.297264222967577,27.770291383090317,0.0,35.0148933726678
2025-03-07 06:00:00,96.09274081667337,62.69580230497685,0.827880488271115,26.344282854117733
2025-03-07 07:00:00,96.98034820907095,75.22839160971333,1.4615034252295402,19.66197349754746
2025-03-07 08:00:00,90.67237076787612,66.70227163084013,1.7784829721991386,10.920872281170459
2025-03-07 09:00:00,89.48399868787614,61.92746956067326,2.6335451608318405,21.148161896954296
2025-03-07 10:00:00,74.20788673248545,52.537889259232735,4.107750926288551,15.184135786345054
2025-03-07 11:00:00,65.17172937564452,53.897370937835106,4.96437898442143,17.68454597966958
2025-03-07 12:00:00,66.90061503534218,45.35016091407866,5.472804684599632,17.221539964665414
2025-03-07 13:00:00,61.3933926383353,35.461602454999834,5.198171677042225,14.030645353001011
2025-03-07 14:00:00,57.556837858192054,44.39359645285977,5.612503272877129,14.639829367361106
2025-03-07 15:00:00,49.313355802935476,45.81385221341131,5.291135129087035,25.546124941163125
2025-03-07 16:00:00,65.26226845775726,57.3473975306364,4.237921338089901,22.621145856961892
2025-03-07 17:00:00,55.0154538927566,41.233243021067445,4.337909019957994,25.96910652795285
2025-03-07 18:00:00,116.738596809954,92.04995889787762,3.227333648223302,22.23889500689027
2025-03-07 19:00:00,119.70203375000153,96.55381352236478,2.1673079193642724,27.391753406451965
2025-03-07 20:00:00,120.0,93.99879147689909,1.5196341346561195,15.034684331416202
2025-03-07 21:00:00,120.0,102.0430472877266,0.0,24.65880441062436
2025-03-07 22:00:00,62.160296096394106,54.826562559954226,0.0,26.265304140402968
2025-03-07 23:00:00,73.3473877088865,57.52612486477296,0.0,39.35950108290931
2025-03-08 00:00:00,33.343543623225344,30.958019571864863,0.0,34.1939219722458
2025-03-08 01:00:00,29.382757901066476,29.438050642416762,0.0,40.38860585663065
2025-03-08 02:00:00,33.542731626673,25.526966235879232,0.0,33.541561810745705
2025-03-08 03:00:00,34.204233079364464,39.218109546960065,0.0,23.99284859559556
2025-03-08 04:00:00,23.78116746755848,28.10127075615543,0.0,30.036681635356707
2025-03-08 05:00:00,37.87394927646373,30.56640431702735,0.0,30.90557736875857
2025-03-08 06:00:00,72.56005859375314,47.52928156635069,0.9125225476913434,22.330540653963737
2025-03-08 07:00:00,74.46556546730031,52.9881534141655,1.1608863394183746,15.82672752889842
2025-03-08 08:00:00,78.39644420156635,56.334023978730144,1.9789126749134238,16.608607787091326
2025-03-08 09:00:00,88.23672104221654,55.81790263701545,2.608867808528493,24.537644643190678
2025-03-08 10:00:00,57.35621171576584,42.66662706847891,3.2592508442747943,8.401230974038935
2025-03-08 11:00:00,58.59966404442743,43.096212688004904,4.177759595608325,22.78758215860913
2025-03-08 12:00:00,65.18772026722661,48.62105267002971,5.539415304129785,13.408656355402588
2025-03-08 13:00:00,46.976373816502104,27.599073044870018,5.419569407973425,13.420487619416107
2025-03-08 14:00:00,43.02484024985869,34.3328610814575,4.919705235249308,26.4533652949935
2025-03-08 15:00:00,46.450248699474315,34.92628168367444,5.064767994987246,24.165256101654947
2025-03-08 16:00:00,54.49636871017273,41.37801930797878,4.752323608496408,26.834219223687096
2025-03-08 17:00:00,48.646697944794845,44.68281050824275,3.805253322882523,24.516629549656155
2025-03-08 18:00:00,109.09357308184663,98.34586093153882,2.772581797714247,30.946927482529553
2025-03-08 19:00:00,103.72631808427316,86.6733896921798,1.9143488630682464,29.93255399364092
2025-03-08 20:00:00,97.50397070232279,71.4599882086918,1.4650266518017292,25.236547020598778
2025-03-08 21:00:00,100.63545428618632,78.73661081537479,0.0,28.51562913859427
2025-03-08 22:00:00,54.90388501801762,53.424082859915714,0.0,34.42858756353223
2025-03-08 23:00:00,55.73541791173661,45.787423858149054,0.0,21.146602737514698
2025-03-09 00:00:00,50.155879129615904,41.54605623873074,0.0,24.263962313260848
2025-03-09 01:00:00,34.58381029515215,27.102848020973326,0.0,26.749186014319566
2025-03-09 02:00:00,33.87494095053003,25.93229694660037,0.0,13.736201041193512
2025-03-09 03:00:00,27.195688581113714,35.71521002235224,0.0,29.988900019066605
2025-03-09 04:00:00,37.06312829826486,29.96442671882831,0.0,15.319350842032396
2025-03-09 05:00:00,34.947370208068214,21.61127315285964,0.0,29.372761584129606
2025-03-09 06:00:00,88.19956788668105,68.77677859661694,0.847705388563425,35.25904385082078
2025-03-09 07:00:00,87.9812857523641,52.123645552142236,1.3547324285053832,15.319371333561907
2025-03-09 08:00:00,73.07637028813222,31.186492222600236,1.9328614860409539,24.685437552082966
2025-03-09 09:00:00,74.7379943828565,58.5529222501155,2.7252538350542297,11.042340493732478
2025-03-09 10:00:00,54.34465889384194,47.278160722399534,3.0900092989722863,22.572824705934362
2025-03-09 11:00:00,54.61397116843233,44.516306665602535,4.304393629858469,20.328597564728444
2025-03-09 12:00:00,60.317239702600055,38.067277305960125,4.482231412222605,9.931225627424865
2025-03-09 13:00:00,45.87580451842574,35.831983143185646,5.4768694426124505,34.043467424675086
2025-03-09 14:00:00,57.75311348628826,42.12228645719088,4.43808703644074,19.968390204916354
2025-03-09 15:00:00,56.99747952222429,40.383824833637476,5.0252713999763134,15.840341133682273
2025-03-09 16:00:00,48.39734287950124,47.552539465325154,3.955652276342501,13.15369517912563
2025-03-09 17:00:00,57.225388025530975,37.3628437679395,3.060004036505787,19.175627713641198
2025-03-09 18:00:00,107.29944592829474,87.66460920057244,2.4168296844344312,19.64543869384615
2025-03-09 19:00:00,98.57466058941617,86.59662952890551,1.792255324618724,26.7589042505569
2025-03-09 20:00:00,91.5613710575988,77.29322904694529,1.3070947489430387,24.147082043159017
2025-03-09 21:00:00,99.62198237339055,87.44380250066753,0.0,30.21953312372986
2025-03-09 22:00:00,55.96090447357517,54.80466557938539,0.0,23.561155052978606
2025-03-09 23:00:00,59.79097937658454,48.228715858982596,0.0,13.468893931081485
2025-03-10 00:00:00,33.55063895491827,29.312678192580368,0.0,27.727508297860865
2025-03-10 01:00:00,33.43269112902843,31.691681459870082,0.0,11.755395075750563
2025-03-10 02:00:00,35.50569300018814,25.558585517136642,0.0,31.350439974731017
2025-03-10 03:00:00,27.692762902105343,17.88367757006496,0.0,21.751321978305306
2025-03-10 04:00:00,35.000232913045586,33.42561640300239,0.0,29.979342038337776
2025-03-10 05:00:00,31.17083897540537,32.2599518536165,0.0,38.26535728534638
2025-03-10 06:00:00,95.54755100333831,66.41029003095072,0.7820180845262394,21.97131612724285
2025-03-10 07:00:00,98.95597540749658,63.487905718101274,1.0938140473342224,21.866922809858167
2025-03-10 08:00:00,89.13783212445709,52.3697703723769,1.6647967530667538,15.409374877421444
2025-03-10 09:00:00,93.38180966693866,63.891818935050956,2.670691012240498,24.856411179589
2025-03-10 10:00:00,69.5148192748339,42.58988896899466,3.332105595479039,15.704189468599505
2025-03-10 11:00:00,67.73401295589589,40.875747515770136,3.654516544802038,13.650503447031735
2025-03-10 12:00:00,74.0974560605621,52.75655768073559,4.013601546979777,20.250996225258127
2025-03-10 13:00:00,54.50677182536769,37.54786193639869,4.300408459534987,17.965505932294267
2025-03-10 14:00:00,55.249217642479294,44.73991146030374,4.468569226512265,15.920765944421746
2025-03-10 15:00:00,54.55388334168553,41.2567676180759,3.674024943089069,17.753551069249824
2025-03-10 16:00:00,62.66276879144443,42.94645378305982,3.4585459623781483,19.93727626039319
2025-03-10 17:00:00,55.53252093411484,31.99096710487945,2.5367290179965614,26.92741492749514
2025-03-10 18:00:00,120.0,90.7395487560684,2.3527662319228404,10.413291037575682
2025-03-10 19:00:00,120.0,94.30218540934659,1.754410966086942,26.072299958873415
2025-03-10 20:00:00,118.910355988362,85.43575361723207,1.1021154470434054,29.972522060283687
2025-03-10 21:00:00,120.0,94.6858301908043,0.0,27.176399972507678
2025-03-10 22:00:00,77.56931670638286,58.07644272839761,0.0,34.41153911012138
2025-03-10 23:00:00,74.67058534814565,52.13847449208263,0.0,25.440913263764966
2025-03-11 00:00:00,33.14127010135669,28.374751951954842,0.0,27.30583967892393
2025-03-11 01:00:00,36.10636093875028,23.12421832321553,0.0,32.865706997075684
2025-03-11 02:00:00,27.423672354147463,27.79220989466908,0.0,29.337364697373737
2025-03-11 03:00:00,29.706681811581735,17.281897340451653,0.0,25.832590534368737
2025-03-11 04:00:00,30.495837705912884,18.635626035148018,0.0,32.32047379051137
2025-03-11 05:00:00,43.29963056404079,31.53310997920044,0.0,23.95669195118913
2025-03-11 06:00:00,91.1717057478687,66.43677317837837,0.7936874582838784,24.252627701590498
2025-03-11 07:00:00,91.10469068133916,68.09534072429264,0.9328392693985239,14.90876427807217
2025-03-11 08:00:00,90.13069165089698,71.4593114524904,1.32854764059285,22.98603365703972
2025-03-11 09:00:00,97.34748899070583,64.7931547792147,2.0938053278854127,3.3449491728665084
2025-03-11 10:00:00,70.82554831352302,50.46672045036225,2.862312990933274,18.874664185277346
2025-03-11 11:00:00,75.07416744313258,47.44928165192248,3.6149106178330053,17.3231290178157
2025-03-11 12:00:00,73.20442054386113,45.58414305353705,3.477399567954747,9.95832261530701
2025-03-11 13:00:00,51.64970572850257,41.68140668268735,4.174349910423236,21.59025202293177
2025-03-11 14:00:00,54.2287100737142,37.05497311521085,3.8309042455735125,22.421981357053493
2025-03-11 15:00:00,64.00543940600207,54.516013571624875,3.5600688040074067,22.992517339859447
2025-03-11 16:00:00,56.94661793816525,35.5183733498174,3.4109546710833563,6.753878698300911
2025-03-11 17:00:00,63.205623219841925,49.38817625016135,2.778902447956159,26.883769155862232
2025-03-11 18:00:00,118.79935581190281,87.71391139828617,1.7974769072626091,16.342819468740046
2025-03-11 19:00:00,115.11846615022338,85.27345574449538,1.6825960925385393,30.186123345224033
2025-03-11 20:00:00,118.10824657802156,95.43865176315491,1.148449987020202,30.537196017625483
2025-03-11 21:00:00,115.1166959975481,87.0798090288559,0.0,20.11715441077547
2025-03-11 22:00:00,67.63876461570213,55.59636826884132,0.0,30.017963373008712
2025-03-11 23:00:00,71.08791772605665,46.401604635140195,0.0,23.280992137061244
2025-03-12 00:00:00,35.585910059400184,39.67983222043882,0.0,13.721692649032017
2025-03-12 01:00:00,26.127826198095253,21.08904685388113,0.0,36.767254660646884
2025-03-12 02:00:00,33.205531118948656,27.535391581818807,0.0,22.944788037534988
2025-03-12 03:00:00,30.643916342720708,24.76770471815083,0.0,22.379530858717963
2025-03-12 04:00:00,30.36582051242494,26.97593277713858,0.0,25.591330823657593
2025-03-12 05:00:00,33.88076793883844,23.42820539827812,0.0,30.395948155758155
2025-03-12 06:00:00,92.52946564687079,61.62698741398548,0.5489348172381447,28.051583254820994
2025-03-12 07:00:00,101.22612005078228,70.57548334564362,0.959382396852092,19.41504865113351
2025-03-12 08:00:00,100.35277751710203,63.05613288187779,1.4031701121465965,11.357340215267365
2025-03-12 09:00:00,100.32472639671143,74.55257053829578,1.8834629677682628,13.906287693590848
2025-03-12 10:00:00,68.09027842577284,57.01781750057758,2.264716870744212,16.580254215779288
2025-03-12 11:00:00,65.98612954834223,51.77249827619258,2.704035943952485,25.17723917029728
2025-03-12 12:00:00,70.68650898772572,51.70147344401273,3.2314347485948285,16.58957967927876
2025-03-12 13:00:00,57.296244272944456,25.281213109000948,3.7702724755638224,25.32610282555089
2025-03-12 14:00:00,55.23310769032752,44.98346388978685,3.5967893882673696,20.113351623227572
2025-03-12 15:00:00,52.68200691123133,38.876159083044094,3.1420488372360293,17.512552706765927
2025-03-12 16:00:00,57.78598105952634,42.51057288205301,3.033987796231092,18.692564108114546
2025-03-12 17:00:00,56.15449939509653,31.751900089458395,1.8291528474772432,19.082547689397785
2025-03-12 18:00:00,120.0,98.82827574059564,2.0145444687447283,22.92769112384404
2025-03-12 19:00:00,120.0,86.25474400844242,1.1619575918563192,34.41517274319166
2025-03-12 20:00:00,120.0,97.50482878202267,0.8987228388648487,27.91628305910254
2025-03-12 21:00:00,114.02879385900513,94.78999347336594,0.0,33.2143415512066
2025-03-12 22:00:00,72.12213669010053,59.71062983720192,0.0,19.435319186997294
2025-03-12 23:00:00,67.04377862742767,56.34564429729869,0.0,22.95814603964319
2025-03-13 00:00:00,27.857661306201656,21.1275050543851,0.0,23.175877939530316
2025-03-13 01:00:00,31.42081518858234,29.481499166281495,0.0,30.525114806594736
2025-03-13 02:00:00,38.15869766545732,21.704990925848463,0.0,25.760723302150613
2025-03-13 03:00:00,31.674092663784357,32.016012746658745,0.0,33.46360322194284
2025-03-13 04:00:00,40.39407122466754,36.150170237615285,0.0,21.713461169903766
2025-03-13 05:00:00,35.819478574693036,31.003596600126023,0.0,28.604837083381238
2025-03-13 06:00:00,93.40866019085817,60.62704547116456,0.03298724474826438,33.15997524187367
2025-03-13 07:00:00,100.4022852763496,60.10463268661925,0.05370226133374977,8.212902541308633
2025-03-13 08:00:00,97.18635282078506,63.16181346869304,0.09762116835326479,25.98668188092431
2025-03-13 09:00:00,90.9855500982606,69.38529944678777,0.11752564685356931,15.778236995697883
2025-03-13 10:00:00,78.81366236981538,57.19488923781267,0.161117463054459,8.38382073571876
2025-03-13 11:00:00,71.6167052135922,42.45626181018801,0.18839294521905717,17.651351077602353
2025-03-13 12:00:00,70.53363337363777,44.429100595968116,0.2224591938069006,17.12220273073309
2025-03-13 13:00:00,54.23264507684396,49.481780069303575,0.22950333655899502,19.404684649006786
2025-03-13 14:00:00,63.39046429565405,49.646003289801634,0.20468928740946746,24.719213556754386
2025-03-13 15:00:00,60.410281514545105,37.71540014441596,0.23136003623866935,23.5120442079873
2025-03-13 16:00:00,60.914113902747815,34.997401564613796,0.18163311112261254,21.285524237142045
2025-03-13 17:00:00,55.79865104555327,38.9897862154785,0.13724946318971928,22.03969853837515
2025-03-13 18:00:00,120.0,85.66702116969174,0.11791230405647554,19.293429814680106
2025-03-13 19:00:00,120.0,94.69394964542182,0.10005035199318359,36.77594317686376
2025-03-13 20:00:00,116.90558210832339,107.2911034660859,0.06644300568021505,16.051439853131274
2025-03-13 21:00:00,113.53862855427398,80.0019150508192,0.0,26.359594139605427
2025-03-13 22:00:00,73.06522927672822,61.52324687868718,0.0,25.884399915345906
2025-03-13 23:00:00,63.368989236477226,54.366621204694404,0.0,30.648984013373507
2025-03-14 00:00:00,34.0984418206118,32.21103327508803,0.0,22.211913083640752
2025-03-14 01:00:00,31.401767848798904,25.85568245458574,0.0,15.879286350314704
2025-03-14 02:00:00,38.89836426889193,28.815829337443603,0.0,29.254346266552954
2025-03-14 03:00:00,31.646573311889355,19.080034863910235,0.0,30.129884958116158
2025-03-14 04:00:00,38.39709919435891,27.27457582031831,0.0,38.633985947130476
2025-03-14 05:00:00,31.10042832070817,27.858241070892735,0.0,19.21028958170218
2025-03-14 06:00:00,99.854948377013,72.9908843386863,0.4444928794861793,36.27703074332932
2025-03-14 07:00:00,104.6265258015105,65.89874338554935,0.7037036620861987,26.88705445093295
2025-03-14 08:00:00,90.54877673159667,61.41037180932116,1.0371447727051815,15.295255991737994
2025-03-14 09:00:00,96.66914960203384,60.467398109597724,1.6967898958691183,11.439271875678893
2025-03-14 10:00:00,82.94826251227886,59.62783105302686,1.92540530098767,15.171915997911888
2025-03-14 11:00:00,70.87839136174672,56.12751417802307,2.331155174769328,16.949544030580693
2025-03-14 12:00:00,70.85678885671699,55.00708880396502,2.764171373935317,19.27105824792147
2025-03-14 13:00:00,61.73886329698256,39.307421780171666,2.7703180062018253,16.792045976265747
2025-03-14 14:00:00,58.375481922329364,44.64340189793221,2.6620541036713443,27.36695563116761
2025-03-14 15:00:00,50.508101058335484,36.21428407174325,2.5135761314697294,14.214877402660232
2025-03-14 16:00:00,63.285911220678194,53.666591473909,2.2407140540423174,11.137508751729213
2025-03-14 17:00:00,49.1773501715096,37.88485418770947,1.8627556751728926,25.15753788881335
2025-03-14 18:00:00,118.12443756987746,84.82937701206521,1.539747286655104,8.499852776760774
2025-03-14 19:00:00,120.0,96.29453046158582,1.06896000550917,24.042671897462213
2025-03-14 20:00:00,118.39555907110747,94.01137183398974,0.7902554846089194,45.08269820633106
2025-03-14 21:00:00,116.87836578391018,93.36220072081075,0.0,25.259327258160532
2025-03-14 22:00:00,74.5354292139331,61.16056790566582,0.0,18.23677693805443
2025-03-14 23:00:00,66.74872509992883,45.23951404898402,0.0,24.97206000957675
2025-03-15 00:00:00,24.499984261836207,19.41571994134968,0.0,27.65422782254039
2025-03-15 01:00:00,31.235312943719777,23.501064184112366,0.0,29.1349094289281
2025-03-15 02:00:00,29.17684515714334,19.907079217805755,0.0,32.64744971732382
2025-03-15 03:00:00,24.40347098615021,31.576500258326554,0.0,20.733594312288933
2025-03-15 04:00:00,32.86628642997692,20.636698981818547,0.0,39.82699814633686
2025-03-15 05:00:00,32.090194225097555,26.995221677734488,0.0,29.726370149791613
2025-03-15 06:00:00,79.01503292916624,55.32256480389205,0.40815913733816594,33.099327846703005
2025-03-15 07:00:00,79.32293647632932,62.0879513071261,0.6484613565889532,14.166809982239263
2025-03-15 08:00:00,82.75069784293278,64.30980636189774,0.7744965696422877,22.210702699251353
2025-03-15 09:00:00,85.99055689277587,64.14190457552176,1.3707286150551068,15.725971753903544
2025-03-15 10:00:00,58.26537843242672,46.51006435177589,1.685294775603032,17.972111114093014
2025-03-15 11:00:00,62.48404609645533,40.753382870024886,2.1359515989787536,12.8855363393105
2025-03-15 12:00:00,62.08134885479938,40.45378860485973,1.722063141836546,12.617373678819051
2025-03-15 13:00:00,52.94683938212262,35.95643574705565,2.7845741251236937,22.98037740788465
2025-03-15 14:00:00,49.166847959277824,43.840319271318016,2.359308668296711,17.432525222427316
2025-03-15 15:00:00,44.88449175163362,37.518351249417144,2.4401054983144186,15.42175056659911
2025-03-15 16:00:00,46.908710375532365,43.3878234157598,1.8134677674839639,16.45425245842274
2025-03-15 17:00:00,50.53279716094964,45.77370672614295,1.7202280138519306,23.033060190724918
2025-03-15 18:00:00,109.91300283258163,83.50417801995656,1.1694825299912226,16.523589969621483
2025-03-15 19:00:00,99.5518248254812,80.53217516397889,0.8844511075491919,24.467474121847193
2025-03-15 20:00:00,105.35145662573775,84.06842511270665,0.7952930496730088,25.303672354706105
2025-03-15 21:00:00,100.25365910181904,79.81901706385335,0.0,13.125369161842237
2025-03-15 22:00:00,60.035057279406296,51.539308731828626,0.0,15.937570757841147
2025-03-15 23:00:00,66.35723324960485,55.48511139426192,0.0,27.328268139773385
2025-03-16 00:00:00,33.43931661639195,27.66699868828541,0.0,22.741499670059504
2025-03-16 01:00:00,24.414153272665693,24.96427707921754,0.0,35.243194202351155
2025-03-16 02:00:00,27.42386239284784,20.106343601360116,0.0,34.61650582380518
2025-03-16 03:00:00,35.652996049986115,31.90433825183814,0.0,32.89057259393244
2025-03-16 04:00:00,30.638451191828228,18.854902458353166,0.0,40.561302208881024
2025-03-16 05:00:00,24.830219461728614,28.091482373873983,0.0,27.299179986568507
2025-03-16 06:00:00,77.0909983005359,56.87197477375654,0.34530234401169957,32.400704292403915
2025-03-16 07:00:00,83.94200515511793,56.502091119668435,0.5758361368265699,14.283152255008428
2025-03-16 08:00:00,85.25113056839697,60.74336661245114,0.8821330166660903,26.982143173027687
2025-03-16 09:00:00,80.85663315958743,57.62259291436075,1.1546336380759366,25.022009290411876
2025-03-16 10:00:00,70.7836253314007,51.20675004709326,1.4431904990064701,16.776646990020453
2025-03-16 11:00:00,63.35339886273861,47.26640239061862,1.7703431038891684,18.343569772724177
2025-03-16 12:00:00,58.54904841384018,44.58226542248593,2.3239222378575835,22.411197294271872
2025-03-16 13:00:00,45.40825047287649,37.94879303316565,2.0652978253993672,18.79694449157099
2025-03-16 14:00:00,44.69194831844785,37.29567469410582,2.108242129336825,16.31132293374156
2025-03-16 15:00:00,50.588323631485196,33.08865847027373,2.112983222422918,23.77872620008838
2025-03-16 16:00:00,46.879430987213205,37.0128808071765,1.8722520033741272,19.897475191917266
2025-03-16 17:00:00,56.61077458224895,44.90885405434644,1.5614496440562082,20.40756850054024
2025-03-16 18:00:00,108.50625849177744,87.59227974553228,1.1673431226413686,15.444635463463875
2025-03-16 19:00:00,104.75665484238459,90.35729185789147,0.7210872051925513,14.316157712337702
2025-03-16 20:00:00,96.60237260034104,81.94123767571843,0.6891160295562797,26.571678905931154
2025-03-16 21:00:00,98.88287045216124,74.23810241315647,0.0,30.76692514123578
2025-03-16 22:00:00,65.29526209302318,56.6364880053085,0.0,23.674050938090637
2025-03-16 23:00:00,57.11091532811027,40.920225401291184,0.0,34.10061457130439
2025-03-17 00:00:00,38.65239945293934,29.927833761180032,0.0,22.87125075877558
2025-03-17 01:00:00,35.7384793039579,28.62512158853743,0.0,20.437161073488703
2025-03-17 02:00:00,33.83549213196083,30.949526353057955,0.0,27.289162139359203
2025-03-17 03:00:00,30.440013992092,26.65302329667145,0.0,27.182564637023496
2025-03-17 04:00:00,33.1786643544401,33.98669720599037,0.0,33.09841670801648
2025-03-17 05:00:00,34.456177447238524,29.33141164913504,0.0,22.378265007639772
2025-03-17 06:00:00,100.50378944315902,61.68741047422071,0.2185148547798064,37.248759894546694
2025-03-17 07:00:00,91.87155419795208,59.87959811493812,0.5046928231962842,24.842364620526133
2025-03-17 08:00:00,94.67468860943646,68.41117129191923,0.6387550964739244,16.490430302566015
2025-03-17 09:00:00,96.05906849449926,55.49401930207978,0.950421461244655,21.85638265620726
2025-03-17 10:00:00,73.9375759101907,45.433544759792724,1.2592238355388197,12.254833357422129
2025-03-17 11:00:00,66.86743378175046,49.03622680136077,1.5180371128372925,21.129924355942524
2025-03-17 12:00:00,65.0309592326105,53.65069457112318,1.7336533879156641,21.01357898389563
2025-03-17 13:00:00,61.537445933197695,53.65377836110168,2.015671860929163,23.622891041798717
2025-03-17 14:00:00,51.67383173324231,39.324826278401005,1.849979363569899,19.353373672141462
2025-03-17 15:00:00,64.28701146693223,54.96506144297915,1.6442899453649755,5.07946579644606
2025-03-17 16:00:00,57.80293531182939,44.68594401948824,1.5941357586783607,16.31194342677708
2025-03-17 17:00:00,51.54071288026746,31.596409508187953,1.3437077548270986,16.388741889358357
2025-03-17 18:00:00,117.83810901268427,93.26750488713238,0.857343903761135,14.677346543575398
2025-03-17 19:00:00,120.0,91.30469009497493,0.7468891700634617,25.743511536229896
2025-03-17 20:00:00,117.6028451060026,98.07926286737002,0.5365758053620334,22.363663605031533
2025-03-17 21:00:00,120.0,94.31960743715398,0.0,19.830378089901536
2025-03-17 22:00:00,74.28587594627675,56.387009277515716,0.0,18.367867258291177
2025-03-17 23:00:00,70.04566679135867,41.88185684653008,0.0,20.51170424826732
2025-03-18 00:00:00,29.446688399775457,24.750580076338675,0.0,35.39233631957696
2025-03-18 01:00:00,32.318019955699775,12.253257517556285,0.0,23.074127192256142
2025-03-18 02:00:00,40.03022855793973,27.461102756214967,0.0,24.08366306312493
2025-03-18 03:00:00,41.246237497872386,32.54013226848382,0.0,24.486140581823662
2025-03-18 04:00:00,24.573780161132824,18.85881311435699,0.0,29.984797688514387
2025-03-18 05:00:00,38.573073535234705,35.40275370620128,0.0,30.79510004746753
2025-03-18 06:00:00,97.14485923915393,73.99262126051704,0.23982294910745444,6.601941280315351
2025-03-18 07:00:00,100.1771165730355,61.464434282239836,0.5183716245320807,20.82133316949052
2025-03-18 08:00:00,93.54199734579049,61.9713085349356,0.5820904881212514,22.540950358415124
2025-03-18 09:00:00,88.06200872423814,67.35463283304763,0.8220776142095179,12.230886210993035
2025-03-18 10:00:00,73.7070954366597,53.36840321742892,1.0282325512768935,12.553836409828758
2025-03-18 11:00:00,66.84249821197389,41.03600504699789,1.259266487631506,14.71840421160393
2025-03-18 12:00:00,64.82957994606429,47.50645136336237,1.3001702994559285,13.450662629852447
2025-03-18 13:00:00,52.672940351991166,36.02683878805279,1.342301398209231,20.432737374299673
2025-03-18 14:00:00,61.30985859399077,53.26728461453309,1.710593209118827,9.93343653447087
2025-03-18 15:00:00,59.23328267025315,48.858286945331585,1.328595250128973,13.941677977886641
2025-03-18 16:00:00,62.12684367155779,44.10216159559864,1.1579491351165068,26.795199119979042
2025-03-18 17:00:00,61.616585218355404,47.36949677069137,0.8630472189749678,14.859365834653183
2025-03-18 18:00:00,118.10579895937305,84.79844047238248,0.7609145581166343,25.364452592274617
2025-03-18 19:00:00,119.68286891755145,89.0598168291958,0.4882477516112537,27.087973471215708
2025-03-18 20:00:00,117.69853112047858,102.65216979052789,0.5396762922780607,13.625233073715018
2025-03-18 21:00:00,119.05352502210529,93.38375466708729,0.0,28.82937412242793
2025-03-18 22:00:00,66.72424956683132,64.13165815550066,0.0,24.146121472521788
2025-03-18 23:00:00,72.83407521018063,53.719108315940666,0.0,22.045179969117754
2025-03-19 00:00:00,38.561092049173084,37.41278452438292,0.0,29.22420930634616
2025-03-19 01:00:00,30.048290044560737,13.182795483029444,0.0,30.805405727593428
2025-03-19 02:00:00,39.48876208306122,28.670523745048353,0.0,32.40919653947024
2025-03-19 03:00:00,34.233895412905916,36.84667115742854,0.0,35.649440438712574
2025-03-19 04:00:00,34.80790407258134,33.320136272476034,0.0,30.34760628630836
2025-03-19 05:00:00,26.075615840521344,33.86819406302601,0.0,18.067324828585626
2025-03-19 06:00:00,88.045449416968,60.568311251747154,0.30157273962818876,24.277023529813654
2025-03-19 07:00:00,96.82665344252237,61.97218903413501,0.2869101444398311,28.679455644016826
2025-03-19 08:00:00,99.73192437085784,61.230766557403,0.6777468888903783,19.515323135299695
2025-03-19 09:00:00,93.15691781361151,56.70107126621783,0.7586142237029612,26.309436980256265
2025-03-19 10:00:00,78.71151991013426,60.36205133193738,0.8472444869328305,22.286768717225335
2025-03-19 11:00:00,74.50330924165478,56.57904716452337,0.8427041929235319,17.521493224225857
2025-03-19 12:00:00,67.10856172482443,48.937759039580925,1.4123164161381998,17.767701923952565
2025-03-19 13:00:00,58.843900132999416,47.7249003162553,1.1293026116546123,19.100186022828932
2025-03-19 14:00:00,69.85126223301398,52.19396170817447,1.103299536121477,10.901785097730148
2025-03-19 15:00:00,53.113543118659955,47.237187031257506,1.2912056223450716,19.363441356912148
2025-03-19 16:00:00,61.082295856376604,51.22607889229459,1.2589043845910175,25.110852309197227
2025-03-19 17:00:00,57.25273064400359,37.58711418843799,0.9839728230943617,16.386734006730002
2025-03-19 18:00:00,120.0,98.00361238944454,0.7251857143478224,21.26171938727384
2025-03-19 19:00:00,120.0,87.34017006900972,0.5451323717960564,30.0604972379657
2025-03-19 20:00:00,118.26193310079884,94.07478273588671,0.4102354167564736,19.147644914777864
2025-03-19 21:00:00,120.0,101.2235420081222,0.0,21.987756065110524
2025-03-19 22:00:00,81.19151263173418,60.7671954631349,0.0,18.477044449111634
2025-03-19 23:00:00,71.4943336755594,49.240972016546095,0.0,19.689887523328657
2025-03-20 00:00:00,37.313545287687646,29.597402104649937,0.0,18.60881337521176
2025-03-20 01:00:00,31.124562728049074,27.689873019341434,0.0,21.264964048724064
2025-03-20 02:00:00,33.86821308460427,25.031622300886752,0.0,37.18103370110629
2025-03-20 03:00:00,32.98650827677672,20.189813733122786,0.0,21.161858180625728
2025-03-20 04:00:00,37.36775785942749,28.661222112033794,0.0,28.31022676940671
2025-03-20 05:00:00,39.20258790486998,20.24827519611608,0.0,23.992622577884017
2025-03-20 06:00:00,95.84067636287492,62.7974477700758,0.24242749732903007,35.53042967409861
2025-03-20 07:00:00,103.23542598970164,66.56032074882044,0.3039382394538838,21.862841876362655
2025-03-20 08:00:00,103.21933667093082,68.50913079158677,0.4178331286765455,20.02243331239751
2025-03-20 09:00:00,100.14496502821304,64.39479586094596,0.5547086413310041,17.72575070677666
2025-03-20 10:00:00,68.99097299517983,41.53737862397837,0.6583725205866372,15.514447645511694
2025-03-20 11:00:00,68.55986271259805,48.39716575203655,0.8444512350964564,11.559352902949474
2025-03-20 12:00:00,67.65737629182243,54.8181648030883,0.8468957879375693,24.465912517616882
2025-03-20 13:00:00,63.0738243060114,54.83651138645443,1.037460725266586,15.561543387004289
2025-03-20 14:00:00,53.34962005623754,56.05068577296449,0.962986750114398,22.396978875465095
2025-03-20 15:00:00,61.84834643343921,56.16393420452373,0.8940451876959384,24.298365445564666
2025-03-20 16:00:00,53.93758492473117,34.95540224922257,0.8812967733380765,16.543130460953595
2025-03-20 17:00:00,62.50853452922856,43.94134417568285,0.8300498706035393,24.194857789852374
2025-03-20 18:00:00,120.0,94.03389464452158,0.6331814200431509,22.879947262999618
2025-03-20 19:00:00,120.0,96.63542072365097,0.28385699207054127,35.36784246450833
2025-03-20 20:00:00,120.0,98.08135415772708,0.20227267461070675,21.800346783065386
2025-03-20 21:00:00,120.0,113.41005007345507,0.0,16.75868364795754
2025-03-20 22:00:00,77.88677662022862,59.706034335885825,0.0,21.57717670223586
2025-03-20 23:00:00,71.9594311408745,47.297077896766574,0.0,25.987955463168657
2025-03-21 00:00:00,28.624354356512,155.2260066846864,0.0,27.75478229375969
2025-03-21 01:00:00,29.102569407934517,165.22899989360178,0.0,24.665869620325058
2025-03-21 02:00:00,24.448104773501,198.588916460319,0.0,14.299341421416308
2025-03-21 03:00:00,28.9624269049963,198.14281230461503,0.0,30.574366266561004
2025-03-21 04:00:00,34.14862961509364,188.01931772754955,0.0,40.84584321909793
2025-03-21 05:00:00,31.32047934170949,176.05241313914786,0.0,30.53174625169278
2025-03-21 06:00:00,95.67651819461625,189.03898993961224,0.22167881592883307,31.522633606654725
2025-03-21 07:00:00,98.70434780203689,177.674347560686,0.14817628158979662,18.76302193457662
2025-03-21 08:00:00,95.11883475316468,150.17542523357216,0.3119854233689495,18.043273913698293
2025-03-21 09:00:00,91.43889881260395,175.07735369718077,0.4950006506567198,20.23708333608491
2025-03-21 10:00:00,71.18829480680999,179.94617230055263,0.5016233902791095,18.036408807281195
2025-03-21 11:00:00,67.38463912036764,163.2874178751502,0.706947057528692,15.130923283549912
2025-03-21 12:00:00,70.20930707443965,160.1646782120831,0.6848014377028914,13.147654336992801
2025-03-21 13:00:00,64.94070159894139,163.69045474028258,0.7944629441692611,17.957718977298455
2025-03-21 14:00:00,57.68093139060508,181.18138747589327,0.8681549104167611,20.65352733072635
2025-03-21 15:00:00,66.86751424910273,157.30320574677762,0.6640839786138142,17.636438894375512
2025-03-21 16:00:00,65.34056720025873,186.01641506647496,0.7337549960738471,20.65452879413443
2025-03-21 17:00:00,56.291331370432175,171.13374104808048,0.5775199227540658,21.25205297778144
2025-03-21 18:00:00,114.99994305112901,167.66739296026628,0.49519567908812745,23.138434662234683
2025-03-21 19:00:00,119.76350627135913,190.36156458401763,0.3478692060938844,32.51691094350551
2025-03-21 20:00:00,120.0,175.30316247182634,0.3359065074707689,25.101145290666985
2025-03-21 21:00:00,117.79414092197091,168.9200280595464,0.0,16.571301780116524
2025-03-21 22:00:00,75.51425265302507,193.90773577803023,0.0,22.496789160385063
2025-03-21 23:00:00,76.86582626195784,168.41258160997378,0.0,24.8922063282772
2025-03-22 00:00:00,26.516884573368273,21.839828055023393,0.0,14.760006755950455
2025-03-22 01:00:00,26.957770102701357,28.54442652765074,0.0,36.75056671937193
2025-03-22 02:00:00,33.206979144571534,12.992045470706405,0.0,28.250921036678918
2025-03-22 03:00:00,30.68331397338707,22.84630020040253,0.0,29.880724448084557
2025-03-22 04:00:00,26.912723130553445,25.726524636776226,0.0,36.59276570475333
2025-03-22 05:00:00,28.415187983461855,23.5513632565565,0.0,22.98234753594426
2025-03-22 06:00:00,81.2616971512198,45.429273007236645,0.12492752391667084,31.194859604093786
2025-03-22 07:00:00,74.53719022619363,58.22024741807701,0.14362297057886234,15.918381731655378
2025-03-22 08:00:00,85.02442911766532,52.01990709492438,0.268736499434928,15.614663299142473
2025-03-22 09:00:00,79.42492028826683,56.14616807519474,0.3974102165483737,13.208143713541375
2025-03-22 10:00:00,47.72005334677846,39.18655138074304,0.4583849462760213,23.183569301818206
2025-03-22 11:00:00,60.13935699647737,45.8375265782282,0.5514502037884026,14.831403265649616
2025-03-22 12:00:00,56.90970568884912,50.644223513853845,0.5650358973740705,19.230142129637592
2025-03-22 13:00:00,57.18034682692029,44.06375685822884,0.6082268093904373,10.144680142080897
2025-03-22 14:00:00,46.946144367418384,40.294041651203464,0.5490504610505377,24.729180922108647
2025-03-22 15:00:00,44.641251825454496,36.13991558023224,0.761161371853566,24.11917381983853
2025-03-22 16:00:00,51.86634397638731,44.49172021042471,0.4486938096607892,19.5610837454942
2025-03-22 17:00:00,46.60863380552412,46.36055329816227,0.39904372482629236,18.012515249717758
2025-03-22 18:00:00,99.40374101748144,81.3902514793447,0.2964737929799269,21.00552840463783
2025-03-22 19:00:00,105.20405014582632,87.71265460720576,0.3305466493479006,38.60046546119072
2025-03-22 20:00:00,98.22919103761345,89.10741410614091,0.15437943960552036,13.729206329909745
2025-03-22 21:00:00,96.35356246121896,86.03065506740386,0.0,29.351984024013444
2025-03-22 22:00:00,68.01376736329442,57.51426088474264,0.0,18.956428363996483
2025-03-22 23:00:00,62.854520673072805,52.84246178043404,0.0,24.42965758616103
2025-03-23 00:00:00,28.811058217525357,26.96106363407103,0.0,35.34445847886778
2025-03-23 01:00:00,29.98435255634129,32.24546900731313,0.0,33.644755776299775
2025-03-23 02:00:00,32.2763896115227,29.921529472873715,0.0,37.58087536413317
2025-03-23 03:00:00,34.38001852326039,29.674226103402614,0.0,26.995717668380625
2025-03-23 04:00:00,26.598111189082445,27.55099073892312,0.0,47.374195054719706
2025-03-23 05:00:00,31.64765936684557,28.45485737691954,0.0,20.778867827548677
2025-03-23 06:00:00,79.42372609809108,57.152190434601714,0.23454343121385335,42.76396368447021
2025-03-23 07:00:00,80.85347929073035,56.29388877451777,0.10180715929453102,20.762119306564337
2025-03-23 08:00:00,82.42701279462922,56.831324180784655,0.27443459228743916,15.989701416448517
2025-03-23 09:00:00,81.67384131230013,68.12971831587905,0.2530384999757054,23.75152755267586
2025-03-23 10:00:00,63.65047221063943,50.86062884021159,0.6477424675310984,13.807912905470875
2025-03-23 11:00:00,62.53231068429803,43.51297298048762,0.40256989203575466,22.83213254954174
2025-03-23 12:00:00,53.55365972610306,40.68648572810863,0.6222709139039098,14.565689213173966
2025-03-23 13:00:00,43.54847987510372,42.41129424555238,0.6929014268328542,29.41720298549451
2025-03-23 14:00:00,47.99495922548139,34.567969790796326,0.67083125098796,20.280494647588284
2025-03-23 15:00:00,57.88749798788642,35.443718305296144,0.5725971305084883,23.40180724793145
2025-03-23 16:00:00,45.826521060641,28.95154048426884,0.508695792116635,28.313893070675327
2025-03-23 17:00:00,48.721682113640824,28.979207875145153,0.4369171249029539,21.281549752774154
2025-03-23 18:00:00,100.65381149249207,73.78729293952875,0.3220995482829068,25.99340972847576
2025-03-23 19:00:00,100.57416888540006,74.72457690883077,0.34314849212650955,21.077440398503867
2025-03-23 20:00:00,103.86944746136916,91.26445953551217,0.3911576875803447,39.259995980385305
2025-03-23 21:00:00,109.37086635667686,85.81304614087801,0.0,48.87423291125153
2025-03-23 22:00:00,62.39227896774051,52.088288796924395,0.0,57.58351458307436
2025-03-23 23:00:00,56.72453184185594,34.51652562760624,0.0,34.684422286894126
2025-03-24 00:00:00,46.39369518594562,32.38779265745966,0.0,32.50494251141849
2025-03-24 01:00:00,34.35774188165625,17.850923126068654,0.0,15.0663239895719
2025-03-24 02:00:00,31.406668083611674,23.24549721536962,0.0,37.355563311967096
2025-03-24 03:00:00,40.35859607338034,42.62084565421533,0.0,32.42364535894822
2025-03-24 04:00:00,31.893344606584,30.497355071195585,0.0,23.868978405576794
2025-03-24 05:00:00,41.487273834774676,29.351677490974684,0.0,35.55284107142447
2025-03-24 06:00:00,93.0098738068665,67.4978699371213,0.01869692283480731,25.426660230805453
2025-03-24 07:00:00,103.36290311636265,66.66611501621001,0.0,14.426914695057548
2025-03-24 08:00:00,97.8324808554841,61.65636598882662,0.1355777726420381,18.22860933153255
2025-03-24 09:00:00,102.73750141337744,79.81032250219218,0.40134297089620063,11.961331265655556
2025-03-24 10:00:00,80.31627046381931,49.723851329677345,0.18604762142492415,20.453717445751177
2025-03-24 11:00:00,66.66159196731671,47.41452851109083,0.43309893919712605,11.991328577784834
2025-03-24 12:00:00,77.49929796807481,57.391905557115855,0.4763924443034395,12.015502678964813
2025-03-24 13:00:00,52.833536408970986,36.06755568941493,0.3199578002701985,14.685098415093652
2025-03-24 14:00:00,54.461274380268286,45.95810514087498,0.4097635059416601,22.6170583766629
2025-03-24 15:00:00,55.558261409819345,41.25616892869959,0.47244810902760725,16.07702249117039
2025-03-24 16:00:00,61.43996884168568,50.591850281938775,0.2716393754826017,12.602276223833453
2025-03-24 17:00:00,59.322175425092176,48.71508236305762,0.23405515805431368,16.129747449396135
2025-03-24 18:00:00,119.24788762126724,92.52019137390323,0.14843175076796367,18.855663122397942
2025-03-24 19:00:00,120.0,105.31987010088368,0.061459798054709136,17.223387348561573
2025-03-24 20:00:00,120.0,92.38597862167428,0.046092970401274094,17.402348599667356
2025-03-24 21:00:00,120.0,103.11091656566074,0.0,37.338132868196624
2025-03-24 22:00:00,76.68207553493045,72.63650509491164,0.0,19.180975635127858
2025-03-24 23:00:00,79.94848143211584,66.87677790764256,0.0,22.465075342433206
2025-03-25 00:00:00,33.96075983289766,28.54771220778591,0.0,24.616732412017463
2025-03-25 01:00:00,31.711990179295178,21.669480832439206,0.0,24.24999976067409
2025-03-25 02:00:00,36.81780309021765,40.990740050926355,0.0,31.315683435995915
2025-03-25 03:00:00,28.90774383569351,22.979981817707294,0.0,33.530156240575344
2025-03-25 04:00:00,31.00272191438205,21.118185390795837,0.0,25.032002169366255
2025-03-25 05:00:00,38.55410476765186,29.01474292862506,0.0,18.726482996199856
2025-03-25 06:00:00,96.50979700367847,58.67699305272001,0.0,35.74124811904998
2025-03-25 07:00:00,91.63150862774697,66.33360960774499,0.0696451588272663,15.875510217323807
2025-03-25 08:00:00,90.36426089621486,58.34608793287088,0.035767957382895274,23.298266159744824
2025-03-25 09:00:00,97.28759974763027,65.17143752907943,0.15178616424441888,7.133073505044582
2025-03-25 10:00:00,77.00231543412463,60.778802283403024,0.04641067687085665,17.057614572968966
2025-03-25 11:00:00,76.94223701665892,58.20142084564477,0.23259385238634409,24.06379085095703
2025-03-25 12:00:00,72.36274328078636,52.61989142001285,0.30025076709041715,14.826850137205895
2025-03-25 13:00:00,68.30157656740641,51.10434847657824,0.08913346956944881,17.904061697372054
2025-03-25 14:00:00,58.78979253474175,44.6909308709511,0.278556846562971,20.375406635523998
2025-03-25 15:00:00,58.63792987618548,42.2127072338387,0.33178196955956657,16.323069180176102
2025-03-25 16:00:00,47.70802258764833,38.64911464071911,0.10935215231389107,17.493383657667927
2025-03-25 17:00:00,57.24835091024836,46.904625067302746,0.3046881195141631,17.371273084046038
2025-03-25 18:00:00,120.0,96.50593974316894,0.16660481205044267,15.997552533993453
2025-03-25 19:00:00,120.0,100.65608275917597,0.040964867406913914,31.88912304240306
2025-03-25 20:00:00,116.26394414849722,86.30775187005817,0.06245695515391173,27.206687524867323
2025-03-25 21:00:00,120.0,91.68953735858024,0.0,25.92322153030862
2025-03-25 22:00:00,76.57473666322338,60.29782654323196,0.0,29.3259359909136
2025-03-25 23:00:00,71.91421770715013,48.37605504031865,0.0,22.782498493488152
2025-03-26 00:00:00,23.833654427352233,33.41346418680527,0.0,21.82703489052122
2025-03-26 01:00:00,35.221221484308906,32.58756284580282,0.0,22.988010916896584
2025-03-26 02:00:00,37.534854294498786,22.681227982766817,0.0,27.07767420627511
2025-03-26 03:00:00,29.845013458641702,28.431076368567417,0.0,19.89855683138854
2025-03-26 04:00:00,32.964721097290024,24.71802814612959,0.0,23.68064211040002
2025-03-26 05:00:00,28.90868429664533,21.491291092965646,0.0,23.573356570082726
2025-03-26 06:00:00,85.64011332798779,49.229216452949544,0.07160064094412832,41.44121171635189
2025-03-26 07:00:00,101.82729714964384,75.40050518351131,0.047797382316363116,4.978116889201443
2025-03-26 08:00:00,97.18890889449105,58.103063619334655,0.10379828494966134,15.510138075746717
2025-03-26 09:00:00,104.3953147817718,69.46863676857181,0.00931017613078157,23.245408789168373
2025-03-26 10:00:00,75.82478283602734,48.656737766097024,0.12007683222762,16.734034861306665
2025-03-26 11:00:00,70.37288904495502,55.79687840406764,0.015400095613670423,19.29812112095666
2025-03-26 12:00:00,71.5925200019797,49.98208772882384,0.1367083812334978,16.644644667984082
2025-03-26 13:00:00,61.89515906884038,45.85490361937104,0.08268466507294146,15.78511428786695
2025-03-26 14:00:00,63.698336185775446,47.55533978356473,0.09615488098294331,8.327132916638497
2025-03-26 15:00:00,60.799378648713656,47.58195075124927,0.24449392015822882,19.919063694603576
2025-03-26 16:00:00,64.32252996417728,48.113561971750705,0.21580206501361038,15.272280152034243
2025-03-26 17:00:00,58.01235149533948,44.28208425343317,0.1552590159773079,15.155152637186976
2025-03-26 18:00:00,115.51285403946441,88.57155889843226,0.0,16.58248262102516
2025-03-26 19:00:00,119.70835835897492,83.5555780375137,0.03538512957836764,34.98483939230107
2025-03-26 20:00:00,120.0,86.77283276841894,0.13876476700170487,39.0039370647294
2025-03-26 21:00:00,114.59309072367321,94.65172879505769,0.0,25.68179316010394
2025-03-26 22:00:00,65.95158359378974,56.41050748361636,0.0,21.528726653571045
2025-03-26 23:00:00,73.98007130657996,49.30331297223026,0.0,17.190019643022495
2025-03-27 00:00:00,32.33011921992657,17.91856662606581,0.0,30.202068623153437
2025-03-27 01:00:00,33.412440975614466,16.043199788453215,0.0,39.085630980198395
2025-03-27 02:00:00,32.540108055439774,22.528999191923514,0.0,25.363559250453022
2025-03-27 03:00:00,41.00142910902793,37.17166702215498,0.0,10.956077610508864
2025-03-27 04:00:00,39.836650272870976,26.682061839740342,0.0,31.56403558268736
2025-03-27 05:00:00,28.59063344591722,27.381187324815837,0.0,33.695430443880866
2025-03-27 06:00:00,94.9423640107206,61.3712211657834,0.025824447445044654,16.31684017599267
2025-03-27 07:00:00,101.16495267544578,72.22629480089046,0.2079844138729534,16.936868510747928
2025-03-27 08:00:00,100.0486465365472,65.5977339427742,0.06411259824359591,18.051027235256374
2025-03-27 09:00:00,97.15337263909856,58.85047782786346,0.05998732143980358,15.924701820218399
2025-03-27 10:00:00,66.94824917984788,48.04329112029997,0.03256825252547514,13.014365330757407
2025-03-27 11:00:00,68.99601989449599,61.3070650619535,0.07979733412680115,20.341096835940487
2025-03-27 12:00:00,69.74199604822863,61.84142798131161,0.06611890524018287,14.585350176567838
2025-03-27 13:00:00,60.67768290852507,49.159820858028006,0.14001616607131304,11.898025784693756
2025-03-27 14:00:00,67.09798061462669,49.16175751685774,0.15990365727979253,9.228278657843283
2025-03-27 15:00:00,56.340247361942545,44.79651889917856,0.015437335309990419,24.890002715090382
2025-03-27 16:00:00,54.81404980449054,44.23054740309033,0.0,21.842247810395683
2025-03-27 17:00:00,58.94256927276338,44.5504899327897,0.0,19.34092056814353
2025-03-27 18:00:00,120.0,100.38672519190857,0.08526269827360455,16.841685666342958
2025-03-27 19:00:00,113.48902664957683,91.21960071734982,0.0,21.113894441118074
2025-03-27 20:00:00,120.0,97.04201865580649,0.0,17.788118557905843
2025-03-27 21:00:00,119.22585887047948,86.57578581672458,0.0,21.70724125783204
2025-03-27 22:00:00,68.76301009177676,58.16681953810276,0.0,11.435396705342729
2025-03-27 23:00:00,64.86659831175722,52.84382355577483,0.0,19.854329011311297
2025-03-28 00:00:00,37.38714477636973,29.009937865357283,0.0,24.914352930923336
2025-03-28 01:00:00,33.43753091739,28.6524971120739,0.0,31.133161602435543
2025-03-28 02:00:00,34.97597596837219,26.185216065654988,0.0,26.744645871743835
2025-03-28 03:00:00,30.15414846142577,18.776517392523367,0.0,32.382863468762814
2025-03-28 04:00:00,32.7718691418473,24.786609803832548,0.0,36.125774631002756
2025-03-28 05:00:00,32.01818568738059,19.824714168676426,0.0,34.160721175296004
2025-03-28 06:00:00,97.01813448173648,58.6993039997849,0.036953614913313115,30.191914778464287
2025-03-28 07:00:00,94.45781798724727,71.94604039957295,0.20852745452853852,16.256644577184513
2025-03-28 08:00:00,90.56698913284592,60.31134341469536,0.012736551567057117,12.234281224305684
2025-03-28 09:00:00,109.74905230977313,68.56998158070594,0.08515190005612047,19.20693501272785
2025-03-28 10:00:00,66.03028347893499,58.188255237869804,0.029752075350790483,23.015153275341902
2025-03-28 11:00:00,72.98216812319522,57.59456460656566,0.02008027721022135,17.594838170646725
2025-03-28 12:00:00,64.19147736404561,45.16068786936078,0.10524458629996553,23.977585111836333
2025-03-28 13:00:00,50.52628869518061,43.18875135885123,0.010542169535348131,11.697862540581088
2025-03-28 14:00:00,59.95322137329671,44.32535854276071,0.05515551819619248,13.453695807735809
2025-03-28 15:00:00,60.29765630491887,41.14192487847952,0.05745429215662512,22.95297060314378
2025-03-28 16:00:00,65.18974761857223,51.05404468317996,0.0,20.159436777386226
2025-03-28 17:00:00,61.31096294453218,43.76760274525554,0.10256911462990712,25.120911232153528
2025-03-28 18:00:00,119.32585176564395,94.49628084420505,0.004075857564356428,18.83686231186057
2025-03-28 19:00:00,115.72679890170748,97.75640899150997,0.0,19.037121071163043
2025-03-28 20:00:00,120.0,104.11898639408582,0.05200828061954756,23.01459713671885
2025-03-28 21:00:00,120.0,94.28624365799826,0.0,14.996879112699427
2025-03-28 22:00:00,66.55711994208589,61.89135928010952,0.0,17.45304535421163
2025-03-28 23:00:00,72.33643936890167,44.73820079344799,0.0,30.223587352676017
2025-03-29 00:00:00,30.648235041869235,28.05293170151761,0.0,32.89451312185396
2025-03-29 01:00:00,28.44455854527449,26.12378328964971,0.0,29.453142419282045
2025-03-29 02:00:00,33.473327186130575,30.087486422035077,0.0,15.384222420179896
2025-03-29 03:00:00,33.742799122566794,25.611741079855747,0.0,24.583165892704233
2025-03-29 04:00:00,29.142814359877022,38.38044332068773,0.0,18.733072020453413
2025-03-29 05:00:00,28.73608839391054,19.49550194090073,0.0,34.944996889623084
2025-03-29 06:00:00,89.14140928665952,67.14817424197615,0.0,23.06211774634872
2025-03-29 07:00:00,86.5938712202857,54.46366344184699,0.003923727029716194,11.8038693684966
2025-03-29 08:00:00,82.72171795924336,61.22764432142781,0.00169920204791927,16.322261353535215
2025-03-29 09:00:00,75.0646555287954,57.57740034636121,0.09019131434324124,13.60869751619398
2025-03-29 10:00:00,62.40757263186439,46.850491535997214,0.04223839809989059,22.21132226808426
2025-03-29 11:00:00,64.00094774562123,45.03557287736169,0.003139447347843458,13.22530165680381
2025-03-29 12:00:00,48.46422482569905,40.39768554494387,0.07124750460867871,10.534149702468934
2025-03-29 13:00:00,51.224722645340876,42.80385786217722,0.11741856225397061,8.728332224977411
2025-03-29 14:00:00,48.216196187328954,49.60591563801882,0.05082678284073452,18.756357308850387
2025-03-29 15:00:00,49.09746586732678,34.29212060532552,0.006654410260126182,16.246459727220206
2025-03-29 16:00:00,46.00809584047482,34.747931803842036,0.0,12.149606944732849
2025-03-29 17:00:00,49.424458321093375,40.86501380572176,0.0,24.52147905952534
2025-03-29 18:00:00,110.19658234863553,86.16367528657416,0.0,22.054877543475182
2025-03-29 19:00:00,101.92382701114973,81.41849798546495,0.0,24.13092244480742
2025-03-29 20:00:00,108.27770127038887,91.99992914899089,0.0,32.5914505431368
2025-03-29 21:00:00,100.3041297708613,63.68160798842533,0.0,28.327660478001285
2025-03-29 22:00:00,64.2739750204439,53.71737844383536,0.0,19.30302707942137
2025-03-29 23:00:00,60.867023503790506,35.494898607989015,0.0,17.988486382473273
2025-03-30 00:00:00,31.58411172955176,18.665853636891534,0.0,32.52172677433211
2025-03-30 01:00:00,30.032189652438692,39.66329392509272,0.0,29.675797559357466
2025-03-30 02:00:00,32.887313545985435,30.343899486055484,0.0,28.14610151089624
2025-03-30 03:00:00,21.0,31.43220736244161,0.0,21.286369798450256
2025-03-30 04:00:00,23.610786089440936,24.650583174686314,0.0,31.10398210991832
2025-03-30 05:00:00,31.8768622410389,31.17667692094777,0.0,21.900619142719
2025-03-30 06:00:00,73.30572853274532,41.7049159561799,0.004651744221052297,26.31187434246899
2025-03-30 07:00:00,80.11403952486594,62.5973953389436,0.04256089313192148,22.0603621225276
2025-03-30 08:00:00,82.25711734061346,53.21108264791561,0.0,13.523767449320449
2025-03-30 09:00:00,78.77502050602035,53.251419452481954,0.03928898817999768,9.829499702094726
2025-03-30 10:00:00,57.8267120318368,47.69399459069243,0.005631574529214078,11.937312837976497
2025-03-30 11:00:00,62.16085824464995,48.417348769252335,0.0,20.22712877236399
2025-03-30 12:00:00,65.48056564496792,49.07035583060532,0.0,17.231847271072198
2025-03-30 13:00:00,45.84425973765236,29.40437279972388,0.0,18.29125199568277
2025-03-30 14:00:00,47.56952007045582,39.26007916512279,0.0,16.494709970904374
2025-03-30 15:00:00,46.866607573327286,43.71755924895041,0.04864166202297812,21.193554528272163
2025-03-30 16:00:00,39.261073069851236,30.94937323200041,0.12303136297988788,14.888140423459438
2025-03-30 17:00:00,50.79498500972778,48.079560776990135,0.09797456948018979,20.344489604025984
2025-03-30 18:00:00,108.2707937628262,81.70877843791945,0.0,15.444989022674449
2025-03-30 19:00:00,108.63945833951945,86.94827684599787,0.1195279522554638,18.846922847644784
2025-03-30 20:00:00,100.14611521261466,90.34087813733944,0.01207886935955194,20.427484522265402
2025-03-30 21:00:00,98.43192268825734,75.77131130378972,0.0,22.019637652302457
2025-03-30 22:00:00,61.03596330812136,61.094265660046595,0.0,24.003618070376124
2025-03-30 23:00:00,64.67046993350789,59.39390822946355,0.0,25.730671937241972
2025-03-31 00:00:00,35.044319556167984,30.42217804717589,0.0,2.104102407550002
2025-03-31 01:00:00,35.64936340020318,25.369329063522322,0.0,21.55417853799044
2025-03-31 02:00:00,39.48573171358431,25.6446241796894,0.0,24.363480990043545
2025-03-31 03:00:00,31.02137802223309,33.10815294638434,0.0,37.16920474693603
2025-03-31 04:00:00,33.35762714874262,35.15606042927094,0.0,19.715305685637812
2025-03-31 05:00:00,41.703217341696664,39.861075439319634,0.0,28.106466145679164
2025-03-31 06:00:00,96.95766338278403,64.52824028947315,0.0,37.101472288734406
2025-03-31 07:00:00,92.14029708987378,70.02353448102393,0.0,10.885416604362032
2025-03-31 08:00:00,94.83121100359702,64.53760937178494,0.0,17.80040591852138
2025-03-31 09:00:00,93.62150410622776,59.18332954018971,0.0,12.954296837633343
2025-03-31 10:00:00,74.05221671319823,60.2728124357928,0.02547339281996156,14.160056673718422
2025-03-31 11:00:00,68.41322356139301,60.278699708058646,0.02712779926510076,12.950897969835394
2025-03-31 12:00:00,73.6646392154181,47.250789070093255,0.016427172726274593,13.239552687373644
2025-03-31 13:00:00,56.43352741451916,36.32725421453776,0.05218229019650893,31.769612951669828
2025-03-31 14:00:00,50.19061747516006,39.92298697357977,0.11247893859970826,22.896236164748803
2025-03-31 15:00:00,61.12560993937073,51.41515250871233,0.09214782194930735,24.11222189214517
2025-03-31 16:00:00,60.41390746491309,38.678339988715365,0.0,21.230401605689426
2025-03-31 17:00:00,62.07573106864187,48.427712254817784,0.0,11.313491409113663
2025-03-31 18:00:00,116.97155751375635,88.77001648789484,0.08396666818008543,20.771784959955742
2025-03-31 19:00:00,116.4920498608828,95.40023151063852,0.0,30.826370777917184
2025-03-31 20:00:00,120.0,90.88741877002633,0.0,19.12076095553703
2025-03-31 21:00:00,120.0,102.77407621331079,0.0,30.172506324090456
2025-03-31 22:00:00,72.49524112032098,61.09394699574333,0.0,28.58656107788847
2025-03-31 23:00:00,74.35561800975466,46.64845053257279,0.0,35.560744961403216
2025-04-01 00:00:00,32.9443532159029,27.40224903146012,0.0,24.201121817544404
2025-04-01 01:00:00,27.445160447387,14.195664042197265,0.0,19.60826784787705
2025-04-01 02:00:00,38.74493018201184,26.543067713955903,0.0,24.580499073672915
2025-04-01 03:00:00,38.47936187170631,31.060754903966117,0.0,36.72220756391681
2025-04-01 04:00:00,37.589980909106956,19.284196614969918,0.0,14.671086089869785
2025-04-01 05:00:00,33.5727433232777,12.576558198658478,0.0,13.049872405798357
2025-04-01 06:00:00,100.64741323767299,53.37052094015987,0.0,27.62757076169195
2025-04-01 07:00:00,101.9825888770948,76.99175717030825,0.0,14.420119749533193
2025-04-01 08:00:00,105.25137487115475,70.25838708124563,0.06517308538367576,16.245500140242537
2025-04-01 09:00:00,102.40902825976306,65.69000265977547,0.09060611461863681,20.0460373594614
2025-04-01 10:00:00,72.82019110428854,58.5283027521048,0.0,13.9743107975139
2025-04-01 11:00:00,66.64585594222748,47.35731984148783,0.0,8.621863807358274
2025-04-01 12:00:00,73.23345793115999,53.99533910268269,0.008730423594750313,24.50157011717077
2025-04-01 13:00:00,60.97376127435285,46.409666159081425,0.08715574304317406,14.200510740102903
2025-04-01 14:00:00,63.00979698196334,44.585565679261336,0.0,13.90820845967312
2025-04-01 15:00:00,65.91167635998639,50.102254866832304,0.06709877303728139,24.136177441050858
2025-04-01 16:00:00,59.390985688775466,49.825007306947626,0.045044506537726764,17.098236556856463
2025-04-01 17:00:00,69.27360534718997,49.462465932547744,0.08470191236267904,18.616758127808545
2025-04-01 18:00:00,112.0832084098174,86.2596729629407,0.03944013126755733,21.199716593856063
2025-04-01 19:00:00,120.0,92.73016801995927,0.0,30.90978936786108
2025-04-01 20:00:00,116.40665823517188,78.02460657828644,0.1107471607462834,22.29371594484242
2025-04-01 21:00:00,111.41750100140038,89.29164728070029,0.0,33.5630499910845
2025-04-01 22:00:00,71.62501089829095,55.588545518847155,0.0,11.334925159360601
2025-04-01 23:00:00,65.97571844874285,51.835422038725085,0.0,28.941008329350744
2025-04-02 00:00:00,33.70777621614506,27.029015743086177,0.0,21.372129348909848
2025-04-02 01:00:00,34.59066337371779,27.746316858697366,0.0,36.32902345573614
2025-04-02 02:00:00,39.46763809930451,34.25520399704797,0.0,28.00983460402496
2025-04-02 03:00:00,27.650068650855015,20.09092446175582,0.0,22.49888233664295
2025-04-02 04:00:00,38.52220500269871,31.584695450536337,0.0,31.531628515312732
2025-04-02 05:00:00,34.875563783551804,29.058149570969686,0.0,33.08931060303675
2025-04-02 06:00:00,102.70435921069047,67.18945710648853,0.0075501760378988425,31.38997837786984
2025-04-02 07:00:00,96.13165773180721,60.36530324563173,0.029152410721420875,12.051688601144312
2025-04-02 08:00:00,92.07943737901178,67.10895830416803,0.0,14.265723027542359
2025-04-02 09:00:00,92.59579105147589,67.91350650775007,0.026858036300068736,16.213045440819602
2025-04-02 10:00:00,66.80526997308343,50.05755763195679,0.009237038313174892,16.062163929373167
2025-04-02 11:00:00,74.7685672027284,47.15932701715235,0.08268837410886062,19.271582310357914
2025-04-02 12:00:00,79.2645526145516,53.65112584038736,0.24631276644075228,8.054325119054585
2025-04-02 13:00:00,57.34805439220606,43.46311682145781,0.0066781482108623225,20.51707778049979
2025-04-02 14:00:00,62.721445104314576,51.13875884341635,0.0,17.561836049764647
2025-04-02 15:00:00,53.03484700054426,32.28337272152652,0.22706971422885347,14.965351700561639
2025-04-02 16:00:00,60.70178188345239,42.640416481832354,0.07977816473058517,15.419845182493393
2025-04-02 17:00:00,62.89886803567162,44.66474997550327,0.026495436342533644,17.918958166906968
2025-04-02 18:00:00,113.48343851125409,90.99359008491736,0.14551299138707569,1.888313419035967
2025-04-02 19:00:00,119.08252438959066,85.97429828083936,0.0,20.076245100899797
2025-04-02 20:00:00,120.0,95.30723583662169,0.1774175509659703,19.014068881471726
2025-04-02 21:00:00,106.79803208746735,83.12883292726741,0.0,27.586921814607603
2025-04-02 22:00:00,78.62794229224329,60.63772906454529,0.0,19.441848766820215
2025-04-02 23:00:00,74.20996070609517,52.31760683698662,0.0,23.035154087478947
2025-04-03 00:00:00,37.700866183816316,25.351791315304883,0.0,37.527119931504444
2025-04-03 01:00:00,32.61835501271184,29.253669384254625,0.0,33.8170829526589
2025-04-03 02:00:00,26.723340602044175,19.696418490049105,0.0,33.193602398747814
2025-04-03 03:00:00,36.87887507251456,29.556466616380412,0.0,23.699594210793357
2025-04-03 04:00:00,34.10393530471397,22.355964389281993,0.0,30.761170661656394
2025-04-03 05:00:00,34.620111318533716,24.18149867384526,0.0,25.50052594114536
2025-04-03 06:00:00,103.07914281763068,70.6602515662576,0.0888265057559882,25.756503307455304
2025-04-03 07:00:00,101.61419881661708,69.9986719549792,0.014544900404361134,17.914961869177247
2025-04-03 08:00:00,106.83047976113865,69.24308489259377,0.25053991507176454,13.825188273458064
2025-04-03 09:00:00,98.87725541416614,65.15706575959005,0.05809501052250994,22.316091397070952
2025-04-03 10:00:00,69.59072756811652,42.22013062189508,0.1961833683666567,15.600006977654266
2025-04-03 11:00:00,71.85330772708728,60.40497623896401,0.18897468893584446,18.76273407126102
2025-04-03 12:00:00,74.57166871460028,57.38975774470356,0.2911442456281811,22.164138014509803
2025-04-03 13:00:00,64.53067395061552,51.4808795286591,0.3239866207943984,23.848761282848088
2025-04-03 14:00:00,53.35766683367289,32.57410883266921,0.2016260569815115,12.281065540861622
2025-04-03 15:00:00,59.99773888345339,41.67950990702177,0.12673151284858258,21.06767791990064
2025-04-03 16:00:00,67.20225707181979,47.11444393412286,0.2018290539384544,22.991178262924223
2025-04-03 17:00:00,58.87837969563578,32.90592284846282,0.08259850902574366,23.186188611268978
2025-04-03 18:00:00,120.0,103.01674632547511,0.2676231841649068,13.682249510694344
2025-04-03 19:00:00,120.0,104.56579798216491,0.08887808449714321,20.371891050151984
2025-04-03 20:00:00,120.0,108.8023126384146,0.02435208895104865,30.43663437582423
2025-04-03 21:00:00,116.35607756280031,85.71671938186816,0.0,19.733700352820485
2025-04-03 22:00:00,69.07687602288144,60.951231546545955,0.0,22.54950145475793
2025-04-03 23:00:00,72.79240705272684,59.445191756411106,0.0,33.97915998342839
2025-04-04 00:00:00,27.62065752387006,23.87002689550934,0.0,26.80437051348229
2025-04-04 01:00:00,33.301822836699,23.917015783741068,0.0,22.199469192539453
2025-04-04 02:00:00,35.65360052527197,17.360108440629112,0.0,21.1764296789988
2025-04-04 03:00:00,42.54651579772544,38.30588664559023,0.0,29.385099998383193
2025-04-04 04:00:00,36.32788741816566,28.96316169386419,0.0,18.08695797964076
2025-04-04 05:00:00,37.32918368538042,24.76147558859576,0.0,25.451085005267917
2025-04-04 06:00:00,103.53188948892894,70.59045242259396,0.06754842282569647,29.388567063936733
2025-04-04 07:00:00,93.95078902717616,65.00866577072028,0.0,21.56373891841026
2025-04-04 08:00:00,97.54887619653448,67.26772327167318,0.041198918075861846,18.99357285652728
2025-04-04 09:00:00,109.20610484032143,71.7921374318465,0.25858847155802944,13.371398110689091
2025-04-04 10:00:00,72.42526113217262,61.88849673470742,0.15617367015754524,21.072452366039276
2025-04-04 11:00:00,77.80524950242284,54.741424387170206,0.16801778648992116,15.058319599196091
2025-04-04 12:00:00,77.1181315801819,65.12087677475023,0.32822575989292624,11.248705989466906
2025-04-04 13:00:00,53.374580896007835,45.13246182711303,0.3985497245388985,18.173220378182176
2025-04-04 14:00:00,61.42324935727913,47.81912167132484,0.36120965701906405,25.817689432323636
2025-04-04 15:00:00,60.68645623567595,45.0257533854114,0.36497735455520863,19.774462699872736
2025-04-04 16:00:00,61.51090715603439,52.06708897904073,0.19122705801891945,19.049433642456304
2025-04-04 17:00:00,56.63258645169267,43.68332376069852,0.09498035913590941,26.762642743178088
2025-04-04 18:00:00,114.97386219639529,86.05827049269492,0.28266205107891434,12.194633960013755
2025-04-04 19:00:00,117.85795499990617,87.44608799962637,0.09311365404934312,16.56849702498641
2025-04-04 20:00:00,119.55992251312108,97.07237365670616,0.0616713263182172,14.55269221926745
2025-04-04 21:00:00,120.0,91.97545501492019,0.0,26.690312711022127
2025-04-04 22:00:00,80.95920982166814,67.56486357612174,0.0,25.431957872775087
2025-04-04 23:00:00,79.06600144090721,61.346500775749035,0.0,33.832442174256045
2025-04-05 00:00:00,33.8708334485183,29.029037046009865,0.0,28.83667909358814
2025-04-05 01:00:00,25.480468819651847,21.20105044476504,0.0,24.435672221041234
2025-04-05 02:00:00,28.159967212547272,33.828265086548086,0.0,27.194333052479227
2025-04-05 03:00:00,30.94466723585849,29.080663798193378,0.0,27.982020695067884
2025-04-05 04:00:00,27.15402432865721,32.15746039993708,0.0,15.821625388124316
2025-04-05 05:00:00,32.59742543637578,11.95734545527079,0.0,45.60028672768806
2025-04-05 06:00:00,86.31545171640379,61.21174836919193,0.18102737256165044,30.714937103238096
2025-04-05 07:00:00,85.4865695108041,64.72376163472826,0.1603072939085317,17.165552716058684
2025-04-05 08:00:00,87.6863699497686,70.98155021368181,0.204971967045642,18.817502215951528
2025-04-05 09:00:00,79.00260376755065,47.13373784895006,0.40351367272322863,19.201777415687523
2025-04-05 10:00:00,65.56517734035953,55.929756265744224,0.24424691028390896,15.736199967390062
2025-04-05 11:00:00,58.23704364640375,54.60909798988833,0.43094371420163347,13.735509203949993
2025-04-05 12:00:00,57.133236385051646,31.692805825548312,0.4087738046319338,18.75343406579897
2025-04-05 13:00:00,52.9090627471259,44.17786757028823,0.4517696198474426,20.862272940155172
2025-04-05 14:00:00,55.9859711731826,47.09387487908429,0.5525597116513846,15.174950169269112
2025-04-05 15:00:00,52.71060083197923,38.90678728147033,0.4448396151433369,25.777668457290474
2025-04-05 16:00:00,50.608158250263635,37.1202291149322,0.3997801902791051,20.422933765302062
2025-04-05 17:00:00,51.91023236074397,44.654095944370454,0.3815289556991046,22.499153747514452
2025-04-05 18:00:00,105.39300141787713,80.50412607233368,0.20111726676771108,25.64868713890658
2025-04-05 19:00:00,99.7123012539651,79.1954388827973,0.10136417189199287,24.5977939448267
2025-04-05 20:00:00,99.18728963432225,84.88469965569854,0.03222415763479623,26.40239466061295
2025-04-05 21:00:00,104.42436382894383,93.7870581983111,0.0,29.418033203491213
2025-04-05 22:00:00,61.7268039329065,58.77665337524628,0.0,20.030686024293658
2025-04-05 23:00:00,61.41844387459943,46.60263126325763,0.0,24.794501260103576
2025-04-06 00:00:00,33.04245726142461,23.736835129138345,0.0,28.100143226822304
2025-04-06 01:00:00,29.03035477726047,19.69241696628695,0.0,20.73304649677861
2025-04-06 02:00:00,32.53340631857185,32.34231235545845,0.0,43.03100421388617
2025-04-06 03:00:00,29.349359547030986,25.019726525572004,0.0,17.659572794444784
2025-04-06 04:00:00,38.2051153291641,36.90257990907523,0.0,18.40329005845325
2025-04-06 05:00:00,30.36321177026901,23.032503039184864,0.0,36.19652629961457
2025-04-06 06:00:00,93.69123525377582,59.34807193553199,0.0,32.10323522599441
2025-04-06 07:00:00,84.74203566181916,62.105407665565295,0.3202770640662776,12.15413846209036
2025-04-06 08:00:00,82.1964362342633,57.27432174301537,0.1384026115986308,18.82883866120907
2025-04-06 09:00:00,79.11046760874173,48.54123186484947,0.292106214906786,22.34573813689918
2025-04-06 10:00:00,54.937989043173076,53.652049865879135,0.37565436241912276,16.22332268953567
2025-04-06 11:00:00,56.96949734664999,39.389673430624164,0.5044302371630707,26.96773988611036
2025-04-06 12:00:00,57.472759235194744,50.1675146893894,0.6089863259978284,9.30119053212993
2025-04-06 13:00:00,52.34417978054871,45.92942655708742,0.6476326292357186,22.37956383137564
2025-04-06 14:00:00,48.199745518923066,30.87649246252799,0.532148555081424,24.633361655732127
2025-04-06 15:00:00,51.40866142518915,34.289263306605726,0.5303576118917718,23.321316650115005
2025-04-06 16:00:00,56.336392319389,41.58229957445265,0.5024440973774066,18.097157707729792
2025-04-06 17:00:00,50.17235210633707,34.808675299354746,0.37790413631555264,17.68671158079026
2025-04-06 18:00:00,114.24118452048843,100.7893260618252,0.43839415087524725,21.18912897128163
2025-04-06 19:00:00,99.59382996586142,78.81186364819598,0.26593727698742553,29.521177409519684
2025-04-06 20:00:00,104.20735340970063,88.53579850805909,0.2145707165550372,28.213737891266746
2025-04-06 21:00:00,102.4580712211384,84.91551032127852,0.0,30.896185335187116
2025-04-06 22:00:00,65.64526735368923,59.88567025710628,0.0,18.274700074975037
2025-04-06 23:00:00,51.35192528978515,40.5624922630561,0.0,23.124235768931037
2025-04-07 00:00:00,28.1337541388881,33.16893467305181,0.0,20.897492894672887
2025-04-07 01:00:00,34.14471223915892,22.640983067946962,0.0,24.680253527040016
2025-04-07 02:00:00,41.60897268473097,41.1074768593636,0.0,34.25035576235656
2025-04-07 03:00:00,35.64406119335614,20.415416773186625,0.0,28.054579007781225
2025-04-07 04:00:00,28.5458093959992,28.981864250262557,0.0,45.120101724533086
2025-04-07 05:00:00,29.240523273082214,16.85073966337633,0.0,28.637952949749543
2025-04-07 06:00:00,106.11918150330432,68.53366760621097,0.18321966741316226,27.724779066531827
2025-04-07 07:00:00,95.79562124591894,65.97159010869625,0.2955188333292709,16.825367677705067
2025-04-07 08:00:00,94.3473926644781,61.88940083534662,0.3078675390147688,13.776810740113696
2025-04-07 09:00:00,105.2389043633409,69.61267051914888,0.29726430657619063,16.15328633517785
2025-04-07 10:00:00,77.55548240551796,46.66066654440185,0.5468831758459356,21.011465057004617
2025-04-07 11:00:00,78.73881427507709,49.9906650468826,0.5689892222827826,16.857278515001024
2025-04-07 12:00:00,68.73035741918032,53.58641837411109,0.6615066470290211,13.139019882103382
2025-04-07 13:00:00,53.34997951574914,42.11719378110153,0.7960960440892657,14.699624118600738
2025-04-07 14:00:00,60.81220410244594,41.78685306611473,0.848249568303549,16.969799636422643
2025-04-07 15:00:00,61.72102249914525,54.223084180976436,0.7054977077078866,19.475092418859763
2025-04-07 16:00:00,61.85366301698551,38.678645394311225,0.645804414794046,24.82792547963074
2025-04-07 17:00:00,66.86478261068928,47.41990053999578,0.6510853352765433,12.713786392764998
2025-04-07 18:00:00,112.19804809496289,86.32369458094584,0.42027111677174384,17.593059882710577
2025-04-07 19:00:00,120.0,100.1913977514786,0.5015204634529038,25.472394148808977
2025-04-07 20:00:00,115.06518730133708,91.91417167791094,0.24688169638096846,13.314810009497418
2025-04-07 21:00:00,120.0,96.36126855623141,0.0,19.461824089294268
2025-04-07 22:00:00,70.8682407100303,50.547667303601585,0.0,20.406578498523068
2025-04-07 23:00:00,69.3426727988692,55.73437409307751,0.0,19.693098517969037
2025-04-08 00:00:00,31.917854962794056,24.929200774443768,0.0,28.712863632713944
2025-04-08 01:00:00,28.157171240570932,26.116042920793777,0.0,26.298719747812335
2025-04-08 02:00:00,34.84434737331607,23.51509484451942,0.0,23.594992026255845
2025-04-08 03:00:00,31.185386886093408,20.337928349646035,0.0,30.32987527497056
2025-04-08 04:00:00,38.200759183116716,37.74405184094218,0.0,39.20090502450513
2025-04-08 05:00:00,37.542669508713594,17.8142963686259,0.0,38.62678193594034
2025-04-08 06:00:00,106.27981912223711,65.10241900708755,0.022731205686809836,14.228230539526338
2025-04-08 07:00:00,100.3315860601094,76.68109790567215,0.31364392658755147,18.810731729459423
2025-04-08 08:00:00,101.02616233603489,72.22968312727839,0.3991534439441188,15.707460070382982
2025-04-08 09:00:00,104.98356153739971,68.52583708582797,0.6070797524952848,17.076748914931574
2025-04-08 10:00:00,70.25035215601078,58.807343529494624,0.7008743148632249,14.80224232878601
2025-04-08 11:00:00,66.37767233042727,51.7115295528464,0.7693783841716918,16.92235821900037
2025-04-08 12:00:00,73.97525755420868,54.63680765555698,0.7864273616695823,17.061345701079112
2025-04-08 13:00:00,53.86884462864429,43.45866065740127,0.9246864033432148,16.40302384689102
2025-04-08 14:00:00,71.31341926827336,54.69303119718469,0.8733666275893529,14.881098866222793
2025-04-08 15:00:00,66.82043755446435,52.298920535280566,0.8379293445883538,17.027567363510272
2025-04-08 16:00:00,70.00858873996621,63.994185574757914,0.8275411352440425,20.302156170408455
2025-04-08 17:00:00,60.55170663509319,44.28170772247709,0.7806121671097408,22.0509742376368
2025-04-08 18:00:00,120.0,94.76295754968505,0.5354732545545036,23.270528027077052
2025-04-08 19:00:00,117.9323605562131,85.44940501391694,0.2729901281906818,21.612129431819543
2025-04-08 20:00:00,120.0,96.20159860755379,0.2889448103568001,26.408448793147695
2025-04-08 21:00:00,114.53005554577024,101.08332013450274,0.0,30.592145332662355
2025-04-08 22:00:00,61.63091493549441,60.4466553983977,0.0,31.844140498414696
2025-04-08 23:00:00,69.51663650043237,47.07194990030446,0.0,24.29595871692337
2025-04-09 00:00:00,18.687555968073926,25.62200183138577,0.0,25.97077259569903
2025-04-09 01:00:00,27.45188952303433,23.166392877749352,0.0,28.80253186099131
2025-04-09 02:00:00,28.461011956163333,26.443119528693558,0.0,19.587976100119263
2025-04-09 03:00:00,18.844546710175575,26.327134624226037,0.0,26.158538190937772
2025-04-09 04:00:00,26.895532965726005,27.331108032490285,0.0,32.60607256782714
2025-04-09 05:00:00,25.87870236214585,23.306814887210322,0.0,31.900707932595864
2025-04-09 06:00:00,60.88936201671338,65.4926166751639,0.2965092485673701,25.631723176086144
2025-04-09 07:00:00,64.41346746042943,65.56050226645048,0.2621895474355204,17.39117564973212
2025-04-09 08:00:00,63.846100773214594,56.44852748391784,0.4417404784327327,13.093113633596328
2025-04-09 09:00:00,67.81433855461165,56.2914150474362,0.6196170815066324,19.394197103028965
2025-04-09 10:00:00,44.890857367652416,46.34848044230145,0.7313034149932129,16.17255897185886
2025-04-09 11:00:00,48.266762021332916,43.0996281098405,1.0097241824139307,15.355597350005098
2025-04-09 12:00:00,46.512754471296056,39.96732899016192,1.0748973923054717,15.001926826790818
2025-04-09 13:00:00,41.467743297944935,53.46275474515342,1.1941800986129152,18.93979585387864
2025-04-09 14:00:00,39.40578200470775,44.50886179087824,1.0733690090151478,17.087797478299812
2025-04-09 15:00:00,38.45431476398916,42.353337673776856,1.047414194011971,22.408407387937434
2025-04-09 16:00:00,39.416225633462254,43.960411421085794,1.0156522563326438,17.34080601427229
2025-04-09 17:00:00,46.136740882292294,43.266318147858854,0.7642686278724508,26.905446441043942
2025-04-09 18:00:00,78.42834164669377,95.05136002853217,0.7565991340269691,26.290876530906523
2025-04-09 19:00:00,76.56365592340194,90.52106842639051,0.4204909569173979,19.22593352261861
2025-04-09 20:00:00,79.67394306692367,91.16582972562064,0.32894695784122185,25.171291116793583
2025-04-09 21:00:00,79.24512395416228,90.26638757424503,0.0,20.715828879201233
2025-04-09 22:00:00,44.3337734330868,51.33286521587644,0.0,22.719838455124215
2025-04-09 23:00:00,55.229375168056954,54.633687908626385,0.0,37.12526493152619
2025-04-10 00:00:00,33.14139571577614,25.604882909778645,0.0,25.467461056905684
2025-04-10 01:00:00,33.02713842808998,24.115465157139322,0.0,30.073401368764696
2025-04-10 02:00:00,35.44681005450249,28.174985151346483,0.0,31.32245366590465
2025-04-10 03:00:00,42.51307643235583,31.5442303641269,0.0,20.687293724674703
2025-04-10 04:00:00,27.168697001580576,27.08314692357399,0.0,21.69107180689426
2025-04-10 05:00:00,35.96948729330848,34.48708658252999,0.0,19.270654760896953
2025-04-10 06:00:00,108.24952731718082,75.57713624836111,0.31634492295549194,21.47811861064507
2025-04-10 07:00:00,99.4360816524379,73.96848044689034,0.2609413479272276,4.758951364963563
2025-04-10 08:00:00,93.29779968224383,58.798314406375965,0.4038995131310522,18.806967725567574
2025-04-10 09:00:00,96.07401675078656,61.94431203273751,0.6225518971130171,25.054233400399816
2025-04-10 10:00:00,74.13607332573767,57.22681177600268,1.0570977061775122,17.16503825673337
2025-04-10 11:00:00,79.19371956221148,60.57239857114912,1.1023507260632246,10.69232415401674
2025-04-10 12:00:00,71.67809064195984,48.05160048971456,1.574270194443635,13.893288897850727
2025-04-10 13:00:00,64.09918470663936,51.38516020181716,1.3283099897017239,17.0967128587258
2025-04-10 14:00:00,53.92009189648242,36.573688131325746,1.4116425713577434,14.399244097974783
2025-04-10 15:00:00,53.88251895501568,44.492184572420726,1.468042409723422,23.465195468524428
2025-04-10 16:00:00,58.20664851911115,43.875081928673,1.338350533736377,23.22416678418722
2025-04-10 17:00:00,66.8503808666231,41.17551173956359,1.1210112640342496,13.733615512800862
2025-04-10 18:00:00,120.0,91.70984561377435,0.8412737007260761,22.81291847690553
2025-04-10 19:00:00,120.0,107.16829438667939,0.6266892201544313,34.30763650726328
2025-04-10 20:00:00,120.0,95.08597007479966,0.4218127624979648,36.640073346887945
2025-04-10 21:00:00,120.0,109.7210647943093,0.0,42.61573767200552
2025-04-10 22:00:00,70.45910882541178,52.77071196866922,0.0,19.23085086277173
2025-04-10 23:00:00,76.30238493002916,57.40391242403946,0.0,42.36128272939694
2025-04-11 00:00:00,31.01904930598276,10.788801812296562,0.0,25.24509483086874
2025-04-11 01:00:00,43.68274824497427,32.424244221549856,0.0,23.595283190809717
2025-04-11 02:00:00,31.156261323995743,29.56768062662801,0.0,29.96257168796318
2025-04-11 03:00:00,30.787269429477057,31.000935727760215,0.0,23.6673259492662
2025-04-11 04:00:00,37.231535454027075,23.992493209213038,0.0,30.46093617196705
2025-04-11 05:00:00,35.11706923477631,34.67965857302849,0.0,18.5569762703347
2025-04-11 06:00:00,100.40889261038978,64.15421129652364,0.3487257558084183,26.04454814556246
2025-04-11 07:00:00,99.96096886193101,66.39199407525682,0.399578221760335,21.959831898696713
2025-04-11 08:00:00,94.03129188758211,61.84222793374425,0.5800846102653666,16.38159570465804
2025-04-11 09:00:00,106.19817196307326,64.30804638957052,0.882079319991853,17.20694962948428
2025-04-11 10:00:00,77.28698251316268,64.37481394427775,1.1175339229458305,18.59320739045442
2025-04-11 11:00:00,79.38131736736372,56.20220987095671,1.3170584404075973,21.48237510083309
2025-04-11 12:00:00,70.8885535856648,58.481333162313184,1.6348436509358062,9.741759540849642
2025-04-11 13:00:00,62.30439144010302,52.61540998438771,1.7744269524308112,22.221697041426044
2025-04-11 14:00:00,61.318193568940856,40.27476526973241,1.660104183513722,18.088743893771934
2025-04-11 15:00:00,65.50604730679153,55.56049382324943,1.7316160502078493,20.196156448090964
2025-04-11 16:00:00,65.65115208211803,51.10881905761541,1.241789857254547,24.526140215603544
2025-04-11 17:00:00,61.298764102196266,40.16175808977509,1.1154062409322767,13.60008879485011
2025-04-11 18:00:00,113.16921990670537,92.9148477899706,0.8250034909365048,14.480044040921895
2025-04-11 19:00:00,120.0,94.13216892533316,0.49621759157330636,12.86640024244526
2025-04-11 20:00:00,120.0,105.55129653425644,0.43705862419920166,21.50564105937323
2025-04-11 21:00:00,117.26203331373986,96.39986904709747,0.0,33.21925372827096
2025-04-11 22:00:00,75.09548220886182,63.702643418820124,0.0,24.176500174269233
2025-04-11 23:00:00,66.46612161862534,56.74268874209672,0.0,16.57634132997364
2025-04-12 00:00:00,34.7490888036197,18.416311796019386,0.0,0.9337576041990248
2025-04-12 01:00:00,23.37954715074381,21.45579380903834,0.0,0.6674768943061721
2025-04-12 02:00:00,29.00624478583313,24.286001405258613,0.0,0.7638400541845095
2025-04-12 03:00:00,31.100045023224975,39.13295061678847,0.0,1.166112239905534
2025-04-12 04:00:00,34.67477870391942,21.73532581998437,0.0,0.7509038247194458
2025-04-12 05:00:00,30.479451043954683,14.862706937026449,0.0,1.3584304942534662
2025-04-12 06:00:00,86.45805147698294,50.856174306943096,0.3251833176253601,1.043906073970126
2025-04-12 07:00:00,83.47396745770348,63.96595826843775,0.6398150527892745,0.651327214311059
2025-04-12 08:00:00,83.45588176647719,55.04367508777644,0.8052258328863943,0.593303336077948
2025-04-12 09:00:00,83.98536617229381,57.64660201127513,0.9471088059308156,0.7608893961038021
2025-04-12 10:00:00,60.91227826545916,50.31859934635799,1.5211280265893088,0.7625333473000554
2025-04-12 11:00:00,54.17347281542838,41.1584404867771,1.753909061529183,0.6910961755927335
2025-04-12 12:00:00,58.30558318766001,45.55414325743442,1.8948919010860774,0.7277205860380095
2025-04-12 13:00:00,51.945685876081676,44.047931306602656,1.8924283521211671,0.7045152882631678
2025-04-12 14:00:00,49.7231545753798,36.780595034776965,1.7794154962356759,0.844806550817989
2025-04-12 15:00:00,50.14305822126045,38.88714968871497,1.756664541037358,0.6811198972106672
2025-04-12 16:00:00,49.389107578604815,40.80886234391863,1.736999548854239,0.7443770098233758
2025-04-12 17:00:00,46.95800632378585,43.31962082799549,1.5243595009390358,0.6928808245423965
2025-04-12 18:00:00,103.21945060776474,78.58639542558016,1.1590010577773349,0.6589236503844349
2025-04-12 19:00:00,104.0576553324094,65.53335025673631,0.7156529443791102,0.7917347703150306
2025-04-12 20:00:00,105.46154231459639,88.11395459149432,0.4291696786667832,1.0683615338577421
2025-04-12 21:00:00,107.20860073227178,90.37975505661875,0.0,1.2699285193990686
2025-04-12 22:00:00,60.95056260030901,55.24481996554336,0.0,1.2365688545442994
2025-04-12 23:00:00,57.12959025867895,45.53708998541971,0.0,0.6560392501700719
2025-04-13 00:00:00,23.708630820365475,21.397198696281094,0.0,36.949032314631424
2025-04-13 01:00:00,41.68846743318851,34.30210953865381,0.0,25.720411785833175
2025-04-13 02:00:00,24.915832363809464,30.19062761276504,0.0,32.13955508900152
2025-04-13 03:00:00,27.66618749431028,26.042234302131654,0.0,21.61239577298757
2025-04-13 04:00:00,32.32650136131271,41.37465133083113,0.0,28.93482216448039
2025-04-13 05:00:00,31.623872743045563,16.62141521800782,0.0,30.13457712477819
2025-04-13 06:00:00,86.00726914101395,60.89489911448393,0.39839294030590344,17.571913561289414
2025-04-13 07:00:00,81.67114671159209,50.341846626808945,0.45811119643254083,19.315312056142307
2025-04-13 08:00:00,84.73688484236483,64.13475902273693,0.8982464024179465,22.407208432355095
2025-04-13 09:00:00,83.93942001357075,49.330018310960476,1.1783394918075338,16.033764099745287
2025-04-13 10:00:00,60.40543898942936,37.292322665557876,1.4740135904772602,22.466865826806373
2025-04-13 11:00:00,62.91437398133618,43.31451218075317,1.6112410146469534,15.970701469095173
2025-04-13 12:00:00,66.55917510374333,50.40527714551658,2.1787494010622077,20.326781234369456
2025-04-13 13:00:00,50.78345744734534,37.250601618528684,2.1327962887276026,8.711233181674478
2025-04-13 14:00:00,50.813396261408215,35.82320360765271,2.019232493481805,31.387968602877713
2025-04-13 15:00:00,55.69008310974623,41.28793897991061,1.6118850867260754,26.872915185819163
2025-04-13 16:00:00,55.20948007198896,41.217755349285504,1.8427906790171638,18.168265366072745
2025-04-13 17:00:00,58.01107243713998,53.7087560990751,1.7481765524274688,9.91653055294634
2025-04-13 18:00:00,97.61368085045049,83.40569802612221,1.3508933065670357,20.968555762498653
2025-04-13 19:00:00,109.58975322987084,85.75987065609534,0.8358252847562623,16.070479612460502
2025-04-13 20:00:00,108.2238271099184,98.45153211005876,0.5514093808486266,27.945558500424376
2025-04-13 21:00:00,101.5312811157189,84.41858601197129,0.0,27.736272262216843
2025-04-13 22:00:00,62.94217577435995,50.60928424723317,0.0,19.229924214068895
2025-04-13 23:00:00,66.54007800827614,49.69269909470895,0.0,32.196400247599556
2025-04-14 00:00:00,31.109723658437225,28.74388727975817,0.0,33.7341636442055
2025-04-14 01:00:00,36.832469740224155,24.194730075753384,0.0,34.92927466651003
2025-04-14 02:00:00,38.7620303504111,23.377479435111816,0.0,28.14137125429157
2025-04-14 03:00:00,30.02135077822983,26.440879991602507,0.0,18.142498962784355
2025-04-14 04:00:00,34.20065319361836,24.842376502427175,0.0,34.94365777576314
2025-04-14 05:00:00,36.19529650451238,37.40154122142464,0.0,26.18123935940343
2025-04-14 06:00:00,95.57657838404744,69.62478363235103,0.480540109304837,18.323216106800928
2025-04-14 07:00:00,95.20298076306977,60.83599580935316,0.6063201041829325,22.54214111330899
2025-04-14 08:00:00,98.55146945060825,68.85894432896767,1.0225452774820403,25.68996519511124
2025-04-14 09:00:00,102.76654888505735,76.82049125273815,1.4482883710726382,16.673783058559604
2025-04-14 10:00:00,76.32868062460753,45.517615011995645,1.9242414431652763,25.941471784327682
2025-04-14 11:00:00,69.5555203379045,44.55003272052566,2.096681905027218,17.232121747394288
2025-04-14 12:00:00,76.36663310226362,54.518822364316755,2.3560171423291116,15.245081023291918
2025-04-14 13:00:00,56.80650235661992,43.84425409140833,2.370434697173029,16.557450681654437
2025-04-14 14:00:00,53.32246725839876,40.638362330046775,2.3808575438465027,27.699825833784026
2025-04-14 15:00:00,58.91608527965667,42.988257731977285,2.3516476010738865,15.82191765884814
2025-04-14 16:00:00,65.62159352150502,46.13713369187874,2.1757344881471052,23.26844379219845
2025-04-14 17:00:00,63.520053834005395,49.67526104449547,1.8803162380285043,16.907782358531026
2025-04-14 18:00:00,119.99292686682062,101.30529823729779,1.2769687465143253,17.393552033706495
2025-04-14 19:00:00,118.12482532384024,89.23232556811797,1.1178170110132448,31.780203026215545
2025-04-14 20:00:00,118.24607038747607,107.57832805326254,0.6645010512345902,22.87026906641662
2025-04-14 21:00:00,120.0,106.27339539959246,0.0,22.713849155397924
2025-04-14 22:00:00,68.62390893293681,67.13055624814771,0.0,32.428126891133026
2025-04-14 23:00:00,71.8653945658372,54.63589664752917,0.0,35.363338446246274
2025-04-15 00:00:00,33.89565695473456,39.029352550261954,0.0,32.77340943210434
2025-04-15 01:00:00,28.785884467821788,23.843050478322052,0.0,23.604288861358313
2025-04-15 02:00:00,31.09270240181444,21.07343438883723,0.0,24.62150566880971
2025-04-15 03:00:00,36.713000092542245,25.473369561662686,0.0,28.788302136408916
2025-04-15 04:00:00,34.908522810587996,21.607268944831702,0.0,30.48892736536351
2025-04-15 05:00:00,33.476291470483304,28.193717974523896,0.0,21.25392824329955
2025-04-15 06:00:00,95.12382861335523,65.7237417367442,0.5009455503900536,33.32624194790407
2025-04-15 07:00:00,106.32107629742755,72.40460818466553,0.7187502571091763,17.296681599437
2025-04-15 08:00:00,95.45434561621914,65.58333829463656,0.9130656535894813,9.670918365659642
2025-04-15 09:00:00,100.35741971495389,68.90907102174468,1.657786619463269,13.001886547761096
2025-04-15 10:00:00,71.28602816537496,62.227587463026836,2.105228771138468,14.800336791407004
2025-04-15 11:00:00,73.64469587857954,56.702680856138215,2.3440619607783613,16.62619227282891
2025-04-15 12:00:00,75.54068290043871,58.991091885390944,2.7318897540750187,24.93321449648395
2025-04-15 13:00:00,54.44337789998705,43.12803052991089,3.0119710413228296,20.933481145050173
2025-04-15 14:00:00,60.579759452731835,36.086204157809206,2.530996387878419,15.604287155621838
2025-04-15 15:00:00,65.96781147183184,37.53554519430527,2.602318174111869,20.846843834318374
2025-04-15 16:00:00,68.53629107213655,62.534681372353205,2.5504063782457145,18.01803108969373
2025-04-15 17:00:00,60.02446967177444,41.94601325675729,1.7885527428060561,21.36115756647831
2025-04-15 18:00:00,120.0,90.48779018417117,1.5846471322519915,22.624670024847525
2025-04-15 19:00:00,120.0,101.38069870462311,1.0098168952625373,33.08118097279954
2025-04-15 20:00:00,120.0,100.62210423438964,0.8158415900356842,25.247739414808247
2025-04-15 21:00:00,117.22221943835152,95.3445049224379,0.0,35.81017742253638
2025-04-15 22:00:00,70.69601353271948,71.28371793553015,0.0,31.168361877868946
2025-04-15 23:00:00,77.78591163974974,64.15818825184704,0.0,20.909380992756958
2025-04-16 00:00:00,30.339391349171915,19.66069090087594,0.0,44.05675709795154
2025-04-16 01:00:00,39.78382881540254,35.8624109585463,0.0,30.698514828095124
2025-04-16 02:00:00,36.39340827125724,26.544937449457954,0.0,22.453686281764547
2025-04-16 03:00:00,37.218801872499526,27.37802184374136,0.0,40.105443765395684
2025-04-16 04:00:00,33.73375631871746,19.715760368892848,0.0,43.11970924596181
2025-04-16 05:00:00,32.05484681526886,16.180328269607042,0.0,28.144300250648854
2025-04-16 06:00:00,105.866456897248,70.26742909237676,0.5631033515923504,24.805380269583534
2025-04-16 07:00:00,98.17717139584992,61.004264507611694,0.7473571955498666,16.29339770567844
2025-04-16 08:00:00,97.43828131375818,71.6016696422671,1.3942390867418297,20.069624965386417
2025-04-16 09:00:00,98.92687235288142,64.99906766993693,1.6408161990134813,22.46672977580008
2025-04-16 10:00:00,74.39671646598615,55.079789941896024,2.0933009975418644,19.455606796057634
2025-04-16 11:00:00,68.88940379851789,58.46347764728586,2.7433419715453855,17.46017615920457
2025-04-16 12:00:00,70.98619514482431,42.075367422385376,3.340664543925223,23.403883966773563
2025-04-16 13:00:00,57.86728639138558,39.71388340198021,2.9921743827089564,18.311396212995774
2025-04-16 14:00:00,64.45219209469366,48.34155875203357,3.272914792685912,24.984830926850904
2025-04-16 15:00:00,56.661599167963345,45.24722119700723,3.164479923659013,18.434428611687203
2025-04-16 16:00:00,52.7474753640516,47.60144980157299,2.8497305739121375,22.005592217432394
2025-04-16 17:00:00,51.796505190885156,45.87401958064753,2.269989801744327,19.301041359572867
2025-04-16 18:00:00,113.38328939395927,90.46808351941866,1.692077023399562,19.587645863333595
2025-04-16 19:00:00,120.0,99.95928122150717,1.1909579486805817,23.13105968407815
2025-04-16 20:00:00,120.0,95.23416757631067,0.8834592514660173,34.12788534958936
2025-04-16 21:00:00,120.0,87.01660316574208,0.0,20.860873832962334
2025-04-16 22:00:00,75.94231164080139,64.0248171126251,0.0,20.814222297242345
2025-04-16 23:00:00,73.78094450152085,53.2080075611682,0.0,39.083680381555745
2025-04-17 00:00:00,34.57443276944237,29.907376586195948,0.0,35.519082520597955
2025-04-17 01:00:00,39.611317538554886,25.568103645614336,0.0,11.52290805463593
2025-04-17 02:00:00,35.567930218780134,20.700676297713535,0.0,24.508355608386353
2025-04-17 03:00:00,41.20688726105862,30.25950426879751,0.0,15.612396777055247
2025-04-17 04:00:00,37.704683358177654,41.351050371351874,0.0,21.758132904765233
2025-04-17 05:00:00,32.13086537370863,22.78112351617789,0.0,6.147068238406948
2025-04-17 06:00:00,97.10875983758062,72.45212132481684,0.5471474994966808,27.564240203355226
2025-04-17 07:00:00,96.07227131595107,75.34974460031766,0.7465754972516724,12.236084338303217
2025-04-17 08:00:00,104.82482904377355,70.58497401334121,1.4761174927580978,17.38150169955747
2025-04-17 09:00:00,97.52313365674034,62.616566109224244,2.0905062000177375,10.167468515644234
2025-04-17 10:00:00,69.97876962314814,53.98667553066303,2.0300424220946827,17.47999887343465
2025-04-17 11:00:00,75.01089839381719,54.96771343714107,2.7755764569394197,15.348668223375675
2025-04-17 12:00:00,73.13464523007023,46.9993157903031,3.591001915037758,23.555279930539964
2025-04-17 13:00:00,62.01047264721032,41.74608898290012,4.241699194726513,27.028650415064632
2025-04-17 14:00:00,69.18907690814439,52.65651498967919,3.64825396632841,23.901848782766827
2025-04-17 15:00:00,64.79373296730195,53.49248821321284,3.222255272012178,18.34783299248085
2025-04-17 16:00:00,60.80646183498067,42.98655385724474,2.9753056066116437,29.89578370783793
2025-04-17 17:00:00,54.347009111695044,42.11126976577772,2.7785735424066416,12.222101728461507
2025-04-17 18:00:00,117.75016876256115,97.32654485266781,1.8487806507991331,12.968707833860469
2025-04-17 19:00:00,120.0,94.9794478003543,1.3351128599766053,25.149502167998584
2025-04-17 20:00:00,114.73031532152183,87.402563864212,0.9416640541566783,40.16272565868402
2025-04-17 21:00:00,120.0,95.939813956276,0.0,24.388150179396114
2025-04-17 22:00:00,73.63677174060646,58.49421201786327,0.0,24.51076752871067
2025-04-17 23:00:00,73.79171497818918,69.2468429276197,0.0,16.42776247737411
2025-04-18 00:00:00,31.93148018599948,24.65829003402257,0.0,35.504001641711305
2025-04-18 01:00:00,37.16670345980111,36.64034037875121,0.0,35.556021337044825
2025-04-18 02:00:00,29.720375424960334,35.04127800490342,0.0,34.3780336701834
2025-04-18 03:00:00,44.67340020526694,31.783392472632226,0.0,24.196898217371498
2025-04-18 04:00:00,40.85946442524443,33.22187087373999,0.0,23.640669824847418
2025-04-18 05:00:00,39.360717557697086,31.12936197630542,0.0,19.431128245688516
2025-04-18 06:00:00,93.14342561877355,53.410383648564775,0.6272606532517029,29.31578654877544
2025-04-18 07:00:00,100.32471586188757,58.84576921964009,1.100337199908041,12.574852252219166
2025-04-18 08:00:00,104.84124493589071,70.94165922579248,1.7914865718631392,12.157028195056863
2025-04-18 09:00:00,102.06933044193752,66.31394280422228,2.2230249645896807,15.403368180114862
2025-04-18 10:00:00,69.10327613776876,61.88367540936338,2.726329081122965,15.121404715255858
2025-04-18 11:00:00,70.6873452097318,49.972035708768836,3.2779859151747557,14.911124051875358
2025-04-18 12:00:00,71.57905448759378,63.30072546656827,3.3276166916210017,19.237231775934433
2025-04-18 13:00:00,58.00350233531857,41.04372973112267,4.334540890466354,20.496806951482665
2025-04-18 14:00:00,67.59847735121369,60.84958200033773,4.023307998976603,18.651644444208888
2025-04-18 15:00:00,52.074413465812654,43.65094071955404,3.7483181753681754,21.0192213050211
2025-04-18 16:00:00,63.670608718982066,50.796912638077835,4.213711526406607,15.117275513350894
2025-04-18 17:00:00,54.90360740333927,39.19957905874674,2.849005501770671,20.628614205493694
2025-04-18 18:00:00,115.6743683064702,94.74630492249392,2.0366841090664143,20.856362110621053
2025-04-18 19:00:00,110.95619984909078,98.71403046588412,1.531345885392905,16.131779514572628
2025-04-18 20:00:00,117.5292550597851,90.80668272301851,1.1897555872725738,32.27510715202803
2025-04-18 21:00:00,120.0,96.88399290166006,0.0,20.14776450947353
2025-04-18 22:00:00,74.80447619971224,62.275011838239344,0.0,26.425796605103674
2025-04-18 23:00:00,68.22014014712481,58.72973921324577,0.0,33.36512414459949
2025-04-19 00:00:00,34.57716453470691,32.285812478211014,0.0,35.58128385248266
2025-04-19 01:00:00,35.54086918605908,36.70796177632634,0.0,29.142545992165278
2025-04-19 02:00:00,30.468209164675883,27.539282392160512,0.0,26.275974218050834
2025-04-19 03:00:00,39.156371211686654,29.669760967669575,0.0,35.73901298067914
2025-04-19 04:00:00,33.69703856081077,29.366086507931197,0.0,33.76828344829968
2025-04-19 05:00:00,33.071936282816644,33.491257835456516,0.0,24.42769187378411
2025-04-19 06:00:00,80.35560553652911,54.89667134650304,0.7868203446202839,23.152513762668832
2025-04-19 07:00:00,86.79410290407345,69.13628999950173,1.0660104149507925,8.354759861912926
2025-04-19 08:00:00,84.94637046799764,61.395016737937155,1.8815973815895148,18.004322251928944
2025-04-19 09:00:00,86.31004023079704,45.56262638278146,2.2676135102482733,16.978293581955846
2025-04-19 10:00:00,58.95997200294707,49.669949273082175,3.5370907873321618,22.261178580461625
2025-04-19 11:00:00,62.617052268698494,38.95848725229246,4.03107897257507,18.892929955280476
2025-04-19 12:00:00,58.364730538115744,49.10164873053298,4.054061824851967,23.11951016211004
2025-04-19 13:00:00,41.413411624388736,40.307606321329196,4.934367175958577,16.699921382111313
2025-04-19 14:00:00,55.567876632838605,44.15164689450785,4.499988395306467,25.981280558372895
2025-04-19 15:00:00,44.314755656633054,39.74519077753999,4.491364453905325,17.551685253839484
2025-04-19 16:00:00,51.55784516575675,46.7023061214037,3.854366580369441,24.158122219173492
2025-04-19 17:00:00,52.57401565675656,38.519506022686926,2.8678174735021686,12.849898682866442
2025-04-19 18:00:00,107.37054571985551,90.44594394217269,2.2723270785407546,21.415145787449124
2025-04-19 19:00:00,104.62715631727964,91.5296404003785,1.8971238192215354,13.102088208488716
2025-04-19 20:00:00,107.12146378723165,95.93954861857902,1.1723541932052712,24.26834778353975
2025-04-19 21:00:00,108.02036396250499,79.06945897460501,0.0,28.86794105050115
2025-04-19 22:00:00,65.34794895996698,60.20694582091954,0.0,22.61812344564655
2025-04-19 23:00:00,69.84109331631224,45.086612075865226,0.0,19.175901915758438
2025-04-20 00:00:00,31.053873681741923,19.389227838159588,0.0,35.236281608373105
2025-04-20 01:00:00,30.288219802579658,27.59836577244956,0.0,28.331846054602497
2025-04-20 02:00:00,25.919719655924577,25.933268276502737,0.0,25.52444353790161
2025-04-20 03:00:00,31.961758457547017,33.0875628678227,0.0,29.38875386804531
2025-04-20 04:00:00,33.00322396413256,23.529227332704764,0.0,48.25543252993765
2025-04-20 05:00:00,29.134635670732678,23.947414389570948,0.0,37.47128322078309
2025-04-20 06:00:00,86.46124801519491,60.07901641669797,0.8233000565152918,37.53723743007611
2025-04-20 07:00:00,82.6941688753947,52.731931152754704,1.2239109782984994,19.350599062722193
2025-04-20 08:00:00,87.0299586807669,56.000209047541645,1.993445704268822,18.176788204230217
2025-04-20 09:00:00,88.11720215950058,68.31275730029107,3.070256377169368,6.997282033832459
2025-04-20 10:00:00,66.11419421006222,45.59749239271156,3.094935059768237,14.488343751443784
2025-04-20 11:00:00,62.60066827741089,53.91010025425055,4.089709547591931,15.353913264212254
2025-04-20 12:00:00,57.39051212749831,47.8995682191698,5.147840243955202,9.271036457796956
2025-04-20 13:00:00,48.346698604591005,29.616745111630507,4.892221895527193,14.467964174269351
2025-04-20 14:00:00,53.77851529896048,45.36730797870895,5.1017751497093995,10.27698159306127
2025-04-20 15:00:00,62.11996271731022,49.35290215174183,4.232176355729849,20.16383142419946
2025-04-20 16:00:00,49.567063869584835,41.49163985812274,4.221661968840742,24.526180505207517
2025-04-20 17:00:00,53.15157689422583,40.055704598903745,3.333269067323111,25.99206402653168
2025-04-20 18:00:00,103.44837817430107,77.3001199474088,2.8432328012917316,22.470026820885018
2025-04-20 19:00:00,101.56776298383744,90.03051247785265,2.111258697261961,19.871317653338288
2025-04-20 20:00:00,102.90719329686026,82.78474895659676,1.599694992531123,13.532418036298877
2025-04-20 21:00:00,96.57949078779637,73.91157893682193,0.0,14.678891162876447
2025-04-20 22:00:00,68.16082659285992,62.75563652795444,0.0,17.87158313100283
2025-04-20 23:00:00,52.03478267165928,36.427594095812395,0.0,20.359080127314893
2025-04-21 00:00:00,33.79667166050462,192.95001414716853,0.0,28.112980636492217
2025-04-21 01:00:00,29.682323168232223,175.20993492312792,0.0,21.85813701931813
2025-04-21 02:00:00,31.00418772817755,160.40035487275037,0.0,31.76394702719528
2025-04-21 03:00:00,41.178250666131476,180.6409094055542,0.0,27.582053416033013
2025-04-21 04:00:00,35.88870015244873,164.26617631349805,0.0,29.35963800208816
2025-04-21 05:00:00,30.639615980989817,157.35775660880975,0.0,37.629765701123446
2025-04-21 06:00:00,96.88756942991894,154.326468569889,0.9833741974982578,20.642421626386117
2025-04-21 07:00:00,96.09573103416386,162.0848667898721,1.4890846777143,19.408565743615306
2025-04-21 08:00:00,99.34444100179829,186.82773210010956,2.1444065673768207,17.50808665304123
2025-04-21 09:00:00,100.31840910769786,191.89996111878713,2.804630149961173,16.104668530062256
2025-04-21 10:00:00,82.24788387414345,193.08604229909608,3.806272452861659,21.457831542696454
2025-04-21 11:00:00,65.09444394762525,163.50741368549717,4.364553770802288,21.430413666474298
2025-04-21 12:00:00,73.56114197820415,183.0486466472671,5.133658987635678,13.412128619310415
2025-04-21 13:00:00,59.386443212440426,161.51770299574648,5.960450731977224,19.564237359499547
2025-04-21 14:00:00,65.06596620357129,181.138105698412,4.957894207237368,21.93875446678036
2025-04-21 15:00:00,62.40317936064855,194.36054965208484,5.5273079576725594,19.098702871222542
2025-04-21 16:00:00,63.46312776536303,152.04468413010406,4.941214676152187,23.495604677341717
2025-04-21 17:00:00,62.35938566591365,199.2612833862703,3.670916694959758,21.93865369660548
2025-04-21 18:00:00,115.80603993622407,191.35439387292226,2.396250689896656,29.888531203716735
2025-04-21 19:00:00,120.0,188.08310581468493,2.008893383519217,16.27187524399154
2025-04-21 20:00:00,120.0,184.56814468558954,1.601841528640986,25.547517836261896
2025-04-21 21:00:00,120.0,188.51369444569391,0.0,20.368480576741277
2025-04-21 22:00:00,79.40602316189718,199.7297678020273,0.0,30.334384429731905
2025-04-21 23:00:00,75.59733534754875,188.50956485562705,0.0,15.699378135047722
2025-04-22 00:00:00,41.66292237064828,31.92479092862968,0.0,0.909102181885706
2025-04-22 01:00:00,36.69783462515945,26.43484284115015,0.0,0.7048803268810041
2025-04-22 02:00:00,34.01269290600882,32.262319249535295,0.0,0.6831033041433662
2025-04-22 03:00:00,34.96873895494442,29.415432969212368,0.0,0.5341065425755152
2025-04-22 04:00:00,34.89115959550704,26.202474282586184,0.0,0.7393870124781363
2025-04-22 05:00:00,32.66119560271212,14.525706738450255,0.0,1.063506202628329
2025-04-22 06:00:00,106.9227172899848,72.17310533067284,1.0200997811343557,0.8313966070334539
2025-04-22 07:00:00,100.91254661708533,66.07663839707752,1.456316980239278,0.580772895847399
2025-04-22 08:00:00,100.0055406135669,66.70971778667891,2.2100421412914026,0.710911328745709
2025-04-22 09:00:00,101.32645161948777,61.049730536734494,3.359581596812017,0.5351004076725543
2025-04-22 10:00:00,87.15625842955629,69.05712990996956,4.218757799713401,0.4318699126251708
2025-04-22 11:00:00,68.65415425554066,54.97879982358204,4.782349507431681,0.5606391909586682
2025-04-22 12:00:00,69.94423980151589,59.398908070097974,5.3625864654824005,0.43369008943316023
2025-04-22 13:00:00,54.61819134168778,48.97623883807173,5.696712697535737,0.5118099005306519
2025-04-22 14:00:00,59.78406434723958,48.88420588854538,5.447050341467986,0.36312840613397074
2025-04-22 15:00:00,61.93559391517239,38.77754533063424,6.238673633080537,0.7212849632742442
2025-04-22 16:00:00,58.73680958766442,55.465191535661106,4.749824417968047,0.5291485482059327
2025-04-22 17:00:00,58.401990328516305,38.4785477894523,4.4355446669564795,0.6123278340813182
2025-04-22 18:00:00,120.0,93.3105806548221,3.5310019532477477,0.4339838295780622
2025-04-22 19:00:00,117.74051478826637,96.18148996885729,2.486975919606049,0.8350657083361959
2025-04-22 20:00:00,120.0,99.62872442646535,1.5282017332823605,0.6095635159210366
2025-04-22 21:00:00,120.0,100.72810658695356,0.0,0.7263220867839894
2025-04-22 22:00:00,76.79355021834276,62.20477393464013,0.0,0.918249174681691
2025-04-22 23:00:00,77.71147316648253,50.74563463347042,0.0,0.9018588929541279
2025-04-23 00:00:00,39.898166108159955,45.38379640249735,0.0,34.77601358115247
2025-04-23 01:00:00,36.28425997691389,28.91178240119409,0.0,19.511335412998655
2025-04-23 02:00:00,34.297648639185766,25.062377759517293,0.0,61.13220556916616
2025-04-23 03:00:00,31.53639443740534,20.926649888327148,0.0,50.231166456312096
2025-04-23 04:00:00,33.251231520018976,27.989334259855543,0.0,41.28633620757349
2025-04-23 05:00:00,32.654948359333694,28.06892129845484,0.0,28.383982645657575
2025-04-23 06:00:00,102.90661415347337,68.40580153817943,1.5286488793275503,33.97556397618731
2025-04-23 07:00:00,101.17461017935315,70.69059466467829,2.2891005237009505,18.130764224426823
2025-04-23 08:00:00,102.74949906589363,79.27921656558112,3.0958229185578587,27.610453919605554
2025-04-23 09:00:00,94.39257283122859,60.703211665237816,4.679607632737888,22.358066218326833
2025-04-23 10:00:00,80.2159391918443,56.93580286954661,5.3043313850938425,16.86799498866986
2025-04-23 11:00:00,71.85165484097901,47.92872825456529,7.735839025833231,18.511914998066164
2025-04-23 12:00:00,68.82299162342346,51.42993941460045,7.707691341704013,26.862119871831
2025-04-23 13:00:00,58.876075485601376,40.25781406507315,8.658670049064357,34.26983049869944
2025-04-23 14:00:00,72.02950239394332,47.84550464249906,8.714658725728595,33.83065632127285
2025-04-23 15:00:00,59.10782952808748,35.37337048886577,7.839433483571575,29.11068467113231
2025-04-23 16:00:00,59.38962130568037,45.245894668180206,7.396181175453499,22.932083344595178
2025-04-23 17:00:00,59.98808436446599,48.69413112656004,5.634247869994851,4.641560442794036
2025-04-23 18:00:00,119.33120827455845,104.6372276630009,4.879185269081793,26.296495109510502
2025-04-23 19:00:00,116.48335770389436,94.1561661293337,2.9777495650112966,31.457354863204312
2025-04-23 20:00:00,120.0,91.37894504713657,2.316728540789939,32.573113575205966
2025-04-23 21:00:00,120.0,88.90113413388143,0.0,31.895804289702646
2025-04-23 22:00:00,75.18736843241362,57.36757089181731,0.0,21.036797803194055
2025-04-23 23:00:00,68.7728226677095,41.73602184518028,0.0,35.8573981908849
2025-04-24 00:00:00,33.4735683629766,37.925467854010236,0.0,34.65947566957257
2025-04-24 01:00:00,32.54125163472095,27.895418479768523,0.0,35.034505319169554
2025-04-24 02:00:00,35.261352542234896,23.912182593197755,0.0,37.01160603913891
2025-04-24 03:00:00,41.01015745720871,24.67899669065433,0.0,34.44874011717394
2025-04-24 04:00:00,34.35315235308431,22.42826219338827,0.0,26.861115679839283
2025-04-24 05:00:00,34.62642802526153,23.89347496106487,0.0,29.39904474212708
2025-04-24 06:00:00,107.64440151182953,78.89998546688138,1.3889813118395027,30.610885413149724
2025-04-24 07:00:00,103.58792678966458,69.3589003176484,1.7133677390032636,18.44094050827808
2025-04-24 08:00:00,102.22836559662152,59.77529368878932,2.5628666629933416,22.438797089024167
2025-04-24 09:00:00,108.4565920960001,85.80287001474298,3.856119117712991,20.84709952021003
2025-04-24 10:00:00,76.00040051692963,46.57430882579868,4.824155114123679,27.283380930378936
2025-04-24 11:00:00,64.85687773145773,43.569212681426784,5.897541049166954,27.863071931764367
2025-04-24 12:00:00,77.5432457808182,62.60245673382748,6.754844152701354,18.315014567087466
2025-04-24 13:00:00,53.707836834929886,45.12014565492921,7.271058397758152,0.8555306708686814
2025-04-24 14:00:00,62.90589905058483,43.130693229804415,7.53399473020262,27.42836227809253
2025-04-24 15:00:00,53.160028808382236,33.82290462268985,6.713569694041128,18.120077687017947
2025-04-24 16:00:00,58.77102554516418,38.691868419613805,5.625905938817367,16.752504173424676
2025-04-24 17:00:00,59.23484450871939,39.210925176349804,5.011721985763122,18.86345389143615
2025-04-24 18:00:00,116.53446401745711,91.90160885747939,4.2667936997429035,18.61101389929007
2025-04-24 19:00:00,118.4301660126396,93.40059529678645,2.681037636339343,31.059207555257863
2025-04-24 20:00:00,120.0,96.75359193585444,1.7172120539835922,16.434856114005754
2025-04-24 21:00:00,116.78721189528201,92.04855884195577,0.0,19.678744225244884
2025-04-24 22:00:00,76.24938382815401,58.18882324488125,0.0,29.24700170069383
2025-04-24 23:00:00,69.45082649212372,51.600536587799006,0.0,31.131088177529293
2025-04-25 00:00:00,34.18048005988605,34.67340509178368,0.0,34.99911265302218
2025-04-25 01:00:00,36.49050485212416,27.814879106570842,0.0,24.227053816563796
2025-04-25 02:00:00,30.548850278867114,24.81359850769244,0.0,22.78510655273797
2025-04-25 03:00:00,29.13048620555253,25.917522623793566,0.0,26.34139480872539
2025-04-25 04:00:00,37.246679831255626,35.41434712841849,0.0,31.97036576276114
2025-04-25 05:00:00,40.087089950683506,24.193443093916585,0.0,41.36273141322218
2025-04-25 06:00:00,99.3161491553752,76.13832194676431,0.10518619164040335,14.723118120004207
2025-04-25 07:00:00,97.6140336635632,68.81806761823495,0.14821934196158779,17.09834577817708
2025-04-25 08:00:00,100.37248098766611,68.30229612830541,0.17990619245592226,12.067613935069705
2025-04-25 09:00:00,99.92160137751259,75.13204814122608,0.31781357610402144,10.621827311222463
2025-04-25 10:00:00,74.90951774050188,46.03167205376266,0.36580486334685935,22.471724500771582
2025-04-25 11:00:00,62.43935335588954,49.37358630142283,0.4576484738735671,20.560991103737656
2025-04-25 12:00:00,69.00548699705442,52.429355957809044,0.536240233287829,20.13032351481801
2025-04-25 13:00:00,57.08517811495189,37.197423531075316,0.5645310551524639,25.974576043017866
2025-04-25 14:00:00,61.56761791771976,48.536456396797455,0.5876164028590053,18.58104634820313
2025-04-25 15:00:00,61.72516406571793,47.61814360742088,0.5041682917591365,18.829555284365085
2025-04-25 16:00:00,63.75152578849589,45.07199700491152,0.4799100674002486,32.65004808315889
2025-04-25 17:00:00,62.04783146086469,51.32535528967438,0.3742365377421778,19.811667068695687
2025-04-25 18:00:00,114.14669218325699,86.32906160933206,0.31522745021962345,24.993376005313305
2025-04-25 19:00:00,120.0,99.54232463896847,0.22847490328909784,27.188772319328624
2025-04-25 20:00:00,120.0,97.70872437616656,0.13846077882998972,14.602505607014317
2025-04-25 21:00:00,114.33811219487883,87.47563809913427,0.0,13.269863659236773
2025-04-25 22:00:00,75.31363013198508,67.36909359350857,0.0,23.216265898259845
2025-04-25 23:00:00,71.13704657370768,49.31999663271298,0.0,34.312554695445705
2025-04-26 00:00:00,30.624887951402467,16.290758376233462,0.0,36.39411412017481
2025-04-26 01:00:00,34.73989625838842,16.322541580002408,0.0,37.350165348064934
2025-04-26 02:00:00,39.585469198444315,35.15305552113575,0.0,22.900398109760374
2025-04-26 03:00:00,33.38074967314174,18.805718364374457,0.0,42.68426381392388
2025-04-26 04:00:00,31.327206307995613,27.955783655268494,0.0,23.068774318882483
2025-04-26 05:00:00,28.470804742612664,25.408499920260752,0.0,32.02019069180249
2025-04-26 06:00:00,84.99777740033917,56.220322333226015,1.5182132573579736,30.323903486363957
2025-04-26 07:00:00,90.2971440007663,73.93713410065519,2.070729201691822,17.448620444246863
2025-04-26 08:00:00,83.97698107537074,59.21876187231175,3.3513569438641198,24.346052260989268
2025-04-26 09:00:00,80.19066354972445,61.12050158324288,4.429044373993981,15.02597489978574
2025-04-26 10:00:00,54.90752346576684,44.318148185400034,6.337103394827039,12.086828752812234
2025-04-26 11:00:00,64.50484326393779,46.12161189146225,6.544894350284376,18.332739730023402
2025-04-26 12:00:00,63.30892442591649,46.80652571033692,7.340309584054569,16.41818745562752
2025-04-26 13:00:00,48.29851977081271,45.76530870386769,8.025865295771592,39.251017812429126
2025-04-26 14:00:00,55.82217011617588,48.692646783145236,7.843388128479626,24.881137426512794
2025-04-26 15:00:00,49.307110660748705,50.62885660637504,8.034584506244514,19.103934089676525
2025-04-26 16:00:00,50.599208137281465,41.34284659109748,5.802337785795967,15.662819525980364
2025-04-26 17:00:00,51.1301179506523,35.38821205683073,5.0589739701332554,11.277825519774272
2025-04-26 18:00:00,104.5809257613647,81.49653518782205,3.935072476374632,15.827181526902947
2025-04-26 19:00:00,107.22160589685917,77.83153928265479,3.387179589142677,28.148597466604684
2025-04-26 20:00:00,111.3420312576846,91.6634333437039,2.4595655445854003,37.12608780546653
2025-04-26 21:00:00,101.01904455945319,77.02770496047546,0.0,35.035335617039735
2025-04-26 22:00:00,64.3944684837247,38.28338030934417,0.0,28.929470856940338
2025-04-26 23:00:00,62.970841873820646,61.42301030805772,0.0,25.151673844000012
2025-04-27 00:00:00,23.77571169818887,21.959655344433823,0.0,32.7117740185313
2025-04-27 01:00:00,26.278908625065725,23.90145071697087,0.0,26.677566872182958
2025-04-27 02:00:00,23.411546545737295,34.511410820746555,0.0,43.81964236590425
2025-04-27 03:00:00,24.913755404308482,19.078880230674585,0.0,29.202115063802548
2025-04-27 04:00:00,25.735169620115297,33.63091458608376,0.0,29.990269160838626
2025-04-27 05:00:00,21.481503717562887,22.65501956120065,0.0,13.672096304253689
2025-04-27 06:00:00,66.26461319035123,50.87040399963368,1.4866679341666114,29.154262391595775
2025-04-27 07:00:00,64.34743896462496,68.08010202304285,2.2906385100709667,22.237094951387242
2025-04-27 08:00:00,64.75915052826535,64.18953117364549,3.397421977393307,13.481969467523067
2025-04-27 09:00:00,64.09898176442218,63.490362291237815,5.047076063140395,14.939476360176343
2025-04-27 10:00:00,49.83217928520397,49.44206943423919,5.489537535937746,22.03583573019791
2025-04-27 11:00:00,48.47462409622923,50.43281976222977,7.288650033477599,11.60177751335218
2025-04-27 12:00:00,49.565376967765054,39.35410406885702,8.736856989054662,23.254661452742052
2025-04-27 13:00:00,39.61312017557984,40.57375719694075,8.973118284541057,18.60185015069366
2025-04-27 14:00:00,34.08229173703279,30.327994874701538,8.758117996741277,19.3720012204396
2025-04-27 15:00:00,39.78353378630177,31.918904189409886,8.75361624772689,15.427740145106059
2025-04-27 16:00:00,39.89567534195728,42.471468010635185,5.605522290364168,23.484180978128702
2025-04-27 17:00:00,40.51986335466066,46.61478778840095,6.250984934500792,34.651256238015804
2025-04-27 18:00:00,80.18361899308331,80.30355666280295,4.376212387578238,25.648323438898927
2025-04-27 19:00:00,78.08597879288898,79.96765746087752,2.883706591725037,21.62599453909285
2025-04-27 20:00:00,84.43068252752447,78.80498427871262,2.416959763922699,35.418688246311184
2025-04-27 21:00:00,81.29955200247437,83.97719115933907,0.0,25.402651286656795
2025-04-27 22:00:00,48.786963331365804,59.58105624869846,0.0,37.06605752368819
2025-04-27 23:00:00,47.20885725320233,49.72897169735849,0.0,33.150068264411665
2025-04-28 00:00:00,35.02730110361887,32.29470452520533,0.0,8.166718006494971
2025-04-28 01:00:00,33.03279525388891,23.41677860161287,0.0,23.15053370273955
2025-04-28 02:00:00,30.69820316840782,21.15590677736031,0.0,38.20700910467819
2025-04-28 03:00:00,37.186371793059,33.44073350370462,0.0,32.081320537841314
2025-04-28 04:00:00,32.3405389225825,31.662353782007163,0.0,22.998487876407978
2025-04-28 05:00:00,35.79236098362669,27.303404085776638,0.0,26.01344155742254
2025-04-28 06:00:00,101.57594918415947,66.01001549958684,1.7812906642847237,16.179248362329737
2025-04-28 07:00:00,97.08822096538626,72.90176110376089,2.4584180694646616,18.135911829120477
2025-04-28 08:00:00,94.31139283092169,61.38967522235669,3.8924509539756373,28.795314468495924
2025-04-28 09:00:00,110.64626344793886,77.42182101912256,5.581130961985601,22.277649357807014
2025-04-28 10:00:00,71.48418519744567,49.84460168159709,7.015310580808398,28.701321770053546
2025-04-28 11:00:00,76.6645358529053,47.55301302594888,8.661183467064957,22.636802957915943
2025-04-28 12:00:00,82.58674461226565,66.72201822227066,9.191227022144728,23.309464014808956
2025-04-28 13:00:00,64.4788837268426,47.1015794509644,9.291420243816622,32.314669664571966
2025-04-28 14:00:00,59.5723062262761,40.049306746639125,8.052065509685974,23.677260319767115
2025-04-28 15:00:00,60.62227512209208,36.725595585554245,8.505334332622118,20.623847801729692
2025-04-28 16:00:00,57.17756637717526,35.06780847136237,7.14013671382165,27.22238418422159
2025-04-28 17:00:00,64.89193278730991,44.683563268296275,7.450007745056658,29.500623422901
2025-04-28 18:00:00,120.0,107.33643858259666,4.87394692861471,19.040388606147424
2025-04-28 19:00:00,117.68508381782216,88.83254105664273,3.652394543634103,22.800233162948444
2025-04-28 20:00:00,115.310213368057,99.04783815030036,2.5954195232089967,28.784160757810188
2025-04-28 21:00:00,114.05444818051339,88.56361863431526,0.0,33.601226763439314
2025-04-28 22:00:00,78.298471656319,58.442567704440016,0.0,33.368888164531946
2025-04-28 23:00:00,74.40083771950012,50.63360298986691,0.0,17.913929187295153
2025-04-29 00:00:00,36.02613359539828,19.562713399330338,0.0,46.073764265735655
2025-04-29 01:00:00,31.35543436552029,20.97122493203613,0.0,26.178025649014792
2025-04-29 02:00:00,28.47293921703107,19.938955654658578,0.0,29.109266234765336
2025-04-29 03:00:00,39.390464268103244,18.824006874813506,0.0,24.14003423917535
2025-04-29 04:00:00,35.24787884838843,35.56839727329179,0.0,52.20530939651314
2025-04-29 05:00:00,39.14125915216019,30.85302551740854,0.0,33.061770666753986
2025-04-29 06:00:00,98.00317608241568,61.91101888036752,1.7199830739904747,24.542811234998133
2025-04-29 07:00:00,98.67419485806985,67.76556337184621,3.0146901797509855,22.745013572142955
2025-04-29 08:00:00,102.94971694652857,63.783276382225516,3.670166241737358,22.30176048483262
2025-04-29 09:00:00,103.03544151016308,53.00294600682631,5.3616993790735155,17.82721288661267
2025-04-29 10:00:00,77.45645166588858,72.17068926884468,6.376360731088674,22.635977775702173
2025-04-29 11:00:00,72.53900072483965,53.29308856732347,7.313545186991407,14.845787911088951
2025-04-29 12:00:00,76.6328689332307,50.692244979777286,8.812336292242241,16.400056583025382
2025-04-29 13:00:00,65.92211956448006,36.97392794312816,9.834188942914764,10.855555229860963
2025-04-29 14:00:00,60.45969791726792,36.34887291620083,9.524662848142352,14.599577823247277
2025-04-29 15:00:00,58.62047433285158,53.131419462055646,8.75255182358325,31.684382679286635
2025-04-29 16:00:00,66.97353618476026,57.01683563690372,7.2570940863703175,30.77764229160475
2025-04-29 17:00:00,57.98616616885394,48.13946327305321,6.73394853960183,22.181507011621513
2025-04-29 18:00:00,120.0,88.35485328552315,4.643970611235879,30.894954080781737
2025-04-29 19:00:00,119.73709960266062,102.40199978729514,4.0974297420075585,26.934785370584148
2025-04-29 20:00:00,111.71295472581949,90.85220330769769,2.6722100154793806,26.350234365954947
2025-04-29 21:00:00,120.0,101.03900882771325,0.0,28.45400081039634
2025-04-29 22:00:00,61.457065030838635,57.47389340031015,0.0,27.181361919688513
2025-04-29 23:00:00,64.93883006339254,38.59866213274783,0.0,26.54813858737097
2025-04-30 00:00:00,20.536758131070755,21.10187507947425,0.0,0.6215378564037812
2025-04-30 01:00:00,20.53611902289035,25.697505003308848,0.0,0.5015101620384528
2025-04-30 02:00:00,17.66090382652546,29.734909572917505,0.0,0.569465118816425
2025-04-30 03:00:00,19.59985335475788,19.207197820142973,0.0,0.6080014420983016
2025-04-30 04:00:00,15.0,23.877864941813918,0.0,0.530276586823315
2025-04-30 05:00:00,20.98025503769566,28.632475638345714,0.0,0.36611808503846577
2025-04-30 06:00:00,55.33842448808662,72.63396019341714,1.6134440189026718,0.3198846417701146
2025-04-30 07:00:00,54.609238234378594,71.19351680434308,2.758825539664801,0.3008078513926326
2025-04-30 08:00:00,54.7733704614453,61.27703156790491,3.868217998942192,0.27760353363011514
2025-04-30 09:00:00,55.93963236389046,76.99144915930918,5.769389646338121,0.29635681945165815
2025-04-30 10:00:00,40.45576869911113,45.535881406239966,7.998225719949947,0.2888564930292226
2025-04-30 11:00:00,35.90057190358802,53.677785115872794,7.406201708769813,0.4773428198600856
2025-04-30 12:00:00,45.94928186815074,55.05975415869022,9.96434164891098,0.19357227446716838
2025-04-30 13:00:00,36.39417857986386,49.74276691222223,10.37562694542758,0.1700290590927873
2025-04-30 14:00:00,30.257530918627605,43.002094019499616,11.074747299996169,0.3664727691498951
2025-04-30 15:00:00,32.577666716756056,45.51085150745355,10.041884484324822,0.3065159176309117
2025-04-30 16:00:00,32.8470132456872,48.51379774564482,8.189147970767586,0.3650932051480476
2025-04-30 17:00:00,36.09311321471765,50.08116837643069,7.039218592272644,0.38774750424258186
2025-04-30 18:00:00,60.502278329543664,91.47617677728837,5.267483267965825,0.4469787727460868
2025-04-30 19:00:00,64.6010224847135,95.5219690163955,4.470178271039094,0.27110834880722756
2025-04-30 20:00:00,61.486396441368385,80.95549320877332,2.833623723414572,0.3744833899608197
2025-04-30 21:00:00,65.12911644213797,94.25647102550758,0.0,0.4816618215860656
2025-04-30 22:00:00,39.360639268407176,57.74724727535666,0.0,0.518824576669416
2025-04-30 23:00:00,40.72386246968775,44.995697210457834,0.0,0.6735852347677019
2025-05-01 00:00:00,32.34051832437314,24.072495885853964,0.0,39.31206533781348
2025-05-01 01:00:00,31.682847858657105,27.064021007505502,0.0,31.28027526722663
2025-05-01 02:00:00,37.85090823284863,30.943471656514646,0.0,24.66721046393957
2025-05-01 03:00:00,37.10848045415608,35.25512320289847,0.0,27.254424917019584
2025-05-01 04:00:00,37.543745662416555,36.99398552779835,0.0,27.0290336206565
2025-05-01 05:00:00,34.26640271270568,28.93517471283797,0.0,36.9285271343167
2025-05-01 06:00:00,97.17705136642523,68.02275989734107,2.2374940702168646,33.76944278739082
2025-05-01 07:00:00,99.21503881734512,67.97586722079456,2.993399197805895,12.738395620627347
2025-05-01 08:00:00,102.00510430174661,73.20003451911639,4.128575660099335,16.963734129506086
2025-05-01 09:00:00,89.95436633206526,64.33171391542004,5.257698393875916,23.215244804036594
2025-05-01 10:00:00,75.64840992649779,53.214272368211,6.573167960354168,20.71223412342675
2025-05-01 11:00:00,75.26602808283552,66.07061741363337,8.09108453273892,21.74498598344349
2025-05-01 12:00:00,74.1545853172147,49.147603657481035,10.723303476383425,20.861016595093144
2025-05-01 13:00:00,60.265511468101565,52.68266012510492,11.630906625778696,31.242913168910952
2025-05-01 14:00:00,49.389884629828245,30.427427441391753,9.762344209949083,23.522252714985715
2025-05-01 15:00:00,58.95808218257228,48.881610013175376,11.250696013753547,20.067993590682484
2025-05-01 16:00:00,68.98989606637228,58.54488492469475,8.907226065470313,17.126452272626146
2025-05-01 17:00:00,60.99547769658148,33.685130251480075,7.771391989020371,23.597585319578048
2025-05-01 18:00:00,118.61719572596377,94.67885285333765,6.753674752576116,8.658588609533506
2025-05-01 19:00:00,120.0,97.78859586911754,4.690618445566276,27.241968618396992
2025-05-01 20:00:00,120.0,96.17358139711409,2.9433774574784257,27.08810796175082
2025-05-01 21:00:00,120.0,98.74010410030226,0.0,18.816153092598793
2025-05-01 22:00:00,72.8449455056182,63.62620361837269,0.0,21.930404495409498
2025-05-01 23:00:00,75.7870444506005,46.58254851061104,0.0,34.33817172329538
2025-05-02 00:00:00,42.60700669686573,45.47973303461229,0.0,33.86739777922053
2025-05-02 01:00:00,39.59020668188683,26.803755216729417,0.0,32.8353490719868
2025-05-02 02:00:00,45.59342905579602,35.333309636139795,0.0,34.47287207386083
2025-05-02 03:00:00,32.10661147185689,22.206546706768826,0.0,32.76201611078423
2025-05-02 04:00:00,42.60493086819868,17.12909849320716,0.0,41.96979667946647
2025-05-02 05:00:00,31.504046704787935,20.224430897417466,0.0,33.00858687471144
2025-05-02 06:00:00,101.33992255217102,59.46355329534382,1.914118268933453,20.34733459757185
2025-05-02 07:00:00,103.04501927341039,75.15099407234877,2.642707830712809,27.041953559346407
2025-05-02 08:00:00,97.45037752826882,62.139987687808734,4.377457304717712,20.991085336390537
2025-05-02 09:00:00,100.14471414047318,64.3765128808504,6.241290281949514,16.382080483041072
2025-05-02 10:00:00,77.9712311299125,48.88469875120761,7.507888140118551,13.192125873368456
2025-05-02 11:00:00,70.67793712647563,51.106836443277864,9.729529591194602,21.11391903129355
2025-05-02 12:00:00,81.38638173684362,52.25857027984057,11.210501286617149,18.649525850289184
2025-05-02 13:00:00,54.706111996126275,46.8209141178246,11.647241699280507,31.235238979947063
2025-05-02 14:00:00,69.66540829967707,51.7339149787723,11.243842342904678,20.476041217511035
2025-05-02 15:00:00,65.44276441399751,44.325179608305305,11.292330610351431,17.72202466651463
2025-05-02 16:00:00,60.533031713924345,49.55656307705649,10.180419641871103,27.43403981698289
2025-05-02 17:00:00,59.124789856834056,43.89209256339436,7.440575283178693,27.599265478281175
2025-05-02 18:00:00,117.7183728174404,92.17393477258429,7.065105966774015,23.35941744800521
2025-05-02 19:00:00,119.38891961884343,83.75285125979735,4.608043245127287,33.69136171787324
2025-05-02 20:00:00,119.78176862303029,92.88847587712114,3.1970498414110526,28.546946927595133
2025-05-02 21:00:00,120.0,99.25467644025902,0.0,30.503376694409088
2025-05-02 22:00:00,82.73309962060983,76.179858170187,0.0,37.21178137595359
2025-05-02 23:00:00,74.77136581182225,48.140042738396474,0.0,33.323647331272504
2025-05-03 00:00:00,26.19467180404768,38.81162371168875,0.0,30.950467143738518
2025-05-03 01:00:00,27.54423281713713,27.746535052270442,0.0,43.24458081172461
2025-05-03 02:00:00,29.17609146924922,17.090856610359616,0.0,13.211202223959067
2025-05-03 03:00:00,25.36445052616451,18.99493636420777,0.0,48.89791585464822
2025-05-03 04:00:00,24.694763690516794,34.41390846513153,0.0,18.534775336156436
2025-05-03 05:00:00,39.437072455678624,37.54282053644377,0.0,27.25150915283173
2025-05-03 06:00:00,85.58155443764556,58.70090461703132,2.306933636249455,31.987530762438933
2025-05-03 07:00:00,80.47069446932586,57.46375881796325,3.4445535217095586,18.680778061763768
2025-05-03 08:00:00,87.89450963749712,53.20496619014251,5.295156620357007,24.26967287131066
2025-05-03 09:00:00,78.91723600925661,63.695425654244026,6.879314509538687,14.262780708453393
2025-05-03 10:00:00,57.29529096274582,37.312994272558505,8.2118067620849,20.6549993627173
2025-05-03 11:00:00,58.613654373376455,49.14460578729225,10.7168674615637,16.587865508297252
2025-05-03 12:00:00,69.6726549420582,58.049671202157285,10.722567364944597,20.821635633043645
2025-05-03 13:00:00,50.093160685801955,39.12319139723074,12.672777598750688,22.256357037560335
2025-05-03 14:00:00,40.243439540743445,39.11789680896462,12.530265739310131,23.14830125008053
2025-05-03 15:00:00,56.676417681094804,53.83150624009206,11.60596754235403,19.51249325436763
2025-05-03 16:00:00,49.85240484307403,40.633828373859664,10.30854001911813,19.73793332757028
2025-05-03 17:00:00,42.90878495535181,34.01424850319989,7.3349101541648745,24.247406780226736
2025-05-03 18:00:00,104.78716626777393,82.70582001729076,6.42963805524041,27.960032977043994
2025-05-03 19:00:00,108.55675949833133,81.53785170678564,4.956545663805555,24.73587778706164
2025-05-03 20:00:00,108.03046321300764,81.33130924664343,3.424708453061087,22.76900161702761
2025-05-03 21:00:00,114.30510936985095,92.17407592544286,0.0,33.54713630098308
2025-05-03 22:00:00,58.38988979660087,51.63489761341237,0.0,28.849958142822928
2025-05-03 23:00:00,62.437585719357934,47.64460635918444,0.0,35.125344856829955
2025-05-04 00:00:00,26.8519382463971,16.54622776219664,0.0,25.235922311465526
2025-05-04 01:00:00,23.060131976157496,25.357650316313187,0.0,18.110612209399584
2025-05-04 02:00:00,33.9848731753768,33.476561162548904,0.0,28.276375428037976
2025-05-04 03:00:00,32.08471306116384,19.746417988312775,0.0,26.37321467355062
2025-05-04 04:00:00,31.276553023644837,25.818580969414466,0.0,31.9809004535877
2025-05-04 05:00:00,31.9205558696639,15.18685444372149,0.0,27.42946042866657
2025-05-04 06:00:00,81.12751689924039,47.85234214159016,2.1187986168856563,38.6671280816796
2025-05-04 07:00:00,79.68651684340641,60.976138793710014,3.9376818901061594,18.16402312365475
2025-05-04 08:00:00,84.3815579111004,56.67944109169011,4.842002879422413,20.310443606230375
2025-05-04 09:00:00,89.43759604719054,72.08612612498538,7.662484892004861,20.345481524937664
2025-05-04 10:00:00,69.45795566179466,52.517689310427066,9.442727036445618,20.52811042695869
2025-05-04 11:00:00,65.80105573288715,51.079693935503975,10.44431513616141,19.456016778711028
2025-05-04 12:00:00,62.35289347271013,39.093245139412815,14.252654513410361,22.072729510774206
2025-05-04 13:00:00,52.44036814251113,38.135544382742786,12.016459276275663,18.29395892084124
2025-05-04 14:00:00,51.27851282717559,34.41972440991144,14.261944114988127,30.82587357851834
2025-05-04 15:00:00,46.60959543156399,30.50389061669607,13.479155512370726,21.48602394066875
2025-05-04 16:00:00,51.33725366215886,44.11928952298761,10.422822643152497,15.348663045342798
2025-05-04 17:00:00,45.2196197810632,41.37190704445333,10.14781351773584,23.91017357683878
2025-05-04 18:00:00,105.64433340295916,86.82752324760912,6.9687354220908855,17.97695857001348
2025-05-04 19:00:00,113.56515391810628,83.57629590141474,5.322659621330181,34.24488476992208
2025-05-04 20:00:00,109.90554742294792,87.3163159303459,3.6500911393234485,45.58027422156179
2025-05-04 21:00:00,102.04864459135845,70.66936120317354,0.0,23.58747644506002
2025-05-04 22:00:00,61.89567773886343,62.657772984124065,0.0,31.800847342080694
2025-05-04 23:00:00,58.466915149357376,36.92770324031183,0.0,16.475228499264635
2025-05-05 00:00:00,34.7706436700836,20.4621258843634,0.0,36.67403426746044
2025-05-05 01:00:00,39.73694080124158,31.02161778902053,0.0,25.64343715035695
2025-05-05 02:00:00,37.990491349275615,30.552710022853166,0.0,27.791550220615225
2025-05-05 03:00:00,46.23060399023505,33.24670738747982,0.0,23.868383615449943
2025-05-05 04:00:00,40.41810393816512,23.21037544615274,0.0,38.96514795060071
2025-05-05 05:00:00,35.969957341730655,34.3112189576892,0.0,41.2307945799314
2025-05-05 06:00:00,102.7690565552826,57.94222535665927,2.410919644486394,33.12907653674693
2025-05-05 07:00:00,98.81088738785778,58.027941097482845,4.019505251926937,15.491230710951882
2025-05-05 08:00:00,94.64811255979355,63.043344706259525,5.840735972223393,27.614915289593327
2025-05-05 09:00:00,105.59787627397662,62.912665024211314,6.456741455982573,16.054527097991212
2025-05-05 10:00:00,78.39437289995449,62.90650270540694,10.644736228664666,9.080438888018447
2025-05-05 11:00:00,72.76916728808924,44.550894092957115,10.080426239994775,22.026572579229743
2025-05-05 12:00:00,75.0866220699531,62.48582240754082,14.26316129463268,14.303796874125467
2025-05-05 13:00:00,66.50415238803338,53.55465123492373,15.288699281668247,28.75379701419548
2025-05-05 14:00:00,64.72850746272883,54.4599980093922,12.80054727767497,20.858727633198132
2025-05-05 15:00:00,54.3359704141781,52.22414109120749,12.74187452442259,26.53530102474126
2025-05-05 16:00:00,62.01621614150595,45.492022512809285,10.598317760802818,31.133658894893056
2025-05-05 17:00:00,60.165584180104105,38.97674070942657,9.47321080761963,16.087833094719926
2025-05-05 18:00:00,120.0,96.55172371194227,7.321825286674415,19.793563849099577
2025-05-05 19:00:00,120.0,92.89979449709601,5.834660306276531,29.082090778701144
2025-05-05 20:00:00,120.0,92.08407055504478,4.170340928709275,41.0372252513786
2025-05-05 21:00:00,114.96947547575907,91.5703352262856,0.0,24.763779729934996
2025-05-05 22:00:00,70.325409350509,58.99440742210665,0.0,25.237169078994345
2025-05-05 23:00:00,78.86728221637155,50.422816538957136,0.0,33.18623213020957
2025-05-06 00:00:00,32.38317952108948,25.011702386195235,0.0,28.457883647099294
2025-05-06 01:00:00,28.199137276016103,28.222354654920455,0.0,34.52526883836294
2025-05-06 02:00:00,37.44226988439378,35.23820576448766,0.0,20.357206954423486
2025-05-06 03:00:00,32.58310270893361,15.573946592610568,0.0,51.667688045171644
2025-05-06 04:00:00,43.09964415651829,30.40750204658459,0.0,22.051891895055086
2025-05-06 05:00:00,36.37841618307857,27.506229867263535,0.0,30.581983190458704
2025-05-06 06:00:00,100.42606196356878,59.64096300839072,0.0779967453855004,32.987069249348316
2025-05-06 07:00:00,98.04329766141039,64.8639015849752,0.10378291273634677,29.495851896333637
2025-05-06 08:00:00,106.86365417635267,72.32086986412924,0.15546771051420125,13.345191028588498
2025-05-06 09:00:00,101.31839024318549,70.28788414894342,0.18701097136305342,29.850120107976924
2025-05-06 10:00:00,72.00292354855803,51.58217081441061,0.25960878534306986,23.73150414353128
2025-05-06 11:00:00,70.26779470053646,44.73626096613809,0.3605647429808667,22.03498417989009
2025-05-06 12:00:00,73.51054263472199,64.19646931857261,0.428318970938017,15.042362485534225
2025-05-06 13:00:00,56.50989871635417,47.04072744703069,0.3638883895438264,26.60402832180703
2025-05-06 14:00:00,65.53925797110605,50.85030692579661,0.3846217102673111,19.069298032685296
2025-05-06 15:00:00,52.77177024044175,45.712704001238926,0.37849496665237503,30.651952701199697
2025-05-06 16:00:00,60.28149635605198,46.280190800151836,0.3422299516585021,17.628409908131953
2025-05-06 17:00:00,63.65491043644651,54.27345175394216,0.259525902964096,22.62140590732684
2025-05-06 18:00:00,120.0,95.10927425554502,0.2234481947990547,20.048300298533007
2025-05-06 19:00:00,116.7722266214295,91.6097400350291,0.15212052839786117,22.54192370430814
2025-05-06 20:00:00,120.0,98.63594562184159,0.10854454253685775,35.47860057933215
2025-05-06 21:00:00,116.01282275226342,100.08497332069535,0.0,33.93817239865592
2025-05-06 22:00:00,73.74044042602532,71.11432458174284,0.0,38.978259091790214
2025-05-06 23:00:00,76.77445845417256,58.43537125218855,0.0,16.612868845342703
2025-05-07 00:00:00,37.120828145166286,31.108866538677937,0.0,42.52031142276668
2025-05-07 01:00:00,32.00004508605967,28.89897381831467,0.0,54.62171985490139
2025-05-07 02:00:00,40.426445961986914,36.3393626769296,0.0,29.793096401390745
2025-05-07 03:00:00,35.427846209132184,34.5364675190178,0.0,49.49745370046244
2025-05-07 04:00:00,38.38119998667346,27.888557686527253,0.0,31.37563004643973
2025-05-07 05:00:00,41.91867516747689,39.54398268996914,0.0,22.062043879894144
2025-05-07 06:00:00,104.71276416934515,71.30902272745422,2.821558199044286,31.019029233436395
2025-05-07 07:00:00,104.7245040283491,73.44446794082263,4.189277220093173,25.431749928805246
2025-05-07 08:00:00,100.55098138418204,76.03281064994052,5.879547174100024,15.928576883035369
2025-05-07 09:00:00,103.25662974395671,73.48844595535638,8.25407577675538,17.12675193403263
2025-05-07 10:00:00,74.78662586043399,58.12690776686886,10.616617130843522,23.141249220162447
2025-05-07 11:00:00,68.3834811698917,46.80884306993813,12.515485750318826,20.166543287622147
2025-05-07 12:00:00,75.18778834116725,61.60031202545027,14.311931458052879,23.096329940724672
2025-05-07 13:00:00,62.049825489235225,49.14930215747576,17.54668023038931,24.907470481285678
2025-05-07 14:00:00,63.522983189260316,46.54135620816549,16.255160817652655,26.328603909345727
2025-05-07 15:00:00,60.32021467395185,51.10181817977061,14.269041677683296,20.968836062402207
2025-05-07 16:00:00,57.469651056974804,58.222034483516104,13.616359850297242,24.87162650352949
2025-05-07 17:00:00,63.850478436700655,39.89455737838307,10.40665949201179,18.05909497410677
2025-05-07 18:00:00,114.09027470736488,84.02251576747716,9.108591826221895,31.08230358910826
2025-05-07 19:00:00,120.0,113.95180348287514,6.272388000491139,25.433684220878508
2025-05-07 20:00:00,118.95861872457753,94.43325850865914,4.151182944537297,38.7570215748642
2025-05-07 21:00:00,120.0,95.60489064425957,0.0,28.461399296229263
2025-05-07 22:00:00,76.33895296466163,63.660070377207425,0.0,31.753131032425003
2025-05-07 23:00:00,76.48353747669341,61.30904312336848,0.0,26.486405542680856
2025-05-08 00:00:00,28.68793344963348,41.1491918604521,0.0,25.304866540160454
2025-05-08 01:00:00,38.736752411865474,26.229756019917488,0.0,19.12481569358635
2025-05-08 02:00:00,36.392555027109516,28.116736016083504,0.0,24.97135223892092
2025-05-08 03:00:00,32.16968656890255,24.110047803313037,0.0,31.173878495517346
2025-05-08 04:00:00,31.654861520159674,30.081573489966523,0.0,35.71745218381638
2025-05-08 05:00:00,33.52512393016048,33.547590438563255,0.0,42.48886920700728
2025-05-08 06:00:00,93.8146298753629,72.97260390964306,2.9428927536350606,30.140581576390378
2025-05-08 07:00:00,107.40917072455173,76.29124925599797,3.8474273057312462,15.86490199472198
2025-05-08 08:00:00,106.34664842825516,86.27498959316507,5.825449272832656,13.011728277076429
2025-05-08 09:00:00,101.69161836950184,64.3327957092525,7.915427832802014,22.79502111892553
2025-05-08 10:00:00,72.80143272529317,46.187621545529375,11.365389804202941,27.390243338022856
2025-05-08 11:00:00,72.91973965311429,59.84512936579179,15.432916905749961,26.7956261151178
2025-05-08 12:00:00,77.21802127661543,54.16487647473242,18.100653557056827,23.964618724089142
2025-05-08 13:00:00,68.79082571345259,40.31354512932411,17.184129219110567,27.534945679090704
2025-05-08 14:00:00,58.31381933750846,40.44509240035464,17.004667563707805,33.82177346283937
2025-05-08 15:00:00,55.85146747388885,43.305094064236854,13.146011924216042,25.715751596726168
2025-05-08 16:00:00,67.84498814687252,44.44444979805539,12.96583363308087,27.57997920836415
2025-05-08 17:00:00,52.83848102156378,34.44214909025633,10.528711719489866,21.84026526785039
2025-05-08 18:00:00,115.4616113628631,89.8105634456824,8.316641593490107,15.659224786564838
2025-05-08 19:00:00,118.88913948370116,86.34215891296742,6.3164630133361,25.309373078285933
2025-05-08 20:00:00,112.97804939487736,92.354050067408,4.234237600938956,30.45870943728957
2025-05-08 21:00:00,120.0,85.19421523548753,0.0,30.99253589468976
2025-05-08 22:00:00,77.66279931610552,64.6993234088435,0.0,45.230321287742235
2025-05-08 23:00:00,71.22015607636365,53.94055054352428,0.0,31.14893241324671
2025-05-09 00:00:00,40.77577848526673,29.18296747735415,0.0,44.36123877981599
2025-05-09 01:00:00,41.53933087678408,37.49680544207084,0.0,30.536622979107428
2025-05-09 02:00:00,34.508247031661575,19.1351364206421,0.0,31.593661499397815
2025-05-09 03:00:00,32.989508149910826,22.915456550592936,0.0,22.8793419350965
2025-05-09 04:00:00,45.18572407380802,30.93836877368601,0.0,27.904756428544484
2025-05-09 05:00:00,38.262743148345564,33.08107013988097,0.0,38.77748084579416
2025-05-09 06:00:00,100.78350080227149,68.17935421738252,2.5096837823407387,34.328192386668
2025-05-09 07:00:00,105.7659966237899,82.93248282974156,4.894694299781042,25.404306899162112
2025-05-09 08:00:00,100.98872772142525,62.76129211035005,6.14300148109014,21.489617147885884
2025-05-09 09:00:00,97.3547472272753,57.17556220621374,9.36050771039485,18.746618551434665
2025-05-09 10:00:00,74.14574882012772,62.23664919893008,13.750247042485823,31.59926360526952
2025-05-09 11:00:00,78.45897419087254,46.11952055565909,13.179263057842643,20.075440977294335
2025-05-09 12:00:00,64.82019484936227,50.81679539557507,12.856682869253609,26.53532063438653
2025-05-09 13:00:00,59.56638658746828,37.99738958078588,16.76669516560504,21.578712236198488
2025-05-09 14:00:00,67.086283208562,35.060255554309904,18.67064213074607,28.23923304966348
2025-05-09 15:00:00,58.55911711002394,40.404540829629994,18.64511022323886,29.548878472653133
2025-05-09 16:00:00,67.82001343688611,53.87073013649238,12.826281284426905,25.234541931849527
2025-05-09 17:00:00,67.22887210206393,41.87683250867536,12.262029048820512,9.86668620900517
2025-05-09 18:00:00,119.70511898029972,96.62504808316484,8.842815078721573,24.093846661744536
2025-05-09 19:00:00,117.44157312799949,95.11270209530892,6.662725603153465,40.32304136113159
2025-05-09 20:00:00,118.70688506632665,84.26786645342665,5.5953678445505295,34.90358309305747
2025-05-09 21:00:00,120.0,99.88534110373493,0.0,34.27418299993911
2025-05-09 22:00:00,82.21993990913333,78.87096286381703,0.0,17.559741786269047
2025-05-09 23:00:00,74.34928927106405,56.856522742220676,0.0,25.282905255627234
2025-05-10 00:00:00,27.263309017708156,23.14066610053577,0.0,38.172985200135145
2025-05-10 01:00:00,30.526684660115684,27.465241990851855,0.0,38.164553778825095
2025-05-10 02:00:00,31.09722116977544,20.729573105837893,0.0,45.12429380378571
2025-05-10 03:00:00,24.404885680757907,31.68058694083574,0.0,33.35978549124011
2025-05-10 04:00:00,30.36018571146867,31.572147150429018,0.0,38.12510154863588
2025-05-10 05:00:00,35.950819461652785,28.6155416846794,0.0,34.75505894438873
2025-05-10 06:00:00,75.99797028244198,55.01715089563867,2.749695428788971,26.073014238173272
2025-05-10 07:00:00,87.81470319103373,55.193493526967224,4.93913137777138,9.055940225824132
2025-05-10 08:00:00,90.28166621316262,53.35674429419599,7.306950873955258,23.005824720022137
2025-05-10 09:00:00,81.57256729499144,54.24949022729699,10.463458755609087,21.671155005126973
2025-05-10 10:00:00,69.75759742279683,49.56201491073699,12.458482047045244,17.558452276334087
2025-05-10 11:00:00,59.027289729919524,50.65939390908261,15.278381685838509,12.361265525504102
2025-05-10 12:00:00,64.11867848930889,51.79575318882038,16.36688950572293,24.03763096186003
2025-05-10 13:00:00,49.772695011461224,39.361039319086835,18.37323976948362,22.618588825375856
2025-05-10 14:00:00,49.77168848521585,45.12119048709425,17.492185971801216,27.602536025467916
2025-05-10 15:00:00,48.375326278536356,30.997131299918706,17.7364621813711,35.520531214354946
2025-05-10 16:00:00,54.29676175632665,48.24702218250368,14.470018111831353,11.257983641722104
2025-05-10 17:00:00,54.97279665223908,36.94946056246238,12.734508541649342,19.991637498622097
2025-05-10 18:00:00,105.76644428679776,91.34386832012717,9.604673669974733,22.961097806568603
2025-05-10 19:00:00,99.93648722336988,78.53143440961499,7.677917611840218,42.482227604972756
2025-05-10 20:00:00,107.87060993474987,74.06572599292579,4.820962596169268,18.40771120817699
2025-05-10 21:00:00,107.95540880224323,88.65293306492774,0.0,46.228530676121785
2025-05-10 22:00:00,61.15858895969816,59.052861027111774,0.0,32.210077121145915
2025-05-10 23:00:00,70.53634730325072,47.75375418944336,0.0,30.404376448133256
2025-05-11 00:00:00,22.962318307947058,22.77811315085438,0.0,33.23882297969196
2025-05-11 01:00:00,21.0,24.17334982167881,0.0,31.15630831689281
2025-05-11 02:00:00,26.711242951360482,12.801070761635613,0.0,44.1336393767793
2025-05-11 03:00:00,33.19691040341152,12.872362048783362,0.0,25.628735239192288
2025-05-11 04:00:00,25.248699131547717,32.53034210063708,0.0,37.99019546908763
2025-05-11 05:00:00,25.585630866632663,20.158895919471377,0.0,31.611634601086045
2025-05-11 06:00:00,88.34335103363664,71.47020419376129,2.8079435959084096,28.30735530651694
2025-05-11 07:00:00,86.14522067342482,66.73909372672637,5.579487715391889,34.54710743142178
2025-05-11 08:00:00,85.76052911416275,68.37992376552863,6.839415743052346,23.180382009651012
2025-05-11 09:00:00,87.58018515842983,55.83715283442783,9.551531238732911,24.19914684305432
2025-05-11 10:00:00,60.196947975898226,34.50733739286682,12.324565047044745,26.950500368685837
2025-05-11 11:00:00,60.40488793236434,38.3134439325475,17.326543971357513,13.526455549974209
2025-05-11 12:00:00,65.75432299215261,44.19542412868087,14.666429795226144,30.173974432070537
2025-05-11 13:00:00,45.08160637450644,21.96056663149743,23.555969429561294,9.12490826230663
2025-05-11 14:00:00,41.491357579228385,30.851882538502256,20.42020685346181,19.774556208065846
2025-05-11 15:00:00,49.1838181066965,36.802636918506124,18.004498715550223,21.67007591999545
2025-05-11 16:00:00,55.322526688817454,33.396152241102406,15.541579044751611,28.03930563605522
2025-05-11 17:00:00,52.28361553346246,33.533231241650036,13.23688755421967,25.817781091092044
2025-05-11 18:00:00,109.87500554459726,85.20983454429042,10.498835426807307,23.45838988597934
2025-05-11 19:00:00,96.94386937913944,79.63630503357601,7.754314179847073,31.378942183220744
2025-05-11 20:00:00,107.4369294134994,79.95399926320034,5.293126016690509,23.7779282057819
2025-05-11 21:00:00,108.95958404693438,88.8178291738633,0.0,19.692614769382057
2025-05-11 22:00:00,56.031727863878125,51.20037902024378,0.0,37.18977837835949
2025-05-11 23:00:00,65.98957542308565,47.81341348071571,0.0,36.9316536266333
2025-05-12 00:00:00,34.47423063512259,22.365162238016303,0.0,49.33113894009211
2025-05-12 01:00:00,48.79708082662567,26.696922282831906,0.0,28.355675904477152
2025-05-12 02:00:00,25.178503359363347,34.691447282744996,0.0,41.45440994432403
2025-05-12 03:00:00,41.13708032393504,34.38068278530278,0.0,32.82821459015489
2025-05-12 04:00:00,33.20235423503132,31.884535066374873,0.0,45.85053282508696
2025-05-12 05:00:00,27.698882954418462,23.836503996608524,0.0,44.36196490596568
2025-05-12 06:00:00,97.1482103056873,63.61066808501431,3.4460069224888485,37.200101212944794
2025-05-12 07:00:00,100.76816503774836,70.6184921147116,5.215642236849429,19.401055955664624
2025-05-12 08:00:00,104.18810846477245,57.94676327008289,7.617129273968202,26.2937073405234
2025-05-12 09:00:00,107.26834774832456,63.90540542687644,10.374592028769618,24.62931222900534
2025-05-12 10:00:00,80.10065023796685,50.891537431879186,14.759639805612553,17.572978343369805
2025-05-12 11:00:00,69.35791224562708,47.05403014997127,17.098091705212234,14.163080063352439
2025-05-12 12:00:00,78.78787245399482,49.571745598485926,14.14545935883951,19.671349294847953
2025-05-12 13:00:00,62.55422508937503,46.42738516011401,20.722436276199304,34.104636672783066
2025-05-12 14:00:00,57.84772918815065,42.505016775503556,19.996035718628434,31.82337365172893
2025-05-12 15:00:00,59.839845111682436,52.51323567275346,18.468700377479593,17.85596253952948
2025-05-12 16:00:00,57.59915081482984,57.95349188991153,15.815658538576113,17.51321070979679
2025-05-12 17:00:00,60.96035832104515,36.46541332175636,14.749184927525375,32.61607964147988
2025-05-12 18:00:00,116.71653952967645,92.37088731838122,11.337794469085592,17.711834512753022
2025-05-12 19:00:00,115.37402667052153,90.34248144052883,7.233701811343952,35.84994330191474
2025-05-12 20:00:00,120.0,94.7621778780816,5.471870182389622,26.903018401094442
2025-05-12 21:00:00,120.0,87.80469946215645,0.0,44.65680946036815
2025-05-12 22:00:00,72.85794483838505,57.014708821892064,0.0,25.67587162303338
2025-05-12 23:00:00,79.85656220650918,56.414462676078436,0.0,40.890916652183996
2025-05-13 00:00:00,33.787356674727285,20.980258866199822,0.0,37.35531718867335
2025-05-13 01:00:00,33.59680886089038,27.476653431787916,0.0,37.956380527655256
2025-05-13 02:00:00,37.931494734510935,28.402990199856557,0.0,18.117641002087986
2025-05-13 03:00:00,34.36337918171028,29.069156592595803,0.0,16.04134028311711
2025-05-13 04:00:00,35.34088409457294,21.926456764543374,0.0,33.73637433560818
2025-05-13 05:00:00,23.617321196169506,25.670265183371402,0.0,37.90917117726367
2025-05-13 06:00:00,99.54996806853501,61.422669552614096,3.2959356105985878,25.661355825088627
2025-05-13 07:00:00,91.25240311859345,63.6255185314558,4.924196269243812,15.592323192987205
2025-05-13 08:00:00,93.9805072677192,71.4424365576671,7.649743917105017,24.430252635072527
2025-05-13 09:00:00,93.46583341281435,64.41103489366692,11.767314677531864,24.437653525696852
2025-05-13 10:00:00,68.97696443700838,51.1919219269197,15.212125890278903,20.685416595470567
2025-05-13 11:00:00,71.19874625956545,54.90137451243105,17.74913643694368,25.601717947748735
2025-05-13 12:00:00,71.47937185795591,42.25111634998521,20.440079645780585,15.13435625148016
2025-05-13 13:00:00,63.754728942415895,56.120539657989056,21.414633755301796,22.769620863399258
2025-05-13 14:00:00,61.76623568686496,37.66101661501665,19.510014607758833,35.29026755575282
2025-05-13 15:00:00,52.21065559357789,44.59005117165382,19.98696501306777,25.420553788478376
2025-05-13 16:00:00,61.14031639221946,48.85337353621908,18.14103079396573,25.782901617645983
2025-05-13 17:00:00,62.19763913288425,38.84861589889526,14.987294596273468,39.40215382557129
2025-05-13 18:00:00,118.52145067686169,98.80323008025917,12.054857654696194,16.249982240085536
2025-05-13 19:00:00,119.72601310391984,95.04079253277048,8.509874136886442,38.532952550479315
2025-05-13 20:00:00,120.0,103.81533507338553,5.69072665450927,45.502612960730644
2025-05-13 21:00:00,120.0,97.09208016488981,0.0,29.524889200808516
2025-05-13 22:00:00,66.5816286843283,56.61323774290272,0.0,39.040684052257085
2025-05-13 23:00:00,72.56916195403217,48.94459471050866,0.0,24.245468113333104
2025-05-14 00:00:00,41.728565853836145,20.6108708990821,0.0,29.888006662148925
2025-05-14 01:00:00,41.31602929991717,28.375320189918824,0.0,39.55548452554675
2025-05-14 02:00:00,38.77026958756738,27.13255742463033,0.0,43.28645006000165
2025-05-14 03:00:00,37.35676449037691,29.479064161078995,0.0,46.19445299090113
2025-05-14 04:00:00,42.386909780385764,21.64031793927387,0.0,50.24197142707027
2025-05-14 05:00:00,43.57136941980636,30.223147385729938,0.0,35.474400950866105
2025-05-14 06:00:00,98.84528248732613,68.31168698103858,4.047973109538483,46.85003485125788
2025-05-14 07:00:00,95.06369643873953,68.49556038842675,5.762943874634796,19.796991416119823
2025-05-14 08:00:00,98.20982700422674,54.445975302936944,7.810040524377288,26.532189114431826
2025-05-14 09:00:00,113.3612722455112,78.27637574872197,11.335520392044275,22.772706868509626
2025-05-14 10:00:00,66.57000328288936,46.30852272327114,13.868647374444867,24.061886952965054
2025-05-14 11:00:00,71.51468069727035,49.23565285276099,16.828007342869125,23.94189336809902
2025-05-14 12:00:00,67.27499663893589,34.328658106101344,19.92436870996497,12.964348402621802
2025-05-14 13:00:00,61.296526403908835,53.79792563044697,20.0971948564766,18.159712016268397
2025-05-14 14:00:00,55.322979390933696,42.00682964292929,20.92881459559755,25.905468669260483
2025-05-14 15:00:00,60.24570941820932,35.50057949580823,17.103787899764114,14.603659761146451
2025-05-14 16:00:00,51.959660800876186,41.21108449460569,18.0923996009978,30.506648063033687
2025-05-14 17:00:00,63.51438201384153,47.651951090441685,14.748904688286474,30.76140541333318
2025-05-14 18:00:00,120.0,103.9576227248579,10.734586924799187,27.323887602000227
2025-05-14 19:00:00,118.27225370071443,90.41255774582721,8.846026261160437,23.37245839180354
2025-05-14 20:00:00,119.39191496815934,91.67556666867478,6.20836930291255,43.67937724370794
2025-05-14 21:00:00,119.2646674617091,87.73181937112297,0.0,49.01390169069575
2025-05-14 22:00:00,74.44620486366534,66.52500711483432,0.0,33.668597644570816
2025-05-14 23:00:00,73.4603436838038,47.00240103107221,0.0,36.61938448152731
2025-05-15 00:00:00,38.377874656372754,23.532618221237136,0.0,38.3062667411311
2025-05-15 01:00:00,40.470024470963885,29.350088149906444,0.0,41.30231431493295
2025-05-15 02:00:00,31.258027869219806,18.151206895024163,0.0,35.37707352937948
2025-05-15 03:00:00,33.52937015295029,36.20835547036049,0.0,36.151948622501045
2025-05-15 04:00:00,38.97863589059598,40.36946164201828,0.0,44.724277828849274
2025-05-15 05:00:00,28.523837654168982,20.807365374933866,0.0,57.851568542254014
2025-05-15 06:00:00,90.50534988618728,53.488539151681756,3.38666985992044,23.702941326268913
2025-05-15 07:00:00,100.39201744253549,69.3285889985558,5.652216715218671,21.312377162092126
2025-05-15 08:00:00,101.60715450430955,65.3129721378796,8.219430210890124,15.423048639625861
2025-05-15 09:00:00,96.12324480870117,71.00590279487761,11.071091689202134,30.58870838766624
2025-05-15 10:00:00,70.9887669973272,45.71154695922041,16.391384312905174,18.665276012157467
2025-05-15 11:00:00,70.17183129303521,53.43544662202501,18.253907919645204,13.98584354383285
2025-05-15 12:00:00,69.6915331638193,49.672364535046874,20.565572970989606,25.371158413720632
2025-05-15 13:00:00,63.8229784767784,41.03707152581058,18.779868254737988,36.658676876049626
2025-05-15 14:00:00,55.39000409256833,41.99492586861562,23.502113695777265,29.761850277332734
2025-05-15 15:00:00,59.507394407607634,48.613450885923925,18.927210501631286,26.833909868976605
2025-05-15 16:00:00,56.62823453024087,42.19666908631987,18.63031160580123,28.1379732330603
2025-05-15 17:00:00,54.15344689250224,40.65105309007279,15.712464173162557,34.556083441294156
2025-05-15 18:00:00,120.0,90.71604419892273,13.274337017190303,19.94803496025402
2025-05-15 19:00:00,117.66078650021907,98.12623821397796,7.841295363882434,31.90264097269531
2025-05-15 20:00:00,120.0,100.13888540393718,4.5654354056078015,29.105993421694315
2025-05-15 21:00:00,113.21365854089545,87.15338382713732,0.0,23.237917516758337
2025-05-15 22:00:00,70.25396919896511,59.680168055956386,0.0,30.12600816402966
2025-05-15 23:00:00,76.99509220399678,61.79975481216133,0.0,41.909306726349264
2025-05-16 00:00:00,46.54290657786322,3.164956420511599,0.0,42.07877035769934
2025-05-16 01:00:00,26.007212736802927,5.168868869203568,0.0,42.794810814138415
2025-05-16 02:00:00,33.99519994775691,3.558215643511139,0.0,38.20753141763639
2025-05-16 03:00:00,36.755447718205076,3.4319406746729078,0.0,41.67998361187374
2025-05-16 04:00:00,32.12773433698255,2.653955253569925,0.0,29.48083058033057
2025-05-16 05:00:00,38.72303396803289,5.404379343143883,0.0,34.005871536692666
2025-05-16 06:00:00,95.41686305285346,4.441153944523268,4.106437137311312,38.627053089788404
2025-05-16 07:00:00,100.00947454179976,1.9632478412722376,7.170831124079078,23.64899787786315
2025-05-16 08:00:00,96.96783650058225,0.1296626089819919,10.023786118259844,23.884917504367472
2025-05-16 09:00:00,104.80459994412135,1.509295406129194,12.674455239759334,21.349891790812716
2025-05-16 10:00:00,70.50672978945843,0.4283460149853924,15.376335515739935,20.02805112251743
2025-05-16 11:00:00,71.96693796982933,4.315988336384321,20.553386214403982,39.57299597883697
2025-05-16 12:00:00,77.80597072185586,2.2509685391235834,20.173523065692144,27.128035437614095
2025-05-16 13:00:00,56.040801078347656,4.204553325247246,24.175877773187878,28.465337949889328
2025-05-16 14:00:00,60.976350299701615,3.2944987337000886,24.230116226708624,24.296263306310873
2025-05-16 15:00:00,52.465570497675834,5.380148106865668,23.73298952862171,22.890070171389784
2025-05-16 16:00:00,55.771274480434705,7.238668287886009,23.569158847270415,24.956806745122183
2025-05-16 17:00:00,62.38656578577416,4.793139381338563,16.508336737985278,27.68926813789519
2025-05-16 18:00:00,115.54186120708695,0.6196806093913088,11.957822695204962,13.671448523662574
2025-05-16 19:00:00,117.54942180679294,0.17510481414907964,9.101205567773505,20.157084928700215
2025-05-16 20:00:00,120.0,2.1323116627753915,5.3809016695039205,27.890379791990924
2025-05-16 21:00:00,117.39366236483882,4.249675112208537,0.0,34.889864197344394
2025-05-16 22:00:00,77.25315938259227,0.44905028627267307,0.0,31.187758606747654
2025-05-16 23:00:00,74.52085259680595,3.27733804839889,0.0,45.43013335007285
2025-05-17 00:00:00,31.960574003660263,16.227324321823513,0.0,23.448343293795187
2025-05-17 01:00:00,35.5843451943234,28.547073304310267,0.0,30.257177254228083
2025-05-17 02:00:00,31.439203781763297,26.363826792003596,0.0,51.412790342584195
2025-05-17 03:00:00,36.92481280711205,24.127821563522033,0.0,38.476239469452636
2025-05-17 04:00:00,34.10068027367021,32.84731634353981,0.0,45.496234365299166
2025-05-17 05:00:00,27.644464065744945,21.001928263756025,0.0,56.35984056121106
2025-05-17 06:00:00,89.62499088236932,56.98378433443921,3.9759941672173924,30.793100598627486
2025-05-17 07:00:00,84.99322163883686,61.83713818111384,6.307033034864751,21.79802186846435
2025-05-17 08:00:00,82.02976585580133,47.65465568397143,9.089542862389614,20.83062491218914
2025-05-17 09:00:00,85.05856017371757,64.39110085714827,13.125681155149781,11.430253621858341
2025-05-17 10:00:00,66.9223391183364,45.68781646432453,15.555248734503717,20.618439454605657
2025-05-17 11:00:00,63.964571332670204,51.52742216383127,21.885894047193812,27.276614809723554
2025-05-17 12:00:00,70.11763615506149,56.80747627686816,22.759270577176846,25.373967219937136
2025-05-17 13:00:00,55.8617778510282,44.58701488719144,24.208690798990293,30.11471113051589
2025-05-17 14:00:00,53.32661049079323,34.93928496877512,23.59121112161398,23.630338757821516
2025-05-17 15:00:00,46.35508396814829,28.59167030059565,23.041451032283284,21.801007276421426
2025-05-17 16:00:00,50.16359402743796,28.87996116410072,21.4103980757167,34.35359499125092
2025-05-17 17:00:00,51.29487896936233,45.89249342306948,15.49569191073193,22.83619464102989
2025-05-17 18:00:00,108.82962243644687,84.52182382248425,12.284889952334998,27.995824155322047
2025-05-17 19:00:00,108.56277936669187,81.24741934896542,9.256794698097323,34.89865690578677
2025-05-17 20:00:00,106.4577125269493,82.05126258288645,5.818468606243833,45.7821921335028
2025-05-17 21:00:00,106.23635530016426,89.97418238034356,0.0,41.67227175197013
2025-05-17 22:00:00,65.15892443642252,62.29794788205729,0.0,22.67217234643777
2025-05-17 23:00:00,58.05323039324527,46.64449823178403,0.0,23.57500048074718
2025-05-18 00:00:00,37.629821186624355,32.05570315287723,0.0,43.10872974988964
2025-05-18 01:00:00,21.0,25.857866460059622,0.0,37.05279454870119
2025-05-18 02:00:00,36.549342669774134,30.08495547156905,0.0,33.373236784942804
2025-05-18 03:00:00,29.79666512208677,25.49293533022966,0.0,47.220267611277066
2025-05-18 04:00:00,34.51160916422217,26.890034922933445,0.0,39.42336975687195
2025-05-18 05:00:00,31.63728195431676,30.0497417035662,0.0,38.15237627633124
2025-05-18 06:00:00,85.30844179902783,59.62199552730605,4.088832707634695,45.00030559937547
2025-05-18 07:00:00,86.24543209204857,54.16349941747992,6.518891172228851,20.476198866350906
2025-05-18 08:00:00,87.39203125082423,62.25732977701982,10.55035634345164,31.455318788491798
2025-05-18 09:00:00,82.27154823028664,58.39626215385985,13.760938042301946,18.14360087632633
2025-05-18 10:00:00,66.53256129981497,51.03902444049251,17.573905286191494,26.305951140571153
2025-05-18 11:00:00,56.99584740634239,40.83975943538714,22.29587443960408,30.694506857089564
2025-05-18 12:00:00,61.851977632479354,50.018687847577155,23.394386042793855,14.815071419920926
2025-05-18 13:00:00,54.700169002931005,40.01621410111521,25.966464851942487,24.098295744466906
2025-05-18 14:00:00,55.415883451977265,44.539189205569485,24.971985911864095,33.88837656511995
2025-05-18 15:00:00,53.011854160882066,36.16926939963612,24.156498898654164,33.987475011941875
2025-05-18 16:00:00,49.16803837290495,35.3165564846141,19.90168132430282,25.23075964512139
2025-05-18 17:00:00,54.97348934636493,45.12322836261565,13.929414417993902,21.519298451390284
2025-05-18 18:00:00,102.61446061137711,78.73949154267518,13.333053915351002,32.66080236516241
2025-05-18 19:00:00,113.50794951928161,100.5143430719021,10.982928052356382,43.92106498232624
2025-05-18 20:00:00,105.24558964866301,87.05811479196555,7.279245247406519,24.02427426697612
2025-05-18 21:00:00,98.69829306348468,80.05306695853359,0.0,23.691700008934127
2025-05-18 22:00:00,56.499889606372435,55.721894089367154,0.0,35.80129552626116
2025-05-18 23:00:00,62.07236157840506,42.31887387215517,0.0,39.225334839827994
2025-05-19 00:00:00,35.457223766408866,33.153385855372555,0.0,35.22191572049977
2025-05-19 01:00:00,43.69146512772156,36.54516165686065,0.0,44.53303678302214
2025-05-19 02:00:00,30.154763026177612,32.719999733716236,0.0,31.309768767497815
2025-05-19 03:00:00,35.00558994230932,25.781385347635666,0.0,17.942540590458822
2025-05-19 04:00:00,30.060613713572373,17.651874266130918,0.0,34.03388443047999
2025-05-19 05:00:00,32.61106320598132,22.32440665769979,0.0,38.66995183459296
2025-05-19 06:00:00,106.70256758982303,68.23357425684331,4.894714671600619,35.442988286727825
2025-05-19 07:00:00,94.01118045030906,73.96780171677709,7.733506477882745,16.22501559969429
2025-05-19 08:00:00,101.76638436281627,81.52126238313043,10.312213363328002,12.473136534681759
2025-05-19 09:00:00,100.89277657007578,69.17804143684181,14.216785562400313,19.90533838689599
2025-05-19 10:00:00,73.29724867227132,51.10705288736482,17.0830489974161,27.966718016046453
2025-05-19 11:00:00,75.74348489524608,49.90405661425635,21.12908177679912,30.014071727060628
2025-05-19 12:00:00,68.18592837213846,52.46944366645574,25.773533949632185,29.623012340330295
2025-05-19 13:00:00,68.00013469418539,60.917461267369276,28.666009045816114,21.21218634109283
2025-05-19 14:00:00,69.20848813712523,59.509744364651596,25.85600794411162,18.9618079357691
2025-05-19 15:00:00,60.7586545489863,50.34032776449767,23.6788369149315,29.956262993680944
2025-05-19 16:00:00,71.45066099683038,56.26417130339122,21.678123512622935,30.87870971034231
2025-05-19 17:00:00,58.751057717094746,47.75673575000149,18.835381260311568,29.31361989499267
2025-05-19 18:00:00,120.0,94.86880098528378,12.379218477974753,13.230170547448223
2025-05-19 19:00:00,120.0,93.06079187888793,8.358632234749875,26.836192480135416
2025-05-19 20:00:00,117.93447992899691,91.23932915396198,6.727604196061879,34.00705742145851
2025-05-19 21:00:00,113.78302923504253,91.31462719977567,0.0,38.4345404546768
2025-05-19 22:00:00,66.15329329559842,48.11370423051949,0.0,40.83359884462111
2025-05-19 23:00:00,82.67973962844522,55.98235549835907,0.0,35.49693211869867
2025-05-20 00:00:00,32.420469570937115,20.754660029338595,0.0,41.66634380970542
2025-05-20 01:00:00,33.96526506342837,32.70765726185935,0.0,39.30037060439465
2025-05-20 02:00:00,29.79364214636687,20.996937203959124,0.0,45.080206385010264
2025-05-20 03:00:00,39.06860725579296,31.013988393807857,0.0,41.493953766242534
2025-05-20 04:00:00,31.284061132300984,21.094928251421543,0.0,39.11634261859149
2025-05-20 05:00:00,32.59039687433567,35.7272795416942,0.0,35.90191418731884
2025-05-20 06:00:00,100.40072321753702,56.00563545508537,4.254052430277953,39.26598493480379
2025-05-20 07:00:00,94.26467465755923,66.36479075116891,7.00505496074708,25.8876731673364
2025-05-20 08:00:00,98.24926111735029,57.910514810077686,10.49857710407081,24.63435322975591
2025-05-20 09:00:00,105.36282448292901,66.19332887450308,13.994984311654932,25.288681384904248
2025-05-20 10:00:00,75.27930578644911,52.94869418995204,20.812636633772655,30.841302068961504
2025-05-20 11:00:00,73.93960131355084,52.763010717983,23.079306227378808,24.621010100981888
2025-05-20 12:00:00,74.31905219021063,52.96778671722109,26.098717768339345,19.34393209035348
2025-05-20 13:00:00,58.75069289945815,42.79178532887229,28.480224028957743,32.88952622123759
2025-05-20 14:00:00,69.48448627024986,45.25836673979614,24.658091011987825,17.737809907875885
2025-05-20 15:00:00,56.84709374394939,40.78003473162763,27.60471584465726,19.65574530251359
2025-05-20 16:00:00,61.450968560190375,44.225523835243195,22.355067161194466,29.20054143451308
2025-05-20 17:00:00,61.01941587989532,45.06766153182545,19.646161275886815,30.416483787491835
2025-05-20 18:00:00,120.0,96.08580233978346,13.276332422654779,18.55369688702041
2025-05-20 19:00:00,120.0,100.43711924779534,9.303587578660826,31.320726102493005
2025-05-20 20:00:00,119.85591537980818,93.4908936147771,7.7796564130383965,29.387490995303402
2025-05-20 21:00:00,120.0,95.64624124333567,0.0,30.421425521664695
2025-05-20 22:00:00,74.830567390236,60.16665178791254,0.0,42.80598811302926
2025-05-20 23:00:00,63.1275235475555,39.372659138733724,0.0,40.753035753325335
2025-05-21 00:00:00,27.62227507726401,25.60100131633867,0.0,38.71953780093586
2025-05-21 01:00:00,32.049941680165134,33.2539295093318,0.0,33.59529324213986
2025-05-21 02:00:00,32.245534244718094,29.239235345160182,0.0,25.778319359689092
2025-05-21 03:00:00,29.375957389575404,18.9319090460181,0.0,52.71878844488589
2025-05-21 04:00:00,38.14584985959534,33.28148588547654,0.0,44.66465332054597
2025-05-21 05:00:00,34.78226118299263,25.45849655241017,0.0,32.03219387204
2025-05-21 06:00:00,98.0111499725299,68.67593922244612,0.33228243322730566,45.9046269214184
2025-05-21 07:00:00,93.32457670048744,60.97039817279524,0.4635510947845785,22.933503405054616
2025-05-21 08:00:00,98.77682354666914,68.20146776296298,0.6763463705972536,21.667794447195806
2025-05-21 09:00:00,87.15719403377693,55.82345977958872,1.0830394168004527,25.883136561841766
2025-05-21 10:00:00,72.56215317820171,48.25350419118392,1.154390385772222,19.01605937993094
2025-05-21 11:00:00,73.57978308646291,41.63215817811025,1.7411220991706744,21.337212149914883
2025-05-21 12:00:00,74.38407400627474,54.49224809599937,1.6181519032031386,24.052142469094203
2025-05-21 13:00:00,53.41608921169991,41.67024295548535,1.9510578993340946,23.833372082563614
2025-05-21 14:00:00,61.46622246246831,46.094837768949326,1.8074563617190442,31.789313971376853
2025-05-21 15:00:00,55.76810643296623,41.457186679961595,1.827938133117821,39.95934736723923
2025-05-21 16:00:00,56.79843290204117,37.35448687252127,1.471904030792973,22.09825502716064
2025-05-21 17:00:00,63.68523838355866,52.17769716161096,1.2591700026216808,15.89691806788924
2025-05-21 18:00:00,120.0,105.70229072416929,0.9968349637839152,13.60508672508214
2025-05-21 19:00:00,120.0,87.9183308921006,0.6686395964651113,33.697815140489034
2025-05-21 20:00:00,116.32307043611895,93.7631833892745,0.5292141666206367,29.209801848434108
2025-05-21 21:00:00,120.0,98.86919587655797,0.0,36.8345322272488
2025-05-21 22:00:00,77.52108778557415,61.966079493207396,0.0,36.175700713913024
2025-05-21 23:00:00,76.08994562325532,52.430589520231244,0.0,20.980825358333966
2025-05-22 00:00:00,47.08696974170748,37.458958406804385,0.0,21.486781888667984
2025-05-22 01:00:00,31.523942754694616,16.16541500827396,0.0,42.24296254312571
2025-05-22 02:00:00,35.87800347525746,20.9680174010919,0.0,40.6646834555472
2025-05-22 03:00:00,41.71309260600253,24.809147893505084,0.0,35.14580603798025
2025-05-22 04:00:00,41.43067838220401,20.555168184019237,0.0,23.037880302163295
2025-05-22 05:00:00,25.967611146260907,30.87154159294503,0.0,43.968284202997495
2025-05-22 06:00:00,98.8827888848084,52.55975624114502,4.85515582330363,51.83987798900794
2025-05-22 07:00:00,105.57824162130747,71.85069390905491,7.698362490251009,25.239868760310404
2025-05-22 08:00:00,111.90579163178444,78.43319599788136,10.502092862280625,18.599736295672553
2025-05-22 09:00:00,102.064979651867,65.85712035775708,12.398413274325636,23.862642561015523
2025-05-22 10:00:00,71.58053880960706,46.7395313462076,19.71864689111959,15.539786770013329
2025-05-22 11:00:00,68.69450944527298,48.98346610665855,28.816375272679878,29.841699071014432
2025-05-22 12:00:00,83.22026874013005,56.033071289434425,29.08847583956521,24.082664373505445
2025-05-22 13:00:00,63.68427349846361,51.77096720994834,29.09082725048571,15.362381371630141
2025-05-22 14:00:00,56.588635188383314,25.401242405228288,28.52295935689594,25.463461832057863
2025-05-22 15:00:00,59.49073271086568,36.995376635049055,27.41966856375803,30.72211498105542
2025-05-22 16:00:00,61.800775685096866,47.673078004515745,25.211585628725327,25.240627898457298
2025-05-22 17:00:00,62.85206630186423,45.63602877363267,18.13303750180201,25.63401992561133
2025-05-22 18:00:00,115.95171604104395,94.92609555341741,16.985475364597498,19.10519249948282
2025-05-22 19:00:00,117.23614311843528,91.53145109094476,12.06269565311869,40.41352324834031
2025-05-22 20:00:00,112.56179446932168,87.19652587019736,8.292320719553887,29.660780070894653
2025-05-22 21:00:00,120.0,96.00033130892412,0.0,16.315311266614966
2025-05-22 22:00:00,71.69864053077481,75.18029717168226,0.0,32.11408263443082
2025-05-22 23:00:00,75.33437105256606,61.45658751321477,0.0,44.082777402664874
2025-05-23 00:00:00,41.11195318947323,164.66553182611153,0.0,42.9807502684701
2025-05-23 01:00:00,35.70120554156252,176.38957027743834,0.0,68.25853413179064
2025-05-23 02:00:00,34.20342275910896,152.67225347502833,0.0,52.686589572541
2025-05-23 03:00:00,35.58443654685747,199.5943530968584,0.0,51.61346237005259
2025-05-23 04:00:00,34.996161118205784,171.20250675820705,0.0,46.056213077538025
2025-05-23 05:00:00,40.31953239133052,196.36832920185532,0.0,46.77130051395141
2025-05-23 06:00:00,100.21354585793729,186.2135730330002,7.087314245700461,44.449963880961086
2025-05-23 07:00:00,96.36496848090762,164.4971458431967,10.62168556363026,26.392715027845444
2025-05-23 08:00:00,103.5300938250166,161.10263090873013,16.26083927315816,32.339263866712145
2025-05-23 09:00:00,104.35195267262532,199.7837716881178,22.089185215580958,21.870639515004427
2025-05-23 10:00:00,67.15109198106744,188.60631775270178,26.313905299037494,20.87093654805457
2025-05-23 11:00:00,80.07110728321601,162.48307370746704,31.16685698361245,20.533321992242904
2025-05-23 12:00:00,74.81478278119772,153.37225240886303,37.31685497206526,43.151125528721074
2025-05-23 13:00:00,61.62769794379265,184.84582726506892,44.285336849087,37.7247755908894
2025-05-23 14:00:00,64.88279401031727,165.15082284055381,35.496599122116955,35.84408638940697
2025-05-23 15:00:00,57.801589408613694,161.06654063138586,32.669572640316424,24.50247170070309
2025-05-23 16:00:00,64.64672348199211,186.7468707574668,33.09639526990294,38.499194113652685
2025-05-23 17:00:00,58.6574935543126,183.9630661327174,27.191172187032837,32.33783350577172
2025-05-23 18:00:00,113.36272194130348,174.07063373800955,21.383116844221092,35.09195243204821
2025-05-23 19:00:00,115.5100967440188,197.13279663851864,15.731386746110415,32.3692584257769
2025-05-23 20:00:00,120.0,183.98191830287456,10.415677168471122,44.54115322433441
2025-05-23 21:00:00,115.74539247002404,194.67097803099546,0.0,38.28756837348863
2025-05-23 22:00:00,80.41892235611296,159.52764711748597,0.0,34.62838916887243
2025-05-23 23:00:00,78.52535534223793,164.83229550404442,0.0,50.6848386270816
2025-05-24 00:00:00,36.00047624714834,29.55257273083268,0.0,24.74898597248336
2025-05-24 01:00:00,30.561503608548353,20.739467121177395,0.0,45.881469357862954
2025-05-24 02:00:00,31.16037727782732,22.332948105853816,0.0,47.084696937767376
2025-05-24 03:00:00,24.62829665590075,35.04911443621311,0.0,31.36331876877215
2025-05-24 04:00:00,34.4810257957087,17.42000733313195,0.0,31.959507724205857
2025-05-24 05:00:00,31.709250547666883,30.170620334527054,0.0,37.963116138934765
2025-05-24 06:00:00,85.9091113509809,54.9192717135023,6.067048228237818,43.03959313745263
2025-05-24 07:00:00,90.9536391887037,58.662359300856245,7.320795690255261,23.201049372988503
2025-05-24 08:00:00,80.62940260940194,48.91512938214654,11.406568784081788,26.737568071458824
2025-05-24 09:00:00,82.7885990627178,60.42942214650019,16.559718142457637,34.754909203981775
2025-05-24 10:00:00,63.04969617481405,44.56699749627352,18.62177906677091,21.060977813681802
2025-05-24 11:00:00,57.37021770331012,40.68118699464516,25.49798847145438,13.779106894933857
2025-05-24 12:00:00,60.73548233212852,43.5806722586488,33.200471547811816,29.10378763522735
2025-05-24 13:00:00,52.90967167032995,36.95691795601112,31.247436470368587,39.98688345878554
2025-05-24 14:00:00,49.22700180205085,24.49901616935115,31.771054561237182,30.906808737768745
2025-05-24 15:00:00,56.581849867009595,38.70001231381894,26.350924413136067,20.490129970031
2025-05-24 16:00:00,43.892236995052116,39.63333674091111,24.586603384960767,27.27166731215602
2025-05-24 17:00:00,55.743868104278626,32.5244325831426,20.79666029980896,20.27360338526616
2025-05-24 18:00:00,108.10812968312918,77.61728938415553,16.27323950163382,32.66638139993852
2025-05-24 19:00:00,102.5730664024525,78.82695631178393,13.46881102109856,23.96043378048357
2025-05-24 20:00:00,100.97295648942217,75.58236200506327,8.77069880412698,33.469323813314645
2025-05-24 21:00:00,95.77152326886613,77.51244977676124,0.0,27.098993870414933
2025-05-24 22:00:00,58.00138947201204,45.12260621130963,0.0,37.33157824949101
2025-05-24 23:00:00,66.29197197538778,45.643722387545594,0.0,32.87035683887062
2025-05-25 00:00:00,29.747614231745967,24.165321368026085,0.0,42.44519070629851
2025-05-25 01:00:00,35.23341396176329,31.057787917197736,0.0,40.876026015528915
2025-05-25 02:00:00,27.210580182189517,32.6314016194863,0.0,30.62224495185463
2025-05-25 03:00:00,33.18197772047953,24.200544360548665,0.0,47.019359609507674
2025-05-25 04:00:00,26.7712562906201,35.91916181454943,0.0,40.15332721542536
2025-05-25 05:00:00,25.654912472055724,24.06037800900905,0.0,30.603241795396784
2025-05-25 06:00:00,82.7971996317635,59.73658056125882,5.105026954974953,63.42169156725983
2025-05-25 07:00:00,80.28692280809157,67.11663137456313,8.849624818132835,27.294290756260207
2025-05-25 08:00:00,76.3365724383641,54.13937330648962,13.13040489481235,23.454855992111725
2025-05-25 09:00:00,82.45885595580508,47.445863760789166,18.833468842317476,33.01831176890916
2025-05-25 10:00:00,62.00091345571445,44.284846650254984,24.963424078370007,35.619502114112464
2025-05-25 11:00:00,67.22956783350597,43.80897651512841,24.560798144930075,23.5030928022516
2025-05-25 12:00:00,65.73757962887242,44.5520529780814,28.32595109353509,26.507535381660183
2025-05-25 13:00:00,56.13303946469245,53.06645059378856,29.000477052044353,21.426012338133653
2025-05-25 14:00:00,53.884903810915496,31.996279378209863,31.640804012938204,27.407162314727543
2025-05-25 15:00:00,52.140052483419595,40.20555183309701,31.420990335951156,27.03818353695085
2025-05-25 16:00:00,45.113042989021196,29.222337125497482,28.843048964266103,29.76900383282641
2025-05-25 17:00:00,51.317719958853445,36.4740325912371,22.026625984831952,30.82133676230813
2025-05-25 18:00:00,107.72216213427808,88.34349324167015,16.817596458632586,32.436597613144194
2025-05-25 19:00:00,111.59506090845639,88.18265868601918,12.780417835894811,38.757485253145106
2025-05-25 20:00:00,108.12488857408258,84.04432850700995,8.09866003834869,25.510551569262446
2025-05-25 21:00:00,110.61831559201381,83.60667906939058,0.0,28.000783837885614
2025-05-25 22:00:00,56.87796357063008,53.28818670054552,0.0,31.58656040995268
2025-05-25 23:00:00,60.05307476410723,54.67543079045588,0.0,34.00263238785879
2025-05-26 00:00:00,36.54201415132769,21.749222801366148,0.0,51.89454364259926
2025-05-26 01:00:00,39.8342230481935,41.638119593488575,0.0,29.1495873892469
2025-05-26 02:00:00,33.95640703357683,33.92962815984926,0.0,37.42600102150112
2025-05-26 03:00:00,34.238929123680784,34.28218163204333,0.0,50.890052254394405
2025-05-26 04:00:00,37.702067316865374,30.42059744642987,0.0,38.0171749596737
2025-05-26 05:00:00,29.543517217698913,31.27704697281121,0.0,45.82886133746926
2025-05-26 06:00:00,105.77648298047734,62.950405990408186,6.755233346442955,39.66455288085568
2025-05-26 07:00:00,94.58705008728732,59.6032121326672,7.811308291138917,26.241975406548008
2025-05-26 08:00:00,89.90951010025505,65.4455354483506,13.23563099690501,23.25049803279675
2025-05-26 09:00:00,98.58846404462352,66.58078520545833,20.713550711875524,28.771259881589067
2025-05-26 10:00:00,80.61293604039398,54.69218931725034,22.903397295231283,15.13409668449759
2025-05-26 11:00:00,75.60891096620517,37.0152163449808,27.19196535451007,22.4192473678197
2025-05-26 12:00:00,76.34977932322028,49.34498159956476,30.393505753067245,26.48726695686145
2025-05-26 13:00:00,60.36946249680196,35.465419533052994,32.82547643060438,32.607244486772984
2025-05-26 14:00:00,59.49752782869965,44.2506889678379,36.96406970639681,39.50641569990024
2025-05-26 15:00:00,53.23113440325093,38.31195665765174,25.75179565375529,25.956473604175166
2025-05-26 16:00:00,50.01598840585111,32.65628737277018,30.999013245897,39.40953056965751
2025-05-26 17:00:00,61.06645208940383,60.162452486423575,20.283286927853112,24.02896995701255
2025-05-26 18:00:00,120.0,101.70494411671302,17.44718656850557,38.32469251240779
2025-05-26 19:00:00,120.0,98.79622178819537,12.594981009904695,44.54767117040995
2025-05-26 20:00:00,120.0,108.04985751059141,9.386296637454228,28.54160259576645
2025-05-26 21:00:00,120.0,102.37808845929969,0.0,39.82768592146961
2025-05-26 22:00:00,74.44932271118869,58.085983732792876,0.0,36.51467522286309
2025-05-26 23:00:00,72.41792392831964,45.38658109168203,0.0,42.77331137517689
2025-05-27 00:00:00,30.889877123843426,30.88034840779135,0.0,39.23344511092961
2025-05-27 01:00:00,43.67319528264311,19.178806022329624,0.0,38.36109900568111
2025-05-27 02:00:00,36.94270375546028,26.65815740337056,0.0,55.77527813836982
2025-05-27 03:00:00,30.32703102763173,11.705131021364688,0.0,40.52730378520815
2025-05-27 04:00:00,29.302984244163152,24.584787941393113,0.0,50.13788514906541
2025-05-27 05:00:00,40.212025520448826,34.87772394191611,0.0,39.21183870966711
2025-05-27 06:00:00,93.77681569754577,62.836257027405416,5.2105230265480955,58.86648382291247
2025-05-27 07:00:00,106.78755704014324,76.26847251989581,9.595370171309236,20.703693005467834
2025-05-27 08:00:00,86.04122074447504,70.47313950203731,15.643713747703305,21.103791341754594
2025-05-27 09:00:00,104.84698172143814,67.3318035704956,16.395430398041615,34.43390436959477
2025-05-27 10:00:00,75.08750414876627,68.81811997242654,23.98758762512874,22.158384523291318
2025-05-27 11:00:00,73.43015240229337,51.27697233063493,26.992568550115273,34.91107923145271
2025-05-27 12:00:00,72.1069145408495,54.82853014212925,33.39737981134796,30.49047820592467
2025-05-27 13:00:00,68.63034890078767,43.6352591097465,34.432630709752885,27.962412506424137
2025-05-27 14:00:00,63.30382944491995,54.9835581237853,32.615622827317914,15.90117552366339
2025-05-27 15:00:00,56.057648342085,46.55979632680982,33.55753432780196,28.946508156262404
2025-05-27 16:00:00,52.38696977998457,47.10309932296088,32.616194933744765,29.826013952833282
2025-05-27 17:00:00,60.91990204127742,43.44856248932075,23.26811353880883,37.574697425014335
2025-05-27 18:00:00,119.99517989908163,83.6563087611691,19.461884500021203,40.637771148965236
2025-05-27 19:00:00,113.1605938318102,90.75767782527028,12.070441517896773,30.993342236548465
2025-05-27 20:00:00,119.7507291353295,81.37703299753827,8.545231491193485,44.88811283472673
2025-05-27 21:00:00,117.4172941511661,88.69679364825555,0.0,44.55359538487653
2025-05-27 22:00:00,72.93828280591757,61.977340042562886,0.0,47.43330559802911
2025-05-27 23:00:00,76.16313375095524,67.10553123625948,0.0,42.059999040037226
2025-05-28 00:00:00,41.25193117293364,33.24064784973767,0.0,21.610156806346634
2025-05-28 01:00:00,38.62518707300727,29.727018909496287,0.0,40.3799906917597
2025-05-28 02:00:00,31.288703035109553,25.47372335013466,0.0,29.873893720139353
2025-05-28 03:00:00,36.195304489076854,19.65204166091239,0.0,39.88441925059882
2025-05-28 04:00:00,34.819168456059586,26.78620969346654,0.0,52.305492910688294
2025-05-28 05:00:00,28.540606113506424,24.904249731782354,0.0,45.21743875063801
2025-05-28 06:00:00,100.13587795603651,59.12160242938687,6.3959246533542835,54.07092394864588
2025-05-28 07:00:00,106.69885594555099,62.95400776435758,10.678780303127295,27.361130812547685
2025-05-28 08:00:00,98.48975014376279,63.07315396223688,14.283671897067338,17.025575084973397
2025-05-28 09:00:00,91.17000836615698,62.51764326029963,18.50797194523365,9.321416939789092
2025-05-28 10:00:00,72.95658183867974,47.751508644861595,24.37379213462229,26.145217190453668
2025-05-28 11:00:00,67.35866792331133,41.094881752298036,26.460905830122382,23.85931011103132
2025-05-28 12:00:00,76.70659759967926,54.085141438207536,34.928159253918395,19.050868517349873
2025-05-28 13:00:00,62.420536478338875,47.58631316290924,37.969071329956506,16.90538272112611
2025-05-28 14:00:00,59.28954877493945,43.12044435361081,34.18297388049855,24.00672776983591
2025-05-28 15:00:00,58.5684048192246,38.49058403556138,32.064084265361686,27.978751112498525
2025-05-28 16:00:00,59.103589658305836,45.44892067802105,30.027461767983954,34.30433379181878
2025-05-28 17:00:00,60.09587924011623,41.955435955771364,23.523564342844377,30.79553391279213
2025-05-28 18:00:00,116.52494240396307,81.73963727311288,18.88297074980982,41.23147198508503
2025-05-28 19:00:00,113.75511113549354,94.51473956261022,16.221523638513744,28.021817916409447
2025-05-28 20:00:00,120.0,97.09742885132428,9.356817430189567,46.139633874292976
2025-05-28 21:00:00,118.26569560576368,91.06739341983065,0.0,38.258272706300374
2025-05-28 22:00:00,73.5720667874521,52.07151288084898,0.0,44.37773018888427
2025-05-28 23:00:00,74.10414159894468,47.78748032182533,0.0,33.68488337499002
2025-05-29 00:00:00,21.93610878496296,38.85239919251593,0.0,53.85727098186281
2025-05-29 01:00:00,17.828209960219578,15.213232378333247,0.0,45.61192083970951
2025-05-29 02:00:00,16.44954755533701,23.37620280225758,0.0,35.26169199820444
2025-05-29 03:00:00,19.435092172289906,25.284371572949663,0.0,42.349179504625724
2025-05-29 04:00:00,22.138480494033463,29.66512859535969,0.0,39.932969782561464
2025-05-29 05:00:00,19.052661125326942,15.766688921624903,0.0,47.67155599175528
2025-05-29 06:00:00,58.97755454838718,65.66017741028641,6.171539193125182,29.94856076108943
2025-05-29 07:00:00,65.79426886348384,60.80336778936261,9.330989431767359,25.2991039167691
2025-05-29 08:00:00,54.884309394610504,61.003075309422016,15.170684034141976,28.00483109777161
2025-05-29 09:00:00,57.878757934817166,59.10955674338471,19.28698194079124,25.696528146749824
2025-05-29 10:00:00,49.60054430990666,49.432148325417494,23.823834838918643,34.06819542560186
2025-05-29 11:00:00,44.26957804550163,54.38048688646464,33.51579905559726,30.417828324558656
2025-05-29 12:00:00,42.45326643058626,46.320926185229645,38.248483167553665,25.438455041906387
2025-05-29 13:00:00,39.82165503484838,48.01687531876923,34.806653977455674,31.344553567990378
2025-05-29 14:00:00,36.76363541136391,45.63948339620883,31.103221744133123,31.931621202165893
2025-05-29 15:00:00,35.655429734399384,48.75519517993863,37.11613828596257,32.731713704153165
2025-05-29 16:00:00,37.14024762781547,36.906517874597036,28.651534732370667,16.16286566407446
2025-05-29 17:00:00,34.80465020322357,46.91751386239098,26.71872722044645,27.49242461599944
2025-05-29 18:00:00,70.43823244008716,90.23145579722346,16.4862093735537,18.69929998570364
2025-05-29 19:00:00,72.92052295046233,88.12752071069636,15.340676354815749,50.44608644745709
2025-05-29 20:00:00,70.45606666331652,82.34871505860355,8.887264877677516,37.64762194765678
2025-05-29 21:00:00,73.23248489874565,96.76111611977139,0.0,36.38136231094027
2025-05-29 22:00:00,45.365333489525696,56.28024869279612,0.0,46.800135117158206
2025-05-29 23:00:00,46.734745865710785,56.16711568284988,0.0,42.26546128399352
2025-05-30 00:00:00,39.53072421744175,41.48263879208756,0.0,30.828465907268473
2025-05-30 01:00:00,32.6292475252709,31.663398394711677,0.0,42.18479350132899
2025-05-30 02:00:00,36.70242751834184,36.33896706513968,0.0,39.3475440822523
2025-05-30 03:00:00,36.67141729054463,24.56872824944268,0.0,24.21586220799075
2025-05-30 04:00:00,35.93024600378796,32.409426841727225,0.0,35.53490728264542
2025-05-30 05:00:00,32.29749443333896,18.82492830887854,0.0,40.97548628287663
2025-05-30 06:00:00,93.50385959755425,60.63629759121254,6.9290074022422425,41.71189747747296
2025-05-30 07:00:00,100.38917325444227,77.79473326848765,10.150689926853453,16.21923989257146
2025-05-30 08:00:00,90.44928322377402,56.81501089490896,13.626496119506168,33.186568743259265
2025-05-30 09:00:00,96.92488730708534,70.87414091842682,19.507433692668755,25.109903332218522
2025-05-30 10:00:00,61.16878399481337,49.85505472795442,27.312696012321993,26.009555661780794
2025-05-30 11:00:00,66.64631266011988,52.817924918477715,31.495237888092948,28.348539688949025
2025-05-30 12:00:00,68.71302084221864,40.05625873783643,37.04352271296519,20.6909253870624
2025-05-30 13:00:00,64.86036190535849,47.376752663534646,43.62779200959483,33.49202085678406
2025-05-30 14:00:00,63.02158908084592,43.388357214958496,32.95720309464597,27.303476755508186
2025-05-30 15:00:00,57.43239689373662,47.55177461990556,39.96750067772044,23.323904649121374
2025-05-30 16:00:00,63.20726704911059,34.127584399038,31.49139397882134,34.37202946944758
2025-05-30 17:00:00,63.91940630623849,46.69734160403681,24.029488268143957,41.27301690586224
2025-05-30 18:00:00,119.27700818231375,92.594030787125,18.018074142297973,35.50974941759246
2025-05-30 19:00:00,113.77029835103839,74.93822945380009,14.529124635341047,47.57007149047424
2025-05-30 20:00:00,119.06439460470249,86.50315139347155,10.886689770500364,33.62067947650256
2025-05-30 21:00:00,119.55948417672539,82.86829925543339,0.0,23.213878129363657
2025-05-30 22:00:00,67.11407880649604,52.140550429990235,0.0,53.050462035037654
2025-05-30 23:00:00,74.31183413341691,54.01272381838522,0.0,58.503964789225975
2025-05-31 00:00:00,39.71453512783444,25.1917497157771,0.0,60.167006838247396
2025-05-31 01:00:00,40.65919596593391,26.63125031411513,0.0,39.77493740346802
2025-05-31 02:00:00,39.7094539091496,19.535906609237255,0.0,30.88636176335337
2025-05-31 03:00:00,42.28746169559855,33.45373402327384,0.0,31.8519292466344
2025-05-31 04:00:00,37.08953212462923,25.378500980161284,0.0,25.143015827844582
2025-05-31 05:00:00,39.2684391710754,25.120981830338756,0.0,42.254292246515675
2025-05-31 06:00:00,102.86292215337355,59.45374076928376,6.672034011997217,60.84947172126958
2025-05-31 07:00:00,101.79518054614103,49.442350042410396,11.702544047686555,25.129284164585
2025-05-31 08:00:00,112.78795571577751,61.26083357710009,13.42711929911859,28.020954213009983
2025-05-31 09:00:00,93.45221812511154,53.021529863695406,20.743097185593253,35.01116952243872
2025-05-31 10:00:00,82.6742088878689,43.05071271850288,23.989298149327325,23.420064684902115
2025-05-31 11:00:00,74.11381276707368,44.82883643686882,33.09415103879092,39.30931139227852
2025-05-31 12:00:00,73.37344840237347,43.07699551140657,39.026001922616906,39.026406646262515
2025-05-31 13:00:00,65.41942125437014,36.873744150666035,37.48499026239644,29.397671979209296
2025-05-31 14:00:00,55.40750208610383,32.98779468904506,30.70917560256737,26.005536440568324
2025-05-31 15:00:00,59.258543479205436,37.539442380241454,37.02049328947783,35.69186797144694
2025-05-31 16:00:00,59.06920878825719,39.82464935295254,33.282231914510696,27.753257602262796
2025-05-31 17:00:00,62.6581434322912,37.83436875174793,27.522742083275546,21.605857479273936
2025-05-31 18:00:00,120.0,84.85879428863625,22.815878791510443,40.129384733247434
2025-05-31 19:00:00,120.0,89.15212266904457,13.889063795538872,50.961946643393766
2025-05-31 20:00:00,120.0,76.11750306145647,11.008518591075111,40.597162188104626
2025-05-31 21:00:00,120.0,68.95110120943198,0.0,26.74037137161062
2025-05-31 22:00:00,80.77359231375931,63.3125087518597,0.0,27.06607100202757
2025-05-31 23:00:00,82.57074695797972,45.28383435398943,0.0,40.125469368120946
2025-06-01 00:00:00,32.44343341075997,26.902032982438925,0.0,38.4123109954318
2025-06-01 01:00:00,27.038489281087376,31.426453432697052,0.0,40.15482788763033
2025-06-01 02:00:00,28.901569970286562,23.65470807722262,0.0,55.11374364243896
2025-06-01 03:00:00,26.63276405350037,24.10693725365167,0.0,51.9444733980738
2025-06-01 04:00:00,28.10881185978527,18.24626556320868,0.0,59.02265066734911
2025-06-01 05:00:00,24.55515737099771,27.23837520285334,0.0,33.02653067519637
2025-06-01 06:00:00,82.13800622201727,59.302580923929206,7.598974718025458,40.131796313527886
2025-06-01 07:00:00,75.89194821849992,49.32475073680029,9.215689836778166,31.336585601793132
2025-06-01 08:00:00,81.75395042534612,50.19858053113934,16.032915676086787,29.28937252051272
2025-06-01 09:00:00,77.0359383184238,68.09312492642982,20.506108475980426,36.42920324867451
2025-06-01 10:00:00,61.98409056759087,43.45374844280323,27.258080706765877,29.10801842809747
2025-06-01 11:00:00,57.996028915286544,36.616257246684626,34.01588165062069,38.50819004499476
2025-06-01 12:00:00,62.36102850496497,47.82220342662298,36.04019763515537,29.894768583178365
2025-06-01 13:00:00,55.119960727249484,38.54069418236015,37.76265302772634,38.888477126773594
2025-06-01 14:00:00,57.40535866207915,34.15906025415995,40.02969919104273,28.24341675362835
2025-06-01 15:00:00,38.87682679901576,33.49132354783971,34.24005144192229,30.838473447576746
2025-06-01 16:00:00,46.49897402717594,29.51755381827732,30.220501119623457,37.726754615859306
2025-06-01 17:00:00,48.8889601026039,45.149406611878554,28.92821810233537,43.119903768525916
2025-06-01 18:00:00,106.32717008193259,85.39300575412751,19.404180586994052,36.33084540061387
2025-06-01 19:00:00,96.82909963052055,74.47918475633934,16.466467339252596,38.686854954720616
2025-06-01 20:00:00,99.83627906861496,78.07323953820352,11.142116001214733,53.11240836135762
2025-06-01 21:00:00,104.84230231117292,89.8859581394468,0.0,17.85798493238692
2025-06-01 22:00:00,61.435414026399556,56.03584498426824,0.0,25.460815267036526
2025-06-01 23:00:00,62.75269976841997,57.845873681898055,0.0,46.240910659381555
2025-06-02 00:00:00,36.32154675535502,34.303739835017105,0.0,44.53731068389254
2025-06-02 01:00:00,35.84868093337988,29.7840406446191,0.0,51.099067123959514
2025-06-02 02:00:00,35.19645490920021,21.270588832307922,0.0,45.09538968735466
2025-06-02 03:00:00,34.57583496432715,25.363657122203318,0.0,50.7155289424719
2025-06-02 04:00:00,37.31643988811813,31.410780654612072,0.0,35.34481849602847
2025-06-02 05:00:00,24.248053984819485,19.02020573564542,0.0,50.71042949676248
2025-06-02 06:00:00,104.73284998299322,75.17453412042015,6.15015902241742,55.413997776222736
2025-06-02 07:00:00,87.8631800626612,53.28752543609838,10.452312052261735,34.75381283508228
2025-06-02 08:00:00,92.92712111555244,57.29291620675054,17.61568935923041,40.03293067831722
2025-06-02 09:00:00,96.762925706697,60.482948985810324,20.253095611916866,28.253457182864018
2025-06-02 10:00:00,75.42676997862128,55.99176928231983,27.172155292077413,28.451923418617724
2025-06-02 11:00:00,58.921310960118724,37.785283684939955,35.29886723785532,16.488529110331754
2025-06-02 12:00:00,72.27345251097874,38.41331018816277,40.99042885611624,23.090797908550137
2025-06-02 13:00:00,63.27412098463496,50.36042707702958,40.23448572648104,29.56694487525413
2025-06-02 14:00:00,64.1836748293923,41.1031453732606,39.09801825109545,39.22399240209742
2025-06-02 15:00:00,56.570359844025596,33.73137608001081,42.96221743429801,26.321119838745428
2025-06-02 16:00:00,58.354584515966515,36.1548997746261,38.7760120080286,37.25142588407233
2025-06-02 17:00:00,56.93567672724733,51.16587579074286,30.430535562835935,31.05394772967384
2025-06-02 18:00:00,118.23296405913263,86.73421041246387,22.12825024413955,29.69054279736579
2025-06-02 19:00:00,115.35678052172204,87.56687437815494,15.039894384983313,42.428072332496114
2025-06-02 20:00:00,115.99836526888087,86.94242231953925,10.317149807715758,36.03673793393312
2025-06-02 21:00:00,120.0,87.0544777585633,0.0,35.65847183649078
2025-06-02 22:00:00,72.99228114844433,58.371668516519534,0.0,22.91926094535296
2025-06-02 23:00:00,74.61215125287413,44.48009748868955,0.0,37.46670814635651
2025-06-03 00:00:00,35.24213810650365,32.98732763479302,0.0,39.48381787571821
2025-06-03 01:00:00,37.448597058014066,28.98478097496387,0.0,39.07986569541228
2025-06-03 02:00:00,38.23103634454736,43.0389694027738,0.0,49.5435890424301
2025-06-03 03:00:00,26.441348563452415,19.611213302798745,0.0,52.255372454295326
2025-06-03 04:00:00,30.434679925985254,19.21585431223818,0.0,47.47206956467885
2025-06-03 05:00:00,33.23788154414471,34.45951735847625,0.0,56.03303372880126
2025-06-03 06:00:00,97.55881340957333,69.94951409559665,7.641748282514223,51.32358491611246
2025-06-03 07:00:00,94.64545469208521,65.77767051326342,11.741143479616937,24.93477321486721
2025-06-03 08:00:00,101.76496879371373,60.37468462034163,18.383445089392296,23.80545586182
2025-06-03 09:00:00,106.57062993157406,79.489525532823,23.769486579317167,29.02587728696923
2025-06-03 10:00:00,73.14587550581757,49.783671242974535,25.522537928945322,30.782071595585087
2025-06-03 11:00:00,72.68768135059172,46.180186252933204,37.93889991236824,36.32822265067814
2025-06-03 12:00:00,76.13069985366926,57.72428981433743,36.48723079918752,34.93729708897329
2025-06-03 13:00:00,51.23551002300101,37.12574172191659,40.914149642685935,27.155747140737972
2025-06-03 14:00:00,59.75989915338932,34.62845535406108,43.0556588236851,30.606362770106887
2025-06-03 15:00:00,64.0374501360203,43.640833445417535,45.98413781801497,36.67601225576348
2025-06-03 16:00:00,56.737595934011466,34.59991030696571,43.700223351071074,39.79302935317009
2025-06-03 17:00:00,54.112266311857624,20.72638589107283,30.419139684589826,38.77992170664558
2025-06-03 18:00:00,119.163874754551,85.89884939664024,22.26266710350694,30.90574064848833
2025-06-03 19:00:00,119.72691555059136,89.05489012276865,17.236803181599342,27.721198723631517
2025-06-03 20:00:00,115.91106473138043,82.9430538027961,12.16763723514042,30.29634646109986
2025-06-03 21:00:00,120.0,102.28931481127495,0.0,43.13310261952672
2025-06-03 22:00:00,70.15401299116401,54.59780355868855,0.0,43.83564864310111
2025-06-03 23:00:00,67.11667962428021,51.53830673019347,0.0,29.289420657867538
2025-06-04 00:00:00,33.810576803739096,18.75354179800388,0.0,45.863803094262956
2025-06-04 01:00:00,38.31724560922706,33.46296232257676,0.0,52.51623347553344
2025-06-04 02:00:00,34.31023686004889,19.55798619349931,0.0,32.30395127543637
2025-06-04 03:00:00,36.41704537975486,12.686022541137376,0.0,57.88862820656023
2025-06-04 04:00:00,30.310075065057642,32.11397209377276,0.0,41.07734916225713
2025-06-04 05:00:00,40.92647074837266,23.750718653023714,0.0,59.619231646259834
2025-06-04 06:00:00,100.06269359778462,76.3551226438682,7.3432916002774595,39.30926396118481
2025-06-04 07:00:00,102.24965103210087,71.28761135090352,13.34939883119995,20.230127281480872
2025-06-04 08:00:00,99.17821681828988,70.41427913697167,17.29666507182966,24.097986680323707
2025-06-04 09:00:00,101.24697214193115,72.4740512946693,24.138847576235893,26.567675895097544
2025-06-04 10:00:00,68.28500896056617,48.21433473037427,31.39594477316205,24.571916771691583
2025-06-04 11:00:00,70.00239860401066,48.773664656951446,37.16792042187498,25.74541902941073
2025-06-04 12:00:00,78.27290815911583,59.642031827422564,43.4770997120304,29.487259713417522
2025-06-04 13:00:00,66.5719599953726,46.211187080686045,41.22868458759685,30.39210710971296
2025-06-04 14:00:00,54.39132603385891,34.33772071332613,41.433223997452615,31.22609937311826
2025-06-04 15:00:00,60.67693353798191,46.86793811253794,37.15679150809677,18.183520034950128
2025-06-04 16:00:00,57.61387413041123,27.853879313954682,37.219450407381224,34.860070342079894
2025-06-04 17:00:00,56.416479620452876,48.412624943245405,31.665437923625944,31.042810238552942
2025-06-04 18:00:00,120.0,99.40934967064496,24.064616603019108,44.53293628713008
2025-06-04 19:00:00,120.0,102.57245408053497,19.25923687468719,31.233697191559525
2025-06-04 20:00:00,120.0,101.59078017873077,11.667738080262808,22.367749612086932
2025-06-04 21:00:00,118.56219397536434,90.76598300848461,0.0,47.130346121394254
2025-06-04 22:00:00,74.53062078882192,61.4982589002471,0.0,44.359091483450555
2025-06-04 23:00:00,70.59385269799964,43.13890940582428,0.0,30.530856649922377
2025-06-05 00:00:00,36.037932484327506,38.80818267945635,0.0,28.31718454956144
2025-06-05 01:00:00,40.467513783090595,25.515043408963194,0.0,63.47674074040718
2025-06-05 02:00:00,24.83619966418607,25.31550337969902,0.0,62.0634746468711
2025-06-05 03:00:00,37.771053474469944,31.369475844520657,0.0,17.338709840716337
2025-06-05 04:00:00,27.257670983972687,16.52146160050706,0.0,40.60038849780001
2025-06-05 05:00:00,39.71089282848987,17.491582391048482,0.0,64.93023130762037
2025-06-05 06:00:00,94.53916643834492,62.65196616752196,8.153801401343438,40.395888950096136
2025-06-05 07:00:00,91.92626048354362,59.342404859644475,10.940586072287196,24.137461144206505
2025-06-05 08:00:00,100.53449320467216,65.81796278815561,16.901617174895257,25.567067043138376
2025-06-05 09:00:00,99.04454696691364,71.75264448441855,25.16658209140411,19.802382084888762
2025-06-05 10:00:00,67.62049519875211,49.01813491978565,32.69059455246188,15.78648185535295
2025-06-05 11:00:00,66.4783373548218,50.096405085154345,36.05583197256034,34.75126504246532
2025-06-05 12:00:00,71.2731695683688,51.83903138834388,41.600929875751326,14.83621363129925
2025-06-05 13:00:00,54.05397227596261,36.584508076185095,39.130700909021755,34.081369522971976
2025-06-05 14:00:00,54.695735173576665,32.21048028162692,43.26693643196919,39.21136740939014
2025-06-05 15:00:00,59.99265710862944,43.89935841274422,44.8209228430543,20.452118334573136
2025-06-05 16:00:00,55.12594119758506,40.24195227255708,38.623309722834115,24.680585243166625
2025-06-05 17:00:00,61.39179035685243,48.01952757262224,31.837309242524235,41.83210051733972
2025-06-05 18:00:00,120.0,94.74037038508315,23.934978288088043,36.373271514815826
2025-06-05 19:00:00,119.33150063294738,89.58221121944217,17.451608475019974,34.899307339516845
2025-06-05 20:00:00,120.0,89.81140542002795,11.354280268730774,53.67136302175917
2025-06-05 21:00:00,120.0,92.24468327525446,0.0,53.71558891524148
2025-06-05 22:00:00,66.77263123388151,65.6730575797609,0.0,44.04361973020255
2025-06-05 23:00:00,77.47739464039292,61.08204261989668,0.0,31.98090395357596
2025-06-06 00:00:00,38.95258307605112,21.704476552700655,0.0,41.56060019294386
2025-06-06 01:00:00,37.978151911726975,32.83255137686941,0.0,49.670223847156244
2025-06-06 02:00:00,39.94658921374179,18.25329314996531,0.0,44.16618455518985
2025-06-06 03:00:00,35.39631123225874,32.17596230138125,0.0,57.23214522357093
2025-06-06 04:00:00,31.510541155248248,21.859683914584608,0.0,28.62473260655774
2025-06-06 05:00:00,39.0593036959375,31.946881673338908,0.0,29.0362253449892
2025-06-06 06:00:00,102.37105364722788,54.84001426454864,8.388508521606946,48.447519178312064
2025-06-06 07:00:00,102.24717625123965,60.470944900648675,12.718866817894737,24.393380915023258
2025-06-06 08:00:00,97.47352306495642,67.49358494955652,18.607596301361088,23.451255382374693
2025-06-06 09:00:00,94.05038838325989,58.78085212236123,23.440595955918912,15.51812223137807
2025-06-06 10:00:00,72.87857791439215,45.18467483158728,26.007843005743787,27.946858806883753
2025-06-06 11:00:00,76.25748284994516,59.49568916888629,41.22706993593508,27.444169051002437
2025-06-06 12:00:00,76.62703082525975,64.25925349726158,41.30168542217691,32.354431343956016
2025-06-06 13:00:00,57.45599723723924,45.83766338882549,42.561224367443245,33.00505609092148
2025-06-06 14:00:00,60.808717841648175,35.256439691760434,48.25296864368019,31.370499870825707
2025-06-06 15:00:00,53.500037438888114,48.06379954939532,41.59999361224043,41.99339842449034
2025-06-06 16:00:00,63.82181527260125,35.2270216811571,41.11422865381783,21.800003365481636
2025-06-06 17:00:00,55.864650403812135,37.89106274144863,32.97152199014918,36.79705938644329
2025-06-06 18:00:00,120.0,95.10850353213287,25.80855361623886,18.890560740086208
2025-06-06 19:00:00,114.82812940174428,100.18274391143285,15.946544086138191,32.973073656726214
2025-06-06 20:00:00,120.0,101.16484472178605,13.49746571834526,29.069507066983807
2025-06-06 21:00:00,120.0,90.19324679130992,0.0,49.87140762451602
2025-06-06 22:00:00,68.50133814061364,52.71507938597731,0.0,41.034271871916005
2025-06-06 23:00:00,75.12855148575227,58.31286570813323,0.0,41.57561560156335
2025-06-07 00:00:00,27.343372386876013,21.766443290048414,0.0,33.89004944382419
2025-06-07 01:00:00,33.372997668503075,27.38634488091208,0.0,43.34324134215517
2025-06-07 02:00:00,28.766498360786752,16.506687800180664,0.0,37.910887737743984
2025-06-07 03:00:00,22.255287934666516,27.334832356839687,0.0,51.34524624175858
2025-06-07 04:00:00,25.579126917835783,27.817494218031765,0.0,35.244610940885096
2025-06-07 05:00:00,28.06313381090722,15.804472683174023,0.0,62.43011578128247
2025-06-07 06:00:00,88.16120799090146,66.13167223156911,8.320829294697875,27.226900647725223
2025-06-07 07:00:00,86.05950372141437,62.159661748964986,12.250784326172296,22.443943192989774
2025-06-07 08:00:00,89.31173373948249,63.492592007367094,18.578092711052555,39.89965775767056
2025-06-07 09:00:00,89.44571585616723,57.64720162264652,21.537830186967977,25.054028593882663
2025-06-07 10:00:00,58.15938941736551,43.24045572052926,33.28964856201841,18.871171123868415
2025-06-07 11:00:00,59.717577169109894,42.534467151654944,35.68171496160489,29.651852370699277
2025-06-07 12:00:00,58.715008378537206,40.792812463409874,39.29308814696267,24.771124961818586
2025-06-07 13:00:00,46.82467564116568,35.8944277839385,41.190563894716476,25.94394472417956
2025-06-07 14:00:00,41.559747173006464,38.96807629590667,51.077851771659915,23.812097873134984
2025-06-07 15:00:00,49.780108633944735,40.949348097285615,41.84301638164129,55.496558258633996
2025-06-07 16:00:00,44.06142819332053,25.76142345827588,43.654754606620116,30.735000824715645
2025-06-07 17:00:00,49.692699898116054,43.661925088013795,30.85403027239053,17.00908941332763
2025-06-07 18:00:00,112.96391537307449,93.11843694541464,21.67616472632855,45.04508785437844
2025-06-07 19:00:00,101.15089379655286,77.29989893299238,16.72678687955321,48.61026592788847
2025-06-07 20:00:00,104.31942975536737,84.76017552778396,13.871759138612438,34.088160843649675
2025-06-07 21:00:00,107.52286446618284,88.0594159964277,0.0,32.3312956439035
2025-06-07 22:00:00,61.827078851871214,48.176803948898716,0.0,49.26811148712026
2025-06-07 23:00:00,61.88194688376496,42.78276984714544,0.0,39.56527711331025
2025-06-08 00:00:00,28.36918904840364,30.031500896667072,0.0,24.556008940709486
2025-06-08 01:00:00,28.956549112224454,19.91388056827185,0.0,68.51976684565744
2025-06-08 02:00:00,25.679952650154775,30.319746856965452,0.0,42.22084164347323
2025-06-08 03:00:00,33.807202540002336,32.829447523012206,0.0,65.06647320145875
2025-06-08 04:00:00,22.163287545236567,30.112294028619594,0.0,62.49561705438717
2025-06-08 05:00:00,34.36989752271991,38.93332945188034,0.0,35.5074488082726
2025-06-08 06:00:00,75.56955563055192,50.24897676434563,8.253775986637793,59.5919640632437
2025-06-08 07:00:00,86.21793109525045,59.884384593729806,12.377335498846131,23.787751379509615
2025-06-08 08:00:00,80.2940194939507,57.5830402352177,19.076196162761423,15.15470372386644
2025-06-08 09:00:00,76.34278926530665,51.90512782103846,26.77795324527837,25.3992267342003
2025-06-08 10:00:00,63.083992674287494,47.149611323513696,36.011586253529096,31.240290515309287
2025-06-08 11:00:00,64.65660267927012,34.34492795299078,44.49444489874476,25.128295522565534
2025-06-08 12:00:00,58.50579485496321,42.39152772402905,43.882572956271744,26.234286623645957
2025-06-08 13:00:00,53.01537144524614,28.813437675355228,42.994741206239965,42.62915721768882
2025-06-08 14:00:00,39.48974375017887,24.126993999891873,46.50614418950377,34.034048745593324
2025-06-08 15:00:00,43.82994067233124,37.26156386415916,46.12382778672436,26.162302846340765
2025-06-08 16:00:00,55.58846416330022,37.96982723227504,36.799560607661036,38.96977080863684
2025-06-08 17:00:00,48.76611224230032,40.256962670503384,30.52538234793402,34.78974900477381
2025-06-08 18:00:00,94.91528798336208,74.85577612757459,26.45255334314208,12.252732986774653
2025-06-08 19:00:00,100.15035014039292,84.1293776962759,18.761770006549924,47.18773368927886
2025-06-08 20:00:00,99.13994582601902,75.87660085616909,12.979113286884068,46.798538306229716
2025-06-08 21:00:00,102.54842016075372,69.20908737663972,0.0,42.837689081050314
2025-06-08 22:00:00,58.80876934429472,52.388195061299626,0.0,52.12508325372259
2025-06-08 23:00:00,61.28234155165085,32.00202779178585,0.0,35.458376607072935
2025-06-09 00:00:00,33.66475515907941,17.00235672153363,0.0,51.89492404686046
2025-06-09 01:00:00,40.09617903900258,25.003437467129622,0.0,29.11621463967066
2025-06-09 02:00:00,35.88782109007451,20.73327274653581,0.0,52.739682198005326
2025-06-09 03:00:00,36.036874641707136,22.473714012295215,0.0,71.24030803434411
2025-06-09 04:00:00,39.220559448861344,23.200118249405975,0.0,35.962575563967825
2025-06-09 05:00:00,32.22789301440288,17.35170225940082,0.0,38.77547110477635
2025-06-09 06:00:00,91.17782454844948,70.07747240154534,8.047066812954952,39.37126876994715
2025-06-09 07:00:00,102.28763950440779,63.24570968832626,13.024110352411732,29.65423101748856
2025-06-09 08:00:00,97.46756091004917,51.499614477496564,17.87836872380574,21.0879995808899
2025-06-09 09:00:00,97.48335347910785,61.32440048804749,28.267158663753182,31.745459437266717
2025-06-09 10:00:00,68.85472013578593,40.07155399977216,36.688928230772746,34.8013010150477
2025-06-09 11:00:00,68.9288557837059,41.82456348061676,34.83405350818392,32.55753935709404
2025-06-09 12:00:00,75.5149553071408,55.62203074620204,42.86842319951829,16.023233155347985
2025-06-09 13:00:00,63.5598717438459,40.272696599402664,43.396918113707486,41.84404506996544
2025-06-09 14:00:00,62.65612597808662,35.353690357324496,46.735475823010184,41.35985785823463
2025-06-09 15:00:00,62.697247876731296,45.07833151534707,46.00310577733694,40.46180302803658
2025-06-09 16:00:00,61.68955356989558,49.654186755691896,36.13060233501555,36.630884166886815
2025-06-09 17:00:00,59.72077293757837,45.28370199519024,31.383947488303946,35.352125034581604
2025-06-09 18:00:00,119.2107914205556,75.43857710381734,24.26853217489743,42.15584799156707
2025-06-09 19:00:00,120.0,86.26711555046987,19.625931795134132,63.79805551702459
2025-06-09 20:00:00,118.31825608279306,91.47081049400829,13.342288031570767,32.81668794764972
2025-06-09 21:00:00,120.0,91.26870387407395,0.0,54.69296669980261
2025-06-09 22:00:00,68.08664629187788,56.055235305898435,0.0,42.15264122981222
2025-06-09 23:00:00,68.73785911684497,42.84551886644896,0.0,41.68460728796529
2025-06-10 00:00:00,32.860154904063116,18.208833066550913,0.0,29.795664783600113
2025-06-10 01:00:00,30.305127764148402,36.5031255482007,0.0,44.93547734586042
2025-06-10 02:00:00,37.51318367407299,28.740172481084503,0.0,36.31808457975772
2025-06-10 03:00:00,27.856696327468004,28.286549592653753,0.0,42.769685675845864
2025-06-10 04:00:00,34.369383764635465,27.116352536308465,0.0,35.097439791868666
2025-06-10 05:00:00,34.51913689521045,26.960633154794824,0.0,42.95045807730575
2025-06-10 06:00:00,88.56233645601648,58.71278401523277,8.270303941294307,43.4681003141823
2025-06-10 07:00:00,94.72632736609881,56.33528448036558,13.786512942752621,29.730153919221575
2025-06-10 08:00:00,97.8615824796717,56.198996851122985,18.914421067425444,17.309762273245084
2025-06-10 09:00:00,98.64021052827836,67.45175877453636,26.44777945202407,18.537876969299177
2025-06-10 10:00:00,70.67631848014052,48.9906198850633,39.36142348250186,31.65441556379129
2025-06-10 11:00:00,74.6416978390045,55.79033104074317,46.36346960678934,23.240994301807504
2025-06-10 12:00:00,71.10377776127909,51.95817812323965,42.51541689972485,36.825866993455286
2025-06-10 13:00:00,59.09952220337216,35.33968983745941,53.86132316795019,35.773250284122945
2025-06-10 14:00:00,60.1705265094739,47.37092547497387,53.787233618923885,39.00315630505241
2025-06-10 15:00:00,63.209582428338166,47.11330230850729,43.08980128544807,45.80963188700059
2025-06-10 16:00:00,55.997353088164516,43.530706992754745,44.61590839894281,31.243837064933828
2025-06-10 17:00:00,56.84738567270207,53.87869641712102,38.98506726088124,29.0021116995801
2025-06-10 18:00:00,116.98996578721854,100.9887648555556,24.607453290251193,41.24627476357227
2025-06-10 19:00:00,118.5051102773613,93.7496124345914,18.32764706423731,49.088315639664174
2025-06-10 20:00:00,120.0,99.17358368563615,14.700958280318048,41.502820765036034
2025-06-10 21:00:00,120.0,99.51300924370308,0.0,58.68872256130596
2025-06-10 22:00:00,66.50579706558149,53.534945874808855,0.0,41.23161938612381
2025-06-10 23:00:00,68.89368957369224,45.262045602215096,0.0,43.89876256434774
2025-06-11 00:00:00,35.544638611495934,30.863583646125413,0.0,49.154401702900586
2025-06-11 01:00:00,29.78790108805466,19.612898846776183,0.0,37.47074364097302
2025-06-11 02:00:00,30.60315591858572,27.8675929443679,0.0,49.84336546774155
2025-06-11 03:00:00,39.91950460003579,28.942627969934293,0.0,65.96862215501238
2025-06-11 04:00:00,31.106995774122787,19.15630761139476,0.0,54.334160801898676
2025-06-11 05:00:00,38.16318677438437,28.28031087867156,0.0,49.27469283750704
2025-06-11 06:00:00,102.21145062556155,74.20787532474783,9.183722596133675,46.91757937145251
2025-06-11 07:00:00,93.261916862412,62.55309866453923,14.535851675732665,31.763649435124115
2025-06-11 08:00:00,92.5576647681652,61.56395971160356,20.807803019840556,34.835962659767496
2025-06-11 09:00:00,95.31990188350709,64.1056011132046,28.551877047432164,33.80529705180471
2025-06-11 10:00:00,66.58554746147293,49.168389041633695,31.77768369876033,26.903009915920038
2025-06-11 11:00:00,72.02902465776658,46.15150900737046,46.47457773459673,31.71901735559401
2025-06-11 12:00:00,70.558938601164,48.901317191173206,53.1379058959759,32.856985563160336
2025-06-11 13:00:00,60.56792024190856,35.59546910870748,50.77599922830427,25.608300460488895
2025-06-11 14:00:00,65.23155572346789,38.964574444188585,51.54531381380597,35.66597210388109
2025-06-11 15:00:00,62.62399258388663,40.20604632921605,42.639463044257056,15.733027156418135
2025-06-11 16:00:00,61.1468891597758,44.588988057455495,44.6458854375856,38.35534543245009
2025-06-11 17:00:00,50.098092312064566,36.99007557248325,37.17713075449904,39.87679273885524
2025-06-11 18:00:00,120.0,91.07023251852522,27.548768119302103,40.62295643467537
2025-06-11 19:00:00,120.0,100.3735192005072,22.077870120072077,39.659426368904874
2025-06-11 20:00:00,106.45264867658918,84.36520461315017,13.549582065623376,47.40542211391778
2025-06-11 21:00:00,120.0,91.55461274369272,0.0,59.6709275667115
2025-06-11 22:00:00,70.76725861810014,52.20207636024719,0.0,59.55888743625871
2025-06-11 23:00:00,67.66029469090098,43.09183022543057,0.0,43.684543598975225
2025-06-12 00:00:00,37.415454441984586,18.83883962400898,0.0,51.1338467437661
2025-06-12 01:00:00,41.504052367113786,29.807276773357277,0.0,63.13611185174292
2025-06-12 02:00:00,37.29891409415069,23.624238673530208,0.0,30.87309464705176
2025-06-12 03:00:00,32.14001203370393,22.372761095263026,0.0,45.42178382809523
2025-06-12 04:00:00,29.564761604544096,22.27977350989286,0.0,65.9113734388993
2025-06-12 05:00:00,34.46120016643375,31.80699214024049,0.0,61.45965151600831
2025-06-12 06:00:00,100.34026398739927,70.4112635196476,9.616674642559827,53.974392972900525
2025-06-12 07:00:00,94.66926355363036,63.49411873731225,13.08841420410852,18.48657193693641
2025-06-12 08:00:00,95.10427870925355,70.43048945359703,20.695876813630296,29.277751338887377
2025-06-12 09:00:00,109.11000329595493,58.327826020759105,27.94599531893772,25.275275997089295
2025-06-12 10:00:00,76.22468538558034,62.33382329338676,37.04689557450702,32.10131605018063
2025-06-12 11:00:00,76.54633068153292,55.59759815796833,42.59822220049834,23.648868730163613
2025-06-12 12:00:00,64.79946505149692,45.19902334509903,49.217385815859814,22.04510175525614
2025-06-12 13:00:00,55.66827730048075,34.033252526967004,56.44757614964379,16.733575515505038
2025-06-12 14:00:00,59.1866937348454,37.169581906627684,51.09845482078863,45.15420141843268
2025-06-12 15:00:00,54.34550734681815,42.216078169972064,43.34758538034559,31.13205056224855
2025-06-12 16:00:00,66.05241420230314,48.08908326494043,50.03984080874834,35.947839754165365
2025-06-12 17:00:00,65.19703173695923,48.565442340807465,40.4127572256877,34.56960882336468
2025-06-12 18:00:00,117.59904598177175,85.96678674030002,25.411356192780715,25.358604324082137
2025-06-12 19:00:00,120.0,91.58447604024303,21.87902929151906,30.473389477082975
2025-06-12 20:00:00,119.98086556476026,93.40071301029337,13.677477736942365,33.294549333830574
2025-06-12 21:00:00,120.0,105.47277909417728,0.0,36.431422557733576
2025-06-12 22:00:00,72.02183921612425,60.14987596909408,0.0,48.54740756689036
2025-06-12 23:00:00,73.96361900523948,60.938149666759145,0.0,35.6248289286068
2025-06-13 00:00:00,40.05200191518402,27.920705566113607,0.0,71.73533607698451
2025-06-13 01:00:00,39.501786504056156,27.981306416549906,0.0,62.755582874670864
2025-06-13 02:00:00,36.05073072753253,30.44726511142799,0.0,60.02433665823821
2025-06-13 03:00:00,33.11730499242375,32.96765873000203,0.0,48.439576529367926
2025-06-13 04:00:00,36.066033579890046,17.807290225231366,0.0,68.83658343143979
2025-06-13 05:00:00,30.079607656478494,17.499020665456747,0.0,47.21188190948186
2025-06-13 06:00:00,96.94109888134457,61.36617829819132,9.613215304180562,49.54307150385782
2025-06-13 07:00:00,91.26461325021508,79.91233395792874,14.925095260494556,31.233099735346578
2025-06-13 08:00:00,88.2425297660947,57.05246480613837,20.818628210648097,35.21664378604831
2025-06-13 09:00:00,96.48341758508354,62.07709212170494,27.18120230612232,34.730430873048576
2025-06-13 10:00:00,76.93512336786455,55.679822522286926,35.17906033678833,26.401303577158366
2025-06-13 11:00:00,75.42099374702428,56.58938540390171,41.62323233291091,25.967869086978432
2025-06-13 12:00:00,70.88626752907679,48.24919121037241,47.50882589746773,34.75286250351403
2025-06-13 13:00:00,66.61551435832476,50.9886812842735,53.88704521478681,41.20329639410676
2025-06-13 14:00:00,56.19328445772545,31.881863211036876,51.075925409631694,31.51609043352783
2025-06-13 15:00:00,50.12381373844393,31.59958249328809,53.672803734876815,21.083948459322684
2025-06-13 16:00:00,48.9346048926307,41.93407645342646,50.25932682700769,33.1417260290189
2025-06-13 17:00:00,53.4387014838543,38.02648695138325,35.50819119578666,40.401897229429764
2025-06-13 18:00:00,120.0,84.45240509528954,29.554916802191816,50.729652003372834
2025-06-13 19:00:00,117.14338792439676,81.87672027701294,22.064618386210018,31.48093264981062
2025-06-13 20:00:00,120.0,88.09483573890303,15.132482256096772,40.14745967641138
2025-06-13 21:00:00,120.0,97.7064003188745,0.0,40.565038560311805
2025-06-13 22:00:00,66.3044365282419,58.193438739344465,0.0,60.1724545563858
2025-06-13 23:00:00,73.40812165292353,49.17143523441441,0.0,44.54741859650735
2025-06-14 00:00:00,32.42533382695075,28.18198586192393,0.0,39.01126978314259
2025-06-14 01:00:00,26.126679051871037,20.927372758833837,0.0,57.50380535007456
2025-06-14 02:00:00,36.09394916360287,34.66936238983091,0.0,45.352223361200494
2025-06-14 03:00:00,28.705318250027354,40.21033037663083,0.0,35.01183651338846
2025-06-14 04:00:00,28.273111585891456,22.292632856155137,0.0,39.19484585563875
2025-06-14 05:00:00,39.50225948288087,30.290942365973002,0.0,72.32973733768513
2025-06-14 06:00:00,83.47412327379269,57.76558958320668,9.688002392971088,55.30282198071105
2025-06-14 07:00:00,85.28548040672719,58.42032961849448,15.800580882569584,31.089399926133048
2025-06-14 08:00:00,87.21869112499073,62.31299394332549,22.537588914466372,28.38251305795702
2025-06-14 09:00:00,78.19453993557597,55.700402330916376,26.7240998882268,32.48493828601179
2025-06-14 10:00:00,65.5279496365984,42.03620727706445,40.733540421317684,32.39477605972823
2025-06-14 11:00:00,57.64523118236732,47.81201862432686,49.20067714102965,32.485089549837035
2025-06-14 12:00:00,57.4529494478345,41.126914106094425,48.87780671614466,31.143022698202987
2025-06-14 13:00:00,48.070795707827415,31.15900170653776,55.58206900111364,42.99083184798232
2025-06-14 14:00:00,46.49550382596173,47.55894208997845,58.443159581724586,35.523468097879174
2025-06-14 15:00:00,52.99449953017126,36.88615978944571,51.18483664744271,26.684391984961437
2025-06-14 16:00:00,50.49724353136678,37.59735662501072,49.88311069715745,29.911848417209036
2025-06-14 17:00:00,47.08428571743702,36.33506666325076,45.287686684249074,17.84499202452835
2025-06-14 18:00:00,105.37486381562475,78.98959338462551,27.795870723725535,53.215981277321106
2025-06-14 19:00:00,101.1012701981895,80.13218165834914,19.30285321178217,55.205313922067134
2025-06-14 20:00:00,100.86327449978701,74.07105118526339,15.276948048314049,35.987206452246966
2025-06-14 21:00:00,102.558668648485,84.57482298829377,0.0,42.21103870626524
2025-06-14 22:00:00,61.98932630035481,43.72165520082276,0.0,38.18047702990674
2025-06-14 23:00:00,61.658069122055224,35.604545378698276,0.0,62.922784390177796
2025-06-15 00:00:00,28.365378679862264,35.98125738259756,0.0,32.8848316735589
2025-06-15 01:00:00,33.81200043347731,18.222468637611584,0.0,52.44085697993928
2025-06-15 02:00:00,28.99922632014155,12.264332599804208,0.0,49.59857146624385
2025-06-15 03:00:00,27.052569801260766,15.920288590189454,0.0,61.52023992355702
2025-06-15 04:00:00,23.393902580546918,34.46097381990143,0.0,49.65616325464957
2025-06-15 05:00:00,34.4243031644956,16.746622675558825,0.0,28.57264108421142
2025-06-15 06:00:00,81.04109792730469,48.74163326257957,10.413509784462276,47.781197571143714
2025-06-15 07:00:00,81.93426819772898,47.561776030280896,14.966907661345875,23.154696610320098
2025-06-15 08:00:00,85.69145570507948,55.56401824209768,24.7659117439932,31.19765109543648
2025-06-15 09:00:00,78.83701454224149,49.93991804333933,27.07784425721032,41.55662544177913
2025-06-15 10:00:00,53.616710320190165,36.34357355941208,41.09700215687992,17.287228181423856
2025-06-15 11:00:00,60.11552009829222,53.25685780183724,44.69227794468672,24.469564459985442
2025-06-15 12:00:00,61.18733392268507,34.33811789668162,60.54341049281914,26.36249182528622
2025-06-15 13:00:00,48.02676831754811,32.87050992451258,65.68609731828322,32.28242295238908
2025-06-15 14:00:00,55.84140821661255,40.02321769805422,53.180384388912756,42.29053078091124
2025-06-15 15:00:00,38.02183956052368,22.907211954766797,50.8827160136045,34.13893408276462
2025-06-15 16:00:00,54.249843985818806,40.418629521860964,50.19870762177064,39.39698107766578
2025-06-15 17:00:00,52.7697805419088,35.728562100796054,37.73256184136263,30.10423331947207
2025-06-15 18:00:00,104.22464673019164,82.29265000966886,30.21516929489575,37.73860830007973
2025-06-15 19:00:00,87.15762125792864,67.29410733531807,22.231553732656778,54.805671194182004
2025-06-15 20:00:00,107.94667775525578,71.63004462902202,12.906760959915655,37.483487220301086
2025-06-15 21:00:00,97.55022473267809,84.48235437325371,0.0,54.846513230743206
2025-06-15 22:00:00,57.5168930355985,63.04859403069882,0.0,46.48439023114088
2025-06-15 23:00:00,59.03383994676843,41.21098572092779,0.0,57.876004035020244
2025-06-16 00:00:00,35.40539818210148,21.380043931006206,0.0,48.9157141474151
2025-06-16 01:00:00,36.44944321603406,35.87566392934925,0.0,56.418900095365174
2025-06-16 02:00:00,37.58979952060442,39.07800292059729,0.0,50.98657094849582
2025-06-16 03:00:00,37.24335782152091,26.592675743554096,0.0,50.270511627772905
2025-06-16 04:00:00,34.71018944512665,24.752382144856544,0.0,54.84381477306153
2025-06-16 05:00:00,35.44366899192674,25.737039527190095,0.0,58.422139712404665
2025-06-16 06:00:00,90.8669870152468,50.73642990994612,10.050678089146583,35.41836502330756
2025-06-16 07:00:00,92.39575810576132,59.137109011699515,14.724146611295643,41.9825400121654
2025-06-16 08:00:00,99.80494974298365,76.51569316301654,21.78014284726743,16.537144111780375
2025-06-16 09:00:00,99.54282142672598,63.610337871077235,34.5719275133946,25.61453684047948
2025-06-16 10:00:00,74.15113142633506,43.8900433946295,35.795015901264144,30.17732089025373
2025-06-16 11:00:00,68.57915862488079,48.731858559715086,51.12509672052617,34.09171916182406
2025-06-16 12:00:00,74.99124864608179,44.57437083802709,53.179761928382106,43.08385568742282
2025-06-16 13:00:00,53.2277616741177,37.444828154766135,56.6058689800718,19.305698185970215
2025-06-16 14:00:00,63.30148085465954,34.68485888853049,61.56287115616542,31.480195722118097
2025-06-16 15:00:00,57.27944310467281,34.08494010248083,55.87339823132763,16.88501826359404
2025-06-16 16:00:00,66.03212853881216,48.67479303202796,50.19349918414691,36.34167609659176
2025-06-16 17:00:00,51.60687229598463,37.27347068569785,42.877589691378375,38.50562930245705
2025-06-16 18:00:00,120.0,90.188472329294,30.171129330204685,50.3963142623538
2025-06-16 19:00:00,118.37341051876442,90.08716091337683,21.564073507801833,47.75663750422579
2025-06-16 20:00:00,118.29234334794715,85.40351757292454,14.231163683402391,58.4583914000559
2025-06-16 21:00:00,120.0,87.6319569121785,0.0,53.12498160696592
2025-06-16 22:00:00,67.75717894473202,64.85052629417163,0.0,41.31415898924446
2025-06-16 23:00:00,70.56855354647477,55.23340465154085,0.0,30.029189567833182
2025-06-17 00:00:00,30.19041801739648,23.630555887595747,0.0,55.61693372193204
2025-06-17 01:00:00,30.354950321708984,26.08586380320412,0.0,32.62725635247656
2025-06-17 02:00:00,35.7007229874679,25.666597635676247,0.0,68.88959590086066
2025-06-17 03:00:00,29.452691482249502,26.926206811962892,0.0,49.93081238463905
2025-06-17 04:00:00,30.052862153590656,18.174127337538586,0.0,67.58822980870967
2025-06-17 05:00:00,27.332175587256483,29.42752558913044,0.0,45.79171351802368
2025-06-17 06:00:00,93.34160850314818,62.96868278648632,9.600517369272207,55.53690376984101
2025-06-17 07:00:00,101.51150569673186,64.64796141703474,19.677045203677565,32.85767727017396
2025-06-17 08:00:00,91.80259518251086,57.65188940800115,25.47134664832368,30.87191591681392
2025-06-17 09:00:00,92.31694686963162,65.9282178407843,28.240171553145554,27.84623617436617
2025-06-17 10:00:00,71.64212118139756,47.52218314168789,36.35417090896865,34.286990023849704
2025-06-17 11:00:00,69.10088847013277,42.534411132168664,50.93018713326836,23.99400451062281
2025-06-17 12:00:00,80.79616737230407,50.59367357203561,58.00219575153618,21.782816409441146
2025-06-17 13:00:00,57.618184510815716,42.65890534722279,61.75067768692274,47.74569809489071
2025-06-17 14:00:00,59.85804290983704,30.19139137458692,57.9467016181002,43.04966389959427
2025-06-17 15:00:00,62.59651988345582,39.84078395955081,55.011593272169364,37.02751152779106
2025-06-17 16:00:00,62.510160748241695,47.690180627715144,50.326070349394186,51.59166674104486
2025-06-17 17:00:00,59.399354468867074,40.32876234837739,40.934733559676225,33.988942299262
2025-06-17 18:00:00,119.274926309913,91.19239151297019,26.040959523489295,48.47312073449649
2025-06-17 19:00:00,120.0,102.86230528621454,22.738873264970998,48.89105311185869
2025-06-17 20:00:00,119.5510787610858,97.08084705975051,14.83646198555402,34.83666344806742
2025-06-17 21:00:00,118.01239453007183,86.55668418294859,0.0,68.47366081908044
2025-06-17 22:00:00,67.86315197490757,55.78491246387616,0.0,58.43534424382319
2025-06-17 23:00:00,62.99885801005025,50.73339738913569,0.0,45.41827373566126
2025-06-18 00:00:00,37.14368627054463,32.48098827819966,0.0,62.12786301293399
2025-06-18 01:00:00,22.880107598523676,23.635793272131508,0.0,47.26509959964745
2025-06-18 02:00:00,33.42066260140525,24.580969717848454,0.0,63.468127818326806
2025-06-18 03:00:00,32.52454253125616,28.599637713222847,0.0,21.145595326805722
2025-06-18 04:00:00,43.526258750518906,39.61445947328412,0.0,39.167900701318175
2025-06-18 05:00:00,25.203984856266075,29.478937321721098,0.0,65.4409900371107
2025-06-18 06:00:00,91.38547623651012,64.26773621042726,10.644688351912043,49.2897071378417
2025-06-18 07:00:00,94.8280069638723,55.98881051907237,20.14188205284328,33.17911668092333
2025-06-18 08:00:00,94.55155900932847,61.194689091321166,24.352052067152105,20.922263384757848
2025-06-18 09:00:00,92.96749036929452,58.472366223746164,31.523684046071907,46.11410837643195
2025-06-18 10:00:00,70.27838517864504,55.187061587497354,44.58034891895096,40.9305900249433
2025-06-18 11:00:00,64.97479849104096,42.53226712693649,52.014865934780715,29.959986047012503
2025-06-18 12:00:00,72.25019872643202,55.19248097948994,58.65639489010643,28.351233881463113
2025-06-18 13:00:00,47.79734160311322,29.155632726094424,63.34195030440285,46.27185848232663
2025-06-18 14:00:00,58.12806354101466,34.322327197556454,70.3479338937892,55.03813146185125
2025-06-18 15:00:00,55.54242051827624,40.599682735421325,51.61503253556136,45.57410027527013
2025-06-18 16:00:00,62.81732138486718,50.39015524740336,51.97858402090722,56.77996897672711
2025-06-18 17:00:00,66.14292546031218,44.3583606705801,38.44163299571739,28.314060814073713
2025-06-18 18:00:00,118.5102652406234,74.58759417026468,33.77170297258325,29.261323931380204
2025-06-18 19:00:00,120.0,86.37360578889118,21.91794450619144,33.250450300055775
2025-06-18 20:00:00,118.57747673716315,91.37900809611665,15.716041461574589,52.539113525661236
2025-06-18 21:00:00,115.6524306459191,80.30157311876474,0.0,49.390889389467304
2025-06-18 22:00:00,78.49939711579007,59.49824024865277,0.0,45.516427543693275
2025-06-18 23:00:00,72.98632477225782,50.1629404114432,0.0,56.8860424879435
2025-06-19 00:00:00,33.40204666432518,9.836935310197015,0.0,69.46474245811345
2025-06-19 01:00:00,36.47437195052493,25.987863016992588,0.0,32.84947037195246
2025-06-19 02:00:00,34.616040970666766,19.608439600764505,0.0,45.17882562345428
2025-06-19 03:00:00,33.070585976844185,15.700661870326185,0.0,63.992546844856804
2025-06-19 04:00:00,27.41311658969503,19.373221199193686,0.0,46.894536091632546
2025-06-19 05:00:00,32.16465799535531,19.116641706290682,0.0,42.50722901617311
2025-06-19 06:00:00,98.07351157244581,65.49616730403193,10.463536592656776,66.62643656988655
2025-06-19 07:00:00,94.71639075129204,70.50039931582913,17.89381094819669,21.59086637659297
2025-06-19 08:00:00,99.32932809196942,62.6374122384046,25.92451711846515,29.460283426882036
2025-06-19 09:00:00,96.99530977428323,59.36286027896732,29.71960428254094,34.480419537760994
2025-06-19 10:00:00,66.5625331937777,43.16977782689218,42.57094233031683,27.291716776903726
2025-06-19 11:00:00,64.57787281491747,36.805849994067685,48.22345498731654,38.1008955115187
2025-06-19 12:00:00,69.80684337547628,39.087037962710944,52.100264302494196,27.33109044670633
2025-06-19 13:00:00,55.77776083783104,27.056831111481685,60.59867180772244,50.26363440824397
2025-06-19 14:00:00,59.65023699759927,32.085107062276144,60.14742130421096,36.004394826338554
2025-06-19 15:00:00,54.9051693898694,46.12207140715198,69.17993273381565,43.41126504795294
2025-06-19 16:00:00,55.367523388404734,33.48371069292846,52.896503967440836,44.10597069262707
2025-06-19 17:00:00,62.87560258347879,26.010813760929054,37.71348377975747,31.341102209891364
2025-06-19 18:00:00,120.0,88.95368917343491,31.517796867512207,18.08942940202194
2025-06-19 19:00:00,116.83772820557718,78.09111629090228,26.123376143810123,52.10431500932624
2025-06-19 20:00:00,120.0,90.96753259325219,19.371207136676947,48.65757377502095
2025-06-19 21:00:00,120.0,95.49180345107865,0.0,54.43510433130439
2025-06-19 22:00:00,71.83618672239828,60.61913017794641,0.0,45.08718495589301
2025-06-19 23:00:00,73.18242526757511,50.902487034689706,0.0,42.65089128904694
2025-06-20 00:00:00,29.9316736439975,19.929386386735203,0.0,80.57252975910507
2025-06-20 01:00:00,37.93561625547669,20.198715072631508,0.0,33.895272097781955
2025-06-20 02:00:00,43.748189230458095,29.617285312662144,0.0,63.481414512305946
2025-06-20 03:00:00,29.755124667063146,30.357509587596603,0.0,45.933965786959334
2025-06-20 04:00:00,27.998206173697035,34.93384598370899,0.0,49.13654198437044
2025-06-20 05:00:00,34.106669155629156,24.662167762069195,0.0,49.38698086515574
2025-06-20 06:00:00,99.0343835466225,64.08051176376988,9.548593295574113,42.86536472753345
2025-06-20 07:00:00,94.68335729809647,65.52640066344499,14.390842730367353,36.779570920095395
2025-06-20 08:00:00,90.35518204013067,67.70968335311288,28.333810554944197,43.37252983527431
2025-06-20 09:00:00,94.60598209431089,58.26103682116064,34.735694963584514,35.96524189285401
2025-06-20 10:00:00,73.07487334424053,53.2021141505962,40.24882059129308,33.01536354396536
2025-06-20 11:00:00,68.55181489548471,41.23730986250472,54.40497156333646,24.24677073093698
2025-06-20 12:00:00,73.11610569663912,50.39941276892182,46.654215442887505,36.341882952506445
2025-06-20 13:00:00,63.26908029753125,46.25717336460686,62.95024140460329,57.78886983470761
2025-06-20 14:00:00,59.10891957991867,31.855946782695092,64.58371494157592,33.973958561351516
2025-06-20 15:00:00,57.90211679319934,35.84964459598419,63.49176548644948,34.01818053547592
2025-06-20 16:00:00,61.75992942746992,48.02495495771681,47.94161459909597,32.280618299951485
2025-06-20 17:00:00,54.17542804048412,42.02754288582483,43.54984637256779,32.95342142375903
2025-06-20 18:00:00,115.50956927628516,95.78449125070586,31.19185058526071,11.777713273573276
2025-06-20 19:00:00,118.60618824572288,93.89645571075866,25.148528472412707,53.16365067484966
2025-06-20 20:00:00,117.59230598123821,88.04460792223098,15.725005364515884,38.07051419082884
2025-06-20 21:00:00,116.19072463909617,104.34831653825438,0.0,28.841343060556945
2025-06-20 22:00:00,78.62056625423646,64.64593309345885,0.0,57.3654710902394
2025-06-20 23:00:00,80.15742755946629,37.18320720585717,0.0,35.21664948471674
2025-06-21 00:00:00,28.40832730984988,22.330593235854735,0.0,49.58880883135785
2025-06-21 01:00:00,30.412735273867643,19.94911341758452,0.0,74.03711128922214
2025-06-21 02:00:00,29.15470730971294,29.666131062962414,0.0,35.08939902068758
2025-06-21 03:00:00,34.9837465805317,24.77966244044059,0.0,33.41831597727463
2025-06-21 04:00:00,35.87540502828021,33.062131522887654,0.0,57.823182769454604
2025-06-21 05:00:00,22.002312905896588,26.163938552878744,0.0,69.74429469269172
2025-06-21 06:00:00,82.25962643468489,50.122910000617686,10.792150236596205,32.85294517754054
2025-06-21 07:00:00,74.23688179916441,50.28572227853133,15.902783395999629,35.818463880705536
2025-06-21 08:00:00,88.02980254482833,53.34039351327094,26.450933838270426,37.22684135144877
2025-06-21 09:00:00,82.09869397033637,56.552535343173346,36.724074810046126,15.77195634532038
2025-06-21 10:00:00,55.44561045316032,33.961471888087075,43.29615861978772,38.994338784081286
2025-06-21 11:00:00,58.06473713007185,39.8370657893975,53.38694908433073,39.62904423778771
2025-06-21 12:00:00,57.850285713594474,38.28565752971092,53.32158366380075,29.971750081352482
2025-06-21 13:00:00,51.03024438947965,33.272956580260804,62.66140814193069,49.796186811970095
2025-06-21 14:00:00,53.35584286529213,47.77176634920929,63.942707686318826,48.69745513480531
2025-06-21 15:00:00,43.50030333262079,27.880159577231016,72.95582528131096,38.90063842841529
2025-06-21 16:00:00,56.94163140059799,27.885479967722524,48.48945576005653,33.642961843541755
2025-06-21 17:00:00,55.892841631687276,45.280356098984186,49.29282752093024,28.699864284458908
2025-06-21 18:00:00,97.14551623882724,80.8376970792614,37.10457499667363,37.56687280460296
2025-06-21 19:00:00,101.41208036761734,65.22169332908872,25.705746007789863,55.703244073983676
2025-06-21 20:00:00,108.78311074150136,79.1553198902806,19.710371561947298,44.80658106478508
2025-06-21 21:00:00,106.63260593303562,87.94553708420875,0.0,21.971627652843235
2025-06-21 22:00:00,57.635339740576654,52.43092488285841,0.0,64.22318139368856
2025-06-21 23:00:00,62.81521254134761,44.79720573636815,0.0,51.07687975496309
2025-06-22 00:00:00,43.48739231273612,167.58003923341636,0.0,49.52080543028539
2025-06-22 01:00:00,30.473219918330454,180.69609264667517,0.0,66.4379690107846
2025-06-22 02:00:00,27.153082868519913,166.8461508079918,0.0,75.56800468844807
2025-06-22 03:00:00,30.775889334411296,198.50327216283353,0.0,16.387886836933475
2025-06-22 04:00:00,31.109484429737932,195.006986641285,0.0,60.65346183919776
2025-06-22 05:00:00,27.63958467449956,178.38101137314143,0.0,35.199222737630194
2025-06-22 06:00:00,81.95236610265118,189.06368772467246,11.715816408870248,61.54046059919307
2025-06-22 07:00:00,74.32024852871345,195.4843471485882,18.169852066445646,33.8779686744986
2025-06-22 08:00:00,76.97015089594815,162.18001318282796,25.529817728877678,38.045486353527046
2025-06-22 09:00:00,83.3771547901838,178.97409284644021,38.47435310531404,28.730734298100725
2025-06-22 10:00:00,51.139371141175275,174.0858159626274,48.94451448128506,17.45435453137937
2025-06-22 11:00:00,63.1005441370919,188.57956774214708,51.560479025361,29.131888554971223
2025-06-22 12:00:00,49.982373827439744,168.95412606669143,55.01307892386407,36.16707340446125
2025-06-22 13:00:00,40.78094770598609,185.44898198540957,64.40775595084548,48.021645049201744
2025-06-22 14:00:00,46.32650396717802,170.1496544505869,61.28056226943962,27.079299988450735
2025-06-22 15:00:00,49.862795603616576,155.5537432322252,61.191658202198255,48.13336537601448
2025-06-22 16:00:00,54.53559452500275,155.35607158041586,59.650466637538756,32.096130575034856
2025-06-22 17:00:00,48.83121074514768,155.95281622765935,43.35125637401569,41.76981700137509
2025-06-22 18:00:00,99.78432538776707,151.6259937966081,34.92399215022647,33.417252887936996
2025-06-22 19:00:00,103.50193223779064,176.6486585798386,25.757784141491307,51.484718081584276
2025-06-22 20:00:00,96.97477192975332,183.59513409918674,18.817287517898173,60.221584274106675
2025-06-22 21:00:00,101.52118483891785,156.33642009128448,0.0,34.136913862145164
2025-06-22 22:00:00,53.63878181231629,180.5929000110806,0.0,40.87210305999183
2025-06-22 23:00:00,59.40794729905477,179.8870039128956,0.0,51.519088571753294
2025-06-23 00:00:00,32.53061482099203,18.51577101004957,0.0,88.42554967586247
2025-06-23 01:00:00,29.495672640791962,22.629248829460554,0.0,43.3289930457465
2025-06-23 02:00:00,33.85756115173417,19.60632905057314,0.0,83.43281713811353
2025-06-23 03:00:00,33.82835172653273,21.83634320078809,0.0,82.93954421718486
2025-06-23 04:00:00,38.40442134284045,35.763069393987834,0.0,53.908130391835975
2025-06-23 05:00:00,25.889527973531795,20.681028017381013,0.0,51.13389358318419
2025-06-23 06:00:00,94.21412201486824,59.94845837218639,9.513532987673742,45.69274863665687
2025-06-23 07:00:00,91.13516130083927,65.08929247354857,17.091980251569076,32.586125953733784
2025-06-23 08:00:00,98.47027136129824,56.317399935788806,26.579074931587087,21.492706034813743
2025-06-23 09:00:00,97.94894639286953,57.92986586353536,39.155299092636916,32.519520799415815
2025-06-23 10:00:00,72.26521587743747,43.079375074333015,44.067184466425964,45.557288832441856
2025-06-23 11:00:00,66.8125069133161,45.77743471088885,47.02586351397166,28.086799956653703
2025-06-23 12:00:00,73.96437419785912,45.89055626530184,65.80856260387003,31.156292324331687
2025-06-23 13:00:00,50.80587463284559,33.97348105158226,63.35136905750214,22.22802193456852
2025-06-23 14:00:00,49.8825656460231,30.211070830963113,60.39165502775229,42.29347071876892
2025-06-23 15:00:00,51.95004431263192,29.0493350920315,59.568364982850724,41.233921155948124
2025-06-23 16:00:00,57.5408271657195,42.701426086274225,54.51580956871058,39.29255536379043
2025-06-23 17:00:00,60.7297036166379,39.69635610260121,43.653077338147575,36.580073888213825
2025-06-23 18:00:00,105.7407814913383,84.98654942911756,29.421847954722143,35.84588678684704
2025-06-23 19:00:00,120.0,86.00204763688993,28.013034319009883,55.96657349911486
2025-06-23 20:00:00,119.72293250718411,86.29064846035202,19.796011032139504,49.36882560877126
2025-06-23 21:00:00,112.07795206022716,85.10011864312186,0.0,53.642723707695446
2025-06-23 22:00:00,70.4340179409318,57.99683509071377,0.0,52.3996831126269
2025-06-23 23:00:00,74.89612094068157,55.22228491130421,0.0,63.693252836682205
2025-06-24 00:00:00,35.74320638895434,165.36414727833858,0.0,65.23484093092821
2025-06-24 01:00:00,37.991550601569024,165.75464279832707,0.0,58.48215107578897
2025-06-24 02:00:00,26.897611987789176,177.9470294941173,0.0,76.97110063948334
2025-06-24 03:00:00,31.182698261953355,180.25180603275993,0.0,61.6540257185339
2025-06-24 04:00:00,28.88460678272028,171.98085349598745,0.0,73.99376393097906
2025-06-24 05:00:00,40.77483274277561,194.18857417559218,0.0,64.25776085642079
2025-06-24 06:00:00,97.2490576492263,171.33480593567754,12.43603450859109,30.10097140832084
2025-06-24 07:00:00,107.18346800384586,163.6711823498834,16.64088956024391,44.395187773816474
2025-06-24 08:00:00,92.26768195315894,150.399093917177,26.20732014203242,34.60653043929345
2025-06-24 09:00:00,91.1108909009661,198.52846390788184,36.3890380687233,33.040465368936026
2025-06-24 10:00:00,69.19872376647416,191.21566415714722,48.98827427755378,35.82981794761646
2025-06-24 11:00:00,76.0440511365538,180.77797923426644,59.40487390406041,30.58816458589273
2025-06-24 12:00:00,68.19390503796328,191.52711269517306,60.1451026068925,35.37522813715062
2025-06-24 13:00:00,58.13617222404154,190.5144615125472,68.4653407215941,33.27562375305222
2025-06-24 14:00:00,58.011311196450976,196.59253901129125,70.50746550892026,51.49598508423071
2025-06-24 15:00:00,57.75393845887014,169.30338416801874,71.34002756575954,37.94544511818057
2025-06-24 16:00:00,54.640409961379135,177.74261210429705,59.568025799125586,35.319073293975464
2025-06-24 17:00:00,56.95839322786364,154.9314011860123,49.69983759802226,30.023852876457745
2025-06-24 18:00:00,118.09194436083946,198.26577128594866,36.6521893355554,41.678700602132636
2025-06-24 19:00:00,118.86836509838466,199.256353464125,29.64228200088594,52.5616953871398
2025-06-24 20:00:00,120.0,189.45421239656008,18.90723409907106,55.08887932832016
2025-06-24 21:00:00,120.0,172.70604915741683,0.0,37.317574405245594
2025-06-24 22:00:00,66.05948720813865,174.8283375457179,0.0,30.112910919628277
2025-06-24 23:00:00,68.07747232860761,171.76834664939284,0.0,58.06608601449183
2025-06-25 00:00:00,29.263109296902805,17.59045803575034,0.0,77.24120345181416
2025-06-25 01:00:00,33.81761975723087,13.85097710460077,0.0,41.87839983559968
2025-06-25 02:00:00,30.55309028093125,29.02649810303857,0.0,78.71711266446215
2025-06-25 03:00:00,34.05474859156959,27.946086098608575,0.0,60.331094352279486
2025-06-25 04:00:00,37.941983936732186,26.08715355665723,0.0,56.23325539333632
2025-06-25 05:00:00,21.60942025360991,30.61226548355792,0.0,50.73397335011369
2025-06-25 06:00:00,96.3981104091515,57.257791300434526,11.212364425937146,36.8343058441792
2025-06-25 07:00:00,92.11425918590794,55.3953271100781,20.744775166462148,42.14584974878948
2025-06-25 08:00:00,96.25700111187814,51.48016732959746,28.651939439801936,27.245831321396995
2025-06-25 09:00:00,90.15098843607248,63.8641827818432,35.7769887416911,27.210339049750658
2025-06-25 10:00:00,75.08450012684223,44.319496237215446,45.799687673805614,42.18132072381327
2025-06-25 11:00:00,73.81108846064257,49.32031439796589,58.811696824792925,17.888596239230914
2025-06-25 12:00:00,72.25891034790318,53.596935630001724,67.51005584255755,20.92537199166406
2025-06-25 13:00:00,61.02895379636318,48.15379983348152,70.39005045553519,39.25413500688307
2025-06-25 14:00:00,54.10414596394296,35.65989444585483,71.02212385596769,42.32417085491652
2025-06-25 15:00:00,54.67113117011594,38.13410946549271,73.95095653265352,44.21153050034414
2025-06-25 16:00:00,60.8454009698964,35.12449413815519,62.3733653193584,36.4577085468543
2025-06-25 17:00:00,54.004656923758986,45.92077201516117,48.3529642207002,64.37786412055185
2025-06-25 18:00:00,120.0,92.28689641392239,39.88482815765419,37.18628999917032
2025-06-25 19:00:00,117.21271631167083,88.80995711931234,24.895274943191446,47.774268386103394
2025-06-25 20:00:00,120.0,89.38976159605686,19.24458583347097,40.59775451947856
2025-06-25 21:00:00,120.0,104.42423038857426,0.0,52.26995309954835
2025-06-25 22:00:00,66.52332058615495,56.86692389377392,0.0,58.49400044368977
2025-06-25 23:00:00,70.01075355826282,52.39682802503866,0.0,65.95463791050315
2025-06-26 00:00:00,37.64854634713352,4.101376872690171,0.0,35.69859943531277
2025-06-26 01:00:00,37.18547035621003,5.29357227493953,0.0,53.376296964362474
2025-06-26 02:00:00,31.429553210188526,2.321953785182008,0.0,63.225433593119256
2025-06-26 03:00:00,30.579435137417295,1.1492934154368717,0.0,65.22105517362128
2025-06-26 04:00:00,31.855610409812904,5.70461458476435,0.0,56.96709254150793
2025-06-26 05:00:00,39.42008205394677,9.32597996782375,0.0,64.58643304656533
2025-06-26 06:00:00,92.73994926308862,1.377492766202979,14.03925628772746,45.37173131814678
2025-06-26 07:00:00,94.34744623288397,7.048147242314624,18.663660529859627,47.415030762161145
2025-06-26 08:00:00,92.07538649755297,4.37896687380385,25.763443346907763,42.592594992760624
2025-06-26 09:00:00,97.17089415829031,2.9397658972880403,35.80540578111937,22.65067878269958
2025-06-26 10:00:00,70.25930688165774,8.531092183924258,44.27718937047714,24.95257982319545
2025-06-26 11:00:00,65.04399206411924,4.56491694537182,54.83549495246872,25.192997212142863
2025-06-26 12:00:00,65.1997356993738,5.833120140679902,64.33392784252229,39.90821592335073
2025-06-26 13:00:00,48.34747846094296,4.430562869399294,62.639167176825225,27.024959503037806
2025-06-26 14:00:00,53.600257169377464,0.8124958166955287,70.6631794970353,36.51711882120712
2025-06-26 15:00:00,60.913959626787516,5.94904686900186,71.08468678095629,44.33743490696971
2025-06-26 16:00:00,63.29812593149794,4.188409750381212,54.2597958732352,39.15324032547757
2025-06-26 17:00:00,60.42621614492007,0.8675660606762969,54.400922525720055,42.38847995299206
2025-06-26 18:00:00,120.0,5.958117344189749,39.31973205090898,29.20390888213046
2025-06-26 19:00:00,117.86303979800654,0.09870932039227509,29.916185625567437,58.79872303928445
2025-06-26 20:00:00,120.0,2.085203882545923,17.995357574445055,43.33952716325397
2025-06-26 21:00:00,119.72065902475394,7.810695369052124,0.0,47.03253950338571
2025-06-26 22:00:00,77.67946458647333,0.3792742485873446,0.0,54.22875110614312
2025-06-26 23:00:00,69.11644029873591,6.466820980551388,0.0,52.50563790511115
2025-06-27 00:00:00,38.8764570177641,28.680376723483434,0.0,57.75992674363913
2025-06-27 01:00:00,36.766434009131885,33.977248768344076,0.0,46.641274518873594
2025-06-27 02:00:00,36.14241542887023,19.670992948033692,0.0,53.11600801136152
2025-06-27 03:00:00,23.781209676373322,21.06772032397895,0.0,57.44706234348874
2025-06-27 04:00:00,37.014273667916214,25.10922941473414,0.0,37.677842316338364
2025-06-27 05:00:00,32.25913473586032,27.215389377018315,0.0,50.776553501317444
2025-06-27 06:00:00,91.80678581758036,63.88639593491785,13.340096494870387,62.980449005677464
2025-06-27 07:00:00,87.13134635723677,50.11818156827621,17.650067999429815,23.447690332509623
2025-06-27 08:00:00,93.77931293968055,60.42952597328899,30.142785925859165,44.410326647179524
2025-06-27 09:00:00,93.95543722821947,65.1218639699156,38.989841383766766,45.383795333487214
2025-06-27 10:00:00,63.552332633736405,32.49169409553079,51.570830724021164,23.725749159345213
2025-06-27 11:00:00,62.786080503881415,41.15419566329732,53.96734516134837,46.14173769197232
2025-06-27 12:00:00,71.60562894247953,39.42748277302793,62.667877742120695,33.21285551263247
2025-06-27 13:00:00,61.14420749136205,35.47399966313964,75.28791267357181,44.3961334878929
2025-06-27 14:00:00,58.07780749623675,23.79496622970731,66.40334521172764,35.20077742463201
2025-06-27 15:00:00,62.400290325165486,48.392016426308885,70.00271574392018,49.465527925778
2025-06-27 16:00:00,56.83280197200411,36.28374637850324,53.0545309629157,44.27133499325399
2025-06-27 17:00:00,56.976953666784944,34.49427143778906,52.736013518399105,32.010594374740464
2025-06-27 18:00:00,114.06644267383815,88.96172797848452,34.66877356729682,28.483344059584308
2025-06-27 19:00:00,111.17197990417998,78.885495177822,29.38203217207154,32.80917652177611
2025-06-27 20:00:00,120.0,87.58313920424794,20.307410256178226,54.10208007079076
2025-06-27 21:00:00,120.0,102.52568014563941,0.0,59.069640326333456
2025-06-27 22:00:00,63.14953472977987,64.14497427738792,0.0,60.08367140532649
2025-06-27 23:00:00,70.11672486714379,45.391353723950786,0.0,50.15000419484638
2025-06-28 00:00:00,29.5497916000335,30.932515680727604,0.0,41.1935429794912
2025-06-28 01:00:00,28.767033870766305,26.251749016018906,0.0,48.07489413182689
2025-06-28 02:00:00,28.159419684832773,14.037731971795111,0.0,74.6546712990465
2025-06-28 03:00:00,31.715711161355905,19.232917391419825,0.0,50.93578043599032
2025-06-28 04:00:00,33.681789864621635,34.54534445986615,0.0,60.03582112710472
2025-06-28 05:00:00,31.810760260626925,16.80227787616241,0.0,42.37220095343312
2025-06-28 06:00:00,78.4643013475476,65.62158904290942,12.00060193361657,62.834680745709264
2025-06-28 07:00:00,78.29911380624392,49.97824339276166,20.600657880816705,30.795710447730876
2025-06-28 08:00:00,83.22229845840597,64.17873971222727,29.236960469017742,43.87443923401388
2025-06-28 09:00:00,81.09213625377625,51.287219375891794,37.459049370286785,41.499720588282976
2025-06-28 10:00:00,58.64457810784992,45.601427982021946,46.20955587752247,30.465165192667857
2025-06-28 11:00:00,58.15591968498998,48.360034684824555,51.11163367240256,33.67349270767423
2025-06-28 12:00:00,59.871192817445774,48.22752431625226,70.62613910067539,29.983446558879777
2025-06-28 13:00:00,45.865327171641205,29.297632158837754,63.9799933971608,26.173686212582197
2025-06-28 14:00:00,51.669820948045675,29.856662596839637,73.69323313207371,31.873740158124313
2025-06-28 15:00:00,43.13153274188833,29.485542246065574,67.2563381276835,42.58088681946677
2025-06-28 16:00:00,46.12134197620956,23.967091186834814,63.925556589761904,43.86942618307085
2025-06-28 17:00:00,50.72287369966583,36.8731133743642,49.0505802000144,42.07710915335477
2025-06-28 18:00:00,94.59781988022321,68.09044147945495,38.11481386281248,37.51008439171361
2025-06-28 19:00:00,92.6172540983947,76.66935368756401,30.31710600063223,64.32965674049221
2025-06-28 20:00:00,99.97964207974903,73.37623072411263,20.211749149238596,52.990619580901765
2025-06-28 21:00:00,92.06173084530832,62.01431076243424,0.0,61.33278313613975
2025-06-28 22:00:00,52.472859530957095,57.064908119665276,0.0,29.03108614152365
2025-06-28 23:00:00,61.722149057469416,48.656161526695165,0.0,1.0119395450187767
2025-06-29 00:00:00,29.078466340774188,23.415785348092527,0.0,62.650399907131906
2025-06-29 01:00:00,35.784691273690434,34.198946207663084,0.0,37.66280231432321
2025-06-29 02:00:00,24.578335465781453,28.90588538291965,0.0,55.39289384782154
2025-06-29 03:00:00,29.57721435465472,19.183968889436542,0.0,54.08183077501513
2025-06-29 04:00:00,31.798130489434918,20.297431579940863,0.0,81.71573381032721
2025-06-29 05:00:00,24.73268281441991,16.461271524435958,0.0,64.34994958680022
2025-06-29 06:00:00,83.48305587290649,45.98047096751857,13.258694533278291,60.92568826693057
2025-06-29 07:00:00,81.13818227690535,57.66662996441909,20.78080026839941,42.444597381910484
2025-06-29 08:00:00,71.59833541256472,51.20359408624258,25.56190539030608,38.33356632451256
2025-06-29 09:00:00,78.67028921971948,56.715514947766614,42.24376393166299,31.083884386526496
2025-06-29 10:00:00,59.92940079015748,47.773493385457705,53.65156091609781,44.50220128798375
2025-06-29 11:00:00,55.53734044611737,43.365096433183965,56.67551280208203,25.36194262778039
2025-06-29 12:00:00,51.53320340220397,40.045038777468186,68.54263881987647,37.936494070607004
2025-06-29 13:00:00,49.12189411667471,21.536234211783118,74.18233699418732,25.106754232529507
2025-06-29 14:00:00,57.81942284043289,35.83642213459445,73.61564463678795,43.03787524131999
2025-06-29 15:00:00,46.12740111795176,37.1004216806882,71.77483716859017,42.92573145765035
2025-06-29 16:00:00,54.93041487994255,28.38294566880675,68.75777836968254,58.112707672601346
2025-06-29 17:00:00,44.48352986623476,33.22974437863761,55.571761228567716,24.928579765889776
2025-06-29 18:00:00,100.45761448586751,80.45259917450728,35.65071320970456,34.798417537196585
2025-06-29 19:00:00,102.95951051726527,79.7711403126558,30.592121667117027,63.478557439782165
2025-06-29 20:00:00,99.44979763145159,78.17489369373959,22.158252133227958,57.06361338732956
2025-06-29 21:00:00,98.14784870835719,80.62351423411984,0.0,55.02326523822988
2025-06-29 22:00:00,61.46016932307031,54.852720480164855,0.0,40.06486380980823
2025-06-29 23:00:00,66.70414349570513,38.62206468705145,0.0,44.87335349324656
2025-06-30 00:00:00,33.965207015393844,27.3791536868092,0.0,77.41971722181135
2025-06-30 01:00:00,30.290295060131193,25.356711908053622,0.0,58.281916422240684
2025-06-30 02:00:00,31.75868384684918,15.305886924726178,0.0,64.58273822609493
2025-06-30 03:00:00,43.95125025992194,38.81351777432382,0.0,57.34197703594302
2025-06-30 04:00:00,33.21964787803933,29.31809683618419,0.0,41.57922168872865
2025-06-30 05:00:00,29.937704210916877,14.348363211711648,0.0,72.82578104039335
2025-06-30 06:00:00,88.06403665454258,52.01901505067574,13.561271504532106,66.4702100990264
2025-06-30 07:00:00,85.00028735520729,51.97162609682988,22.15183246168898,55.84482028876734
2025-06-30 08:00:00,94.85297151102186,58.584411216756514,34.41554608006544,26.431005435044067
2025-06-30 09:00:00,96.16273124642427,62.74561152902662,43.83612555148008,42.71031222698272
2025-06-30 10:00:00,67.18999889919208,39.6781035677277,53.06358419955945,23.809862182548827
2025-06-30 11:00:00,68.90776482789622,51.39618560696932,68.00205065420334,36.81884604803276
2025-06-30 12:00:00,63.708054017236705,47.26759186560035,71.93528271666736,44.073600066085696
2025-06-30 13:00:00,57.45245451592001,42.583167391378964,75.84205209407068,19.919449198541322
2025-06-30 14:00:00,59.02100536674832,38.86947646196679,73.56921170819069,39.21211253732326
2025-06-30 15:00:00,54.446037221941886,41.50479284157432,80.00510793627001,35.51025265326925
2025-06-30 16:00:00,64.46131343733254,41.30794990073692,58.64640951582841,34.076658898527995
2025-06-30 17:00:00,53.087297953835154,31.56511051137198,58.40377309026602,45.309721329958435
2025-06-30 18:00:00,118.73419756647792,94.6930269219903,42.138118534533966,52.90891474938374
2025-06-30 19:00:00,120.0,92.54050841852714,26.325063420726103,51.367457599637135
2025-06-30 20:00:00,117.11075009772028,83.82223445550282,20.972880719178605,55.86778302443415
2025-06-30 21:00:00,116.61040716336728,86.86129458092586,0.0,54.65653323836908
2025-06-30 22:00:00,62.545234032012026,49.025298199288436,0.0,53.161957326599676
2025-06-30 23:00:00,75.08316843975878,64.60147872540674,0.0,38.666626744796716
2025-07-01 00:00:00,31.773017273065058,23.34535429982754,0.0,76.09574935680224
2025-07-01 01:00:00,34.955681092775954,26.585576512484497,0.0,63.981531690424795
2025-07-01 02:00:00,35.56477887593987,30.181715935629747,0.0,65.4664631585305
2025-07-01 03:00:00,29.71019346648935,16.853606701037528,0.0,47.57045672200731
2025-07-01 04:00:00,31.648657961258774,31.238990489289513,0.0,52.743701484286824
2025-07-01 05:00:00,38.54270725891501,24.206642441097102,0.0,56.96057339388807
2025-07-01 06:00:00,87.98937498568597,70.00566525339539,11.129426846871187,36.7318516499443
2025-07-01 07:00:00,102.59239581792562,65.62525015772566,21.755071965491936,20.663521783356828
2025-07-01 08:00:00,89.66483694777473,65.19556573540669,32.27979140803071,30.381298454345107
2025-07-01 09:00:00,87.70893592663566,41.76830466612884,39.25072678823572,40.420672067744356
2025-07-01 10:00:00,69.42046395423687,39.293323104853876,53.42898264815686,29.913060216604777
2025-07-01 11:00:00,78.76264055066788,48.632818610408606,73.79356223753052,26.644852218786312
2025-07-01 12:00:00,60.22572665097354,28.083544668922908,69.38821590482183,28.46919965487384
2025-07-01 13:00:00,56.09465706774512,40.94114459666664,70.45687936143537,36.961027648834076
2025-07-01 14:00:00,58.87242037860324,39.64321422938963,86.10230003081234,38.019220972632574
2025-07-01 15:00:00,56.880652614358624,29.124912911782467,83.66782806524925,64.28942822361321
2025-07-01 16:00:00,58.44787531596228,37.93918627228987,63.83576828941753,52.70578857144871
2025-07-01 17:00:00,53.4980789311735,40.587908810402986,57.187071452293424,52.39457151118894
2025-07-01 18:00:00,114.50970729520624,71.75997012935916,45.625145283405004,53.89407512774282
2025-07-01 19:00:00,116.54055368968106,80.56560086873806,28.354396181540075,40.23519748897712
2025-07-01 20:00:00,112.12395920633507,84.16660008418775,19.91393672989844,37.2382664954626
2025-07-01 21:00:00,117.0073667954166,91.04432200558276,0.0,38.78663688945619
2025-07-01 22:00:00,67.07571953961671,54.64412902858251,0.0,71.51686001940874
2025-07-01 23:00:00,66.70987002794156,52.644144542117914,0.0,46.28994612362507
2025-07-02 00:00:00,33.90403443643161,29.336309514646803,0.0,41.316252958356415
2025-07-02 01:00:00,24.268787860340872,27.96095916157039,0.0,53.64749803093279
2025-07-02 02:00:00,31.43085011451355,15.983805502231608,0.0,56.539419303316265
2025-07-02 03:00:00,42.88984752500461,30.464226394252776,0.0,64.1606749507635
2025-07-02 04:00:00,27.57426199127243,21.323253483981233,0.0,63.89819100985174
2025-07-02 05:00:00,38.2465078139176,37.03505203713195,0.0,47.677219330657586
2025-07-02 06:00:00,93.06063409007446,60.388677944028466,14.938255360355399,70.43246692718256
2025-07-02 07:00:00,90.10137140600094,55.76113749406543,23.902057903592194,30.31078727765811
2025-07-02 08:00:00,86.87179407808318,62.26429321837363,32.026163277817865,34.66617059989111
2025-07-02 09:00:00,93.44325038975086,63.212065746571355,38.94000829156927,42.26956038560249
2025-07-02 10:00:00,75.21379813564153,44.01431382392842,62.335706462306305,30.28708677147036
2025-07-02 11:00:00,66.92206100609005,42.217135912154006,62.12204329634786,30.940686489533338
2025-07-02 12:00:00,68.30918474816,41.76373100820551,71.54525133074954,41.41180841608193
2025-07-02 13:00:00,61.14959479208607,47.105827845072476,80.40093786805869,33.06309936172975
2025-07-02 14:00:00,58.13684452728784,38.449224573857165,87.9876929992416,38.039411436026136
2025-07-02 15:00:00,49.52768495746898,36.777771854677155,78.5387906842421,47.93576254492426
2025-07-02 16:00:00,57.047918437577906,33.3514818195309,67.03115406690132,63.70148405157694
2025-07-02 17:00:00,63.407983064224766,43.6196291403794,55.77913576598636,48.458312199411964
2025-07-02 18:00:00,116.7896165933554,94.55226987552396,42.03414472552796,47.06135449477513
2025-07-02 19:00:00,104.61914949981094,76.11493279832948,32.01453895759661,61.29428950124407
2025-07-02 20:00:00,118.70281939461897,91.3145155479918,16.80040835101194,39.594919208748415
2025-07-02 21:00:00,116.06279795451098,80.74118100186412,0.0,55.67725121313627
2025-07-02 22:00:00,60.44258629683,47.40485091475379,0.0,53.710725962575594
2025-07-02 23:00:00,61.11707475423345,41.38301125404819,0.0,58.46392719475178
2025-07-03 00:00:00,36.773227152398576,2.0948160210075626,0.0,62.434333001157455
2025-07-03 01:00:00,29.089522652421074,4.016414089652075,0.0,66.42611276818938
2025-07-03 02:00:00,28.301511294286968,1.9326569060760956,0.0,55.94330984020504
2025-07-03 03:00:00,32.224871483406424,1.3518618205352817,0.0,61.5561872923466
2025-07-03 04:00:00,29.486331515159208,3.640632844269589,0.0,42.04502268348433
2025-07-03 05:00:00,32.83546383259878,6.069996926457933,0.0,55.81530062648865
2025-07-03 06:00:00,91.69841322113216,1.4639918208612834,13.493387543030112,81.76179728307348
2025-07-03 07:00:00,87.21067324317578,0.4434327386286008,21.820200538072143,39.301550917508905
2025-07-03 08:00:00,90.31026326007094,0.3463281806369156,28.27884947832065,36.20998251280082
2025-07-03 09:00:00,94.60304329948815,2.6738425243596833,43.8884990289073,53.655261112505315
2025-07-03 10:00:00,68.70912119627168,1.9013229051630165,53.77030945691932,24.016643093019653
2025-07-03 11:00:00,68.15174884443462,5.392553602901523,75.1981670293115,26.304218833830287
2025-07-03 12:00:00,77.2387191005051,4.557201870508995,84.12007422971331,51.986196365137644
2025-07-03 13:00:00,59.76507721023314,3.2476661433901866,76.57249177767261,42.955050353251835
2025-07-03 14:00:00,60.311394037694264,8.335428341509608,78.57660379539938,39.89164438941644
2025-07-03 15:00:00,55.72855051092106,5.049469929965264,74.27549122882887,29.73541295783572
2025-07-03 16:00:00,57.46606170257896,0.9152999208409918,63.55544650430929,47.22018331337079
2025-07-03 17:00:00,54.53545839313261,2.957643540736953,55.517370112589944,48.247500559042344
2025-07-03 18:00:00,120.0,9.733392661965915,39.99017899116677,30.84709491878414
2025-07-03 19:00:00,116.20401712355076,9.769773207580144,28.329678085191265,52.68576781127749
2025-07-03 20:00:00,117.70151656218395,2.5467163554711925,22.473350251359474,50.0207116598352
2025-07-03 21:00:00,117.4235675516947,1.672361287949139,0.0,58.094671968516614
2025-07-03 22:00:00,68.43873904887332,4.9568814621724435,0.0,39.322629432443904
2025-07-03 23:00:00,81.74233631739884,4.814649181668465,0.0,71.68980332109285
2025-07-04 00:00:00,29.308240887160323,25.063122375738452,0.0,75.22180174672357
2025-07-04 01:00:00,29.26732575017246,25.573412158394348,0.0,55.65058864248612
2025-07-04 02:00:00,35.43146299653948,20.881327648784648,0.0,57.89625792347993
2025-07-04 03:00:00,29.62976714004827,27.98266987694126,0.0,59.12036312872036
2025-07-04 04:00:00,30.996699009816556,27.7664774523474,0.0,49.29823485985511
2025-07-04 05:00:00,27.419178345786293,24.80249622903836,0.0,54.42254626808607
2025-07-04 06:00:00,94.61675099967584,58.522109861168396,14.75053917932443,57.07222134811389
2025-07-04 07:00:00,94.6738979625429,58.697299832685594,20.351114601006138,51.53277544964055
2025-07-04 08:00:00,90.98637609270871,57.3818926077723,33.91386113172004,45.41581125412325
2025-07-04 09:00:00,95.62141546052453,53.30689981222552,41.07078571682657,45.30597123599619
2025-07-04 10:00:00,60.004492709971984,39.981000369835876,56.667183633641535,40.121089694860835
2025-07-04 11:00:00,65.1852149649586,48.375957025917984,71.39360275626794,26.466350203180564
2025-07-04 12:00:00,67.60114893382396,48.67729149580445,75.71314518568751,36.343797244174255
2025-07-04 13:00:00,51.07144149041434,30.288294791997714,83.75346904499753,53.24079541360876
2025-07-04 14:00:00,48.47750405809337,39.5269434496379,77.47477125756956,29.367772027271776
2025-07-04 15:00:00,54.961180883804616,47.01021950245983,74.72407036126474,49.66388770785962
2025-07-04 16:00:00,59.469803118250965,35.56704806952841,65.8934174065151,67.72387602899569
2025-07-04 17:00:00,62.11620048789693,44.89515601023227,52.22494108158276,54.219046409636114
2025-07-04 18:00:00,113.98062997853106,70.3593175760935,42.64463768958385,57.99172856186323
2025-07-04 19:00:00,119.74289672225241,81.41409233195242,27.72629962172275,58.09401430065958
2025-07-04 20:00:00,119.30786462429575,88.94024045106961,20.896033211535247,68.41724355257281
2025-07-04 21:00:00,120.0,87.62829735176445,0.0,45.200988726236
2025-07-04 22:00:00,66.79019563518014,67.47820457404359,0.0,66.04755980513973
2025-07-04 23:00:00,60.27280304344212,46.132222801896894,0.0,64.09918852358743
2025-07-05 00:00:00,37.393428567883134,28.979525602819315,0.0,66.22304077134407
2025-07-05 01:00:00,31.376714771683986,21.90207281611237,0.0,82.0628124487351
2025-07-05 02:00:00,32.987984602892475,17.774920568662147,0.0,53.430521869265704
2025-07-05 03:00:00,35.33191598969852,20.355531679659684,0.0,58.86011045485058
2025-07-05 04:00:00,35.122612071866136,24.733002242246595,0.0,63.22134392519275
2025-07-05 05:00:00,37.78959230579804,20.739795805863857,0.0,45.853675236626884
2025-07-05 06:00:00,99.87236819979195,57.06397455722118,13.939796453398888,65.25083506298327
2025-07-05 07:00:00,93.92829867448727,57.056210078057326,21.641099170059668,21.127621268165328
2025-07-05 08:00:00,98.16579394873341,52.35936884020864,31.525372200290278,46.745677802459525
2025-07-05 09:00:00,96.05168131253107,40.228040559243986,43.72185828176627,37.480584623954215
2025-07-05 10:00:00,76.01324745519574,51.8048933424675,58.582709307196026,32.2240309963067
2025-07-05 11:00:00,69.77391853094522,36.67466848144426,72.81515390240129,29.320523922528515
2025-07-05 12:00:00,70.38262369237377,54.090729897240834,73.106741499782,34.8759146275899
2025-07-05 13:00:00,56.168207589501314,34.22371346516479,74.18725204360057,50.66062232161357
2025-07-05 14:00:00,57.34577340326526,29.609822903686982,75.24558312597881,49.14217663533535
2025-07-05 15:00:00,53.897534317419215,32.981964225566,74.10962462273355,35.59945653657403
2025-07-05 16:00:00,53.347421159675626,18.564202594550103,66.13803055158495,34.08121623365428
2025-07-05 17:00:00,62.55229330403463,40.77961905801468,52.94337276905813,50.32174007100842
2025-07-05 18:00:00,115.10577942909676,87.63044080056378,39.38296453630509,35.417816093830965
2025-07-05 19:00:00,119.34688537463676,60.97941010980725,30.973422077666754,56.405273589712884
2025-07-05 20:00:00,120.0,76.407486461277,22.41457368337745,57.292285240789084
2025-07-05 21:00:00,119.16048193350358,74.97965094424968,0.0,59.908485116774
2025-07-05 22:00:00,75.42070132175766,56.615302907082665,0.0,67.49708442704281
2025-07-05 23:00:00,67.54006674587492,53.85438388645784,0.0,38.026294415911245
2025-07-06 00:00:00,25.269763771424127,27.345692441655586,0.0,32.52667156529673
2025-07-06 01:00:00,22.82328365294631,36.643722771314074,0.0,53.45046956631815
2025-07-06 02:00:00,35.90725831172698,25.55586588128361,0.0,90.33930226479751
2025-07-06 03:00:00,24.88407968264513,24.082035881445105,0.0,93.7751171888712
2025-07-06 04:00:00,33.36233965556292,25.202524332900357,0.0,90.80098153071054
2025-07-06 05:00:00,25.50023837942978,30.76490765723569,0.0,59.28151734658046
2025-07-06 06:00:00,83.55510653187984,53.90479185030352,15.175679594664022,34.536101853196996
2025-07-06 07:00:00,87.55740116191859,64.42492467367613,21.43599034098604,15.480957525062728
2025-07-06 08:00:00,70.03749363254413,40.64484930386144,31.56636221377089,31.63498393643014
2025-07-06 09:00:00,72.74547494743598,46.91821376205627,41.31238189220475,35.521333486957516
2025-07-06 10:00:00,60.76175256297749,36.15785309551084,57.149562451823584,49.523653075833636
2025-07-06 11:00:00,59.59135233100915,39.640847815138386,64.41860209199521,45.47982371495337
2025-07-06 12:00:00,60.77880752228384,37.109638273446976,81.90173729916066,39.49657383849298
2025-07-06 13:00:00,44.528649336399454,37.840734311589294,71.45194673533166,33.90114871528544
2025-07-06 14:00:00,56.0544530378243,31.596595024479985,80.96343893214375,33.127949117077854
2025-07-06 15:00:00,47.64177191332313,20.975210459234233,80.197558335728,46.37061649712684
2025-07-06 16:00:00,41.634217717423304,20.231466678605397,70.1257249391571,51.19854541958271
2025-07-06 17:00:00,45.971381063025895,37.00404338609702,69.63716487225173,47.87215069529426
2025-07-06 18:00:00,92.55504759340855,65.63063509830526,45.869006098685624,32.32331770218636
2025-07-06 19:00:00,105.13033473993177,80.85800240829187,30.022760916733063,65.17666297643667
2025-07-06 20:00:00,94.99960794383777,70.82098800802828,22.265170219650287,62.02681646837158
2025-07-06 21:00:00,100.1872743077891,84.45273485324621,0.0,41.05307100582575
2025-07-06 22:00:00,55.16463002344317,47.78654163928793,0.0,45.06605182051486
2025-07-06 23:00:00,54.51341628193167,55.82420187348998,0.0,65.70680736428963
2025-07-07 00:00:00,23.47622072573936,34.84023672601745,0.0,59.141089481559604
2025-07-07 01:00:00,34.764150254961635,22.223801608661308,0.0,87.78354060642263
2025-07-07 02:00:00,37.918680178335414,24.004829376034408,0.0,70.69505297605647
2025-07-07 03:00:00,27.950510425360903,42.48308384555647,0.0,55.18121765490497
2025-07-07 04:00:00,25.118833524010064,16.767054745384623,0.0,62.66399144406397
2025-07-07 05:00:00,35.687286733824315,25.684314958755177,0.0,63.81978534411468
2025-07-07 06:00:00,84.36821937303276,56.072516473683066,12.617018609698103,51.38413183381731
2025-07-07 07:00:00,97.26420365577805,63.90656010866366,22.6315538925678,29.094664138982615
2025-07-07 08:00:00,87.7065273907151,46.61105322235098,30.93365887928741,44.304216193659585
2025-07-07 09:00:00,86.81148810130007,58.2563633552129,48.61771214948719,45.66012190398797
2025-07-07 10:00:00,69.01280997809899,39.252086315693745,55.60955752884449,43.38438932793241
2025-07-07 11:00:00,63.2231023004567,48.97444865049979,69.507092924499,51.97438433035979
2025-07-07 12:00:00,64.71272921718872,33.34564318381808,75.46215023599821,32.58909166418734
2025-07-07 13:00:00,57.546859599526336,35.074640294741144,96.40514536414162,62.384347007920155
2025-07-07 14:00:00,45.0229353852569,17.28073941655969,82.45713312641426,34.07204560999464
2025-07-07 15:00:00,63.344827509184256,27.331699635636134,91.1602550228175,32.84327944851078
2025-07-07 16:00:00,56.15032149860263,32.86785102573529,74.73233385136862,24.627570337953586
2025-07-07 17:00:00,50.13559384669093,30.364794648656808,60.40997611015516,39.07581213875128
2025-07-07 18:00:00,111.08027764322283,92.04183202972006,46.63661295226266,38.43894801063453
2025-07-07 19:00:00,120.0,87.98362264156937,34.186529842806934,63.97622031116019
2025-07-07 20:00:00,118.36262001284709,96.32245113230871,19.265680544989586,59.98936464324373
2025-07-07 21:00:00,120.0,91.81258718937926,0.0,39.67862188865084
2025-07-07 22:00:00,64.82238628138911,58.77219641605589,0.0,50.99048586023549
2025-07-07 23:00:00,69.22935635018679,44.02183059810377,0.0,51.29106542396559
2025-07-08 00:00:00,33.91210637859991,22.081484020920254,0.0,35.22884589646823
2025-07-08 01:00:00,35.12125452670843,15.766185237889598,0.0,47.822353199287456
2025-07-08 02:00:00,37.06531583101767,29.47812789765783,0.0,51.15089968264419
2025-07-08 03:00:00,28.764863199273798,23.40832394632813,0.0,86.06960903121278
2025-07-08 04:00:00,31.478784570651197,28.41966908732564,0.0,66.39334202858448
2025-07-08 05:00:00,29.246876920462707,23.858533638639077,0.0,73.84960140348824
2025-07-08 06:00:00,91.32671530475862,72.61316520884894,14.594051807438326,39.622068880273176
2025-07-08 07:00:00,94.7064162541457,62.067569846517245,24.682693515794103,49.36638153863727
2025-07-08 08:00:00,84.12030898368916,60.425173858509616,33.50711850807613,50.38225276878687
2025-07-08 09:00:00,96.55564079742909,61.04177433981286,40.80995944323625,19.023947968227507
2025-07-08 10:00:00,62.60878199195984,36.65828385351358,58.79025948152565,31.313029561644214
2025-07-08 11:00:00,66.35193511250917,46.25837296520631,80.92151659993671,42.72824684300894
2025-07-08 12:00:00,73.33284021349428,44.67989387921924,88.74449976120817,44.14077492579157
2025-07-08 13:00:00,57.29696169021426,42.0037284210719,85.47335506789575,36.82927350147708
2025-07-08 14:00:00,57.348802726475405,38.417874976939174,92.43776096258196,40.96509253664681
2025-07-08 15:00:00,50.50810075546094,28.898128855693173,78.32903518231318,37.728672200016234
2025-07-08 16:00:00,51.12253124808165,41.041904490585765,61.50609650159513,45.57683886456454
2025-07-08 17:00:00,60.05657174429907,33.9843909063391,54.67149422497586,57.62697754180981
2025-07-08 18:00:00,112.74068996389812,87.90997617489347,51.727421413535346,35.803095846609956
2025-07-08 19:00:00,113.16473248872855,90.79731128408902,32.90136373655028,71.29251598284698
2025-07-08 20:00:00,119.72961654832407,88.02814509752812,22.669367978340276,45.881009990788456
2025-07-08 21:00:00,110.667224964415,93.11885728138492,0.0,44.94074271157041
2025-07-08 22:00:00,68.94665964913487,58.85456685014711,0.0,68.69467400327447
2025-07-08 23:00:00,67.92818451890132,51.50501422179181,0.0,70.16793105296416
2025-07-09 00:00:00,31.90006080746048,18.27973027141381,0.0,77.49609976168185
2025-07-09 01:00:00,29.579186230396303,25.71316496854379,0.0,42.87727372964497
2025-07-09 02:00:00,29.302798257260093,15.164352293920526,0.0,56.45266409887417
2025-07-09 03:00:00,27.059507836768177,32.64527714644963,0.0,77.04209909021928
2025-07-09 04:00:00,34.08413919103095,13.08452042756133,0.0,64.55932064078503
2025-07-09 05:00:00,28.90547521201976,22.06681092787081,0.0,46.74463590593483
2025-07-09 06:00:00,95.70840832550617,55.181068456016895,14.783394733055417,71.21687432794324
2025-07-09 07:00:00,90.3385598430956,63.66830417991984,27.03333644691162,31.48647024828881
2025-07-09 08:00:00,86.58603032785886,66.70632802763777,38.57365465963546,55.53681279164799
2025-07-09 09:00:00,90.27889506058564,60.2124091627782,54.936589637160736,53.143757307923934
2025-07-09 10:00:00,65.725435751576,60.730397113998166,59.1442129136307,44.12732769848503
2025-07-09 11:00:00,72.11525850046638,36.772941642184975,73.96992819024202,51.381818790574286
2025-07-09 12:00:00,65.91379229605825,34.751274528967095,71.94748854869168,38.95842405638301
2025-07-09 13:00:00,54.44396424100699,28.17142360302938,97.46211993928813,53.28594717827675
2025-07-09 14:00:00,62.03887113112442,39.17544993602074,79.02034844557208,61.2505178501185
2025-07-09 15:00:00,57.97411390299352,30.661338661297705,83.3024026002035,47.472119563117815
2025-07-09 16:00:00,63.16908802842419,36.73121709641924,65.91758877793086,41.873573791863016
2025-07-09 17:00:00,61.35261347469603,45.62431056352709,57.08428630138535,25.666351354964437
2025-07-09 18:00:00,111.13159026518406,75.66648700532001,43.53017150261658,43.79743524054768
2025-07-09 19:00:00,119.5786007576174,80.77446094824786,32.473739702381174,69.34413711857464
2025-07-09 20:00:00,120.0,87.44997325739415,22.447886282893514,71.10109758502895
2025-07-09 21:00:00,120.0,90.34042075969197,0.0,64.75718525983707
2025-07-09 22:00:00,72.02072507378523,66.09597882233825,0.0,49.724152460580825
2025-07-09 23:00:00,71.92814662478143,45.95048923943459,0.0,29.08630596362897
2025-07-10 00:00:00,30.469201065279474,19.52576639960538,0.0,56.45257047181616
2025-07-10 01:00:00,28.062956382246362,26.91840239686048,0.0,59.526971680225955
2025-07-10 02:00:00,30.246197826780893,28.368142544428167,0.0,59.38870519437627
2025-07-10 03:00:00,24.339625255372017,31.10880249671236,0.0,74.39240510078614
2025-07-10 04:00:00,37.87375468121712,27.966819595484115,0.0,96.4129979052162
2025-07-10 05:00:00,30.556357444439744,24.075231394274372,0.0,66.41886146194105
2025-07-10 06:00:00,96.94412364564417,65.59941581904583,14.691735778633946,60.938180589866974
2025-07-10 07:00:00,85.59138726735466,55.17711253711547,25.385450983598098,36.15226899098947
2025-07-10 08:00:00,96.0049475093618,60.25907221301003,31.566477180180406,39.859585375557636
2025-07-10 09:00:00,88.90617240304492,46.82650398988622,48.16473562192755,30.652546450065643
2025-07-10 10:00:00,61.6326891862476,45.83333730027756,66.69399151066058,39.81912830594611
2025-07-10 11:00:00,74.7343827583578,48.567166233758236,70.29603195690413,43.01430257769452
2025-07-10 12:00:00,72.39525403567238,50.28319669567008,78.29539839797084,40.68396877072866
2025-07-10 13:00:00,56.505025493868445,18.693350144893746,86.79278588027127,50.25922989226983
2025-07-10 14:00:00,55.704680086139746,34.213789627285784,96.76872275621997,49.990946508572044
2025-07-10 15:00:00,57.529754687718444,32.86047443290425,84.3560831958387,25.122087134264298
2025-07-10 16:00:00,56.42778820366077,45.525510240994365,70.19036667463075,52.281173508114485
2025-07-10 17:00:00,51.986717809260796,39.18950019354634,63.12502825934285,37.53463964151339
2025-07-10 18:00:00,112.99968399203267,86.66647951103654,43.15599209741864,32.744703092355536
2025-07-10 19:00:00,120.0,89.58062741162563,36.51461817737761,41.97547856205003
2025-07-10 20:00:00,120.0,95.86116771158166,24.576810289484843,64.27108780804178
2025-07-10 21:00:00,120.0,87.30739863829758,0.0,54.75965714794646
2025-07-10 22:00:00,69.5643592543707,59.08960972071366,0.0,33.60347120106918
2025-07-10 23:00:00,65.89248087648018,42.14234486051466,0.0,64.91612956741373
2025-07-11 00:00:00,28.157825810359242,38.10406168484553,0.0,41.58127075074361
2025-07-11 01:00:00,28.45439148595968,31.78579544010848,0.0,67.23151828394273
2025-07-11 02:00:00,29.259957868805166,29.24824121351141,0.0,68.83406150642624
2025-07-11 03:00:00,41.42990051931155,19.012519796295642,0.0,79.34273884058639
2025-07-11 04:00:00,39.87793266661728,31.490166686704626,0.0,93.89570533847221
2025-07-11 05:00:00,35.10791508760486,28.112066909012356,0.0,42.79817809402837
2025-07-11 06:00:00,86.5930069271972,63.494066130096535,15.200205728073795,64.10860593690798
2025-07-11 07:00:00,94.93451789125457,64.08900509000652,22.51763352394125,36.28383111450711
2025-07-11 08:00:00,89.84198959275719,58.149855591091864,32.627839296036385,43.20298350044833
2025-07-11 09:00:00,81.22722374715636,53.78669303587812,50.05574519369879,41.077977164722604
2025-07-11 10:00:00,68.54127753409685,33.69556160197942,67.69566991918305,35.54122258923697
2025-07-11 11:00:00,63.46071598203793,36.969092505272144,70.55634601681196,34.68027175932025
2025-07-11 12:00:00,63.61308423488601,43.21840921099745,87.33545028624758,28.097645322801917
2025-07-11 13:00:00,54.28926791710329,41.56976150647692,74.70639407071813,56.70270156458117
2025-07-11 14:00:00,53.17365050991846,30.49275379417908,85.48521588474038,50.692850983803304
2025-07-11 15:00:00,55.261948202191284,34.460066994719995,84.03674065321334,55.90587025649334
2025-07-11 16:00:00,55.045616413081895,26.916259929600656,68.93632320867124,41.94392793554952
2025-07-11 17:00:00,46.974962970344976,41.851498755807,57.01795901180714,38.00555760580105
2025-07-11 18:00:00,120.0,97.33928660228466,45.43758430320283,33.21411913815099
2025-07-11 19:00:00,110.15701252304956,85.37857422032022,35.9399070834645,63.71071591381893
2025-07-11 20:00:00,110.29641504323149,86.60841338293983,23.77517924262341,43.26690956987465
2025-07-11 21:00:00,113.10371814326228,93.87896504798839,0.0,85.48510131334064
2025-07-11 22:00:00,66.76181785262935,52.529654567821005,0.0,39.351975658878196
2025-07-11 23:00:00,73.81473384153445,44.698244287941165,0.0,62.46457762427032
2025-07-12 00:00:00,31.212405534247054,28.506677701963106,0.0,91.14406304498317
2025-07-12 01:00:00,32.54909467849291,29.7224754031723,0.0,75.29920377204829
2025-07-12 02:00:00,31.235412844124767,16.354726784044402,0.0,68.36676869138445
2025-07-12 03:00:00,31.04157712124448,21.354595187622046,0.0,49.63390139231658
2025-07-12 04:00:00,31.39378276389154,35.25941040777903,0.0,42.86732934385137
2025-07-12 05:00:00,21.302696358439775,24.784107490357012,0.0,78.0982746489735
2025-07-12 06:00:00,75.4053291517486,53.0733406944013,12.97204709436092,90.15012204249342
2025-07-12 07:00:00,81.76013733109669,48.114362431607425,20.321613477582815,34.983238979802785
2025-07-12 08:00:00,94.27045188215656,65.51334516720516,33.88027299804676,28.104655720193243
2025-07-12 09:00:00,71.11057213709869,39.94860872960264,50.45393644580605,15.146294633264166
2025-07-12 10:00:00,58.36383157160445,28.65082682328508,48.75924231580843,29.65969552755743
2025-07-12 11:00:00,53.890262149710324,40.26341544469672,72.37064305240983,38.177799607670266
2025-07-12 12:00:00,65.67440531768068,49.30385856968957,81.82546738137765,55.00343032105531
2025-07-12 13:00:00,40.33295403489239,23.911919577944417,101.03036132171947,53.55804848245911
2025-07-12 14:00:00,49.237204164875514,28.243364422931794,88.13010191096384,49.33990508545389
2025-07-12 15:00:00,40.0925265106852,37.25227688335278,88.03895239466381,41.25766100626115
2025-07-12 16:00:00,44.991426452180306,29.46679822503401,76.23627815441999,39.15979901792437
2025-07-12 17:00:00,46.27056647007991,31.058124290110033,51.843729582536234,61.9532748629925
2025-07-12 18:00:00,101.41356548473634,85.78822485950336,51.66302481634635,48.14400212902283
2025-07-12 19:00:00,91.75270219919473,69.91243533423403,36.22267058481474,27.958878420100074
2025-07-12 20:00:00,99.58517663672134,72.50711315562428,25.468866994447723,49.01661983206175
2025-07-12 21:00:00,96.68445267215387,81.64572350856521,0.0,46.29534522116539
2025-07-12 22:00:00,57.68754198843177,46.115858535498006,0.0,50.892073298106084
2025-07-12 23:00:00,60.772468966228,41.745795461528395,0.0,67.23617103131096
2025-07-13 00:00:00,29.11070745330421,15.230356614719415,0.0,64.24486291678978
2025-07-13 01:00:00,40.427921645971466,26.051247420206998,0.0,64.74956332727344
2025-07-13 02:00:00,32.969267184983565,22.146796542653803,0.0,87.69647300941259
2025-07-13 03:00:00,41.97036013029852,32.00243192482609,0.0,54.523416620177215
2025-07-13 04:00:00,37.85409165941156,27.0891361329218,0.0,96.78596274598021
2025-07-13 05:00:00,34.9123373267009,27.012794226240022,0.0,54.938563742957825
2025-07-13 06:00:00,88.53639502785671,50.73388203169724,21.049300773841285,67.49036804957387
2025-07-13 07:00:00,96.17791299568613,53.531500207516316,20.672817398153224,36.82623232920473
2025-07-13 08:00:00,98.54422719852816,57.09504769985884,41.0777692190678,40.833101487695096
2025-07-13 09:00:00,88.84552468200086,41.592064924278134,48.204469272862745,44.01358923998794
2025-07-13 10:00:00,61.54257043049725,20.448002288433734,64.80885056951766,43.9070680124024
2025-07-13 11:00:00,71.42193721932134,46.10957036412273,76.13959606667873,32.15299858320292
2025-07-13 12:00:00,59.836598996704105,37.56935309255328,83.65388474041588,28.490995739449716
2025-07-13 13:00:00,48.58084532109175,24.160484420657465,87.97543835931761,75.13233782969688
2025-07-13 14:00:00,49.893677683407475,33.83540094630532,94.60736368213355,40.62117454455943
2025-07-13 15:00:00,53.39321603803554,24.940857626428745,76.08264877223846,54.290864185620045
2025-07-13 16:00:00,48.41421127298852,24.243197505744703,81.0064424435301,27.639359230666855
2025-07-13 17:00:00,45.156798186921655,22.199838746359852,61.24324766959254,42.98231739415566
2025-07-13 18:00:00,109.64548475670095,73.07374835405116,44.878535756670736,44.74317665059943
2025-07-13 19:00:00,119.25830278688387,64.57477675493655,34.7976904604356,66.43961204508462
2025-07-13 20:00:00,108.90962242362338,68.12519333829313,27.30435075067489,18.976785294114443
2025-07-13 21:00:00,113.94481980631647,76.01082789873765,0.0,61.884241072068576
2025-07-13 22:00:00,78.19386331928078,48.77460008701747,0.0,42.33800614891062
2025-07-13 23:00:00,67.4026158456153,36.25496299051917,0.0,64.23423434880617
2025-07-14 00:00:00,33.04349810135521,5.7278356769243395,0.0,49.30335244990458
2025-07-14 01:00:00,27.244928565440055,4.731983810739396,0.0,52.31189805635738
2025-07-14 02:00:00,41.23774548922268,9.623060446947994,0.0,61.9915852625624
2025-07-14 03:00:00,29.066283446449113,9.01709298602727,0.0,49.037173397026166
2025-07-14 04:00:00,30.47563756754022,7.976039294333857,0.0,58.6326818703237
2025-07-14 05:00:00,37.42887269842518,0.5699418452026672,0.0,46.69074025709028
2025-07-14 06:00:00,89.43781895835083,4.020288422833333,15.53851417781622,36.04717528167767
2025-07-14 07:00:00,90.47112258223059,6.960422221945601,25.86434751068833,50.086960711789786
2025-07-14 08:00:00,88.98802561664104,0.29660743564281056,34.44406429016006,26.98960981014237
2025-07-14 09:00:00,89.0188773589346,2.3581379175280115,53.035381245187274,38.14266607900282
2025-07-14 10:00:00,68.4214763438705,8.875071901181288,67.72682535967203,47.441192975325194
2025-07-14 11:00:00,69.24246164653556,1.2978076729942423,88.9004322167951,33.78808546446364
2025-07-14 12:00:00,63.85959935468753,0.5137350433864418,86.52626200932919,31.689747278508477
2025-07-14 13:00:00,51.55615235995889,5.805857562846692,98.41599896187502,49.2151132508835
2025-07-14 14:00:00,52.26240201276104,9.464646154277803,94.15171255342885,59.599030488001745
2025-07-14 15:00:00,48.697871348721115,8.346247399086387,96.85678201954391,32.96370599183239
2025-07-14 16:00:00,47.84657824928323,9.747725047209556,72.99320128719937,44.832048377606505
2025-07-14 17:00:00,56.34076657513216,7.535231536962494,68.03243223423061,26.405406644011556
2025-07-14 18:00:00,117.98070993952814,4.373697740845715,49.22463924779021,42.001661371833514
2025-07-14 19:00:00,117.67673264439362,9.46616439589874,36.3954720504743,60.40138927851697
2025-07-14 20:00:00,103.03806809612517,4.266332784533118,25.32788713917626,47.09355530931885
2025-07-14 21:00:00,112.65423593354546,3.5009461634424435,0.0,53.047039552131814
2025-07-14 22:00:00,61.79480349497757,4.481959177674338,0.0,38.804849067053865
2025-07-14 23:00:00,67.40103576533794,8.139739543824644,0.0,61.043311279919955
2025-07-15 00:00:00,29.538461958553818,19.60199777175167,0.0,84.76715957214958
2025-07-15 01:00:00,34.08227137129668,37.42693825360094,0.0,48.671232217121954
2025-07-15 02:00:00,31.332478886389996,28.413580353594067,0.0,56.626549628752485
2025-07-15 03:00:00,22.886659266065532,33.820558838097035,0.0,75.49270928289992
2025-07-15 04:00:00,27.0667813655981,26.801311774576888,0.0,87.38940765790002
2025-07-15 05:00:00,31.444700809915975,24.818998411361207,0.0,42.03086040112452
2025-07-15 06:00:00,90.4386110467293,52.05969565243014,16.78039955468366,64.23672388623184
2025-07-15 07:00:00,83.70756848052142,56.49150075839969,25.239023798873536,43.08830589952983
2025-07-15 08:00:00,83.11904544923188,54.017548877315,37.70393176423115,39.213321653515436
2025-07-15 09:00:00,90.28621813426872,58.104807662411865,57.061305200302144,15.323475301986566
2025-07-15 10:00:00,60.27083270916469,37.864890930031905,70.1836825509121,45.28097582071602
2025-07-15 11:00:00,59.07850316713852,24.54313767463812,83.92761456946874,55.52453635525377
2025-07-15 12:00:00,64.58420327955102,48.30563409837716,85.6791393468976,41.413626661822526
2025-07-15 13:00:00,52.666438910969454,34.10536152407685,87.92082746590705,34.84492656812711
2025-07-15 14:00:00,50.91164417396653,23.611219525956827,101.8883555658343,40.92427255195661
2025-07-15 15:00:00,51.697630016731054,34.086746046165956,95.15147478162203,67.71956181527543
2025-07-15 16:00:00,54.92670707649416,29.023625746309158,87.71631077096613,57.62660683059365
2025-07-15 17:00:00,51.6237132554342,37.62801052631648,61.91165046999221,54.458458164582666
2025-07-15 18:00:00,113.79702924147854,89.08548410182657,49.73448626152412,51.12977401639933
2025-07-15 19:00:00,111.76678423145876,90.02188938625464,32.20553559969366,50.38345246781155
2025-07-15 20:00:00,114.23331834322671,84.6292918910456,24.676022429981707,57.33339395972601
2025-07-15 21:00:00,117.43081768845167,87.06981267086759,0.0,59.18415941653019
2025-07-15 22:00:00,70.36395089064973,53.66382306522831,0.0,68.65309208687697
2025-07-15 23:00:00,72.38428270618944,43.669513523327254,0.0,83.1296050735585
2025-07-16 00:00:00,35.106467592972756,24.260841519726274,0.0,86.48353152491
2025-07-16 01:00:00,32.40831544887366,24.331850695295223,0.0,43.60414424651943
2025-07-16 02:00:00,29.384364187554887,17.765857426794682,0.0,71.37199463787204
2025-07-16 03:00:00,29.58988240426253,15.335123142780208,0.0,80.03613890670609
2025-07-16 04:00:00,27.38480867797439,21.664826125950995,0.0,78.04395534162516
2025-07-16 05:00:00,31.355188366667548,21.655098868965116,0.0,56.95516011176125
2025-07-16 06:00:00,92.94772780603182,49.13496576775494,17.990569490128397,116.82631478177817
2025-07-16 07:00:00,86.54397993885452,62.900154922176476,24.843767032834688,27.605133166232466
2025-07-16 08:00:00,89.64200378784113,69.16409772030252,39.47271260105724,29.570867400686623
2025-07-16 09:00:00,86.76135412258016,61.078852510821655,50.540912466091434,42.92052348499865
2025-07-16 10:00:00,67.36170759971533,37.79396154830144,67.60858342690567,62.01263562868981
2025-07-16 11:00:00,63.94738788609629,41.607135490561724,72.19228696788909,32.0749081113932
2025-07-16 12:00:00,63.09181554304783,49.05717077724106,90.6888446402617,37.85732887839244
2025-07-16 13:00:00,51.664827467698444,26.12762017302443,72.93995042743262,60.053008024713556
2025-07-16 14:00:00,56.98965707719761,40.25313857819366,94.45052333097341,47.099768374438746
2025-07-16 15:00:00,54.28930527090596,26.693620387154155,78.32565896172355,43.353423755554736
2025-07-16 16:00:00,52.7967798098924,43.358357026914405,87.15998862391704,54.00120752362319
2025-07-16 17:00:00,55.90099785635501,33.77202499315174,69.99865180940158,50.53431486869162
2025-07-16 18:00:00,111.3340322111807,94.5779114081593,53.23916880757929,59.49881968955449
2025-07-16 19:00:00,118.2686857113708,95.4073151848851,42.11772764830295,80.46799836686034
2025-07-16 20:00:00,108.81695749816546,80.75846377251646,23.847784662673572,65.49710911364538
2025-07-16 21:00:00,112.35798338210735,81.36769871094852,0.0,65.26489131409065
2025-07-16 22:00:00,60.09816961636956,52.10734018537571,0.0,64.08448821103521
2025-07-16 23:00:00,64.85867835036564,43.733862372154,0.0,68.26674367254617
2025-07-17 00:00:00,23.6921900490049,20.447936144129216,0.0,69.04436790595385
2025-07-17 01:00:00,34.60897414020081,15.270128038528181,0.0,68.09465840170733
2025-07-17 02:00:00,34.69981674020984,20.95384106917766,0.0,88.47909664999565
2025-07-17 03:00:00,34.77931557044488,17.09165513067249,0.0,93.91879873354182
2025-07-17 04:00:00,31.38047594946984,28.45390191817961,0.0,42.43703825177876
2025-07-17 05:00:00,27.29113296748932,28.849889424102397,0.0,68.27564125803588
2025-07-17 06:00:00,85.98326659233086,60.505066491641955,19.23365280043819,56.37913178081334
2025-07-17 07:00:00,96.47057368498497,64.59758477596097,28.085230281209576,37.68620352072648
2025-07-17 08:00:00,96.04534640359172,56.08887047376796,37.30817631017787,44.975017237219284
2025-07-17 09:00:00,90.1362976427711,57.681333494049916,56.700052757702835,47.7018280554795
2025-07-17 10:00:00,63.930746424008,46.90356066131726,60.83411809106086,39.71755511724082
2025-07-17 11:00:00,72.40990497951277,43.60954336662033,75.19472334395776,21.316799290034698
2025-07-17 12:00:00,63.12583535113783,41.26469850998454,86.78258413479868,31.004344067132315
2025-07-17 13:00:00,55.61407108423948,33.266844034445,92.99805364275446,58.358335174939796
2025-07-17 14:00:00,60.66805752210096,50.08457163035093,88.89949749013812,15.012074337049583
2025-07-17 15:00:00,50.82072639931707,35.87797849018956,100.14998920577881,61.82571894282718
2025-07-17 16:00:00,58.3157557831749,40.53769817275563,78.83779480458304,53.88572918789515
2025-07-17 17:00:00,56.92677322910531,25.86027339479853,68.62304254218704,63.360197388156784
2025-07-17 18:00:00,112.74067485557374,84.60442425183005,49.60622983069423,45.3068903254467
2025-07-17 19:00:00,108.44804809951675,82.39298232732928,32.48914348953048,29.706304412150498
2025-07-17 20:00:00,109.65852037515103,80.55653638865292,26.700780725086855,67.88923425026968
2025-07-17 21:00:00,114.22102912344374,76.30072563054617,0.0,80.82682852458106
2025-07-17 22:00:00,59.84608400040323,43.33360873892685,0.0,75.4646107611237
2025-07-17 23:00:00,66.8394469429516,46.64894260761915,0.0,51.139678165455756
2025-07-18 00:00:00,33.600651883819964,31.279957782842185,0.0,70.10838047017604
2025-07-18 01:00:00,35.599413233183434,22.687807863200437,0.0,59.479188905912345
2025-07-18 02:00:00,24.873315620471477,21.326438878850897,0.0,54.565479308725
2025-07-18 03:00:00,37.08903529276821,36.130488582252426,0.0,85.00968393081544
2025-07-18 04:00:00,38.79505817935219,26.732015000444697,0.0,48.07632923707304
2025-07-18 05:00:00,33.011604510253655,24.53587062756378,0.0,53.28657474069264
2025-07-18 06:00:00,84.6879079317023,55.413852499271115,14.472312061422208,49.68043616237354
2025-07-18 07:00:00,87.88263475049219,50.60724592024006,26.318257494279134,25.832880113148953
2025-07-18 08:00:00,89.14493894507999,61.15786031254729,34.28937884046223,42.67903878768855
2025-07-18 09:00:00,90.57621233740078,52.12796104834485,60.996156582105336,53.12734649847117
2025-07-18 10:00:00,66.18076189798116,42.46845889640976,72.50404985929845,39.26906031082175
2025-07-18 11:00:00,67.34708805411071,46.222855165794336,82.2031373225316,25.673335772411114
2025-07-18 12:00:00,65.67348450305889,51.372453038947,101.70487991361667,49.81754504085443
2025-07-18 13:00:00,55.636186017875886,25.67278892782595,91.66700167081353,68.27674388493429
2025-07-18 14:00:00,52.37084869734488,38.093300846616316,102.59902737072498,40.27359573053099
2025-07-18 15:00:00,52.92136386614969,38.87105369516188,93.84337557730862,42.287277602167755
2025-07-18 16:00:00,51.85109082542579,29.146105548147414,83.2352045666593,54.22630620620986
2025-07-18 17:00:00,63.07087199783912,42.505337008749464,74.45562584036234,67.51026533506679
2025-07-18 18:00:00,119.22396172292605,97.54288402589913,55.71310716489996,41.79156821596991
2025-07-18 19:00:00,115.13523204020287,81.72065328094598,39.393622087793176,41.18563821113935
2025-07-18 20:00:00,118.6002986728464,88.95834008254431,22.960024350172695,71.50678167687992
2025-07-18 21:00:00,116.22948421054207,89.98751455808747,0.0,74.09520540724088
2025-07-18 22:00:00,66.8975651288982,58.85523696790655,0.0,61.85266143016937
2025-07-18 23:00:00,59.306773876496365,47.354578463003094,0.0,53.14069715686442
2025-07-19 00:00:00,28.82026235943687,22.818760260341,0.0,86.31781181953406
2025-07-19 01:00:00,28.492329485917416,25.385136288883732,0.0,78.25801382007135
2025-07-19 02:00:00,24.901161721085295,18.180091750960838,0.0,55.85110580494708
2025-07-19 03:00:00,23.312269764270226,23.78519244824299,0.0,69.98047522657255
2025-07-19 04:00:00,32.217237059551614,22.504345750863223,0.0,45.77041974715834
2025-07-19 05:00:00,31.460269450668658,15.4919886235529,0.0,80.98621118094839
2025-07-19 06:00:00,69.94686609436742,43.76665557446492,15.967917283443558,64.5997904366568
2025-07-19 07:00:00,71.84369922570883,50.630766893055394,26.526114963599436,36.960950485968404
2025-07-19 08:00:00,80.42565273386542,55.26854568574217,39.26906126186043,41.13828110753617
2025-07-19 09:00:00,71.25051819384716,39.28242768163116,48.45941676499904,41.8971654095439
2025-07-19 10:00:00,56.23120944620585,30.12242824740025,81.60665912840027,50.75942470707304
2025-07-19 11:00:00,54.60861203044783,38.67705118526331,92.526393461119,47.608670852719854
2025-07-19 12:00:00,57.741249998283024,39.26973553914721,98.00712803167265,39.85725053557197
2025-07-19 13:00:00,41.741360878465855,31.329695395517895,100.10717289100303,57.6313097476157
2025-07-19 14:00:00,45.99922096435027,37.02314864842144,97.84381279431081,53.24053729484365
2025-07-19 15:00:00,46.353096913476236,33.67145112932336,86.38254351948888,43.2313370161165
2025-07-19 16:00:00,46.62965894345128,28.089105364654753,83.02769646875355,46.88352781147407
2025-07-19 17:00:00,45.949677676251554,31.788821304139216,69.81894695269251,46.59916534802137
2025-07-19 18:00:00,96.48843257351307,82.08588208705768,47.98394826975319,54.505079657521435
2025-07-19 19:00:00,104.80065712506821,94.73141520664775,40.019944221117555,56.509849905257745
2025-07-19 20:00:00,106.46353062630955,83.14607048984048,26.456355910991622,56.14607894925885
2025-07-19 21:00:00,92.06121799729932,73.16009489817831,0.0,92.84219082778014
2025-07-19 22:00:00,45.0305209669175,44.2277117819867,0.0,76.83607164095159
2025-07-19 23:00:00,58.142343231752626,42.41820127341633,0.0,50.38786395376947
2025-07-20 00:00:00,30.8381360695557,29.627331782781518,0.0,79.58099443420122
2025-07-20 01:00:00,34.77468836632611,31.13353817368199,0.0,71.70129609796956
2025-07-20 02:00:00,31.281986548718926,25.179785042684234,0.0,76.45778190946884
2025-07-20 03:00:00,30.263717727865735,20.901823165681463,0.0,72.03193770362853
2025-07-20 04:00:00,35.0800796814475,14.994698700753712,0.0,90.35271359512026
2025-07-20 05:00:00,35.70951264786229,29.709750590390012,0.0,75.65811698711056
2025-07-20 06:00:00,68.7673011458668,47.254984722069054,14.83349919323649,68.5598212283004
2025-07-20 07:00:00,71.33209356825317,43.341149865276705,25.246443127921847,52.671326202835004
2025-07-20 08:00:00,74.53165309358224,42.469302512965065,38.1433454019356,44.221402167257295
2025-07-20 09:00:00,75.44979071804192,52.210742858314006,62.06261106643416,43.053458487031115
2025-07-20 10:00:00,54.30069164270085,26.067504331575286,72.3171333739423,45.064796396075344
2025-07-20 11:00:00,57.27154835816445,39.255572872711035,74.59038911580595,40.80662764817474
2025-07-20 12:00:00,59.80008760971292,42.270719170927286,98.31194769333992,41.88086498222554
2025-07-20 13:00:00,53.225207079731575,37.54461226710198,88.26613847766504,41.59842962439773
2025-07-20 14:00:00,48.07812198846635,27.761972208430294,109.46087504400035,39.593978707838545
2025-07-20 15:00:00,41.637511828449306,20.45940297159968,91.06567529030215,36.578841770037876
2025-07-20 16:00:00,44.809820368098116,34.105030168630186,82.88718496204686,31.7842638242184
2025-07-20 17:00:00,45.1339282958203,37.970535831068325,76.57778976003796,38.027320181580805
2025-07-20 18:00:00,97.01190784289183,69.63881783926968,48.36759894766494,46.624741813167745
2025-07-20 19:00:00,96.44278291342935,75.39008001093508,35.03948652289829,64.292485974289
2025-07-20 20:00:00,103.92281169297841,88.02916376619376,25.846794088597495,58.42572351368624
2025-07-20 21:00:00,92.61921765432953,77.71804550628774,0.0,25.764777190603418
2025-07-20 22:00:00,57.048993459736586,44.663445887879945,0.0,87.34919436680481
2025-07-20 23:00:00,65.91381734763438,50.88384397908113,0.0,79.7009701497538
2025-07-21 00:00:00,28.27663730416945,17.896828550755423,0.0,77.96342673829506
2025-07-21 01:00:00,31.563237473002257,13.776635404682034,0.0,103.59718735834933
2025-07-21 02:00:00,26.658106085177586,28.693525248398373,0.0,53.006698307958445
2025-07-21 03:00:00,31.2794593885591,19.007827303238273,0.0,103.24881350233167
2025-07-21 04:00:00,27.39909117361627,21.907687807255996,0.0,53.2197684786983
2025-07-21 05:00:00,35.62067240594671,21.588714188944106,0.0,74.33297001204703
2025-07-21 06:00:00,89.33978377293636,55.66352642643211,19.184164157159916,47.807571954293934
2025-07-21 07:00:00,84.46756123737477,64.25516234412929,24.09951258357462,42.242404376693656
2025-07-21 08:00:00,92.45940354735761,69.53976791689196,30.872381876920635,46.15101785154347
2025-07-21 09:00:00,89.48534608221722,67.61394604014595,52.58995383425813,40.46015016837764
2025-07-21 10:00:00,69.85782117797686,50.50084506510842,73.14751420803445,49.599175537789165
2025-07-21 11:00:00,60.40565485470644,40.639890525363676,92.61689382624533,43.12961879544467
2025-07-21 12:00:00,67.22984653559028,33.50304964940989,92.20630010358471,36.590973011205826
2025-07-21 13:00:00,57.49681819296062,34.769567897417716,98.57496098746381,42.144448898244036
2025-07-21 14:00:00,52.11158186099861,43.864996566732245,111.33925306672285,59.05688458341381
2025-07-21 15:00:00,48.351268295702745,29.41416891709382,81.4314137209638,41.07734623241286
2025-07-21 16:00:00,53.82954683789266,42.842443014519375,81.87636162973565,60.33955286441735
2025-07-21 17:00:00,59.54329938907361,37.72752599166111,71.12254035880092,64.11195505464488
2025-07-21 18:00:00,116.8502476219721,71.02028585534828,56.519860021340435,28.6179513642543
2025-07-21 19:00:00,109.85563317771874,83.53592760122565,38.28835169022432,81.01258038394998
2025-07-21 20:00:00,106.00967667042485,84.41777951936339,27.509647509703886,95.65118296516725
2025-07-21 21:00:00,109.84325239254576,83.5661353826374,0.0,67.10904667353975
2025-07-21 22:00:00,63.4619872521777,59.89933831421261,0.0,72.58699017689588
2025-07-21 23:00:00,67.5791472053428,35.57042787229162,0.0,79.49866566261136
2025-07-22 00:00:00,30.35170373993269,14.915498209534336,0.0,65.78280128392986
2025-07-22 01:00:00,27.4345215501841,23.79711492593626,0.0,73.86784870963108
2025-07-22 02:00:00,35.79339430567425,29.91317303938062,0.0,47.436874672694856
2025-07-22 03:00:00,31.456126906502995,31.48171768838193,0.0,73.09698294038735
2025-07-22 04:00:00,32.78358094029047,27.458571220338168,0.0,79.44610083830725
2025-07-22 05:00:00,23.06177604941054,15.052330271305905,0.0,79.76491987506392
2025-07-22 06:00:00,77.53870275653219,50.76747298451118,14.351832936183186,89.46603458727874
2025-07-22 07:00:00,81.97893865817015,58.45021480466396,26.291811595474808,34.17825856191713
2025-07-22 08:00:00,86.28544925943949,44.784908802401915,41.8458522608088,36.74486631574988
2025-07-22 09:00:00,91.04149675393212,56.09461501057765,50.8566803942566,62.47622178675827
2025-07-22 10:00:00,54.858310089169635,34.329949353997776,71.20494523519567,40.79596957681096
2025-07-22 11:00:00,72.56625529567643,40.849685570636325,88.54228558415078,44.50884834982412
2025-07-22 12:00:00,66.16596812646804,44.02534280303946,94.213944762312,41.67891557040366
2025-07-22 13:00:00,59.99501163994332,30.177988708003006,104.52221007180601,39.29505225079669
2025-07-22 14:00:00,49.88681880053515,32.56947723014138,95.17415560007402,69.52633203259342
2025-07-22 15:00:00,56.14105387544494,38.66661775035282,95.2673932201365,42.92965778207959
2025-07-22 16:00:00,54.257065856537274,41.6336546617171,89.65937558168977,35.51671788718524
2025-07-22 17:00:00,57.55327258041422,30.857413363126767,71.76050631386488,43.88116442468445
2025-07-22 18:00:00,110.44530718913873,74.41399736940564,52.60417946183868,24.705846953489264
2025-07-22 19:00:00,113.62683678387161,85.87777451693188,41.105131559641386,53.23076406139933
2025-07-22 20:00:00,116.45724727780785,85.71780054196037,29.339918875262413,48.194292458554145
2025-07-22 21:00:00,108.56707502082446,99.92210080552309,0.0,73.39813479152761
2025-07-22 22:00:00,66.4885200522059,58.84634774825096,0.0,52.879039300132035
2025-07-22 23:00:00,56.90304093850191,40.115371409713084,0.0,77.69599072852937
2025-07-23 00:00:00,33.899372020191976,22.151439558836444,0.0,96.02131195335085
2025-07-23 01:00:00,39.53408987998807,19.356188846836027,0.0,85.04141700868863
2025-07-23 02:00:00,25.138146219537738,26.344340062297178,0.0,67.31582092384006
2025-07-23 03:00:00,30.326892762481123,22.269166099219337,0.0,73.65683540660731
2025-07-23 04:00:00,34.700274288520376,26.238911361381955,0.0,44.022394705027125
2025-07-23 05:00:00,30.879487065006344,23.88036094360865,0.0,68.76737569810756
2025-07-23 06:00:00,88.96123714013783,59.35059556601925,15.151341691473943,55.8424953452712
2025-07-23 07:00:00,86.45879167156194,45.54572280196489,30.673084948840298,50.09799548545887
2025-07-23 08:00:00,86.2916040195227,58.969390222929086,39.74330178856825,70.14461560356855
2025-07-23 09:00:00,87.82816546728411,49.99830569831874,57.72456482170008,48.02223486411998
2025-07-23 10:00:00,65.41373826844084,42.18050728283035,78.54536445492481,21.438614100783788
2025-07-23 11:00:00,59.90973119171584,46.611437146180165,76.97458232839477,38.833063269744144
2025-07-23 12:00:00,64.92911793205661,50.98778725774653,92.41419728718841,43.99534991806232
2025-07-23 13:00:00,60.78858344820342,26.71669643027569,101.88611132590684,50.890471478611026
2025-07-23 14:00:00,51.84407865286138,33.08653164648626,97.7543752449238,40.703673322345566
2025-07-23 15:00:00,48.16253330107562,30.7657719820309,111.5731864249054,52.856864685204556
2025-07-23 16:00:00,53.048808418072525,26.10178299457374,80.53615437291279,34.33280183518869
2025-07-23 17:00:00,50.514423069452114,39.11030366574244,68.49416066234772,38.038032727918086
2025-07-23 18:00:00,105.18782323407416,77.65634481707461,56.73713971096027,57.8434444989546
2025-07-23 19:00:00,111.83661952581967,84.94770274165943,36.91411414008762,47.77340064812476
2025-07-23 20:00:00,108.01409228084303,74.51770952065661,27.181697090928324,72.64790069891095
2025-07-23 21:00:00,108.39914769718314,87.37463870708993,0.0,42.1097452248364
2025-07-23 22:00:00,65.91664008054799,57.5910825673714,0.0,92.28359864166939
2025-07-23 23:00:00,58.32693118968323,43.05846223901683,0.0,51.637635864108525
2025-07-24 00:00:00,22.814724222223628,19.858246146250185,0.0,67.63564079952494
2025-07-24 01:00:00,33.67071252361238,21.565159507031346,0.0,77.56301410827766
2025-07-24 02:00:00,21.963036445095316,24.631416948304473,0.0,61.51595490752198
2025-07-24 03:00:00,26.256738019470593,22.84018087710094,0.0,74.21005655304722
2025-07-24 04:00:00,22.552509739105723,27.512144674146764,0.0,81.94646734282678
2025-07-24 05:00:00,28.464173547533946,18.787656353420914,0.0,88.84656535723484
2025-07-24 06:00:00,89.91436476004009,49.001496387190386,18.792039086582307,85.81763385922173
2025-07-24 07:00:00,88.49362116490555,60.06826602007295,27.628957048678867,41.13864264995176
2025-07-24 08:00:00,98.75153064816763,59.836760472549436,40.991109322682654,41.40921888725619
2025-07-24 09:00:00,92.87922067566035,61.48242408470433,54.05947686803807,68.22904290517317
2025-07-24 10:00:00,60.863364971002675,39.39861478238458,63.701268323196885,53.19269477390735
2025-07-24 11:00:00,59.66682777498853,42.2264780522912,89.68076134929949,33.07882105073768
2025-07-24 12:00:00,77.23367103109713,39.68559520871013,112.982007051126,44.05945587159373
2025-07-24 13:00:00,58.36788677305628,36.51592410161412,105.61762295293346,45.94733565567441
2025-07-24 14:00:00,56.238475979969216,29.993664164629255,107.36291957648535,48.452395789266774
2025-07-24 15:00:00,53.92314590222642,26.681880328916662,104.56312126128579,34.73459421332455
2025-07-24 16:00:00,54.81715980089372,30.38481361496092,78.55302963763658,44.9847221190059
2025-07-24 17:00:00,46.91698300758523,25.783691581875413,82.35544598798336,72.86110042060166
2025-07-24 18:00:00,111.62930176039774,88.70587651575383,57.363653907274156,57.40916050923957
2025-07-24 19:00:00,111.24316678307785,81.0554464494449,46.691267350317815,24.321511928653628
2025-07-24 20:00:00,106.85400070055563,70.74191949496458,26.720251165441624,84.09024221459782
2025-07-24 21:00:00,108.49925645345414,82.55837666594668,0.0,82.04156880836784
2025-07-24 22:00:00,71.87186906720338,59.39478417468762,0.0,58.68598959392512
2025-07-24 23:00:00,64.4902881553805,41.13966861428964,0.0,76.0392676662417
2025-07-25 00:00:00,39.885544584952584,27.577343943746488,0.0,56.63479256088408
2025-07-25 01:00:00,22.73221625936036,29.03822696731446,0.0,63.652259144416085
2025-07-25 02:00:00,28.21568788553772,25.074881839338445,0.0,99.1558792176103
2025-07-25 03:00:00,23.60252024294245,26.47144359726892,0.0,67.23229406622447
2025-07-25 04:00:00,25.12287268104033,17.593005779012643,0.0,38.41535856443296
2025-07-25 05:00:00,26.838348048086747,40.05983573076891,0.0,70.99087732538388
2025-07-25 06:00:00,89.17628991661054,63.05401850295642,21.222932480655388,70.71523820476624
2025-07-25 07:00:00,88.95811436600462,60.075205315608585,30.476466219396254,56.24564445035859
2025-07-25 08:00:00,84.70059015781865,47.60097000574477,43.601064686169394,43.43457684706568
2025-07-25 09:00:00,77.73229858812826,55.747186238314676,58.13907633228888,38.71799514012945
2025-07-25 10:00:00,71.53016537575185,41.6382128155486,71.82312853625652,54.58682476817374
2025-07-25 11:00:00,63.59460622494356,38.066810062709365,96.88213584774948,44.586392668902874
2025-07-25 12:00:00,59.85724168075203,27.40594478799015,101.28672589278162,35.16431478163088
2025-07-25 13:00:00,54.6793113874047,25.934113926677494,89.84330292224433,65.07243867131989
2025-07-25 14:00:00,54.36212613994359,36.163798445902756,97.09259779081303,52.93732824795106
2025-07-25 15:00:00,51.99007878008946,38.30728585974841,98.6728525723595,50.52963680650391
2025-07-25 16:00:00,54.11051244297608,37.94927025477135,90.58481032953009,52.73847065525352
2025-07-25 17:00:00,48.24448859075323,36.712352504055644,72.94835995860694,36.97746711036726
2025-07-25 18:00:00,114.05385353947278,83.1298611815029,62.63599483473518,43.83203562010689
2025-07-25 19:00:00,106.14834381877269,76.30821539276359,35.23648031176866,64.97733294932634
2025-07-25 20:00:00,107.90918229631316,82.40991536877796,29.026543667380402,61.759835792909136
2025-07-25 21:00:00,113.55385391786069,89.78538382401692,0.0,85.57044241448149
2025-07-25 22:00:00,70.29836278965321,57.41893745007741,0.0,68.4476409078285
2025-07-25 23:00:00,72.01653300331569,55.35109010944728,0.0,78.79410517812808
2025-07-26 00:00:00,34.75109207309957,23.717742747349494,0.0,72.78979510507072
2025-07-26 01:00:00,28.54167517289198,15.610570177991676,0.0,91.7959368372003
2025-07-26 02:00:00,23.065351189047917,22.147650732273455,0.0,79.83626359134239
2025-07-26 03:00:00,36.32275013521302,26.42543650270203,0.0,72.86287057436478
2025-07-26 04:00:00,36.16813195007239,25.249201229729035,0.0,72.37807236081177
2025-07-26 05:00:00,26.97610730990927,31.36643879914869,0.0,55.29157610241468
2025-07-26 06:00:00,77.98015987436288,54.96569809565439,16.00419159422964,81.82218085580867
2025-07-26 07:00:00,72.34000913146404,40.00971904944801,30.769345647370063,43.13358906382301
2025-07-26 08:00:00,80.59055517995515,61.979494936166404,41.88517251974607,38.103394548563216
2025-07-26 09:00:00,71.51791822333534,28.933893844106017,59.62261484476002,55.624093880152
2025-07-26 10:00:00,63.342537697082534,54.8361440812844,68.95143628217559,29.953076864304222
2025-07-26 11:00:00,57.97614936730638,34.65443069961296,98.49128541488568,38.969335931687496
2025-07-26 12:00:00,62.52755870420121,35.970389387776706,109.67969678267988,54.76635530371138
2025-07-26 13:00:00,42.65341803917076,25.493156040900146,112.80311075862483,54.84323744666831
2025-07-26 14:00:00,46.56313897259409,31.054275322299315,106.65526892575186,50.22524830032539
2025-07-26 15:00:00,40.378749360045575,25.10024901772499,105.93885318163798,54.02330143885104
2025-07-26 16:00:00,48.5384573871316,30.338308939701403,84.29342617986765,53.113517622020595
2025-07-26 17:00:00,48.78619265036228,40.910325762891716,79.1402099099796,31.559156908386978
2025-07-26 18:00:00,104.01761913709578,79.80319614167097,65.29833729054857,46.39490972900931
2025-07-26 19:00:00,95.40019059267885,62.84018366095063,45.81882816872583,91.77017526390787
2025-07-26 20:00:00,96.48943541646786,78.21851293428458,27.313370150330435,54.584390216857116
2025-07-26 21:00:00,91.11227481092342,75.07364032173373,0.0,60.15647797477393
2025-07-26 22:00:00,56.87481407997284,46.12429365361754,0.0,56.50758391096289
2025-07-26 23:00:00,52.729096464020145,43.117737585877016,0.0,63.935531784607115
2025-07-27 00:00:00,30.521373414789,22.56855131022513,0.0,62.44499649718556
2025-07-27 01:00:00,30.785320476956077,21.142783949752424,0.0,81.99725759958352
2025-07-27 02:00:00,28.41462806992873,20.904051700108635,0.0,76.7078265882293
2025-07-27 03:00:00,30.28325293443897,7.338591878652565,0.0,87.23877078087543
2025-07-27 04:00:00,28.31117173628961,20.606079883148773,0.0,53.89540198739367
2025-07-27 05:00:00,28.291209937347723,27.26612214061317,0.0,66.88195520234066
2025-07-27 06:00:00,78.48300078096422,50.90387000619091,19.47329558060309,68.97664897322973
2025-07-27 07:00:00,74.42737123742285,41.96154234915125,26.28078591514185,48.85739380576227
2025-07-27 08:00:00,75.19980807410525,55.581004674753125,44.603598597146735,35.16321153305021
2025-07-27 09:00:00,67.08013838876909,41.188515424192815,60.39791160190756,53.90149591603702
2025-07-27 10:00:00,56.19656988013975,29.18903074033581,63.65702036660199,56.87047336998826
2025-07-27 11:00:00,56.67791297479156,50.39599095166437,81.89935587335997,33.017842858662135
2025-07-27 12:00:00,52.4984835848036,26.948492287734044,99.99590156401226,38.478543822775805
2025-07-27 13:00:00,54.00013969892561,38.56655594797463,106.29068198021304,44.366378973594834
2025-07-27 14:00:00,34.3159834669242,15.567159929477588,98.37393222578878,84.84692864616797
2025-07-27 15:00:00,48.147158266719956,30.818790138559667,105.49723348638425,45.67164843619769
2025-07-27 16:00:00,47.82512777804937,23.50705724843968,92.10774081491279,72.63284523910103
2025-07-27 17:00:00,47.054629349749845,24.795086800986418,73.69074566460417,34.967487253885736
2025-07-27 18:00:00,93.77796948687879,74.1892626654279,54.77163064875451,38.5108559410757
2025-07-27 19:00:00,95.46306926331766,74.01560925241994,46.22881353690515,54.498438887239494
2025-07-27 20:00:00,96.89180196950652,80.65625980940541,33.19531743292126,51.88182634516189
2025-07-27 21:00:00,89.71851818426101,70.6952318560201,0.0,61.385275229734205
2025-07-27 22:00:00,55.637387686713396,62.08300429286814,0.0,54.13372828791336
2025-07-27 23:00:00,53.46608159779812,41.159112582179155,0.0,52.31519131829692
2025-07-28 00:00:00,25.382871915649535,24.707233571987253,0.0,94.89024192393369
2025-07-28 01:00:00,33.532094602424124,14.84996172284849,0.0,96.09183512867
2025-07-28 02:00:00,27.765207805586172,17.852946954930875,0.0,91.04245257223234
2025-07-28 03:00:00,23.564465680156722,25.12493268652615,0.0,83.21909194282856
2025-07-28 04:00:00,27.8788317435069,21.977465784676408,0.0,75.28612734736822
2025-07-28 05:00:00,26.709784675245235,24.259865490239314,0.0,64.437221999475
2025-07-28 06:00:00,91.69103478579369,54.41187235174333,18.38267722708125,56.046756030772215
2025-07-28 07:00:00,87.75224837694954,57.728171585269216,28.166930836866328,48.15445947112083
2025-07-28 08:00:00,93.28360160004293,60.803421427793985,44.786464972490705,31.19469052088025
2025-07-28 09:00:00,84.06337620388949,46.92644563922479,57.21415166029388,33.17814699407516
2025-07-28 10:00:00,68.29342385686289,46.35208730409318,74.78724869238803,56.87279324132482
2025-07-28 11:00:00,77.13796254996426,35.20391876360158,96.62616179379017,65.12556611260435
2025-07-28 12:00:00,65.96180553540077,42.01265044421055,87.58450852631707,48.48887485932265
2025-07-28 13:00:00,56.88546940822806,43.03653779629015,121.64745475172712,65.75339915011634
2025-07-28 14:00:00,56.128879016788204,37.997866383998016,110.68180079115335,48.34041032582885
2025-07-28 15:00:00,46.60871055435766,34.322636165956794,99.9718185691823,34.281492371118986
2025-07-28 16:00:00,55.64422736637741,28.86453526336778,90.5767435790286,59.388721444884716
2025-07-28 17:00:00,54.38710297069694,45.21343671152025,75.4033455015031,58.836546698591704
2025-07-28 18:00:00,108.59723583025534,88.40466145342474,50.7436314164824,52.4289227630078
2025-07-28 19:00:00,105.78793537162578,72.62725240349599,48.2467701894078,62.20945114660644
2025-07-28 20:00:00,112.8890236370194,79.46138426083114,29.715310538515737,82.15200670680781
2025-07-28 21:00:00,105.39028222729995,89.79590238806907,0.0,49.90277541280453
2025-07-28 22:00:00,73.96106465439718,71.81131992183619,0.0,53.411759804114226
2025-07-28 23:00:00,64.87342030902522,38.48384813060943,0.0,49.532370791276165
2025-07-29 00:00:00,24.712918339546178,16.44011086466292,0.0,75.6270752831603
2025-07-29 01:00:00,27.904816802107916,22.902484963384566,0.0,53.913241634707
2025-07-29 02:00:00,28.966195532281265,10.290262369881985,0.0,61.38622422438204
2025-07-29 03:00:00,41.07349499724275,28.99174226331055,0.0,60.98793660945606
2025-07-29 04:00:00,26.23714979394271,29.96071136171429,0.0,69.22916204109364
2025-07-29 05:00:00,29.6948223699542,15.577130956058053,0.0,46.51744910879087
2025-07-29 06:00:00,84.41057248116859,54.61274201010397,20.001536118941406,75.66839792032849
2025-07-29 07:00:00,89.07746333067867,53.29794147585613,32.19619038341751,58.287518451484644
2025-07-29 08:00:00,84.48232478388849,64.38012755947582,39.975187010044344,45.93740818474174
2025-07-29 09:00:00,81.70504514793248,47.085767467349164,61.754105547134166,61.553491083424476
2025-07-29 10:00:00,63.30677450008798,48.68340955686571,74.76415960621368,59.25052910557299
2025-07-29 11:00:00,62.838327814175784,34.560766647850876,98.39876730371283,53.07150839031179
2025-07-29 12:00:00,61.52050040986282,43.34395905477082,86.65529848685333,45.261974920512955
2025-07-29 13:00:00,50.438353475938705,32.03901957876097,110.28008100954177,52.129343261175855
2025-07-29 14:00:00,58.19413118144025,33.66465976921241,105.8004901924799,61.73616646171553
2025-07-29 15:00:00,51.424169126771964,26.839179007995774,108.03756637800035,46.76192001030493
2025-07-29 16:00:00,47.759425609822785,33.6007401252809,95.62135900929306,27.441340445293722
2025-07-29 17:00:00,50.78347825387638,30.217243905331202,72.07497313373777,58.21384677828868
2025-07-29 18:00:00,109.72051064954572,77.54519899377955,56.11039704931053,37.17973741404896
2025-07-29 19:00:00,103.46278681747036,86.31047050596487,43.14600385194373,50.61721057226066
2025-07-29 20:00:00,116.79290100198024,89.5931294423376,27.772555750676474,66.6522682985976
2025-07-29 21:00:00,113.38010783072967,90.24348799563401,0.0,65.06355337036229
2025-07-29 22:00:00,70.62137745545539,57.28169970576707,0.0,43.12034357745357
2025-07-29 23:00:00,65.95017667386544,44.22938499190082,0.0,69.4059794995356
2025-07-30 00:00:00,21.0,19.957155570278246,0.0,92.52307376025136
2025-07-30 01:00:00,37.03970757852318,29.333212443345328,0.0,53.501247015368754
2025-07-30 02:00:00,26.24464823495535,24.956990926551136,0.0,98.2304964083983
2025-07-30 03:00:00,26.61086550564042,24.091136003326092,0.0,45.45592958007461
2025-07-30 04:00:00,30.83416900144936,15.822981964547182,0.0,113.97054285156091
2025-07-30 05:00:00,36.332740163665534,30.718130987170433,0.0,66.86103061369377
2025-07-30 06:00:00,91.3383410458521,57.73995973205349,20.823700706948106,77.23609349976722
2025-07-30 07:00:00,90.6768139838584,51.5384338966003,29.324494080741307,23.563839913019184
2025-07-30 08:00:00,85.19532720513081,42.66828872896726,33.74090693024621,44.01929467082959
2025-07-30 09:00:00,85.12431507565181,55.37468995121032,58.291726764510834,47.26796205587523
2025-07-30 10:00:00,65.56815821321001,37.14980103579317,70.7509406826026,43.7507203249234
2025-07-30 11:00:00,63.42609292152382,43.19989491841236,80.92844642219872,38.41949579332835
2025-07-30 12:00:00,68.0133422902818,37.85416359718604,95.02701309658886,34.13273756688144
2025-07-30 13:00:00,56.453372579644956,33.48460264586789,113.2524391942341,66.9100121393396
2025-07-30 14:00:00,55.37887903469361,30.044231944839957,124.2030748736959,52.5679670595632
2025-07-30 15:00:00,41.35101732145423,34.79296860334531,108.11016360960853,72.25999127692779
2025-07-30 16:00:00,53.29379072596412,39.71895919078346,88.55889495186462,45.30004910642913
2025-07-30 17:00:00,52.228000626119275,42.00121166736396,79.9760863605642,46.495798196875164
2025-07-30 18:00:00,109.94180138675077,79.7836677630942,57.88660759541095,62.80280627276451
2025-07-30 19:00:00,105.79122530537406,84.95127659369885,41.522401861395636,39.85725536243551
2025-07-30 20:00:00,103.22414958203638,79.43397492035726,27.426490607432626,46.72382522515712
2025-07-30 21:00:00,111.26980933872056,92.15957102948224,0.0,85.47312584500632
2025-07-30 22:00:00,62.40805577750544,53.376383848009894,0.0,47.42017848486783
2025-07-30 23:00:00,66.59753017898392,39.50905784295001,0.0,36.5695098814778
2025-07-31 00:00:00,27.024458222167517,8.407270044567355,0.0,110.0166800651503
2025-07-31 01:00:00,36.41517080396603,37.28598205027351,0.0,48.85783448494324
2025-07-31 02:00:00,34.54836471331742,27.438853649842503,0.0,78.43925919535609
2025-07-31 03:00:00,31.37929491020545,26.37822507413489,0.0,76.28272468697149
2025-07-31 04:00:00,29.083775061512224,34.60006528236761,0.0,22.29702952303129
2025-07-31 05:00:00,33.87941287184087,14.830723172187717,0.0,69.97622668961645
2025-07-31 06:00:00,88.13265962656565,53.4554301601634,16.939319407470883,83.39394904059588
2025-07-31 07:00:00,87.43982330368505,55.258700772850304,29.560521878149764,48.97787606111811
2025-07-31 08:00:00,91.05908880101556,61.70123476510572,44.95650853107934,55.155480989429265
2025-07-31 09:00:00,92.78560715282721,54.001989151414136,60.21193650318842,40.633998906746726
2025-07-31 10:00:00,58.20129551331302,29.903810183224355,75.32310247942932,53.00690380014942
2025-07-31 11:00:00,59.110417360423845,30.63618845776952,86.87371989996389,37.23888598061903
2025-07-31 12:00:00,60.32597257884338,44.35706661435828,111.68064402176054,29.12742178437527
2025-07-31 13:00:00,45.811710846852336,25.20356302124418,101.42147611359998,35.461447182559496
2025-07-31 14:00:00,52.29025317118714,28.82407646452859,120.4050998642319,33.304289338769095
2025-07-31 15:00:00,55.2731455848486,36.93431644740417,97.95969570385695,65.73993769099691
2025-07-31 16:00:00,52.4762392089628,30.230260162630124,88.32717854896158,32.615825678468994
2025-07-31 17:00:00,50.16907414899029,22.651314522257096,68.77306316604165,56.08747886034651
2025-07-31 18:00:00,113.96430297957784,73.90610820699935,58.246947672826295,49.00163654012953
2025-07-31 19:00:00,109.527746886927,79.58837189949519,47.85909618575545,65.75692437462025
2025-07-31 20:00:00,110.43866642564505,82.8283994540335,31.770960772122308,90.4958985435594
2025-07-31 21:00:00,114.08929969454555,86.03873409180413,0.0,60.091594684879716
2025-07-31 22:00:00,63.28255711866787,54.54639553129276,0.0,77.80790130008614
2025-07-31 23:00:00,73.10810917030904,39.73041710628842,0.0,68.1226091508951
2025-08-01 00:00:00,27.984832482577055,13.373389907049095,0.0,72.5798141190376
2025-08-01 01:00:00,38.99076692030805,37.88927700570449,0.0,118.828699203583
2025-08-01 02:00:00,25.61369168139411,31.501053040940796,0.0,48.260876531321486
2025-08-01 03:00:00,32.32868206296199,26.792422514780505,0.0,99.7624978015266
2025-08-01 04:00:00,27.108605240371933,17.771962005224673,0.0,87.82816617281149
2025-08-01 05:00:00,35.038047526414914,24.10683885041132,0.0,66.40246280689061
2025-08-01 06:00:00,83.98175880663977,51.471488217247604,21.445680449378084,106.17902780521528
2025-08-01 07:00:00,87.44272589990109,66.03574355676751,32.09128134701186,24.353098035138387
2025-08-01 08:00:00,83.20636655981563,56.6273618903753,40.86298297944378,39.3634256434486
2025-08-01 09:00:00,90.35131882350247,60.60180959302284,59.64094040071875,31.59181468236129
2025-08-01 10:00:00,60.71197348362591,37.810662073290736,73.75236011594272,49.93187698767052
2025-08-01 11:00:00,71.23822095784405,48.48901988317691,104.98473062588592,32.6716684574351
2025-08-01 12:00:00,59.18086717517578,38.19929228074668,97.22424152139432,50.16931466268476
2025-08-01 13:00:00,46.372052831275035,27.827250529608637,122.63561482575524,50.35144677118506
2025-08-01 14:00:00,56.70936281510758,29.10584408671426,122.62880425432982,46.48398240742165
2025-08-01 15:00:00,49.764982082565844,28.21909976426479,123.25580862123914,57.9444221470241
2025-08-01 16:00:00,52.39481055322879,26.561622643186983,91.77480365509946,49.26633463380642
2025-08-01 17:00:00,50.97729327149095,33.30760147178173,83.1447524251176,38.439492221755046
2025-08-01 18:00:00,102.69801972531629,72.01923957564755,72.4444364107477,89.80025178532776
2025-08-01 19:00:00,108.25828543888086,65.5660252583406,42.605698378822574,59.63248570378677
2025-08-01 20:00:00,114.29687845487875,86.23357669258945,27.021636964415837,30.257176069667807
2025-08-01 21:00:00,113.11887344237843,80.06871656467807,0.0,53.6073062826665
2025-08-01 22:00:00,64.7059215883187,58.41794503645582,0.0,46.3896496940435
2025-08-01 23:00:00,68.66806147516002,49.843429919056696,0.0,81.92677376007244
2025-08-02 00:00:00,25.232166368876207,19.521648537375988,0.0,82.00520927720176
2025-08-02 01:00:00,28.53545551992747,25.286085014880005,0.0,83.46745846419155
2025-08-02 02:00:00,31.781122233285938,27.30414007432381,0.0,68.88037767215872
2025-08-02 03:00:00,29.413133279323,21.38564965315976,0.0,70.60092183949382
2025-08-02 04:00:00,28.88929501285549,32.07393369893284,0.0,68.86313588148508
2025-08-02 05:00:00,24.597103204555072,18.187888161697657,0.0,74.36103693772223
2025-08-02 06:00:00,63.087697149501466,49.95633779414229,17.05613406011305,91.75252189971631
2025-08-02 07:00:00,76.13413231066703,48.796627285476,32.86641236746707,49.36733231279634
2025-08-02 08:00:00,73.54823047802869,43.15615880746097,38.42522630754662,51.234940440440894
2025-08-02 09:00:00,76.51272610033908,46.31619907593187,59.995067971439404,51.22863390334718
2025-08-02 10:00:00,51.43523830908255,26.126222444360423,82.17798700630472,55.61063174167105
2025-08-02 11:00:00,50.19529956707106,36.192598936369905,97.19369742390401,48.82168965450118
2025-08-02 12:00:00,53.43226589866009,22.611474788402823,112.22094773787913,49.62660489813765
2025-08-02 13:00:00,47.72123179275371,35.749255639230135,117.58099306079012,68.9218737962332
2025-08-02 14:00:00,42.835798406551596,20.07289409858332,127.34600012607359,44.297526959258434
2025-08-02 15:00:00,47.48536670347423,35.26577766206758,100.25898632870525,41.76454140203555
2025-08-02 16:00:00,39.348947348827146,26.808108582270616,90.58775369861209,37.37883963633039
2025-08-02 17:00:00,43.15082127473163,30.260700799902576,74.49222460584329,55.56081615951194
2025-08-02 18:00:00,91.18915309964092,65.69632631351851,65.94383273405293,28.50844466483775
2025-08-02 19:00:00,97.0234214956407,72.82282567312784,48.49963581110916,76.20415576345047
2025-08-02 20:00:00,92.43899003906365,70.54282130694844,32.21596830982971,66.44675398682674
2025-08-02 21:00:00,99.36201558031594,66.4787742905279,0.0,87.68878775833458
2025-08-02 22:00:00,47.338218449031565,37.23688313126362,0.0,56.83661438114018
2025-08-02 23:00:00,53.98743511864599,35.75826052602048,0.0,64.83929477419353
2025-08-03 00:00:00,30.807291176312006,17.007378186592675,0.0,116.67763435034367
2025-08-03 01:00:00,32.7904193891409,29.7469500158313,0.0,122.62135877554957
2025-08-03 02:00:00,26.33988028597999,23.239974557394593,0.0,75.62213820172792
2025-08-03 03:00:00,37.58000852734876,21.328721887919304,0.0,95.25594941097764
2025-08-03 04:00:00,30.058337736622917,19.16629538928858,0.0,97.82170183846121
2025-08-03 05:00:00,25.108196191792867,18.964222421423262,0.0,99.62656685635568
2025-08-03 06:00:00,72.18420741941175,45.47288592566459,24.98585549125138,85.13403359059319
2025-08-03 07:00:00,70.84709302331251,40.31365801226912,32.02009728629718,72.18213892270936
2025-08-03 08:00:00,84.780878016386,50.489254030731104,58.29700707088451,28.84201066854138
2025-08-03 09:00:00,76.98106607413558,53.30040612897251,78.87272480449872,48.91341057906378
2025-08-03 10:00:00,53.47821600789174,35.10310405522975,95.5864860518549,60.791109046480436
2025-08-03 11:00:00,52.75111482380834,30.96016825858937,124.41285895759688,60.91813381701834
2025-08-03 12:00:00,57.53449578837135,34.89183964664034,107.03694759850234,73.15764958569234
2025-08-03 13:00:00,48.24882964414759,27.788043779055304,125.8369280248664,82.88652784036432
2025-08-03 14:00:00,30.65197528572771,18.483386745825683,123.6212985002717,59.22762754545404
2025-08-03 15:00:00,46.64741911897063,29.90719531346008,130.51163089285396,84.50728703526141
2025-08-03 16:00:00,43.879799370574446,31.54062202559068,99.74301797327233,52.395125236948054
2025-08-03 17:00:00,37.85380272462923,14.874683059374629,95.74445201278687,78.62378088992011
2025-08-03 18:00:00,95.21886347365006,66.93911495552973,78.01386039901284,92.64970191646617
2025-08-03 19:00:00,101.36574590635347,63.519578039083285,54.29721663969148,106.91114191659695
2025-08-03 20:00:00,93.76348160606628,74.11248055428291,36.15425092658742,84.17206228019036
2025-08-03 21:00:00,96.20982783549717,79.7045751485544,0.0,75.20190289231239
2025-08-03 22:00:00,61.37327582104457,49.8543376759332,0.0,50.666147372935676
2025-08-03 23:00:00,49.518560228964525,35.206373851227355,0.0,88.37001998935867
2025-08-04 00:00:00,21.64092849674887,11.00829579551471,0.0,55.384373695863566
2025-08-04 01:00:00,32.95589728489276,30.62060913943682,0.0,61.56797312602867
2025-08-04 02:00:00,28.88574808601347,28.021983507284318,0.0,53.93431557040154
2025-08-04 03:00:00,23.816219464328057,29.823137932055864,0.0,67.95622730615486
2025-08-04 04:00:00,29.648235287388932,31.34377108049992,0.0,76.25822935871133
2025-08-04 05:00:00,33.27396318205779,16.369428983734615,0.0,82.0482808238938
2025-08-04 06:00:00,84.76674826412219,60.14803922449745,18.826758119033865,65.2662005286489
2025-08-04 07:00:00,81.89639641725414,61.84641409699772,29.516653723210787,58.3945049632693
2025-08-04 08:00:00,84.43133898422751,44.982062124618835,50.67280103831301,43.67875023500258
2025-08-04 09:00:00,85.34947666170575,52.79606022014463,66.89259759984616,37.00312887941811
2025-08-04 10:00:00,54.45767038485398,32.788357571827696,80.59852835684548,48.68384944887408
2025-08-04 11:00:00,62.49785327740323,42.32312536737848,94.26428865521014,68.69584258970761
2025-08-04 12:00:00,57.09080844201934,21.184252890158373,92.60031368128081,49.93793401220414
2025-08-04 13:00:00,54.957567256321056,44.33174345290702,107.55959735379273,48.88017064950834
2025-08-04 14:00:00,44.96725888208562,26.382949983460023,135.6257256528564,33.22884616844331
2025-08-04 15:00:00,56.54906539270534,40.246196643954,99.18982971671488,50.80792841139607
2025-08-04 16:00:00,50.15070766076339,30.438946533888295,99.00313139377782,56.913883045349465
2025-08-04 17:00:00,49.54855979175207,34.75206035476625,87.36713036305893,48.547883834885205
2025-08-04 18:00:00,109.05894663231112,67.73581069530113,56.64527927741455,31.375272904369144
2025-08-04 19:00:00,103.83674594094698,74.82184099819764,46.748190953101776,54.418834783932546
2025-08-04 20:00:00,108.98825683803753,83.48253370456395,34.03734891997461,94.24854427406447
2025-08-04 21:00:00,104.43941145835457,79.84717405344895,0.0,93.89367915503638
2025-08-04 22:00:00,60.635035261209886,42.298668783608946,0.0,53.79551876046378
2025-08-04 23:00:00,64.96443432865246,44.410555117282364,0.0,80.74019976176356
2025-08-05 00:00:00,24.876386698195276,18.818899030015416,0.0,68.77517778092984
2025-08-05 01:00:00,24.310482142069393,15.306538902405489,0.0,131.73574390729064
2025-08-05 02:00:00,31.117014783346537,13.516200533560761,0.0,103.48197131752684
2025-08-05 03:00:00,29.87895066379777,24.978014678327092,0.0,120.65258043223736
2025-08-05 04:00:00,30.759117351642264,31.410561881265483,0.0,55.696939624065266
2025-08-05 05:00:00,31.474376565246395,35.0389654018968,0.0,114.0221947045167
2025-08-05 06:00:00,85.46347252247966,45.453500616374015,0.8287826587417497,97.31703321900133
2025-08-05 07:00:00,87.94169933820005,60.42872679535193,1.5766277498946457,70.96244396230229
2025-08-05 08:00:00,85.6437458217522,59.431631666508665,1.6167597147648265,71.88296152231149
2025-08-05 09:00:00,76.17241498180938,44.434707840589965,2.7662845175472826,59.464599333603076
2025-08-05 10:00:00,55.10098122178284,30.4518315475638,3.2293556900401326,49.71495517238843
2025-08-05 11:00:00,71.64223320885056,35.964605061044644,4.193874948747444,69.90599358235423
2025-08-05 12:00:00,62.966785299526066,34.41322951794198,4.633900151555151,57.62266131201336
2025-08-05 13:00:00,56.12313901419459,35.463221669245,4.485097828964616,53.36034852629399
2025-08-05 14:00:00,50.29138400614581,38.60200918220135,4.851835805851012,52.55211039059554
2025-08-05 15:00:00,51.585983656694964,40.02343824465231,3.8106214078038594,43.047690683109394
2025-08-05 16:00:00,49.806910637248855,21.291428650722796,4.140575048581597,59.54565874548985
2025-08-05 17:00:00,62.943724573043795,33.40392192801245,3.3527331177565434,87.06834098538346
2025-08-05 18:00:00,108.58369406357394,86.32823396734597,2.680581156686368,71.28721590390619
2025-08-05 19:00:00,105.03724258815741,72.78134034727552,2.023765904329877,76.13141941432049
2025-08-05 20:00:00,100.01217445249945,73.02314213928729,1.3200751204718684,105.41095571017807
2025-08-05 21:00:00,116.32590365524663,78.91534605363427,0.0,69.49046357151273
2025-08-05 22:00:00,62.23170916423382,58.71260956865555,0.0,89.84552126840038
2025-08-05 23:00:00,66.31549293578837,34.272854468190175,0.0,83.81287987786642
2025-08-06 00:00:00,33.851987806379455,13.501417809287116,0.0,92.79521015304825
2025-08-06 01:00:00,27.917262644563333,30.482360525260106,0.0,47.04236399600199
2025-08-06 02:00:00,33.0260374892377,36.3638524353869,0.0,61.15893977718826
2025-08-06 03:00:00,27.281377709617722,22.504877117295194,0.0,45.85760623925534
2025-08-06 04:00:00,25.543081370822627,22.36123340656101,0.0,72.62649537103401
2025-08-06 05:00:00,35.24009111630495,28.998382144438533,0.0,101.1890128735312
2025-08-06 06:00:00,84.2619016682679,55.955553516519025,21.046637881857848,67.85287659535372
2025-08-06 07:00:00,87.30706162867975,54.8915500295889,29.94524252688788,40.65071779104339
2025-08-06 08:00:00,86.82289834993577,51.924949496485176,44.20323577163576,56.75584877250567
2025-08-06 09:00:00,87.8444476977166,44.12163708771523,70.15181959817649,59.048872060084804
2025-08-06 10:00:00,55.788399204193546,36.572020671450524,91.71942092216146,45.56835519851338
2025-08-06 11:00:00,60.15900801717719,36.075557397934304,97.34201452512197,54.57717732942051
2025-08-06 12:00:00,61.33267719936695,34.98580884460001,112.8587194011133,34.05363513780314
2025-08-06 13:00:00,47.960692145360674,21.691902153556725,111.03460228830127,73.09596835240504
2025-08-06 14:00:00,53.63287698949113,23.426287407158057,130.92700558616423,83.57154808914892
2025-08-06 15:00:00,57.04336502259892,36.742229587296464,118.43071558620721,61.45113863827308
2025-08-06 16:00:00,57.755677122475724,41.33113369427577,114.64278732566748,26.037244970974555
2025-08-06 17:00:00,50.175924729972905,31.028448552053504,76.48592305471456,46.77960068143494
2025-08-06 18:00:00,108.46853872789535,75.73124574408597,62.13167907741434,62.69627052716045
2025-08-06 19:00:00,109.16008811704022,74.82936130752314,47.741910884432315,62.53487025079813
2025-08-06 20:00:00,109.95034477075065,84.84000788957704,33.88218719166385,92.13209054628116
2025-08-06 21:00:00,103.20308451800787,78.57375781057848,0.0,80.17841440869421
2025-08-06 22:00:00,70.9854266152932,60.926655339238934,0.0,57.554603503168195
2025-08-06 23:00:00,66.96215623765985,47.987742062953814,0.0,70.46414941126996
2025-08-07 00:00:00,34.286922046615985,23.658634454600374,0.0,60.643614091733205
2025-08-07 01:00:00,35.41557025605179,18.243839221111408,0.0,74.52975513089929
2025-08-07 02:00:00,32.40361174019693,18.188998580515694,0.0,67.26680592445422
2025-08-07 03:00:00,25.377089596270622,27.705508793458982,0.0,101.03007337376208
2025-08-07 04:00:00,29.37462270800202,15.481493073206801,0.0,119.4066839614961
2025-08-07 05:00:00,22.57025972222138,21.5286761975688,0.0,50.152498065684995
2025-08-07 06:00:00,86.610429697503,50.566553842795116,20.613792791528752,40.54633219566048
2025-08-07 07:00:00,83.98114194211216,47.746215007466695,30.218945802887365,43.98469189933685
2025-08-07 08:00:00,84.56025267798593,50.38477792869905,50.60255108059213,29.069702572886392
2025-08-07 09:00:00,90.16060848924255,65.83733070301219,68.33707594597249,47.39801416786732
2025-08-07 10:00:00,60.56297937938877,42.09371272628284,76.87931997567705,55.629849165638674
2025-08-07 11:00:00,61.484898338418496,32.6455546763385,110.92051718833002,64.35931705862063
2025-08-07 12:00:00,62.71833238472731,43.12579024717034,124.00897385294112,49.21585382191091
2025-08-07 13:00:00,43.27791200504936,24.860824568651235,122.00363097590811,52.02636860638778
2025-08-07 14:00:00,50.36059067648169,39.49721955421023,121.47543124074807,27.628468646044595
2025-08-07 15:00:00,40.37180002212288,37.46958303452119,118.4196618681217,55.023991000743635
2025-08-07 16:00:00,48.92303009887988,36.76100405461625,93.1710327248097,55.64038048056938
2025-08-07 17:00:00,55.40622786767843,34.91132660637066,83.15979743951303,63.39845499894599
2025-08-07 18:00:00,108.87845376695122,84.90405046055501,53.4845028192562,44.983554995460054
2025-08-07 19:00:00,104.18906285777807,76.49184816897586,50.58382525274508,62.640604562706336
2025-08-07 20:00:00,107.04934623682857,70.53071235763872,28.4294347036329,44.314668834659344
2025-08-07 21:00:00,102.02830120273458,77.6891844166232,0.0,30.024132082428103
2025-08-07 22:00:00,62.60890723872,47.96513481493505,0.0,50.80733879532053
2025-08-07 23:00:00,75.80589383760913,48.540810686679116,0.0,42.69242791511081
2025-08-08 00:00:00,38.30610594167369,36.80755438583789,0.0,85.12545301392694
2025-08-08 01:00:00,30.236799585077677,29.750559317923784,0.0,68.34564886238341
2025-08-08 02:00:00,30.720648742119185,25.928570477066973,0.0,67.95104504404169
2025-08-08 03:00:00,25.59195608414452,28.322475009731843,0.0,59.193044882938395
2025-08-08 04:00:00,26.391949014220273,14.743479344701418,0.0,15.06399566439076
2025-08-08 05:00:00,31.629829449471124,25.696649395459495,0.0,108.12279346355409
2025-08-08 06:00:00,82.14988305902597,59.10495574905557,23.692433038578212,58.88177800899974
2025-08-08 07:00:00,88.58057278122227,44.16339641706409,31.890819607073276,42.2524270886288
2025-08-08 08:00:00,91.57548516879005,63.67820337777407,46.85250238512141,29.974797861663898
2025-08-08 09:00:00,86.00869313590482,44.54296713446993,61.87147456805402,58.55650004073292
2025-08-08 10:00:00,62.90424212957229,27.758999394657145,81.71765176908536,48.798892977350306
2025-08-08 11:00:00,54.88291639119469,41.80026438494613,112.3450889222913,37.377221414167934
2025-08-08 12:00:00,65.81067080701685,34.914845750280314,91.57493763539854,42.49021855042631
2025-08-08 13:00:00,46.26716639581809,20.59791836214533,134.13572566865054,78.02001231972633
2025-08-08 14:00:00,49.53264617389346,34.858922107984995,124.99396982790168,53.958658849596546
2025-08-08 15:00:00,55.73177876847696,32.08042566359205,103.28945510918408,52.46420517152709
2025-08-08 16:00:00,56.047598992134496,34.44042075064651,92.21573119204923,42.02639884708989
2025-08-08 17:00:00,49.31440337966832,31.264903388326147,94.86285919018063,28.929129902749597
2025-08-08 18:00:00,104.73725459834776,78.87221120387372,60.215423203053,52.76229955786593
2025-08-08 19:00:00,103.43043957583268,74.02148763953389,43.26208619865237,76.41456687647891
2025-08-08 20:00:00,101.1870326515211,74.07669071892505,35.73618978605159,90.08990390032693
2025-08-08 21:00:00,103.72079483601861,79.65046527138193,0.0,30.942281668594553
2025-08-08 22:00:00,55.18733961817652,50.839404343267994,0.0,50.7884117682398
2025-08-08 23:00:00,65.52020632007981,47.58950213370169,0.0,60.40506019988399
2025-08-09 00:00:00,31.775356223228442,34.54320451364196,0.0,78.86314373462258
2025-08-09 01:00:00,32.522381781917304,21.409491945371233,0.0,76.06988745908676
2025-08-09 02:00:00,25.70518177241186,21.303173684728257,0.0,76.53055347403107
2025-08-09 03:00:00,24.622182464182245,23.21385954730743,0.0,86.9847734719137
2025-08-09 04:00:00,30.240814234411022,29.240589802528582,0.0,61.107186342754154
2025-08-09 05:00:00,30.288461542276014,14.75280756257287,0.0,97.36520482503212
2025-08-09 06:00:00,70.41423999153619,45.78168102382773,21.896874955145964,87.48512990999579
2025-08-09 07:00:00,69.77427950399913,32.10887022533692,30.54257581277801,43.57235676220485
2025-08-09 08:00:00,78.77544521496918,47.78892976738582,48.87673583791581,66.31348860435789
2025-08-09 09:00:00,72.99406676841285,51.91752279222469,60.27976669567258,65.7867138666733
2025-08-09 10:00:00,61.23826842310754,32.98772874174623,91.74578362320358,58.40436950524047
2025-08-09 11:00:00,58.08055827595068,38.53029533306279,110.3455409856698,11.620066693655431
2025-08-09 12:00:00,60.03493482858639,31.098607513693707,120.15705634467874,66.05345282694466
2025-08-09 13:00:00,38.18176393598827,16.558014243213513,126.23461740240047,66.23033728660104
2025-08-09 14:00:00,45.686115844081414,29.680915468939673,139.97069414856313,82.96694569548268
2025-08-09 15:00:00,41.0739016841201,17.37431849554876,115.24898710273537,72.3454674122586
2025-08-09 16:00:00,35.531606183472384,23.554449796434724,92.09280726921197,77.05404042754876
2025-08-09 17:00:00,49.74886064759015,32.505615424501165,87.352050059184,67.3892031721708
2025-08-09 18:00:00,88.46207640350524,57.82316604941401,76.62755463747021,73.88187599616803
2025-08-09 19:00:00,85.03573543298049,61.57680312711392,44.14387208651829,106.45361170455057
2025-08-09 20:00:00,87.91815538456144,60.44642000809238,32.06536994365894,74.88458701643322
2025-08-09 21:00:00,86.20068421669838,73.14856486181236,0.0,43.11636498468555
2025-08-09 22:00:00,49.24857480723333,35.69644920587661,0.0,65.57824638860315
2025-08-09 23:00:00,51.37300040568641,34.63865942150758,0.0,77.96395010417403
2025-08-10 00:00:00,37.788668368701344,24.528089409494104,0.0,80.82691361515279
2025-08-10 01:00:00,27.001572525549186,30.40080386624726,0.0,54.61546938361266
2025-08-10 02:00:00,37.46671798898636,28.75429804300494,0.0,46.98865636265984
2025-08-10 03:00:00,33.819765581907845,30.761548565353014,0.0,64.64025277122101
2025-08-10 04:00:00,31.78322203613739,25.497958976223565,0.0,95.3633055464067
2025-08-10 05:00:00,33.366540145133435,25.33180095636188,0.0,110.68811869298985
2025-08-10 06:00:00,70.94324001379908,42.772948234133864,22.20350552483835,97.52195062410661
2025-08-10 07:00:00,76.66901499391594,55.830882743257156,33.137173812008875,60.18957283900634
2025-08-10 08:00:00,73.43320071123247,45.90847241302515,44.61782614718779,46.643090080525305
2025-08-10 09:00:00,63.39079259391572,31.571574390137066,72.12671442736801,26.871981476163928
2025-08-10 10:00:00,53.556975838402735,32.2687541650014,100.75876197216333,42.187212377484826
2025-08-10 11:00:00,55.751721288364664,37.11767058414194,104.12021389205866,44.525281166817145
2025-08-10 12:00:00,50.923336661192415,22.02105536397014,107.75963218723547,41.689361512329256
2025-08-10 13:00:00,43.46301988129427,21.19360249563141,108.33011416804771,56.298468456765356
2025-08-10 14:00:00,40.13700747804674,15.723288017119721,126.20473131895545,61.66805112534286
2025-08-10 15:00:00,36.69555300179555,25.51990826531052,126.4192352511406,67.38295520797132
2025-08-10 16:00:00,35.91817253489099,32.785983498542514,106.40857377781944,51.67741553259244
2025-08-10 17:00:00,35.97806251227169,24.457972047772305,84.96888370531249,29.105799301177534
2025-08-10 18:00:00,92.55043824928055,71.93740923528203,63.06641217816086,48.83440168827107
2025-08-10 19:00:00,78.33346922046967,61.945037245734845,44.19224480372482,72.1876522376495
2025-08-10 20:00:00,86.54057723682749,72.71730876361151,35.50318128534025,93.2367071260753
2025-08-10 21:00:00,86.09429712455895,64.57920631418746,0.0,61.27092931420252
2025-08-10 22:00:00,50.95412423295431,42.205567495190714,0.0,80.55718589452756
2025-08-10 23:00:00,43.869900170184984,30.555158674639,0.0,76.58594285045797
2025-08-11 00:00:00,31.817496426332784,23.523740510730498,0.0,80.62018571129124
2025-08-11 01:00:00,24.270773726280453,36.128122042865876,0.0,98.29631283058296
2025-08-11 02:00:00,35.09582493319171,25.738562178915885,0.0,66.5702829810641
2025-08-11 03:00:00,27.202054405850255,17.77506107178465,0.0,68.27791687621652
2025-08-11 04:00:00,29.569741394646357,15.30255366146923,0.0,79.50771628620093
2025-08-11 05:00:00,30.016982354498428,30.505389777541616,0.0,66.98285739309799
2025-08-11 06:00:00,84.92223583057749,47.8162266202844,23.236163198016417,89.87283072783632
2025-08-11 07:00:00,83.98971579143756,59.39540557363372,29.39008185402808,39.31595913136448
2025-08-11 08:00:00,81.90115362340808,47.718716109387955,55.00267438418278,50.55397787012207
2025-08-11 09:00:00,85.36686948082811,45.3986414513644,69.75986777426644,46.64874316968309
2025-08-11 10:00:00,64.02752540675598,42.82556726788702,95.22929251514402,50.417874216681156
2025-08-11 11:00:00,58.48675731753539,33.070967127608554,92.21042483294362,42.34767455700513
2025-08-11 12:00:00,63.84851850490969,41.48681359626019,104.26619481683699,43.790896311674686
2025-08-11 13:00:00,56.345960793748205,35.613522260176396,123.12097735804807,57.16132669668498
2025-08-11 14:00:00,54.159743315411056,34.14903932230299,129.61797012466016,58.64150638700923
2025-08-11 15:00:00,55.178908020352914,29.736631675769434,133.87853430212436,55.76284250938827
2025-08-11 16:00:00,51.75686325302408,33.62040928636377,109.13712933529433,79.62044522987338
2025-08-11 17:00:00,46.770542425603615,25.383485593303412,83.97768567657212,41.99538107691269
2025-08-11 18:00:00,102.07303879721472,60.032485025156426,61.22033094670935,54.925494052481454
2025-08-11 19:00:00,107.15593472122599,83.90796931453968,53.59796886006898,43.535450369076294
2025-08-11 20:00:00,109.95887562906653,81.54781602456764,30.94895827342332,78.44659285784564
2025-08-11 21:00:00,118.25304247885438,87.03408956968214,0.0,51.76003273504505
2025-08-11 22:00:00,66.3480620695024,46.0629758744096,0.0,66.77686166760499
2025-08-11 23:00:00,56.662902410789926,28.253609228154005,0.0,65.09466810575842
2025-08-12 00:00:00,26.54727342438008,22.16426202590867,0.0,85.76996772241941
2025-08-12 01:00:00,40.253327921802,37.87537791560777,0.0,69.06669732788247
2025-08-12 02:00:00,29.0352498061045,22.075762057819215,0.0,68.21489072658176
2025-08-12 03:00:00,30.2138158564258,18.40427625409954,0.0,108.91032256606812
2025-08-12 04:00:00,25.67812385815847,21.703176246926603,0.0,85.84361163497235
2025-08-12 05:00:00,37.0429653250841,39.462641029447056,0.0,68.90120507579346
2025-08-12 06:00:00,85.84641542072953,58.885539793516614,24.65850470207749,75.11657396670135
2025-08-12 07:00:00,80.10920992230282,45.51128582542657,33.02104650635428,67.8646428117357
2025-08-12 08:00:00,79.122702187929,50.747140825462644,55.419786506133946,45.25830402919072
2025-08-12 09:00:00,84.97733374432714,55.16103912052769,70.8489036015414,39.79927946388078
2025-08-12 10:00:00,61.95761477780208,33.07017499653682,85.33959712314446,39.850736418391236
2025-08-12 11:00:00,65.50318296833511,44.86285999072309,99.75518444241,41.48406977703325
2025-08-12 12:00:00,64.22004511991244,33.72694167677031,114.721478402707,40.93864736868347
2025-08-12 13:00:00,49.6504109229079,20.651305216376414,129.84611897548865,38.152608075824595
2025-08-12 14:00:00,48.39346531279055,29.56526183420593,126.31922605549876,40.33274388358021
2025-08-12 15:00:00,50.12083282502195,30.23172393606843,112.33532435065338,44.468396129371115
2025-08-12 16:00:00,48.362508682411274,29.0554626480931,102.70076966330433,64.39622510381727
2025-08-12 17:00:00,50.25469259474528,27.492715131766182,86.82765546044934,50.75270692961774
2025-08-12 18:00:00,105.5051291635206,73.87014025511823,55.75511414381559,53.19409602288333
2025-08-12 19:00:00,101.39045596452314,78.68463441324609,50.96587967275938,95.03015606037397
2025-08-12 20:00:00,108.26920436417386,80.69630952849818,31.141424340325074,95.47949737995248
2025-08-12 21:00:00,103.76422026961988,74.07241656388643,0.0,67.04067278828883
2025-08-12 22:00:00,57.97020741455599,38.08244568447139,0.0,60.75222365056617
2025-08-12 23:00:00,60.176453563571634,37.50882799719497,0.0,56.54055021507341
2025-08-13 00:00:00,31.09016170479129,22.82003003283398,0.0,94.48075420871342
2025-08-13 01:00:00,30.373671899159866,18.810554523363805,0.0,76.41151860149131
2025-08-13 02:00:00,31.89953151707008,19.32677182089587,0.0,72.75154510963745
2025-08-13 03:00:00,34.04255756283988,21.637241882926062,0.0,64.15123774849832
2025-08-13 04:00:00,35.87223091803615,25.597646294379746,0.0,65.03706313701005
2025-08-13 05:00:00,31.284687732096238,27.13150671164224,0.0,86.97674386926626
2025-08-13 06:00:00,78.55515689900302,52.03937575950385,19.949032289774262,54.048910454247526
2025-08-13 07:00:00,82.1564690301764,53.36202253998469,29.443518652577744,60.337717102377056
2025-08-13 08:00:00,78.84803491183922,50.169376944941014,42.41791987822843,41.87095079686266
2025-08-13 09:00:00,91.00331097326801,53.77025601802996,60.352800549067624,46.51216906379
2025-08-13 10:00:00,70.5314047025443,50.27231520439838,81.98950813766638,32.169148069687296
2025-08-13 11:00:00,64.5145011199056,42.33588224100578,121.2284125748681,48.17038258190297
2025-08-13 12:00:00,65.4511655230477,51.422725707487686,113.80702143898507,44.35366489737501
2025-08-13 13:00:00,51.82766164554169,33.52765758725772,128.26584641655032,55.66725700913067
2025-08-13 14:00:00,52.34566889555028,25.58153818907924,130.5193074757869,77.11423818827187
2025-08-13 15:00:00,43.50987329349567,20.149023953660947,120.05089873291841,58.87740158804759
2025-08-13 16:00:00,50.36572163232063,37.07400336814773,104.19565546068634,45.17371441714848
2025-08-13 17:00:00,46.73322849541855,26.075889519836185,78.60817160582832,46.34823680387359
2025-08-13 18:00:00,106.4129389708761,80.57550024420057,75.55059281482353,64.76039704579226
2025-08-13 19:00:00,104.87859024770503,69.14378471129363,56.685543349067885,96.0118502820241
2025-08-13 20:00:00,113.90753338251095,85.46976581445979,29.45627797050863,77.5879729870481
2025-08-13 21:00:00,109.27165915120622,75.69254090754423,0.0,84.95905713410532
2025-08-13 22:00:00,62.868404652519466,55.909338951389756,0.0,83.5280367868629
2025-08-13 23:00:00,60.386872139043746,32.933368080189965,0.0,98.19296429334935
2025-08-14 00:00:00,37.54209656441969,29.920091432460783,0.0,41.47834711315456
2025-08-14 01:00:00,29.865204092430616,20.148087217310078,0.0,94.41455295546425
2025-08-14 02:00:00,31.49253282735875,22.308056769719464,0.0,100.81747112195782
2025-08-14 03:00:00,30.190123219920757,21.49009386770136,0.0,53.83574562148691
2025-08-14 04:00:00,28.181307424317048,20.704395925495312,0.0,63.0007398379791
2025-08-14 05:00:00,30.16427800073484,24.188439366454293,0.0,63.70644763286266
2025-08-14 06:00:00,74.31202262383432,42.83859617130619,20.321187530942876,66.1742710699969
2025-08-14 07:00:00,76.17619464630141,44.524069055005036,33.51516857451536,42.703432102919905
2025-08-14 08:00:00,84.71421088940008,51.74369884394437,46.03189916897445,51.49492061607026
2025-08-14 09:00:00,90.19777205926043,52.39196912165949,70.93874772990836,59.05750336432551
2025-08-14 10:00:00,62.985150057563814,32.68483382250125,82.44318281812379,61.6748785816623
2025-08-14 11:00:00,58.17649524188011,40.38096656143505,123.88778316529599,38.38116779116566
2025-08-14 12:00:00,54.92531319561205,30.550401967237573,131.05464411349914,38.29766201585987
2025-08-14 13:00:00,54.087168579569585,28.367380656244013,129.5413636473318,75.27473306910453
2025-08-14 14:00:00,48.00441772786126,18.4612516749579,137.84023930691075,65.80025063030541
2025-08-14 15:00:00,53.45135529091573,42.92102753392331,130.2443379584196,57.81543670545257
2025-08-14 16:00:00,52.31118911872494,46.01228525261837,100.83364690948605,63.34471589055512
2025-08-14 17:00:00,52.70914767257531,28.730651520055964,81.82726055833498,56.219991855895046
2025-08-14 18:00:00,105.01479949794943,82.7523302993751,68.60526532900205,64.07041366606987
2025-08-14 19:00:00,106.58999154722181,76.90702601228503,53.319188765928374,66.70691186037135
2025-08-14 20:00:00,104.32604700920491,86.18264416842077,34.66396608829286,77.71942634413793
2025-08-14 21:00:00,102.0047124102015,82.39462728361131,0.0,45.32391051989998
2025-08-14 22:00:00,57.08240931659282,49.82923956279631,0.0,60.303412427541176
2025-08-14 23:00:00,50.68561549804565,22.46308792159431,0.0,60.499551760793395
2025-08-15 00:00:00,29.185006969179707,17.30721629828648,0.0,73.68579768589032
2025-08-15 01:00:00,36.83720182328379,26.793848165079613,0.0,62.464612733532306
2025-08-15 02:00:00,33.28536041641919,25.607605224952838,0.0,70.45120832467711
2025-08-15 03:00:00,31.024691033141814,17.192365534741057,0.0,50.516294970092304
2025-08-15 04:00:00,26.69697752569882,17.080586268535097,0.0,92.44640932345385
2025-08-15 05:00:00,34.48802651591585,27.787626913506767,0.0,79.61780746593459
2025-08-15 06:00:00,82.37830866039376,46.392053392051096,19.477474144379364,46.63866480213339
2025-08-15 07:00:00,90.00240497555814,59.410234742156455,32.305421131668076,38.59677433408814
2025-08-15 08:00:00,78.5003078786813,57.51804318742762,49.93293880710042,52.88146353784428
2025-08-15 09:00:00,79.54033768763041,52.47548879140562,68.24093785907624,42.155144286823464
2025-08-15 10:00:00,57.4361856736422,37.765487206434436,102.06816323289212,40.27821616921433
2025-08-15 11:00:00,54.57936775567747,22.040028145173395,94.54673907393139,47.86727295311452
2025-08-15 12:00:00,57.03219933926759,28.197314489774328,125.36968500317212,52.96677559983217
2025-08-15 13:00:00,50.88022352113874,41.924028043634834,143.5476502863505,36.47195675847669
2025-08-15 14:00:00,47.210845740364284,21.546055563171315,150.0,64.73280216235509
2025-08-15 15:00:00,33.06206137060942,28.480094761106184,116.59770709204138,45.52090843901382
2025-08-15 16:00:00,55.249980190582654,29.218108182821652,110.5179015730577,56.651297230740774
2025-08-15 17:00:00,42.83732857012878,25.559763961846585,92.17499021648962,56.40244330436637
2025-08-15 18:00:00,107.23302798637408,81.05114884473433,69.73022073807083,49.40799865738113
2025-08-15 19:00:00,104.72196635789726,78.07686596411011,49.83299142247134,54.441213208180116
2025-08-15 20:00:00,114.10967837827576,86.06887538365666,35.726755634660556,67.93972238034357
2025-08-15 21:00:00,109.067809371236,75.56995083784773,0.0,102.89475684934585
2025-08-15 22:00:00,58.97817974294814,44.64048815285372,0.0,48.25846507040618
2025-08-15 23:00:00,58.08961439203162,33.348781008564906,0.0,104.11995950997812
2025-08-16 00:00:00,36.76227456359678,22.605444679771896,0.0,76.3630625542049
2025-08-16 01:00:00,23.358580063043647,20.681044095043614,0.0,82.38779354353198
2025-08-16 02:00:00,30.858959711634185,30.084397913292236,0.0,59.478903772729666
2025-08-16 03:00:00,29.409957915376477,23.56890367693721,0.0,65.91908432021793
2025-08-16 04:00:00,28.45548269082896,25.62370098964795,0.0,71.39802709005932
2025-08-16 05:00:00,31.590812930017915,25.026034543472594,0.0,60.31629995028595
2025-08-16 06:00:00,70.57745784323517,39.497373659500326,17.895512570294052,77.400281746571
2025-08-16 07:00:00,71.78274181350898,47.93834562834283,36.65508805753447,44.01349997040625
2025-08-16 08:00:00,70.34982890658091,45.01760145891436,51.083777594927845,71.67116466010255
2025-08-16 09:00:00,71.60400479352374,50.83210463841991,67.89518211047331,34.71637817997701
2025-08-16 10:00:00,51.775972221401766,25.449542746644617,103.29304301909066,50.25732469167625
2025-08-16 11:00:00,48.38840786073617,17.75210214212762,101.28276179894908,52.03546037858554
2025-08-16 12:00:00,51.373834524274265,32.7122654958968,117.40692818044805,35.88812044873023
2025-08-16 13:00:00,38.956784525673235,22.6523714356287,149.71906853086986,66.9817311249308
2025-08-16 14:00:00,38.6598293230525,22.266691768851558,120.54697496419509,51.47326029326797
2025-08-16 15:00:00,40.65884903211144,26.921319653943048,115.97983549145779,21.545992699069757
2025-08-16 16:00:00,41.63411982103003,30.242665916431577,105.80434676096094,66.59617707360142
2025-08-16 17:00:00,42.33003792290647,25.03506224652228,94.7286804692736,41.20319996963699
2025-08-16 18:00:00,92.21675281181763,66.80868482739564,70.27463256697202,42.19168402716926
2025-08-16 19:00:00,85.84995971724884,63.18891643798941,45.3434949639874,86.13911388425585
2025-08-16 20:00:00,88.97888175781932,59.96846690190093,33.27868325280827,67.12006085089037
2025-08-16 21:00:00,88.62417280142982,66.94236467075929,0.0,90.3629230821758
2025-08-16 22:00:00,48.61700155961229,40.370026946936115,0.0,95.73559402666882
2025-08-16 23:00:00,51.68766239113904,47.761043836391934,0.0,61.648661669104385
2025-08-17 00:00:00,34.51224636829791,21.56958666700782,0.0,98.29737618950621
2025-08-17 01:00:00,30.8392779759753,24.62748162749519,0.0,66.53708000265442
2025-08-17 02:00:00,31.019627680622886,25.352017449889548,0.0,127.82503371267252
2025-08-17 03:00:00,26.826022510757998,17.905959406686534,0.0,67.81887069084823
2025-08-17 04:00:00,38.85986483042194,33.500054035955685,0.0,103.07201167520478
2025-08-17 05:00:00,27.082396333548743,31.62320750920423,0.0,99.33356471899057
2025-08-17 06:00:00,62.02932742962534,40.287008018549415,21.493513940675562,88.51176180624697
2025-08-17 07:00:00,73.40518154307034,45.828042487334,34.77375107881255,40.96711227208603
2025-08-17 08:00:00,69.01767632367107,54.77258322994754,52.644391812966575,47.3549106302141
2025-08-17 09:00:00,68.17066480782715,49.67084992847664,71.9138329905799,22.71907002996335
2025-08-17 10:00:00,48.75827273971487,32.33747230410134,76.65494730238589,51.97913605346317
2025-08-17 11:00:00,59.63598056098801,43.6608615858112,116.94993024313132,53.51959441001397
2025-08-17 12:00:00,52.808921005287814,38.90058792613047,124.59441132310701,50.860408465106474
2025-08-17 13:00:00,44.5266011237085,25.44338202884281,144.40277462895347,14.738378446401846
2025-08-17 14:00:00,42.784490932425825,27.003184197003712,134.62305732746296,39.252290951286724
2025-08-17 15:00:00,43.26794388680901,28.860594144216133,132.88685970643036,46.68175110040541
2025-08-17 16:00:00,48.346531373822984,28.804453278193733,111.7991128875582,61.607552077967284
2025-08-17 17:00:00,40.923874650780995,17.02046813521729,98.97266589035483,61.57424765650896
2025-08-17 18:00:00,81.29922229776795,54.37231035498393,72.49303619221412,54.97714074118444
2025-08-17 19:00:00,91.76168719663625,58.13988954271527,50.5112259057826,85.55117253939498
2025-08-17 20:00:00,90.09059850770201,71.31902182857094,41.350890140349506,54.88564729349743
2025-08-17 21:00:00,88.34135041059393,60.98095477974955,0.0,85.08956155713241
2025-08-17 22:00:00,53.33165433853178,46.10183948893701,0.0,82.58881452069272
2025-08-17 23:00:00,49.54491576024296,46.463372172096385,0.0,80.79505978534304
2025-08-18 00:00:00,30.093116622844168,30.894946915585805,0.0,91.6679269813107
2025-08-18 01:00:00,29.407348857630407,8.769869847074968,0.0,139.9942009688033
2025-08-18 02:00:00,27.338302843180873,13.775102214821091,0.0,107.88011943310099
2025-08-18 03:00:00,35.35127752397251,21.270011209203517,0.0,72.78923773363978
2025-08-18 04:00:00,23.644836176619897,14.735804105261682,0.0,102.00038767168135
2025-08-18 05:00:00,40.62396977315835,16.515982067611713,0.0,114.10552975379245
2025-08-18 06:00:00,86.19250688123702,54.844451816312734,27.745802908283345,81.91836665020091
2025-08-18 07:00:00,74.2434870336473,52.161881608064434,41.961574709627094,73.31503044475915
2025-08-18 08:00:00,81.2356284570987,57.51100269519319,52.41409563396973,63.126694536386736
2025-08-18 09:00:00,81.48592031824187,50.20293361457799,71.56495735726246,23.87792305868326
2025-08-18 10:00:00,62.50927253509542,36.7512344566586,104.84931679100708,61.94020807416938
2025-08-18 11:00:00,56.29358048652717,36.46475266572016,125.01721305564371,51.774019776736814
2025-08-18 12:00:00,60.88989675001289,34.9801039690086,133.15305559025782,65.36169811647679
2025-08-18 13:00:00,49.45144829582801,32.09623587163596,150.0,83.09625645394017
2025-08-18 14:00:00,46.677202955799444,27.983272471266254,150.0,70.50710225961348
2025-08-18 15:00:00,46.051100545759375,22.563649131839288,147.82317660932966,95.21456241657766
2025-08-18 16:00:00,54.13110649754053,22.02181317995257,112.29821507745433,64.22357501961127
2025-08-18 17:00:00,42.36186415718825,35.47480205050303,101.53628737844863,77.72822587492276
2025-08-18 18:00:00,105.89342638719208,71.6948828611699,74.65015508213527,80.75554021133291
2025-08-18 19:00:00,107.33176755571141,79.94030355482454,56.56383409615751,84.33127131640309
2025-08-18 20:00:00,102.75945865223697,63.195898847507706,38.79253738516823,103.26308955743919
2025-08-18 21:00:00,103.97864895352232,80.20123812072177,0.0,73.58468210394395
2025-08-18 22:00:00,65.98151020349412,55.2840594668847,0.0,77.30363769544662
2025-08-18 23:00:00,57.57395090659766,42.889248932100585,0.0,58.07361954573443
2025-08-19 00:00:00,27.292564069998942,39.81896525036329,0.0,87.72990743241147
2025-08-19 01:00:00,27.770323435053115,17.84544262813244,0.0,89.46411881844936
2025-08-19 02:00:00,35.24396519650477,28.11825115639695,0.0,107.1286133932599
2025-08-19 03:00:00,35.815321860981186,27.101018500728745,0.0,99.10061905030179
2025-08-19 04:00:00,23.718493944913714,18.317417121191898,0.0,76.84581538004312
2025-08-19 05:00:00,34.528083362902365,30.59604221814155,0.0,58.36693137325349
2025-08-19 06:00:00,85.70814232592913,52.38325744589555,22.007067236356466,91.68970613418084
2025-08-19 07:00:00,89.01423159439057,61.683287791526475,31.880910119192407,63.426925876403224
2025-08-19 08:00:00,83.75604109193506,64.2934697349365,51.03744712257445,59.014152060791275
2025-08-19 09:00:00,81.82388440611275,51.00120020329976,67.31876814681648,63.10083234502898
2025-08-19 10:00:00,65.73326630009721,40.41164168697102,69.28903487932055,47.01228836743025
2025-08-19 11:00:00,63.724858272282695,43.649341977245804,127.08943999036853,43.85097249623739
2025-08-19 12:00:00,70.68183407419403,49.31650962332232,134.46978752814195,40.496637007730975
2025-08-19 13:00:00,54.17234464443219,25.808484503634233,127.70948164526963,57.10627762520077
2025-08-19 14:00:00,50.54912523601158,26.121817415112815,131.87162229767597,56.77768871730148
2025-08-19 15:00:00,44.574689630411186,30.615624686404757,112.10140959957057,60.90806149016495
2025-08-19 16:00:00,47.244032044730425,26.786949997543182,123.96962405768276,56.04351208126499
2025-08-19 17:00:00,43.39636194097789,21.03546174716389,104.23372763256393,55.98081449931592
2025-08-19 18:00:00,102.49853952193403,78.13388032549155,71.3631820348442,46.66992200478323
2025-08-19 19:00:00,107.63362285375572,79.96244193084517,55.786228269275206,91.99183338779899
2025-08-19 20:00:00,103.4497987860456,74.01431996331118,35.93637557245515,75.88734974426195
2025-08-19 21:00:00,108.06408239362824,82.71357342113517,0.0,71.215509582555
2025-08-19 22:00:00,62.098873011000315,49.095892582386774,0.0,60.54897097420891
2025-08-19 23:00:00,58.76587590663171,36.098392367445115,0.0,49.66837871151003
2025-08-20 00:00:00,30.394313198264836,17.600038178881665,0.0,110.24551300802727
2025-08-20 01:00:00,32.124435109747935,22.82986740239769,0.0,94.59907089219533
2025-08-20 02:00:00,30.62650529308627,15.501667993813793,0.0,49.3508220652261
2025-08-20 03:00:00,30.67807902983361,18.85918262570025,0.0,98.92965502839343
2025-08-20 04:00:00,26.53927451585982,21.392635009561364,0.0,102.23909623325113
2025-08-20 05:00:00,28.051606806410028,29.028204048540132,0.0,85.66259020348456
2025-08-20 06:00:00,91.96605907266475,53.4279019919435,20.56017313587984,116.27181065845943
2025-08-20 07:00:00,87.33108469687478,48.573127645147814,34.482583316078205,52.54832963749773
2025-08-20 08:00:00,75.17070145432513,48.19554213888262,52.428697450495314,32.191281442845955
2025-08-20 09:00:00,71.15162518119021,41.28041692530725,68.3344282043358,54.398290391199126
2025-08-20 10:00:00,60.757605013995885,40.90989939245554,89.46147743069854,52.899476754263354
2025-08-20 11:00:00,64.43536714239359,37.01275195436591,109.02926631059162,42.329367854599056
2025-08-20 12:00:00,58.0750008490767,17.290734915527956,123.6510974859887,56.9952232479301
2025-08-20 13:00:00,54.318080208121245,54.53002375595473,133.03698030462203,33.90953686486971
2025-08-20 14:00:00,49.989061473762405,29.039254778669218,121.24213022148116,72.55725662301764
2025-08-20 15:00:00,48.98684017245914,30.236326683497655,117.3173871090313,45.38861667010209
2025-08-20 16:00:00,53.12313422401884,24.105675689945702,98.54524324046432,43.83550913077419
2025-08-20 17:00:00,47.32717486317031,20.52695271665207,98.17696046297677,56.500638710449735
2025-08-20 18:00:00,101.90105341434462,73.50889158311479,58.96766316434523,64.45046534078081
2025-08-20 19:00:00,106.20698454204813,78.06130897396507,56.66909747314668,77.83559479273066
2025-08-20 20:00:00,103.04995014566394,80.87257143338138,39.6120287337526,60.88897333443593
2025-08-20 21:00:00,111.78072509266086,86.72021831757816,0.0,65.31113776798311
2025-08-20 22:00:00,63.536953475328716,46.95498773974067,0.0,53.59160031003748
2025-08-20 23:00:00,63.244401344974065,28.737546844661296,0.0,70.57148038766006
2025-08-21 00:00:00,29.777229092707195,20.048688608872556,0.0,105.83295491430357
2025-08-21 01:00:00,33.93639604519323,20.764796588280863,0.0,83.325890177683
2025-08-21 02:00:00,28.54826502239259,13.34436449366045,0.0,101.33675269443067
2025-08-21 03:00:00,31.270699880397817,25.777782078841447,0.0,113.76528676652023
2025-08-21 04:00:00,25.876681288479478,13.277393816889688,0.0,71.1524281338397
2025-08-21 05:00:00,34.677486265037665,28.269113403764955,0.0,79.52404609155616
2025-08-21 06:00:00,82.89195491662316,40.83744874143342,22.599955755827853,128.69218634295723
2025-08-21 07:00:00,90.50554256558556,57.98396477433884,28.400551920806087,68.12081287982414
2025-08-21 08:00:00,92.34957650545901,64.92208071289528,50.682899980455055,29.123382519950113
2025-08-21 09:00:00,85.01917131039427,50.14767548921804,70.97100638088244,54.89295712992792
2025-08-21 10:00:00,60.55858923464439,48.166565302615794,84.19333619601672,50.055879659063464
2025-08-21 11:00:00,55.99338502964376,44.85975939864912,105.9352856462539,60.38963459112267
2025-08-21 12:00:00,64.32204944887353,38.40719220438147,140.52740967808697,40.72753599857266
2025-08-21 13:00:00,50.53017664936922,32.220685106452414,140.36511747630064,46.13409469144793
2025-08-21 14:00:00,52.00505288803576,37.12666715863619,123.41788130642632,48.52135001614897
2025-08-21 15:00:00,57.36793935539378,37.85491708740301,109.19920402056127,50.04157448703581
2025-08-21 16:00:00,45.87399131285563,29.58294728887429,107.59882324094126,70.29211795027689
2025-08-21 17:00:00,45.42452735367468,26.679273244584778,90.03471928863456,41.1476637400349
2025-08-21 18:00:00,101.85387550101333,63.90078293942088,74.16910538208579,49.30169057860256
2025-08-21 19:00:00,106.61319739756459,71.41865981157041,49.956368803272895,41.49653920475796
2025-08-21 20:00:00,105.41469480464659,90.06557124084631,37.33847508417044,93.97522635108612
2025-08-21 21:00:00,98.88719392105041,75.94527622723308,0.0,98.9284183370482
2025-08-21 22:00:00,63.655163387369996,51.447899650940336,0.0,68.93468815364584
2025-08-21 23:00:00,54.84521764918914,46.750775704780054,0.0,69.48129815882052
2025-08-22 00:00:00,26.23016246543014,16.90936813443858,0.0,93.23140047317409
2025-08-22 01:00:00,29.480442072648646,23.62191672730424,0.0,114.61221461958144
2025-08-22 02:00:00,27.50955939311151,21.925306167784868,0.0,92.29743389292264
2025-08-22 03:00:00,34.00436769892921,27.613988907315758,0.0,69.13933247950774
2025-08-22 04:00:00,31.288703173504924,22.634792741190832,0.0,49.85166049664146
2025-08-22 05:00:00,37.94502529932267,21.560532525535464,0.0,60.39690467305994
2025-08-22 06:00:00,80.25453049105329,45.50351882115091,26.900799109230718,85.27577608304846
2025-08-22 07:00:00,80.81695495546481,48.16520671876491,38.43307263537036,42.01387300860271
2025-08-22 08:00:00,86.81358637592608,54.546091181997426,52.29305931361707,52.69479798014494
2025-08-22 09:00:00,80.95772102109106,41.37296286360918,70.70085836896726,43.300207609998985
2025-08-22 10:00:00,66.81067209104506,34.53535927353577,89.50274527164402,36.95389103204003
2025-08-22 11:00:00,62.521375423091314,38.40797543979691,121.6284942632802,35.46052277648868
2025-08-22 12:00:00,49.50010936187699,27.435319529635045,119.60923125239579,69.87113315480104
2025-08-22 13:00:00,54.74710726064017,31.144194801922772,134.53567976870573,71.64813012422358
2025-08-22 14:00:00,53.55531105600672,28.243988324446942,134.5997580760148,83.98075776735726
2025-08-22 15:00:00,53.72903712446504,45.80270984039812,120.87385298728151,66.53299406389438
2025-08-22 16:00:00,40.84863769351392,26.70422176078249,98.92996014841245,52.31848661164486
2025-08-22 17:00:00,46.46458557124787,25.370801739473997,94.51210803297155,78.01357718146264
2025-08-22 18:00:00,99.99690904292969,72.9084046725896,71.40200051735196,58.135400335138414
2025-08-22 19:00:00,98.86103463991338,77.29704331444972,54.595822204467254,79.52971988579743
2025-08-22 20:00:00,110.48473218745788,80.63065457524559,34.539106551927134,74.5616836163421
2025-08-22 21:00:00,102.5931255237288,86.91638035143666,0.0,19.842585202500054
2025-08-22 22:00:00,59.92312423452984,49.876606125220036,0.0,105.60523938599773
2025-08-22 23:00:00,62.57168587278211,40.71154389698704,0.0,84.62015523587405
2025-08-23 00:00:00,32.56185750550222,23.48648360853126,0.0,90.99499895852607
2025-08-23 01:00:00,21.0,31.627620525588362,0.0,82.7652026594016
2025-08-23 02:00:00,27.091391082827865,23.208586278167374,0.0,87.49805820100684
2025-08-23 03:00:00,23.642451399939254,16.793205224832597,0.0,71.51114383568304
2025-08-23 04:00:00,31.801377419196687,20.16234023119295,0.0,97.02143192680234
2025-08-23 05:00:00,28.699984135496788,10.918896220099171,0.0,56.593671358400016
2025-08-23 06:00:00,68.48504513954023,44.625776967544006,25.714068227444045,87.97387036332383
2025-08-23 07:00:00,59.06246222927717,47.93435927723619,33.73814574864687,57.51926127723996
2025-08-23 08:00:00,67.02146608817728,35.322040403377585,60.022126827878786,47.93296539088794
2025-08-23 09:00:00,73.43388723253219,47.216085736673485,62.069166503273415,55.11455382345025
2025-08-23 10:00:00,56.71687349842313,41.834458358609105,95.87476430229731,37.937835333661226
2025-08-23 11:00:00,53.609236212396524,39.37840393390435,116.01057883495602,38.25947424746657
2025-08-23 12:00:00,44.36475700394684,34.19232736246015,118.58052546081058,53.42297797333578
2025-08-23 13:00:00,47.020933800517376,14.365770660506483,139.38505605086593,68.82665422475299
2025-08-23 14:00:00,44.61163583455289,29.15580389076586,148.60727639321263,31.263083114969724
2025-08-23 15:00:00,40.82627503376239,15.600851498021438,104.18138073860311,66.52393874724746
2025-08-23 16:00:00,32.240962271758974,14.114444328439642,116.25478864386304,50.85333973601132
2025-08-23 17:00:00,45.644802965034145,34.93964668545515,74.17161625212398,56.008044872765446
2025-08-23 18:00:00,83.79250288918043,64.35220543017626,66.58318168550402,39.13864198600101
2025-08-23 19:00:00,88.01499756885215,69.49695943224725,59.67212297308008,59.54940276555031
2025-08-23 20:00:00,86.76502374697061,57.98664125851944,34.594403245081445,93.93070022138662
2025-08-23 21:00:00,93.3800288040779,80.99267363852456,0.0,76.27871948130783
2025-08-23 22:00:00,49.81019938747459,47.86343093263679,0.0,68.41715327574057
2025-08-23 23:00:00,50.306339669076614,41.72016595554182,0.0,73.45383864558919
2025-08-24 00:00:00,46.05942321113471,18.38912347941951,0.0,94.69600820777654
2025-08-24 01:00:00,33.56410157926213,28.408305922184915,0.0,93.66835865151326
2025-08-24 02:00:00,41.78996665765385,21.967624018430513,0.0,82.79388228990948
2025-08-24 03:00:00,36.13153482274746,16.88675053970563,0.0,107.43153065703373
2025-08-24 04:00:00,31.640678279353256,24.461926777916435,0.0,104.84757437262553
2025-08-24 05:00:00,37.247518478781366,24.91610883700263,0.0,93.09623386411616
2025-08-24 06:00:00,88.56690353952162,40.76447041044108,21.34261974000453,85.52849936024379
2025-08-24 07:00:00,92.26496452133551,60.639627332818485,35.904453727244366,58.94527599164968
2025-08-24 08:00:00,92.9408007043521,58.049300583136585,61.86257220969723,54.60342516352234
2025-08-24 09:00:00,83.056333798879,45.73591391799663,61.92183264956512,64.05189826481255
2025-08-24 10:00:00,56.84848922379127,31.535018790231568,85.3251928619783,62.011184475236156
2025-08-24 11:00:00,60.58289152927281,31.52015034841825,125.83459368421931,37.73840006482212
2025-08-24 12:00:00,55.76320254111068,16.779958134217814,146.25928646693828,36.881439274277284
2025-08-24 13:00:00,49.97930582728741,24.16866594261142,134.4260397016783,48.7089847156665
2025-08-24 14:00:00,49.28506360537951,22.948129030638064,122.11157586241004,73.47711403459878
2025-08-24 15:00:00,55.25753183008154,22.308734774077507,148.6851868689525,35.78795353601275
2025-08-24 16:00:00,38.87096308849055,16.10007536750173,126.70670389501886,64.89250198722677
2025-08-24 17:00:00,47.09561115973313,9.28002514411719,98.22051123488991,64.41682922241417
2025-08-24 18:00:00,102.98958910196767,53.20057227872556,67.83801182103053,76.23109076236055
2025-08-24 19:00:00,113.67392355472361,71.99978849335345,52.87301096008604,79.36253894475027
2025-08-24 20:00:00,100.82033948571697,73.6157380954647,36.01412679602844,50.43841272448347
2025-08-24 21:00:00,108.30858990506339,63.88791857018417,0.0,57.72577970575912
2025-08-24 22:00:00,61.64767123523204,45.924561507314394,0.0,53.49901208706781
2025-08-24 23:00:00,68.19001359077991,46.059303625821826,0.0,65.72614736083958
2025-08-25 00:00:00,32.68124339029746,20.370745770257972,0.0,80.80976282537061
2025-08-25 01:00:00,30.54559679319171,27.729751576110186,0.0,60.008931398222686
2025-08-25 02:00:00,27.503999064353692,19.848273125737286,0.0,115.8164783463626
2025-08-25 03:00:00,21.664458736005557,30.7449091135563,0.0,56.62504694992989
2025-08-25 04:00:00,31.111885450593324,13.070467380745786,0.0,113.17951510898558
2025-08-25 05:00:00,32.387204093384426,14.979802379801022,0.0,109.77233157142119
2025-08-25 06:00:00,73.63679029985317,47.38615418650365,24.306770846499358,103.69936072624199
2025-08-25 07:00:00,75.17207081651064,50.14413767120639,40.933701097790546,41.996706296074805
2025-08-25 08:00:00,81.85917943616165,50.987574101940865,57.11803421508144,55.15903220608613
2025-08-25 09:00:00,82.24983214392452,55.73359051949414,66.65288700107324,34.58359749095583
2025-08-25 10:00:00,55.14735802157757,27.296899656453526,103.96963903638475,62.379722153095756
2025-08-25 11:00:00,57.021979705935664,25.750908782270344,115.80097809813589,49.86934933801084
2025-08-25 12:00:00,51.34107114342491,26.811569308111615,135.04916581641274,45.60982436786869
2025-08-25 13:00:00,55.24374666465275,28.801379734523127,150.0,41.14223594519894
2025-08-25 14:00:00,43.19662426433516,25.848078473344195,124.15110914954187,22.562336324542912
2025-08-25 15:00:00,51.48622635811168,38.115543583936216,127.6460119516924,43.88683462871048
2025-08-25 16:00:00,48.88873596480299,32.853838459214025,108.16787450715954,75.76823385658376
2025-08-25 17:00:00,54.84923038580462,37.99012410927672,81.90905489246668,53.30759157407622
2025-08-25 18:00:00,98.27697477749999,72.31152991350163,74.96266306619593,56.767972424732214
2025-08-25 19:00:00,102.11775539151814,69.25016984496963,64.08579672034332,88.70424096818765
2025-08-25 20:00:00,94.19919710341833,62.32417877665103,31.277329678960566,110.61785804929588
2025-08-25 21:00:00,93.1187474287575,62.77945564002082,0.0,101.45955985415058
2025-08-25 22:00:00,62.28877204438647,48.74381666397605,0.0,57.68737828488603
2025-08-25 23:00:00,51.572654641178175,39.11387148677551,0.0,39.20107075569651
2025-08-26 00:00:00,28.97302109504461,11.963544129046863,0.0,135.10917783095232
2025-08-26 01:00:00,34.550829515878135,22.301498616035058,0.0,133.18391147206108
2025-08-26 02:00:00,33.360081852426056,22.174423047348643,0.0,88.98315192417525
2025-08-26 03:00:00,27.009365304231327,21.136922196685937,0.0,57.98812223424753
2025-08-26 04:00:00,22.851735886163222,27.64261127424799,0.0,105.44310221703057
2025-08-26 05:00:00,32.29272687744988,8.421528880666495,0.0,82.6853804120343
2025-08-26 06:00:00,86.55265093328184,52.02776722366555,23.740713169138,82.5792105109171
2025-08-26 07:00:00,77.53242405641572,35.5493481773438,38.754656094745854,62.38928494190851
2025-08-26 08:00:00,76.897587547579,50.19111644070125,54.16718684379457,55.24993667249485
2025-08-26 09:00:00,78.15043657750053,54.08836201974698,72.65235260861014,35.87219772892624
2025-08-26 10:00:00,62.019110756440284,30.934885721501118,84.35485100786518,46.84822776071158
2025-08-26 11:00:00,64.97520078667537,30.42006064513454,115.66856167224284,59.41535265614201
2025-08-26 12:00:00,53.868640906595914,21.178878511191886,120.88334523769566,57.491833128784315
2025-08-26 13:00:00,42.17179148954595,25.38678278311433,112.9754418675852,63.38219147610114
2025-08-26 14:00:00,59.4440430802029,29.41779810552629,150.0,73.36695033389177
2025-08-26 15:00:00,48.11610708600171,25.549557627514478,138.53887431180686,54.10639459024692
2025-08-26 16:00:00,50.05207721211328,27.187821959178436,114.02315935236784,62.14270714050374
2025-08-26 17:00:00,45.80037084872751,25.92634487294506,95.86464962034681,9.286018565092022
2025-08-26 18:00:00,103.782949655551,81.38661734990602,79.61704479245181,52.798703922183826
2025-08-26 19:00:00,105.89839319917063,76.57782406452381,54.60171224814031,91.08764794827248
2025-08-26 20:00:00,102.92720203509197,68.82625371770817,39.531706809171894,69.01704008692212
2025-08-26 21:00:00,109.41198060957873,79.33267266912225,0.0,67.56708552835721
2025-08-26 22:00:00,57.97652090307335,44.893117085580315,0.0,56.5685525374634
2025-08-26 23:00:00,58.263900429149075,47.759982865413086,0.0,95.66627190762148
2025-08-27 00:00:00,31.04132858074837,25.97031993924562,0.0,96.96099978709606
2025-08-27 01:00:00,32.092327404777436,21.115335546266156,0.0,102.86485690978748
2025-08-27 02:00:00,31.02576267928174,34.847948393713786,0.0,48.471000927504036
2025-08-27 03:00:00,24.22013237870209,30.801329063025058,0.0,81.84887513616742
2025-08-27 04:00:00,31.406318247880026,21.56101224050592,0.0,79.29802530972452
2025-08-27 05:00:00,28.31621886838453,19.779315800272762,0.0,79.28820444973964
2025-08-27 06:00:00,77.68859984793242,47.95354720846989,23.35184606080636,72.137188514154
2025-08-27 07:00:00,80.44916565765791,46.46595393590451,40.938475256548124,46.73473588149648
2025-08-27 08:00:00,75.97614431828686,58.12485922535858,55.290520409881765,62.02882755750806
2025-08-27 09:00:00,75.19373545383878,42.301050812467366,74.82613832915602,26.695436323857635
2025-08-27 10:00:00,47.52013698843391,34.3505071761922,84.99709359816048,73.89382871770862
2025-08-27 11:00:00,67.15231528674575,43.177351715825985,116.74117576966701,57.35005766428581
2025-08-27 12:00:00,61.79053824441474,34.4102342397942,120.7095986452243,50.620101754531284
2025-08-27 13:00:00,48.257684211164324,37.413570410935094,130.6275197487825,73.2203518433611
2025-08-27 14:00:00,45.78061819105278,18.29901230193136,128.67727881888194,38.02401934691659
2025-08-27 15:00:00,35.840977487833825,21.56313165128803,118.28589816160182,49.769722379592764
2025-08-27 16:00:00,45.50474281404602,22.9193943116904,133.5198954625654,57.88176513448339
2025-08-27 17:00:00,52.00452127428104,35.671488049636736,104.6865552988915,80.06551809994282
2025-08-27 18:00:00,105.55602988025781,76.97234677113293,85.00204806678977,58.99463945766791
2025-08-27 19:00:00,104.20655948530025,64.38645539834152,48.633291002161485,85.37687382941778
2025-08-27 20:00:00,102.0290093149715,83.24086629430488,37.26097353758187,65.43090035602019
2025-08-27 21:00:00,107.1836791707766,83.4819435440071,0.0,86.08266134239217
2025-08-27 22:00:00,57.8113298090528,39.61424523578557,0.0,108.9211266475672
2025-08-27 23:00:00,64.17309743105587,40.49750815482224,0.0,95.8420701723565
2025-08-28 00:00:00,28.26937900325904,14.172156326217571,0.0,83.80890306583228
2025-08-28 01:00:00,26.03486411005007,19.97507354762488,0.0,99.99830497793734
2025-08-28 02:00:00,25.474291588098655,22.026536067907426,0.0,97.90286227085852
2025-08-28 03:00:00,25.209766104721712,19.20896644699986,0.0,96.38584335327417
2025-08-28 04:00:00,32.96580612961118,19.220120275890643,0.0,109.33326316129697
2025-08-28 05:00:00,26.657644930063146,10.773155252278176,0.0,109.17337555691253
2025-08-28 06:00:00,75.44662983497858,50.31284893730355,21.549486418181925,82.83142634904165
2025-08-28 07:00:00,83.30706812611194,41.75333504632519,35.15697392731237,59.56765437774363
2025-08-28 08:00:00,81.57112639476087,52.39685528598006,50.18920192038225,46.41451205427766
2025-08-28 09:00:00,84.42692356044194,41.38451200408118,81.38082724447939,39.48516486839764
2025-08-28 10:00:00,61.44064252895444,38.44162975831021,92.05403102464672,47.872317152419555
2025-08-28 11:00:00,55.74494261733895,32.61094722900827,124.47448238242718,50.351787247375995
2025-08-28 12:00:00,59.4764056023355,37.71384582728645,136.22193762600654,30.008135408561337
2025-08-28 13:00:00,49.21638573198593,30.077472740463193,150.0,72.76615940730748
2025-08-28 14:00:00,44.51707331038937,34.99016425337603,121.95119618307001,18.454908938785387
2025-08-28 15:00:00,43.682474890099414,11.703618360535005,143.03206052235743,100.53045420994559
2025-08-28 16:00:00,45.59004003249271,24.47445426685782,125.19060839398522,82.37103309194282
2025-08-28 17:00:00,57.81790787854674,47.94386191872158,87.66458003039835,55.97806978707241
2025-08-28 18:00:00,99.1992261230478,71.64495107779027,80.00400042012335,60.026871436891284
2025-08-28 19:00:00,106.60447510828497,71.0053725456545,55.624497912054146,82.82786064704118
2025-08-28 20:00:00,98.94760225438567,73.31032589846015,36.55147784325391,65.65521606292445
2025-08-28 21:00:00,105.05634923497473,77.2792759406075,0.0,80.7036821769742
2025-08-28 22:00:00,63.19515717823716,45.13342751065666,0.0,74.2241041505232
2025-08-28 23:00:00,63.42060201401105,48.76953933694463,0.0,75.18130366788657
2025-08-29 00:00:00,31.745223039040315,25.995626261900934,0.0,89.71834345452328
2025-08-29 01:00:00,36.19814960451518,18.6335282491152,0.0,57.64153534116046
2025-08-29 02:00:00,31.702592862087275,22.091215418186696,0.0,86.67389183259212
2025-08-29 03:00:00,37.71088378203126,22.096749248720254,0.0,89.33184578671073
2025-08-29 04:00:00,22.71036088565205,12.075074862374967,0.0,88.58950084125387
2025-08-29 05:00:00,31.567288114500684,14.423089516615706,0.0,81.19396326297874
2025-08-29 06:00:00,81.16430281281336,41.97575728800764,22.557446073572073,110.23900057106142
2025-08-29 07:00:00,75.67500734027814,49.54486433332577,35.25132121150724,46.94209714773902
2025-08-29 08:00:00,82.49747564433967,48.5664222969433,63.34540148945274,54.42145774092628
2025-08-29 09:00:00,73.18397460630807,38.730306430141205,74.38895707052626,68.19598494129063
2025-08-29 10:00:00,56.035680518880646,31.98220996649118,101.48832415271805,50.473058008034
2025-08-29 11:00:00,49.98361482676199,34.7754907268306,107.9200425416235,54.25586757836042
2025-08-29 12:00:00,65.9933293111348,40.62587777630006,122.40479783878045,50.254095197327025
2025-08-29 13:00:00,47.48261893124794,30.413099230018325,150.0,78.66190653520172
2025-08-29 14:00:00,58.27556981067518,32.327315170874726,123.96530661994956,56.20655641449031
2025-08-29 15:00:00,52.1378663233395,38.20978145788385,126.21307641251428,79.35256824173844
2025-08-29 16:00:00,50.541033614081385,31.8971786864895,115.52319990341252,58.52158944945411
2025-08-29 17:00:00,45.88656702973728,26.32356788872939,96.36308863703896,47.16888351243911
2025-08-29 18:00:00,96.09060814741015,69.13009187743152,73.31914695899215,70.28115819497599
2025-08-29 19:00:00,103.15255539053979,67.07963468903893,56.144428271052696,71.35906992622255
2025-08-29 20:00:00,100.47737026627512,70.85173079814803,39.47626828623955,89.2246304039532
2025-08-29 21:00:00,94.77246688831968,79.79861319248323,0.0,24.535959763619203
2025-08-29 22:00:00,52.1536471105147,48.2516827725984,0.0,77.34290437086995
2025-08-29 23:00:00,54.665343203656,36.68418610997686,0.0,68.36713499267272
2025-08-30 00:00:00,38.194352513698036,43.70813199341229,0.0,63.206447142875646
2025-08-30 01:00:00,39.959750631050866,26.495626187091517,0.0,74.18337782503636
2025-08-30 02:00:00,30.922451162890095,12.966282627435085,0.0,73.74297835251741
2025-08-30 03:00:00,30.6702425830858,29.511256000798795,0.0,85.05780737991817
2025-08-30 04:00:00,28.486558326767156,27.2430376005791,0.0,56.66210370864934
2025-08-30 05:00:00,25.79481593260724,22.81627466395775,0.0,92.89763769622921
2025-08-30 06:00:00,73.35832644516037,41.88649009026384,25.684007987375733,115.49514750340978
2025-08-30 07:00:00,75.60111445846489,51.70129285257873,34.6089326271125,55.28214818046037
2025-08-30 08:00:00,63.149634799651,50.428857268077536,53.42426071067639,62.1012990717056
2025-08-30 09:00:00,66.79724798301707,41.80925488814392,81.86279208806691,65.78908214219636
2025-08-30 10:00:00,47.415617161250076,19.49299181303395,102.81037326866796,67.6218697332567
2025-08-30 11:00:00,47.548939677553435,7.107682674233619,103.01950199625875,75.80455438294987
2025-08-30 12:00:00,54.77660266388021,34.069834020584665,134.82667487479745,45.20786413955567
2025-08-30 13:00:00,34.67118597455731,15.550055579630078,117.50465940265795,49.43883797745878
2025-08-30 14:00:00,42.674126537918234,22.297028228754552,140.12116274645805,72.06699040591992
2025-08-30 15:00:00,43.85208441158125,18.042267621922296,150.0,70.93404686608339
2025-08-30 16:00:00,39.93533264749667,18.30726630661264,106.9540133949965,71.949622157259
2025-08-30 17:00:00,44.59381815014534,21.63158146654086,89.5396933811993,88.72706387613482
2025-08-30 18:00:00,85.56445913982823,57.81590294018465,79.28801127922618,60.43470947329184
2025-08-30 19:00:00,90.37711050261221,70.21633533579906,47.91974957137977,85.7363453891131
2025-08-30 20:00:00,78.05010198524336,63.9423722696928,35.67011320767061,58.491034450108
2025-08-30 21:00:00,83.33053718287879,54.79827718337599,0.0,118.84351668761869
2025-08-30 22:00:00,49.11685637161618,36.63716047605053,0.0,70.96252600197761
2025-08-30 23:00:00,37.41508228432476,31.626803622638743,0.0,71.51126943203545
2025-08-31 00:00:00,25.113212698896593,28.58324465093859,0.0,78.86282569457568
2025-08-31 01:00:00,26.338803355385462,28.877243804026527,0.0,72.42673925763717
2025-08-31 02:00:00,34.26692697670507,18.87990568908512,0.0,70.60174590976706
2025-08-31 03:00:00,26.8192049415843,28.433294253118035,0.0,75.0429056380552
2025-08-31 04:00:00,26.318644557123104,12.930503395116963,0.0,56.86464664949896
2025-08-31 05:00:00,33.678686012952866,23.458309878192015,0.0,69.39544377040303
2025-08-31 06:00:00,59.71765228465449,39.16882941053697,25.52658613204939,128.42045491679548
2025-08-31 07:00:00,57.67765188721366,26.42643003210157,35.82095494940825,61.33724245543342
2025-08-31 08:00:00,65.37108484039769,54.363068137096654,53.868751854335336,63.80138959355385
2025-08-31 09:00:00,60.48356973435714,45.12410226292973,79.51443836724856,67.05634194301042
2025-08-31 10:00:00,42.96763081706388,29.407840471852182,99.61135211430978,75.56498846255946
2025-08-31 11:00:00,51.891639705628215,26.533154468739795,118.71545203071689,28.865023137578373
2025-08-31 12:00:00,53.2530699136389,31.575305309619154,128.13751625400738,35.87916050342089
2025-08-31 13:00:00,44.01754534052814,29.68638838586233,144.3561844029578,48.29868292551369
2025-08-31 14:00:00,45.457151340576125,19.040455741505394,138.81757914360023,53.3456382086366
2025-08-31 15:00:00,46.052760809260185,25.00625872367113,136.53463714446988,55.9018079328765
2025-08-31 16:00:00,30.88900042947239,24.935993998146607,111.61352783141523,53.68944559164396
2025-08-31 17:00:00,42.49451018887618,17.39303005722738,94.954268715574,63.757648507075544
2025-08-31 18:00:00,82.30207584032414,62.45618654357446,69.10311903854922,60.97703449600522
2025-08-31 19:00:00,81.32190363143019,50.21228026066413,54.751462710262,63.6698420717661
2025-08-31 20:00:00,87.20717858332632,62.81635737546521,35.28747668222633,35.44603765044557
2025-08-31 21:00:00,76.89898307885628,59.564550320017936,0.0,58.423534564537704
2025-08-31 22:00:00,41.43119891660686,41.338730958992635,0.0,67.04252493822432
2025-08-31 23:00:00,52.16226499140002,33.24676992804612,0.0,72.9129734487501
2025-09-01 00:00:00,32.19503707879904,25.122358325525852,0.0,62.140842697476295
2025-09-01 01:00:00,30.615296951421797,18.625973453968825,0.0,75.97176991487797
2025-09-01 02:00:00,26.040389678745886,20.089563342227436,0.0,62.11226708469421
2025-09-01 03:00:00,33.34723335561956,31.145175433852533,0.0,83.87350484456901
2025-09-01 04:00:00,33.06136301427214,17.827371677667223,0.0,63.36567933359029
2025-09-01 05:00:00,30.383870317713544,27.653708457142827,0.0,68.21917575661752
2025-09-01 06:00:00,73.98521303557202,49.05977285633391,22.285851864426775,58.26524756091637
2025-09-01 07:00:00,77.36954016550321,46.95355859791442,38.67842408334103,49.96453299208366
2025-09-01 08:00:00,83.05340927014598,45.71712266257127,56.07422184471358,40.70362721768983
2025-09-01 09:00:00,85.25551822389403,44.23216549727986,80.08167865288057,63.73722311478696
2025-09-01 10:00:00,57.055453575771004,30.554987756217827,93.42895967341836,57.230284886524075
2025-09-01 11:00:00,57.4013399358273,32.88370529375915,120.5329246163946,51.05109879254286
2025-09-01 12:00:00,57.79726730485171,37.084549632973385,138.0920965945744,41.599420371998576
2025-09-01 13:00:00,49.38274211590312,24.820829864899263,145.8040679929687,66.38480160638912
2025-09-01 14:00:00,45.53092072553363,23.72309110330932,131.4945482613507,71.08544789905676
2025-09-01 15:00:00,35.121890816731614,19.233217557834884,133.8444730431412,62.78056696309154
2025-09-01 16:00:00,53.51318408321568,32.253916745645455,120.12287762976261,84.9215641085051
2025-09-01 17:00:00,56.22182383803521,37.47611059648304,96.82200932235972,67.58378410837406
2025-09-01 18:00:00,97.28564778338178,61.5556242948511,62.782524809579385,74.46349236507479
2025-09-01 19:00:00,95.241506991473,66.89118022919324,55.84375330214673,80.54011553113114
2025-09-01 20:00:00,99.42449480085149,78.79107956169429,44.60166378639015,91.1025996672877
2025-09-01 21:00:00,99.19767967482801,69.24203850795323,0.0,62.412852745154915
2025-09-01 22:00:00,63.0047018881978,52.92852825901377,0.0,69.00604594764808
2025-09-01 23:00:00,58.77074577836716,39.30902919121192,0.0,84.74481660983719
2025-09-02 00:00:00,26.433197263329674,17.944033684108245,0.0,94.26521293786811
2025-09-02 01:00:00,24.06715747248878,30.67319079493192,0.0,97.85841852213717
2025-09-02 02:00:00,33.89535383168853,22.52504450901686,0.0,110.72745433391096
2025-09-02 03:00:00,32.69780058523912,34.061601039676006,0.0,55.90282807682406
2025-09-02 04:00:00,34.77251945141319,25.479018711675955,0.0,65.6834040916183
2025-09-02 05:00:00,25.64315962175508,24.252197274807294,0.0,91.82230101831829
2025-09-02 06:00:00,87.35811039769138,52.070922327235685,23.85774990989863,71.11273269223258
2025-09-02 07:00:00,71.23851906805633,40.718234288133225,35.831372572232574,96.10100789610732
2025-09-02 08:00:00,82.27834894612056,53.777419916650736,57.012225569485146,58.82066128748914
2025-09-02 09:00:00,70.49202189742785,46.4857454648336,77.55740010439136,51.08270492202658
2025-09-02 10:00:00,54.81986704471732,37.25560445775792,106.42834796717662,45.38864653236576
2025-09-02 11:00:00,65.40096144937624,41.84394684921512,105.40130840301681,45.848546762803466
2025-09-02 12:00:00,62.11749740750238,26.953559083785983,140.56891370987822,52.495628332150915
2025-09-02 13:00:00,45.563973348941374,19.773150499697067,148.04072129832474,62.488618209946644
2025-09-02 14:00:00,45.6871985259361,30.90792939702522,139.75603932478722,53.8465338560179
2025-09-02 15:00:00,48.474764717393185,15.644110953588271,136.3969816671107,56.635843787708005
2025-09-02 16:00:00,50.33559967705695,29.18240928680992,126.84627260380086,81.21557047169578
2025-09-02 17:00:00,53.65407244070583,30.085561639381876,103.93784858901229,81.82678824324853
2025-09-02 18:00:00,97.74087741652916,75.58892692410114,68.74741603177105,64.61694928180114
2025-09-02 19:00:00,92.54089765157497,71.31852569824166,58.991012295059996,51.94815252868409
2025-09-02 20:00:00,100.5002892589868,68.89417154229945,37.85059410842995,88.6761511262489
2025-09-02 21:00:00,97.7354916684796,68.21904696900918,0.0,108.52309058542363
2025-09-02 22:00:00,52.52350659099241,39.48551530455917,0.0,104.9181864765115
2025-09-02 23:00:00,59.715868381268,43.82224652242064,0.0,92.50421293761366
2025-09-03 00:00:00,29.04098810658245,6.1046863640348725,0.0,118.03385931056097
2025-09-03 01:00:00,31.379304929114074,23.339949746634073,0.0,88.23298973442223
2025-09-03 02:00:00,25.975001099157687,15.657193676570271,0.0,100.74331333442548
2025-09-03 03:00:00,32.190197386464746,24.904990851209938,0.0,72.2519938144329
2025-09-03 04:00:00,24.073058114602595,23.46101321433525,0.0,93.43289174474937
2025-09-03 05:00:00,26.275208746365376,10.065327548115643,0.0,116.01188257187052
2025-09-03 06:00:00,77.79614003980846,48.58920756081687,24.80455195529377,74.24052320080033
2025-09-03 07:00:00,86.72743694701992,57.15462578419154,38.419028253650595,40.991558320664645
2025-09-03 08:00:00,82.42096823816944,52.42234135125774,54.90596126621964,53.51582902442284
2025-09-03 09:00:00,83.73662034890627,50.28816673064282,83.20237527679278,49.28220755734689
2025-09-03 10:00:00,64.60628720982005,31.393530535014254,96.88204601399079,60.720845926034805
2025-09-03 11:00:00,74.44218517092484,38.04929864967435,107.11283914106836,46.32270144666785
2025-09-03 12:00:00,58.41659136378886,23.931755595961487,129.11785234497694,74.68648269932798
2025-09-03 13:00:00,54.2913379538976,34.470124299430964,143.94172676451421,41.298326402079205
2025-09-03 14:00:00,52.45639244462199,26.054238323134,150.0,80.05333010863984
2025-09-03 15:00:00,52.38168006469712,29.520922140693877,139.74704638640915,49.295330505981205
2025-09-03 16:00:00,55.88361208099407,24.598271014368095,109.64476943043411,33.583522749621224
2025-09-03 17:00:00,46.01262516038311,26.594217072963175,116.92677843023966,64.57425672499684
2025-09-03 18:00:00,97.3049849919128,73.90064122363127,77.5695526633426,57.07008737257444
2025-09-03 19:00:00,100.98801241029489,62.844725355899484,61.24420663512432,56.62552840885179
2025-09-03 20:00:00,98.72691862597802,71.95304133232987,37.731782330306636,45.42405349284734
2025-09-03 21:00:00,100.98232143811829,67.64344917689363,0.0,78.20004574062152
2025-09-03 22:00:00,65.26181009251447,49.18766706727854,0.0,97.48142349189727
2025-09-03 23:00:00,56.077780307597656,33.093461520296096,0.0,89.82364231082263
2025-09-04 00:00:00,28.628944668328213,23.97349797362035,0.0,88.53258380382111
2025-09-04 01:00:00,30.784399515869598,22.542920030088535,0.0,97.74528514007693
2025-09-04 02:00:00,28.972567082886737,29.54695941433372,0.0,86.70111699117571
2025-09-04 03:00:00,21.386973773939307,23.309948351743103,0.0,56.09307587423226
2025-09-04 04:00:00,27.389425607854772,25.653779695653636,0.0,56.2857852828667
2025-09-04 05:00:00,33.09317959006877,20.228677054925722,0.0,82.8611308369633
2025-09-04 06:00:00,85.16450533665954,46.722031348972976,25.808949094435505,83.78897319922737
2025-09-04 07:00:00,73.49976140354286,52.21293998360893,40.91252811221292,63.52000295195136
2025-09-04 08:00:00,73.47877416092383,53.38035177344331,61.21744282363658,62.29335340164959
2025-09-04 09:00:00,78.83159706969064,51.82965620735345,82.69336056273458,60.30078483916178
2025-09-04 10:00:00,48.74398092614669,30.97155457225555,104.73012781776555,48.706925731281494
2025-09-04 11:00:00,56.08179280465488,28.684613359335785,115.11224533023072,34.29840774818163
2025-09-04 12:00:00,50.27196945011569,35.747673414191084,127.69172972835543,57.772783418167464
2025-09-04 13:00:00,53.939241447705236,32.4191716511837,146.23260266400746,69.12933970644502
2025-09-04 14:00:00,44.31647540383732,38.256630449716,150.0,24.617809466298347
2025-09-04 15:00:00,55.21621943693977,25.096554748185337,131.42803930819795,48.36064592192846
2025-09-04 16:00:00,52.78931168897667,35.922711448358235,128.15170439182862,50.5495397365343
2025-09-04 17:00:00,44.870037758775766,30.076407797011683,109.2759353709109,62.91451443577709
2025-09-04 18:00:00,94.48311283102092,67.37748294798016,70.6548151016942,48.8338816217905
2025-09-04 19:00:00,98.43597532557412,79.41795256999316,52.04649044317202,77.8165128269305
2025-09-04 20:00:00,98.83602138766636,75.31773970567274,37.90732012206204,74.43033125275635
2025-09-04 21:00:00,100.86459244461408,71.58653442849436,0.0,75.43961288098029
2025-09-04 22:00:00,54.589713915211156,46.52354416076894,0.0,64.49455439656712
2025-09-04 23:00:00,61.44293564894687,37.374146150026306,0.0,66.01497885154927
2025-09-05 00:00:00,31.19397624749955,20.953280304180943,0.0,63.87689212092916
2025-09-05 01:00:00,28.46822179477861,25.47342226627272,0.0,95.8255775827613
2025-09-05 02:00:00,26.795817050618897,26.935345570285847,0.0,100.0049783519909
2025-09-05 03:00:00,29.168017576055913,24.088196805457706,0.0,70.65128662130806
2025-09-05 04:00:00,26.323944366775937,15.252833200085245,0.0,120.77862567295936
2025-09-05 05:00:00,30.262974126976143,24.583466252535658,0.0,80.62785555540927
2025-09-05 06:00:00,78.88854846678122,51.73803234521341,25.45259341629952,120.9874593781967
2025-09-05 07:00:00,79.68175715893516,40.37245760258288,36.860304254349735,44.07741762645882
2025-09-05 08:00:00,86.45216522681497,56.198469588329374,62.036453041221804,25.904303110078356
2025-09-05 09:00:00,77.90807314464355,46.34791049483214,79.11236057692541,57.785843016682314
2025-09-05 10:00:00,62.46124618952888,43.467752980802175,98.55919632373775,55.7689068638318
2025-09-05 11:00:00,58.973699073859365,37.88695279617016,104.89739461264317,52.95783056450055
2025-09-05 12:00:00,56.86845642892567,36.8843269254714,120.15451748880336,44.076035336057004
2025-09-05 13:00:00,47.12257977477671,22.82819268467297,146.16532195865886,60.72796558676593
2025-09-05 14:00:00,47.394077648301035,28.207231841928262,118.56301552596675,53.42780845620387
2025-09-05 15:00:00,48.917751174334235,32.71885107904227,145.169679013487,56.627128536014276
2025-09-05 16:00:00,43.3418530460719,24.278987279278756,117.01165217586622,74.14647138489343
2025-09-05 17:00:00,41.06476476405491,24.673894270351415,123.73963419310688,64.07858480125444
2025-09-05 18:00:00,102.01193124974874,61.89281551892708,90.64400721260402,70.59842849889209
2025-09-05 19:00:00,103.10915022573018,73.97922237125171,55.16806417490442,74.19407200765932
2025-09-05 20:00:00,102.42295422672711,63.396140265488306,38.14761348819304,72.02525414130412
2025-09-05 21:00:00,99.76496706261864,74.92930092354888,0.0,56.047598775591496
2025-09-05 22:00:00,61.39306661100851,51.59191977805348,0.0,71.47355802891988
2025-09-05 23:00:00,61.15098640454585,51.017143281596006,0.0,13.367175650886736
2025-09-06 00:00:00,33.544332115297294,18.290745102962987,0.0,74.77435489956342
2025-09-06 01:00:00,26.13206630396049,24.086778128333307,0.0,85.9221122081218
2025-09-06 02:00:00,25.06371691280416,29.80624545473299,0.0,100.07858285732966
2025-09-06 03:00:00,28.251438389614783,18.245999553601077,0.0,81.82562086841982
2025-09-06 04:00:00,29.92177150705805,11.997172549848973,0.0,95.34183199691802
2025-09-06 05:00:00,28.911354927904696,26.344072199931265,0.0,39.91612570685442
2025-09-06 06:00:00,57.56005773892343,30.600314893374332,26.911528344247436,86.47116549123321
2025-09-06 07:00:00,73.75278098455202,44.433172130606685,43.86680062839418,30.532254004488976
2025-09-06 08:00:00,64.77195727995806,49.15488623416145,48.81122005710246,36.732121850016625
2025-09-06 09:00:00,66.78233410454017,53.964443871549236,65.80584562352998,50.16788195830084
2025-09-06 10:00:00,54.16684363089166,26.548385476921137,93.67931812615821,69.4231528400549
2025-09-06 11:00:00,38.01399795961248,17.896039481095247,124.46020679171137,57.51474072057671
2025-09-06 12:00:00,46.263750748855195,23.531090528060222,140.10627708703734,52.87041461572554
2025-09-06 13:00:00,38.104949912605804,16.761302131245372,150.0,61.102491443322705
2025-09-06 14:00:00,38.33358243918702,34.22142566682072,129.67378024319837,50.4476813241324
2025-09-06 15:00:00,39.066287985502136,20.997833677079697,109.78195331464198,53.05183673644622
2025-09-06 16:00:00,46.359084236716726,23.759084543388845,127.07899998026174,67.96276153419348
2025-09-06 17:00:00,42.87754258448742,38.038616742428104,92.0533607020728,40.136215617968375
2025-09-06 18:00:00,87.75511399625958,67.17257397435881,64.38015139197074,70.5060139294882
2025-09-06 19:00:00,83.655996510579,67.43789268165999,56.82403243424769,71.27805577102066
2025-09-06 20:00:00,77.14677657977509,51.09085676167747,41.05625578514112,95.23937404867009
2025-09-06 21:00:00,74.08531862927282,54.37598381563112,0.0,97.91438131037083
2025-09-06 22:00:00,41.68403841791556,33.877043602714544,0.0,45.92506495610905
2025-09-06 23:00:00,50.18531884120499,41.5238042259971,0.0,67.46746609664179
2025-09-07 00:00:00,30.14296370713936,30.276205687461378,0.0,69.11225688014943
2025-09-07 01:00:00,29.054263585997965,20.516914837907514,0.0,48.073982450056846
2025-09-07 02:00:00,28.341403919669386,20.90124066126782,0.0,65.22185668844205
2025-09-07 03:00:00,39.05274708949236,21.10910371994163,0.0,141.57215724287676
2025-09-07 04:00:00,26.296933840605867,11.637919761111142,0.0,101.31227132033007
2025-09-07 05:00:00,34.17518755252227,17.241308272342273,0.0,130.05588395601566
2025-09-07 06:00:00,65.85497208658849,45.832221985052946,24.763462671164547,106.13860093666933
2025-09-07 07:00:00,65.57213607145702,39.157755399099585,37.313915587705914,42.96655528788372
2025-09-07 08:00:00,71.14123284326936,46.52399178342559,55.63713643910832,47.71496143520134
2025-09-07 09:00:00,72.42775059660552,36.70587228239434,74.74534069479206,60.5094556725647
2025-09-07 10:00:00,47.36930034988874,29.001623015556362,88.24065776869004,58.51908457877254
2025-09-07 11:00:00,52.043685142460156,28.358595528509973,112.48364479631675,45.135894550460925
2025-09-07 12:00:00,50.08478403554575,22.250550706443576,140.82783764043958,32.836668518582286
2025-09-07 13:00:00,39.78119454620337,22.86053178109583,147.61249663588168,112.12422985333569
2025-09-07 14:00:00,40.66687466351537,27.324911652518352,145.84392593036193,59.36948398591587
2025-09-07 15:00:00,36.651687754756985,15.814357926764,124.42735072848419,56.529527558459534
2025-09-07 16:00:00,38.37028015156888,21.29590217013436,117.57249716854005,63.284793098416344
2025-09-07 17:00:00,37.13486866267158,24.930550971589238,81.68099162081012,57.80666413746817
2025-09-07 18:00:00,87.30165006704763,51.98787737287742,78.12882013783,63.42932922534359
2025-09-07 19:00:00,82.81704982318271,49.438488059652265,62.79754509521647,104.58148153943375
2025-09-07 20:00:00,77.40574173234982,66.4554997983119,34.16484994542891,76.66058307276263
2025-09-07 21:00:00,79.98998733888361,58.445926665578604,0.0,56.12462726660479
2025-09-07 22:00:00,34.05058200241571,40.17534281081958,0.0,75.92679800376334
2025-09-07 23:00:00,46.222056197400846,26.277243352721644,0.0,69.93792065968258
2025-09-08 00:00:00,30.169402792937174,23.869540922489353,0.0,119.46878561369418
2025-09-08 01:00:00,29.387388680098617,18.298123544396194,0.0,113.90096350902988
2025-09-08 02:00:00,38.91069458189126,25.002318622747143,0.0,90.47385088787148
2025-09-08 03:00:00,32.58707718411767,35.832780396095394,0.0,59.93956128612041
2025-09-08 04:00:00,32.387033338901176,17.002186047856036,0.0,61.10351359470768
2025-09-08 05:00:00,22.60528934443375,25.2624745979557,0.0,88.43857632684545
2025-09-08 06:00:00,76.30276865696798,51.08316092735761,23.909622489464375,95.51343879510863
2025-09-08 07:00:00,75.75367526753845,69.69358629288467,39.87610606690824,47.91233179428276
2025-09-08 08:00:00,74.40629250585904,40.959749940743706,62.19696985544668,46.51744476135337
2025-09-08 09:00:00,74.34419490568503,42.91128941460873,74.49803330483437,45.02895160810061
2025-09-08 10:00:00,49.383690132634,35.91261071132574,93.72048702994354,52.55410913038357
2025-09-08 11:00:00,51.778904004305325,32.751232997647065,100.82550296158006,21.373121448090664
2025-09-08 12:00:00,61.45366373781358,33.02652644239828,136.73303659285912,38.30834514708897
2025-09-08 13:00:00,46.6654200738401,30.340588593276294,150.0,52.00566988163287
2025-09-08 14:00:00,45.02972530557492,21.56032005653489,147.56008917840555,80.29166158602725
2025-09-08 15:00:00,47.28418518187224,21.951489071930954,135.36914827767094,49.126075824639216
2025-09-08 16:00:00,52.561794241964606,34.410513253201415,122.75980087134772,64.45636627558102
2025-09-08 17:00:00,47.32748353175046,30.925191557022227,99.12697783245973,65.1667656326347
2025-09-08 18:00:00,100.79875596480852,69.00778857312356,72.24308591961135,81.68569528596694
2025-09-08 19:00:00,94.55735058487168,63.71016915195437,60.2542806108085,104.32391262335778
2025-09-08 20:00:00,95.58323759725862,64.81592846286256,39.55488289487951,78.15499592595133
2025-09-08 21:00:00,99.95996835840539,81.40103697995802,0.0,69.86903820422012
2025-09-08 22:00:00,66.03718511288832,52.57332147790367,0.0,66.13527117286206
2025-09-08 23:00:00,63.95423029318824,39.27664271567122,0.0,74.51614705320331
2025-09-09 00:00:00,32.62272631255262,15.875642875016025,0.0,78.70648796848599
2025-09-09 01:00:00,30.681451920723234,23.66330931688301,0.0,100.50571318219372
2025-09-09 02:00:00,36.304812100322266,21.247117111833386,0.0,97.56318441416268
2025-09-09 03:00:00,33.576052453703056,10.631078230620744,0.0,101.34826853827255
2025-09-09 04:00:00,21.0,12.815547857500942,0.0,116.08065674391302
2025-09-09 05:00:00,25.2573111846515,17.834254267622118,0.0,129.4027353070665
2025-09-09 06:00:00,79.28333346706694,48.39753895390886,25.195168196374333,91.03780321133893
2025-09-09 07:00:00,69.72034795797687,43.708314219939695,35.927476116132844,67.53190770122043
2025-09-09 08:00:00,73.72255148155037,44.59873057434269,62.61083104647096,48.314755976894546
2025-09-09 09:00:00,74.61253475649536,35.91074235773486,81.61840098017747,68.66475157831731
2025-09-09 10:00:00,56.23102992411092,28.516419533648516,95.10697894496059,67.02927691115482
2025-09-09 11:00:00,56.09034056519924,38.53220166510468,129.65024165436571,66.32616686262685
2025-09-09 12:00:00,56.082734579966456,38.38673537364021,130.59808905113096,54.2175332607623
2025-09-09 13:00:00,50.90869757942906,32.60361151144596,135.72643441849752,51.47419981601982
2025-09-09 14:00:00,46.001306357320246,30.077328258405835,135.98473372650506,40.254796405402985
2025-09-09 15:00:00,45.463978157527094,32.15809987454021,116.74119677443427,61.181821479415866
2025-09-09 16:00:00,41.12353928320182,15.452052803260932,124.55824471700586,85.48559755313967
2025-09-09 17:00:00,51.80437166078386,32.84812996009515,84.93143517424477,57.013265605652144
2025-09-09 18:00:00,95.11788869093162,61.18536503366825,69.88128853699125,73.93068466806403
2025-09-09 19:00:00,93.24799102768957,60.067362913724764,47.28371230999882,96.22225793345916
2025-09-09 20:00:00,99.09853509060568,75.27230285769075,38.69981343227525,73.82239693265815
2025-09-09 21:00:00,94.68839182297152,76.35761102954793,0.0,105.60607692393754
2025-09-09 22:00:00,55.016989173142846,49.7805927581087,0.0,21.678815218141217
2025-09-09 23:00:00,58.546847286652984,52.075466240685486,0.0,55.16843934401453
2025-09-10 00:00:00,28.530828192991997,24.178138020816426,0.0,68.20946569094653
2025-09-10 01:00:00,40.40224218885285,23.320569802562098,0.0,70.33063495608764
2025-09-10 02:00:00,29.66327155506361,14.725953237287646,0.0,95.89459085783868
2025-09-10 03:00:00,32.7802719849565,28.806584402746317,0.0,94.8723415806706
2025-09-10 04:00:00,21.26237678628175,21.940481951822747,0.0,97.17121237693576
2025-09-10 05:00:00,26.127078906383716,24.957862295203004,0.0,101.64036623023146
2025-09-10 06:00:00,72.69114974418119,31.611256488196783,24.926914238700327,67.44712619906602
2025-09-10 07:00:00,73.28755261644457,50.51884065316055,38.056174262028286,36.91130416882595
2025-09-10 08:00:00,79.45218234357291,47.03953717303422,52.115153185884374,58.33363178371527
2025-09-10 09:00:00,82.24230417630474,42.984981523946104,70.426872363082,44.71258134774804
2025-09-10 10:00:00,58.800033299335084,36.575145156667745,103.49494937755728,32.23673990152722
2025-09-10 11:00:00,56.229295222431396,39.0541009405673,115.06567920622301,65.96348490109676
2025-09-10 12:00:00,54.4103483542739,43.06320703306046,139.84579442665245,71.5862154741645
2025-09-10 13:00:00,52.09386223740579,28.99834391216071,134.90811991805376,86.0259567036098
2025-09-10 14:00:00,56.403312900763375,26.273007918263268,147.2935826999853,64.81571293589015
2025-09-10 15:00:00,47.6904140285931,20.395997369788894,150.0,71.61034961929687
2025-09-10 16:00:00,51.30979714538857,33.67502463629557,126.011556970826,83.12662894884643
2025-09-10 17:00:00,48.62782993114613,24.468408937389256,96.49555922483668,51.991552083448624
2025-09-10 18:00:00,101.31509879322813,74.60370469888994,79.31392686252431,79.11430780950134
2025-09-10 19:00:00,92.67486621263745,68.27681755006942,55.76272702187313,85.09369462120934
2025-09-10 20:00:00,95.71871345349342,69.95906116029559,39.102126776210746,97.79815855708891
2025-09-10 21:00:00,99.6949391943381,66.38927864326085,0.0,83.3162826709972
2025-09-10 22:00:00,62.705405276848694,47.22889461775054,0.0,105.41199608488299
2025-09-10 23:00:00,53.56759203111025,28.740075205520533,0.0,84.06127095425894
2025-09-11 00:00:00,21.0,20.1259162312099,0.0,55.74332268149176
2025-09-11 01:00:00,27.75781008101438,25.255471648585967,0.0,120.78933867561848
2025-09-11 02:00:00,34.545588214567125,32.60143017517421,0.0,67.62852253737914
2025-09-11 03:00:00,22.872469840104678,21.30069153726701,0.0,116.38333932797173
2025-09-11 04:00:00,24.703860485407873,18.380634856526544,0.0,86.62203448115905
2025-09-11 05:00:00,30.701633637230003,29.998832943921244,0.0,114.67633114760453
2025-09-11 06:00:00,76.88351854025078,43.31812773357493,24.638322765106345,113.76259202863655
2025-09-11 07:00:00,80.08048834466689,44.50458001946061,38.66609939845413,58.89081891905041
2025-09-11 08:00:00,71.87611875567225,49.58284074563613,57.97560745898541,59.93290476625184
2025-09-11 09:00:00,75.94298550391836,49.568966856949274,71.72884451454657,58.790928995140995
2025-09-11 10:00:00,62.494876194071956,36.908983717965086,91.9214034688043,26.40264372899339
2025-09-11 11:00:00,51.74850901189249,31.88211224165979,107.2803355163019,54.74582661916636
2025-09-11 12:00:00,63.76264721665422,40.9043261630337,119.24813677075944,38.33676325251307
2025-09-11 13:00:00,42.168741799549245,24.909874129785766,131.39928981355146,64.68987559723584
2025-09-11 14:00:00,50.79433533424759,31.52322013883509,147.4329576323238,44.30937401735881
2025-09-11 15:00:00,45.29380494008928,24.085855831596596,126.98833843948256,43.657861046914775
2025-09-11 16:00:00,41.82003107667295,25.55275259869662,125.64552694965195,86.92549702373731
2025-09-11 17:00:00,44.73607252386165,26.36196470745102,100.33057493097276,78.6207642052711
2025-09-11 18:00:00,100.14641781890217,69.72374977762526,65.65008885368306,61.970731634959336
2025-09-11 19:00:00,97.66339349503998,68.15850401122857,59.99544523632195,83.44350991449194
2025-09-11 20:00:00,102.72734882359174,74.57440732385398,41.72265314381855,74.81585781027313
2025-09-11 21:00:00,104.15506674630366,69.47464222471932,0.0,91.12248646394303
2025-09-11 22:00:00,51.79290388932769,41.40633841062031,0.0,66.2788587855656
2025-09-11 23:00:00,51.46333073116146,35.675222143902324,0.0,99.5742536711614
2025-09-12 00:00:00,24.128428018706213,13.904537493768396,0.0,83.15860489830818
2025-09-12 01:00:00,25.953617567783915,18.51300519767715,0.0,79.45754719058947
2025-09-12 02:00:00,34.96896534368885,38.43690346074578,0.0,89.25748468883127
2025-09-12 03:00:00,32.521628778000306,16.945920021571375,0.0,75.65573630836025
2025-09-12 04:00:00,27.547375921849056,18.932896699005706,0.0,96.07033041819533
2025-09-12 05:00:00,29.950038342197246,17.386731236388883,0.0,76.8494182073122
2025-09-12 06:00:00,83.55051260636404,50.88118835426513,23.344193252429022,99.17395279749412
2025-09-12 07:00:00,85.81718666252335,48.782855420566406,40.59963272129027,69.45810727576004
2025-09-12 08:00:00,78.39836733360993,48.9670821478682,53.234992427400556,43.68662203834033
2025-09-12 09:00:00,65.26437250490402,36.59649925866236,78.7264828693101,51.52656596146419
2025-09-12 10:00:00,58.323645301257855,42.0951243050962,90.15642768202531,59.408588725298074
2025-09-12 11:00:00,61.192219957774036,37.745880291284166,103.63296638353496,47.4613289567454
2025-09-12 12:00:00,57.99669879619031,26.712700919598536,132.89936783117915,59.44840254973889
2025-09-12 13:00:00,50.13252828000484,31.878384586742282,144.4955500157496,70.77143732809888
2025-09-12 14:00:00,48.47000533077004,19.826895057625055,141.29711781090782,78.97217197175652
2025-09-12 15:00:00,41.30730676702992,15.108009290209152,124.11178478878853,52.7284152479417
2025-09-12 16:00:00,42.875138195562734,26.16032258740365,117.11794351671575,47.49621209963291
2025-09-12 17:00:00,45.41802630361261,39.35392776419994,102.46396116610792,57.36447309159622
2025-09-12 18:00:00,102.27078879346921,63.21904207925739,77.83556293942166,47.108174680079415
2025-09-12 19:00:00,94.02994398395384,58.76798335340551,57.985377602950635,91.17360289474681
2025-09-12 20:00:00,99.52798414065104,79.35785237468863,37.17351839577416,56.69261949643975
2025-09-12 21:00:00,98.84303896404202,67.92152027561258,0.0,126.4988829509624
2025-09-12 22:00:00,64.12374106769406,53.95816811847245,0.0,105.78354996003551
2025-09-12 23:00:00,56.79829437325561,34.51972626515648,0.0,80.14922417500753
2025-09-13 00:00:00,22.103587117756838,21.359583294235374,0.0,108.2031628369948
2025-09-13 01:00:00,32.910917092035504,35.77023978170635,0.0,52.534371943738876
2025-09-13 02:00:00,39.62124845235302,15.942131927804642,0.0,145.01590693734408
2025-09-13 03:00:00,33.20572505189905,30.197414308079637,0.0,75.80021797822857
2025-09-13 04:00:00,26.45552283685317,25.903713208777766,0.0,86.24212618357922
2025-09-13 05:00:00,25.13124354369466,15.204752324608016,0.0,47.66303614664221
2025-09-13 06:00:00,60.649765375467915,41.87877702148919,27.803030221708585,99.73107305494571
2025-09-13 07:00:00,73.95302858797044,49.904326516289274,35.66695972670746,38.59593235967495
2025-09-13 08:00:00,63.465151643904775,41.523108133169224,59.51972090323022,54.70838169067365
2025-09-13 09:00:00,61.95622985402511,40.98616821624366,85.70308672088906,46.09288646631847
2025-09-13 10:00:00,47.053128946115876,27.812814490014418,104.40685894748981,38.977405589170424
2025-09-13 11:00:00,46.34001212596277,28.702913391076375,119.30815953683262,42.623813618193964
2025-09-13 12:00:00,54.820520463732194,32.706125607067904,131.61243169166636,56.36407298704275
2025-09-13 13:00:00,34.614929494333666,23.659446594008028,150.0,42.30310338555212
2025-09-13 14:00:00,44.49297274637904,16.87383203063859,129.63059809709875,50.5922013257871
2025-09-13 15:00:00,39.729492637936914,29.862522080208183,126.75514829502187,72.56585650219566
2025-09-13 16:00:00,44.61169751433162,16.508661135484484,117.41597507984999,102.74212296531692
2025-09-13 17:00:00,46.30186390071026,31.615039200242144,110.49344682836234,69.67639278043244
2025-09-13 18:00:00,82.49174576042297,61.17920542898283,80.67860174859115,47.970927504773286
2025-09-13 19:00:00,80.6923701646178,52.06535620056145,52.848932534023035,72.6838072875381
2025-09-13 20:00:00,82.407961151207,64.5831188587551,38.39419986500539,80.66073422174787
2025-09-13 21:00:00,81.68368838379095,58.94033492334159,0.0,73.03771871685011
2025-09-13 22:00:00,40.309744793864155,41.438226434236356,0.0,98.09637615773643
2025-09-13 23:00:00,54.75225552672126,33.86092678968472,0.0,84.37975874562774
2025-09-14 00:00:00,31.106032578215355,12.026919559170313,0.0,109.26966907175165
2025-09-14 01:00:00,24.766053667270256,31.27970119126208,0.0,82.05615731592813
2025-09-14 02:00:00,21.0,20.97384484993062,0.0,118.56828629151383
2025-09-14 03:00:00,21.0,27.082126576268,0.0,85.3503363049982
2025-09-14 04:00:00,33.467161965093766,19.578697937588885,0.0,67.43419620729654
2025-09-14 05:00:00,27.214600942168072,7.397131207675306,0.0,137.53342620125812
2025-09-14 06:00:00,62.747544914998834,53.40100689183335,24.22407585663085,48.42524655875912
2025-09-14 07:00:00,66.99129211189664,45.12659974625527,37.21762988532531,43.56572842387889
2025-09-14 08:00:00,62.47238121901393,43.857303293496294,61.90727395780204,45.05802393958878
2025-09-14 09:00:00,67.25395779371274,44.1827475702644,69.86050700014576,86.94154798067213
2025-09-14 10:00:00,48.08713673079917,25.28277600758946,113.7280779989879,77.5712265390846
2025-09-14 11:00:00,47.279865316932394,27.425053688703578,129.592806635909,73.39092496003711
2025-09-14 12:00:00,40.581071615492256,32.19151503943687,149.74151735248407,49.017087177221605
2025-09-14 13:00:00,35.40158259694509,16.71774799519256,141.17541902048137,100.15183876036623
2025-09-14 14:00:00,41.80178284606086,28.014016583255767,144.8463929921767,68.08066712058911
2025-09-14 15:00:00,36.02127553403173,8.097474129419048,121.93241898613515,77.57053698675429
2025-09-14 16:00:00,44.51453670195017,32.70093874265251,116.43839018047613,65.1404579247169
2025-09-14 17:00:00,49.649179658890255,20.69696893426017,104.73926890742466,61.56897408222062
2025-09-14 18:00:00,84.88448125562587,67.04416359333268,86.60834947443524,58.4159445416343
2025-09-14 19:00:00,88.64849091298314,67.18063399282491,52.32625885362669,75.9505820447668
2025-09-14 20:00:00,85.17401997417223,61.75526984946565,38.304412752703904,92.3441632082032
2025-09-14 21:00:00,79.52656829981508,61.41944698375536,0.0,87.50919861092227
2025-09-14 22:00:00,48.55913093273737,40.49471185261639,0.0,79.52069427997296
2025-09-14 23:00:00,56.718392698542445,32.559608090416454,0.0,110.39889438168625
2025-09-15 00:00:00,27.64400815817647,24.381903366433377,0.0,23.037316029772455
2025-09-15 01:00:00,25.323027155048667,34.215196583092364,0.0,100.55263136603608
2025-09-15 02:00:00,24.896125095981287,28.502626502936973,0.0,105.18689602952341
2025-09-15 03:00:00,29.02111777274903,14.88856719460991,0.0,114.75689557092475
2025-09-15 04:00:00,25.484375601106223,23.34185713258398,0.0,87.7377880229959
2025-09-15 05:00:00,37.53308742346757,25.71322116899563,0.0,93.81995870261241
2025-09-15 06:00:00,77.69822566921391,46.55283778482722,25.219327267341583,111.16690999949569
2025-09-15 07:00:00,81.09738965747538,45.13192359364398,35.123983425990936,73.45876305093759
2025-09-15 08:00:00,75.38062700594448,50.57080897698942,60.25053469494954,49.49004099901195
2025-09-15 09:00:00,71.59373387365059,49.44003207995244,74.0784140198557,57.082000420263185
2025-09-15 10:00:00,50.71369319321508,24.813944070165352,99.38823618873184,75.9658310462366
2025-09-15 11:00:00,52.52000310786328,44.74559619299582,117.3854155928692,25.096061633749496
2025-09-15 12:00:00,58.169830670785025,43.21059438179831,129.29019658924105,44.279769038192676
2025-09-15 13:00:00,48.886111482676455,28.306004306448646,146.82254558653514,85.30655247798319
2025-09-15 14:00:00,49.26102061848477,18.38679490743381,144.37140536864973,79.48040293368967
2025-09-15 15:00:00,39.84761121270233,24.247201552205112,133.8993428704524,70.58283695760088
2025-09-15 16:00:00,46.544796953178476,29.542162613519334,114.69132786386193,55.427561017303844
2025-09-15 17:00:00,41.92936005070492,29.558784561421078,103.54736819537618,48.66617199884676
2025-09-15 18:00:00,98.64987343357174,79.93043032261059,89.03504238113486,53.20167762106073
2025-09-15 19:00:00,98.9991233291799,67.38344955498359,58.17276357071142,111.32875730557976
2025-09-15 20:00:00,91.56849786782239,80.50502289648307,42.68988054417608,67.6551422891527
2025-09-15 21:00:00,101.19940981182494,79.32122364992772,0.0,82.30094542397582
2025-09-15 22:00:00,67.13066918454193,53.79967872638053,0.0,65.14152095016448
2025-09-15 23:00:00,60.36272676679581,54.785963453069996,0.0,97.17721986415887
2025-09-16 00:00:00,29.267246822020027,27.342859849066528,0.0,3.4277072324700697
2025-09-16 01:00:00,28.57554433555616,19.044193582584477,0.0,3.864561641224938
2025-09-16 02:00:00,29.059212082473714,24.40211266169594,0.0,2.294151939602535
2025-09-16 03:00:00,26.57669768950345,27.6144253099715,0.0,2.363486860791217
2025-09-16 04:00:00,31.13579192993422,21.2943179405205,0.0,3.9688078732760568
2025-09-16 05:00:00,24.87691833980563,24.220406040755066,0.0,2.64890294945155
2025-09-16 06:00:00,68.05772162568397,35.637847345896596,22.732193941127022,6.045881176539199
2025-09-16 07:00:00,77.5495692335355,41.89988599010735,40.11406842729875,1.1518068410817226
2025-09-16 08:00:00,76.65691046136571,50.1962969181913,52.57815371268927,1.9012762051947572
2025-09-16 09:00:00,73.99109659140714,47.06108617882854,69.47363557315896,2.3866487995834973
2025-09-16 10:00:00,50.711386447284234,35.078047735364,95.17467805805887,2.1597702685180904
2025-09-16 11:00:00,57.78736937014404,30.483901910254563,133.65487199917436,1.7206628021376904
2025-09-16 12:00:00,52.027733575463856,21.55931562405172,148.77525473452846,1.8075425853292413
2025-09-16 13:00:00,45.81935146196507,19.858229332432824,150.0,2.086113475363872
2025-09-16 14:00:00,54.38697438442807,37.404268551892926,129.1370952594277,2.574087562447792
2025-09-16 15:00:00,49.37495500394831,21.49007856164556,136.09567479988323,4.125946234766694
2025-09-16 16:00:00,40.28350406014144,20.48092844126358,124.96510047814151,2.826873402101166
2025-09-16 17:00:00,40.707768971303715,21.835845762677067,102.57870745348959,3.59284669520361
2025-09-16 18:00:00,97.32238799906506,66.15825911267497,67.16142240768171,3.124288244126222
2025-09-16 19:00:00,90.45025901245255,59.638050713517444,53.53287467469919,4.557842601439038
2025-09-16 20:00:00,87.63143741616385,64.11234897207666,39.41103155704107,1.0695582710721143
2025-09-16 21:00:00,99.03487613255339,84.48682816835753,0.0,3.2937332598669355
2025-09-16 22:00:00,57.92773214347479,50.16819037999067,0.0,4.730101445980796
2025-09-16 23:00:00,58.51121373978698,48.73421365924971,0.0,3.055516026834394
2025-09-17 00:00:00,31.183658318180566,28.559427080495652,0.0,128.807343622661
2025-09-17 01:00:00,29.706101797474222,5.54590702487452,0.0,122.58023650879322
2025-09-17 02:00:00,27.020151535455028,24.32524140263016,0.0,78.92477415897167
2025-09-17 03:00:00,32.322607347395746,19.954389103416975,0.0,78.16404611484975
2025-09-17 04:00:00,36.88447569782318,33.13784150437445,0.0,66.75423684428716
2025-09-17 05:00:00,27.744469466504455,18.030894752310807,0.0,75.33796713723032
2025-09-17 06:00:00,71.80764207389507,40.99622904083126,26.720752385028746,61.8593512122273
2025-09-17 07:00:00,71.29293563248183,38.19563442984504,32.711385381160014,59.397767649733595
2025-09-17 08:00:00,72.50068696983068,45.72152608596645,56.9900853959762,34.11867274169046
2025-09-17 09:00:00,77.31266637997474,52.33670578164126,79.82294461198273,61.74376212406929
2025-09-17 10:00:00,46.734905728883284,29.48131074530808,108.22265764412263,62.07027843446828
2025-09-17 11:00:00,58.33949667481977,27.836558180923,129.0085938140818,31.367161899985017
2025-09-17 12:00:00,59.26083831120701,44.54556289339382,144.9638412345578,74.43235275716347
2025-09-17 13:00:00,38.2530055176523,24.573551276962505,138.00602677671986,70.62422760351944
2025-09-17 14:00:00,41.938046174146066,28.013083625380695,124.93607759177922,74.31829656358596
2025-09-17 15:00:00,46.702922546699625,34.664889799122854,134.1532589573776,50.7170097395657
2025-09-17 16:00:00,45.69874435102547,15.256621849629463,132.02799506050232,72.3261438106144
2025-09-17 17:00:00,48.68272674460392,22.054426930975332,112.63148128349333,80.2124318173332
2025-09-17 18:00:00,95.80360057796688,73.25107182060853,83.40590536982407,61.04488679161374
2025-09-17 19:00:00,102.13017914527786,64.78508709815308,59.722130141424415,120.74373274070015
2025-09-17 20:00:00,94.99345397909396,67.89928015667707,40.88859496642133,81.35650914843636
2025-09-17 21:00:00,92.01506783455163,68.60335002069756,0.0,103.41980773352981
2025-09-17 22:00:00,51.5777413666964,35.81155690515388,0.0,86.36464592746938
2025-09-17 23:00:00,59.67283805664191,38.170055372321336,0.0,92.24927349516832
2025-09-18 00:00:00,30.133295138806123,29.42704882443585,0.0,52.1103008179701
2025-09-18 01:00:00,32.851721553263374,26.933728150624525,0.0,97.81426608190353
2025-09-18 02:00:00,32.75905124653133,30.673782601401822,0.0,73.06384989447747
2025-09-18 03:00:00,21.0,28.82502816100299,0.0,70.57045136236317
2025-09-18 04:00:00,24.869628295394506,21.722843694542373,0.0,128.53999766121882
2025-09-18 05:00:00,25.407187317732806,23.876437066549954,0.0,84.72723205513743
2025-09-18 06:00:00,72.57121400533103,49.06532160369158,24.52075463093627,67.05930643437763
2025-09-18 07:00:00,74.35190388394959,44.996472323747895,39.333244633806714,48.88462449003167
2025-09-18 08:00:00,80.73967602932129,45.22243469193189,65.55320840773379,36.24587965611009
2025-09-18 09:00:00,81.6366734392715,44.813168146946005,73.08552468965402,72.95880394929407
2025-09-18 10:00:00,54.927118404244474,31.2939207504346,114.60863587974656,44.36590107559954
2025-09-18 11:00:00,55.11436326419661,28.01160131159707,119.27473167601325,60.81327415815255
2025-09-18 12:00:00,53.07067538190017,30.276388480974127,150.0,71.91451014108202
2025-09-18 13:00:00,46.64728392103842,28.06786444129075,131.0569187945534,54.82305004052149
2025-09-18 14:00:00,47.15728325576769,26.34838271460898,150.0,70.99146618644275
2025-09-18 15:00:00,49.875079280975164,31.345161672340595,130.55300613448222,46.52195538762206
2025-09-18 16:00:00,49.83891355038646,34.22650838362189,108.5672185940579,100.96918963877555
2025-09-18 17:00:00,35.886408053654236,21.178992443765985,103.2714616788925,77.32549179689725
2025-09-18 18:00:00,95.55542630256289,74.1482252778775,85.42952968696814,59.640581065182815
2025-09-18 19:00:00,102.47032870593539,77.89969430607368,53.92213521767337,64.99499368763794
2025-09-18 20:00:00,94.2703613940578,76.56516780590985,34.98031572574251,78.2639468984973
2025-09-18 21:00:00,101.36846674956473,87.36975085886952,0.0,73.71257475616308
2025-09-18 22:00:00,54.86609404010761,46.445929159175314,0.0,119.89205434296892
2025-09-18 23:00:00,57.032282743646796,41.91537004521384,0.0,55.87761465599548
2025-09-19 00:00:00,24.88399188420383,22.026580297566603,0.0,92.62111011822084
2025-09-19 01:00:00,25.053381490950684,18.827559852711808,0.0,89.19072783195271
2025-09-19 02:00:00,33.26471207518357,20.391434810500982,0.0,86.97147246057442
2025-09-19 03:00:00,33.96818226090299,29.16668690442208,0.0,87.16845343164374
2025-09-19 04:00:00,30.118930077902217,16.057354631481807,0.0,87.00147754639941
2025-09-19 05:00:00,24.47614090812724,30.139124832737817,0.0,109.15851634392564
2025-09-19 06:00:00,76.28611833305035,46.22058335947919,25.510821083848985,103.2429885380209
2025-09-19 07:00:00,81.74655515135214,69.32607721575918,39.52597383217388,59.391171240426125
2025-09-19 08:00:00,83.93189694355081,50.90754328670371,60.455535411804995,12.983401402563956
2025-09-19 09:00:00,74.66381213285128,46.783406155907144,85.17412954183956,57.790215358210645
2025-09-19 10:00:00,48.65984304507835,29.410837595285408,101.16095669553015,31.508737095150636
2025-09-19 11:00:00,59.91088456923491,28.308422418676546,140.80587329457134,62.4475935966769
2025-09-19 12:00:00,54.8874144371909,35.875694275809664,141.4232552640382,73.57848248782575
2025-09-19 13:00:00,50.39305652972335,21.89681820139384,143.79260565457187,48.197381576412454
2025-09-19 14:00:00,47.414198655277964,23.122067379117226,128.8243413924909,58.61626442038589
2025-09-19 15:00:00,42.17387516677035,27.658870352931032,136.01167859265868,53.32299963880408
2025-09-19 16:00:00,46.41147326566589,30.160604586809605,119.3067300401497,82.0929513570351
2025-09-19 17:00:00,52.03689629444315,22.31381062434835,109.45283766366738,64.21111751432338
2025-09-19 18:00:00,95.37755433504476,69.32221355769921,82.08933388452573,89.82171582742664
2025-09-19 19:00:00,91.39212404989316,66.38679565312773,52.45079983370862,88.98278175752964
2025-09-19 20:00:00,88.8998485267124,59.68965339051607,40.352917268836194,85.52923456603484
2025-09-19 21:00:00,92.57400619450642,66.42140063261445,0.0,82.01642856303955
2025-09-19 22:00:00,54.283635193268985,32.217793172859174,0.0,97.13235485370502
2025-09-19 23:00:00,59.81924448286607,53.83031259777378,0.0,45.609013559059164
2025-09-20 00:00:00,24.956178294847703,27.596741706520977,0.0,91.59634638901777
2025-09-20 01:00:00,36.99188348578336,17.47432876148705,0.0,88.11238200558861
2025-09-20 02:00:00,23.982815051214637,25.436608946341593,0.0,105.947284840153
2025-09-20 03:00:00,40.49168741650577,23.6732415197382,0.0,85.47446874694486
2025-09-20 04:00:00,37.76483350539512,32.387657889451354,0.0,66.39370135574012
2025-09-20 05:00:00,30.635248122245965,18.950321785708443,0.0,89.8476810076674
2025-09-20 06:00:00,56.56975726176536,36.41283106591105,27.115498272989804,65.40481102667285
2025-09-20 07:00:00,63.73496988930763,42.16899865047948,44.72824821241022,27.910267009771285
2025-09-20 08:00:00,62.24359385728925,35.58904534319885,62.107665383459306,63.59128919645035
2025-09-20 09:00:00,58.250085664499366,44.37762158742309,84.08797046581816,61.59951003132754
2025-09-20 10:00:00,48.36032694878489,34.76743270554425,102.26543049707634,60.09323287030035
2025-09-20 11:00:00,43.344389541820995,24.87880617377534,126.57924312270161,71.337278902505
2025-09-20 12:00:00,43.833707314448276,30.640758319720202,150.0,44.86342851391025
2025-09-20 13:00:00,37.66743249956723,12.989794260316463,132.29451607035543,40.31738648253314
2025-09-20 14:00:00,35.99689662596716,12.252674111759669,143.94380782080373,61.6789289829347
2025-09-20 15:00:00,47.93569113213796,30.289075803839445,130.51371726001167,57.3241670624296
2025-09-20 16:00:00,36.173270506644855,26.106288031679547,126.4892914715074,49.55859896471653
2025-09-20 17:00:00,40.56795090641797,25.99302172854072,111.79279204102724,61.524818747362694
2025-09-20 18:00:00,81.57282392523229,48.793146227929014,75.47793144162866,53.179172788653666
2025-09-20 19:00:00,82.50534872395058,57.3841463422576,46.90116955349906,43.66648454253787
2025-09-20 20:00:00,82.84887052653485,64.90381074609361,38.541772327272774,71.8122377221601
2025-09-20 21:00:00,84.8840994000132,82.52550746437942,0.0,57.78407338846233
2025-09-20 22:00:00,48.249790966455286,48.64288883741506,0.0,85.38893079882135
2025-09-20 23:00:00,48.06281470315984,45.00027666688138,0.0,67.47669271881414
2025-09-21 00:00:00,30.263146808106626,22.288008723697665,0.0,114.69862022495738
2025-09-21 01:00:00,29.377119664470115,21.450320935625395,0.0,125.74374915184782
2025-09-21 02:00:00,25.89690953252695,14.499119097753672,0.0,104.9994683118312
2025-09-21 03:00:00,29.726092301609093,29.41381765758475,0.0,54.95191101208249
2025-09-21 04:00:00,31.0857031886949,19.691978409217196,0.0,123.52971616473732
2025-09-21 05:00:00,31.809740504577576,24.554532703454903,0.0,125.11219669360334
2025-09-21 06:00:00,64.66948710376928,41.590145574393105,27.64534549441707,90.17663518038121
2025-09-21 07:00:00,62.80990806479482,42.35029854828104,41.61819523720886,71.66388530609888
2025-09-21 08:00:00,63.601346060931675,41.04294857355587,60.045798615148016,46.42565948906847
2025-09-21 09:00:00,61.366796444834655,41.68678913870938,77.57709180849827,28.727264288543566
2025-09-21 10:00:00,48.36566217851444,37.19797571795594,91.46733889496115,43.61710033572416
2025-09-21 11:00:00,45.96107719337136,17.595990589734072,127.97345061103401,77.13500953815281
2025-09-21 12:00:00,47.76867844087352,19.996985433818793,129.97630239832333,33.77821806664748
2025-09-21 13:00:00,43.00874221104225,23.98367017748502,150.0,62.820980433157416
2025-09-21 14:00:00,35.31301342242987,27.03611381694654,150.0,63.36480211593678
2025-09-21 15:00:00,41.19025772991794,33.86838634568984,132.80221889397575,54.771149182090085
2025-09-21 16:00:00,38.654574325304935,15.944477206722638,116.89532447599919,55.86205054012923
2025-09-21 17:00:00,47.600499713934155,26.35421187124641,101.13568179938596,63.96332589515561
2025-09-21 18:00:00,79.78690555355573,49.769363518728696,77.83414596320424,53.99854558228337
2025-09-21 19:00:00,83.88849765582131,59.397557517832325,63.244266673516236,52.06120617305655
2025-09-21 20:00:00,80.82934756454341,66.5737916576533,40.49706495299653,85.12204282623439
2025-09-21 21:00:00,74.5128867442308,57.40142684803734,0.0,102.45600350124336
2025-09-21 22:00:00,44.61305328914876,35.63155841829841,0.0,98.34040787572535
2025-09-21 23:00:00,50.91827419341268,40.59664510168685,0.0,64.42699316347839
2025-09-22 00:00:00,28.05287492726277,18.526354899420014,0.0,61.722209362052624
2025-09-22 01:00:00,21.0,31.551675573795254,0.0,83.43657692493152
2025-09-22 02:00:00,29.858686423839732,19.542402718732166,0.0,125.0217852452779
2025-09-22 03:00:00,25.084486659220453,18.33036909074092,0.0,104.31442419166142
2025-09-22 04:00:00,30.593179796685234,24.48018440836092,0.0,105.62501497925606
2025-09-22 05:00:00,36.980161866291084,29.537850289361955,0.0,109.79912675083108
2025-09-22 06:00:00,79.10628485505042,58.62078672914028,24.27905858884806,99.26595254623456
2025-09-22 07:00:00,82.55867818576725,51.1729029801341,45.98259985561773,55.51563876052978
2025-09-22 08:00:00,73.11692285993713,52.39296980949344,58.34446333713288,62.81376706237611
2025-09-22 09:00:00,74.99947845507745,46.88349667230717,84.31985127442022,46.53239750428407
2025-09-22 10:00:00,51.095332331693,29.260242809470338,97.0324805998972,34.8341114678569
2025-09-22 11:00:00,52.71709971464758,25.277390496977524,126.60384472413114,63.63142449955476
2025-09-22 12:00:00,51.6243134720402,21.20178649686124,142.88093750687796,70.5663673802348
2025-09-22 13:00:00,39.990825986319535,19.682686748081895,125.96812800788054,45.2959940902003
2025-09-22 14:00:00,52.01743416176438,32.38483337419988,150.0,75.7915704437758
2025-09-22 15:00:00,36.45725802015445,21.62118497808141,150.0,89.2909924624341
2025-09-22 16:00:00,52.03670441939385,22.664826027299057,119.1205652863912,62.83719876429614
2025-09-22 17:00:00,51.478344509914386,21.91964719450835,93.00127024656587,50.015043265751245
2025-09-22 18:00:00,97.74122573520218,62.771148449167114,81.64274427679089,64.80612788390759
2025-09-22 19:00:00,90.47687598912339,61.39921042481075,58.518294638960164,69.71032600839753
2025-09-22 20:00:00,88.37237069405226,64.33923771973862,41.078455765975974,68.37256689445114
2025-09-22 21:00:00,93.02434212986066,77.88618499372599,0.0,89.59030288625084
2025-09-22 22:00:00,58.60833727085767,47.91182148880214,0.0,48.4262775629788
2025-09-22 23:00:00,55.80908158581104,50.97766575106368,0.0,51.65569003175798
2025-09-23 00:00:00,25.30425227207359,11.50050825295805,0.0,90.30487321856245
2025-09-23 01:00:00,35.166921530954205,22.129452248734168,0.0,89.3702232028183
2025-09-23 02:00:00,37.57972497681692,29.647731388973366,0.0,97.59038523755832
2025-09-23 03:00:00,28.980303761934312,24.163006285989542,0.0,132.0037538034843
2025-09-23 04:00:00,30.492016066188057,19.69854497507504,0.0,92.2196553281439
2025-09-23 05:00:00,23.210180923667266,26.811854737031744,0.0,103.31109776122395
2025-09-23 06:00:00,73.63679111644406,52.838550072880636,26.20604579032853,67.95330891244869
2025-09-23 07:00:00,77.79851123993919,45.40402334071965,41.595038010680305,64.27521953989222
2025-09-23 08:00:00,77.09838577009471,50.606933190598454,64.89936977707906,46.82674260806469
2025-09-23 09:00:00,73.21702601749104,49.031089500863445,83.11506345560399,54.88567307745232
2025-09-23 10:00:00,54.454552716057,30.191601227444018,93.51028031842714,52.45551148883337
2025-09-23 11:00:00,53.67620018975053,39.692378210953464,136.55718298623145,67.8481026216123
2025-09-23 12:00:00,54.43555729246828,25.622689104319765,150.0,36.263445484621215
2025-09-23 13:00:00,47.686763698165755,26.491662880060808,150.0,27.000370324835487
2025-09-23 14:00:00,36.92829020267313,13.368217391007764,135.17928196428915,59.55325038178145
2025-09-23 15:00:00,45.447634270198535,25.03417563827787,142.24122805837774,70.2788408320724
2025-09-23 16:00:00,47.35709699714978,22.04510040237347,102.62454849340901,65.30483100086319
2025-09-23 17:00:00,43.21502600144934,22.984290219485104,106.59973038671984,82.28951028011446
2025-09-23 18:00:00,93.15741547582638,56.921038068652905,76.01520856038866,69.788794114254
2025-09-23 19:00:00,93.28763918999883,72.06283021828592,67.11493691135051,69.48268363449473
2025-09-23 20:00:00,93.15868929275113,74.5346283203242,37.49875436053764,33.86180613895654
2025-09-23 21:00:00,95.34089117399503,79.99820985024678,0.0,76.08559484462629
2025-09-23 22:00:00,56.269160915263036,43.29228371308608,0.0,101.67074053229487
2025-09-23 23:00:00,46.23633408114891,40.959491430135,0.0,72.95667557683909
2025-09-24 00:00:00,32.937961671625295,23.27151794844539,0.0,90.55234599560458
2025-09-24 01:00:00,28.695005020438686,21.71575679246435,0.0,99.38746606846787
2025-09-24 02:00:00,38.698334289608404,40.00790432397269,0.0,67.09304621571914
2025-09-24 03:00:00,24.637581574955814,17.856419289871752,0.0,103.92541534161046
2025-09-24 04:00:00,26.097084710605507,26.761764811676755,0.0,126.71648958753913
2025-09-24 05:00:00,29.086909596375325,24.716245041695572,0.0,86.03107669316849
2025-09-24 06:00:00,77.22203524825441,47.01144284376931,22.338305594990157,64.53557184849694
2025-09-24 07:00:00,66.5840677514955,36.327192395906884,38.49599525138056,53.051169930766
2025-09-24 08:00:00,71.63157049014477,42.06644973470837,49.00698188986379,23.948371633056226
2025-09-24 09:00:00,78.02346144724955,53.94163674965104,84.33831485662512,58.49337776592807
2025-09-24 10:00:00,51.31783278455399,42.56116039888619,85.27772840291296,60.049429567070185
2025-09-24 11:00:00,61.74950923719346,34.850490133519386,123.50213017914368,76.54935275026472
2025-09-24 12:00:00,53.541914348679605,32.75869086880128,116.4186508865362,51.33296428967574
2025-09-24 13:00:00,41.648146046878495,26.850332894856912,144.82506311219623,69.36863617302136
2025-09-24 14:00:00,48.44142461296987,26.180851146085192,150.0,49.38842867266262
2025-09-24 15:00:00,52.929603693627044,35.93757244839028,143.65690305805566,57.33254441364462
2025-09-24 16:00:00,47.56910861726457,31.266925847655415,114.70951777723455,38.9418355448256
2025-09-24 17:00:00,51.3672577494217,31.898930444376347,101.89929130197469,59.87595150628082
2025-09-24 18:00:00,102.6855099387004,69.23697628178093,79.67251713411007,58.13689860407281
2025-09-24 19:00:00,90.99228684615996,59.199215340045996,60.406548693437,86.97728564682482
2025-09-24 20:00:00,99.36341190910221,54.97271125979625,35.62979172054099,68.30814909196434
2025-09-24 21:00:00,88.2850336139681,75.65256378128927,0.0,82.61032617925832
2025-09-24 22:00:00,57.49645193653917,47.51696262648583,0.0,74.17953749841239
2025-09-24 23:00:00,55.263460036183744,36.68503248355262,0.0,74.21758535535497
2025-09-25 00:00:00,35.59327591368928,12.580921501432615,0.0,91.75787795165711
2025-09-25 01:00:00,35.27513180843179,20.345170348602128,0.0,90.86198268299418
2025-09-25 02:00:00,32.564025077404814,17.227828598488564,0.0,107.06775317527448
2025-09-25 03:00:00,31.34292554767268,17.668560213550812,0.0,87.23773394834805
2025-09-25 04:00:00,32.28765904524878,25.215889999403007,0.0,82.08260636895253
2025-09-25 05:00:00,30.277968921194454,22.719389220311584,0.0,85.88477599102775
2025-09-25 06:00:00,74.95135547049456,40.07535383259547,27.06810885028469,73.87957855579788
2025-09-25 07:00:00,81.71833808061612,45.579966400665306,31.366665282109736,49.11429038805167
2025-09-25 08:00:00,82.25974049403193,42.12315003148874,55.303460796947256,81.37605647125481
2025-09-25 09:00:00,74.5892699158202,57.75839432334023,76.49266903801164,41.65601329143251
2025-09-25 10:00:00,56.55191604265845,43.20070940897424,107.38973351273928,50.21062895704743
2025-09-25 11:00:00,55.85000074058758,27.763616181638753,123.51332312671573,48.74219706796902
2025-09-25 12:00:00,48.22990924039272,16.62601539573189,123.99675065694957,50.635439944062334
2025-09-25 13:00:00,44.09650009167106,25.616398415817983,136.99750095626214,57.7513387748538
2025-09-25 14:00:00,52.80912909564155,28.390636377156515,150.0,67.36112425719462
2025-09-25 15:00:00,42.23646875328194,27.041720370084988,138.82230321502897,36.04499300666828
2025-09-25 16:00:00,55.12590577128095,35.282406916720156,117.57808827250497,79.29200639366059
2025-09-25 17:00:00,50.88502858407731,32.899511246349775,98.27936770958628,72.92322426811278
2025-09-25 18:00:00,96.77766205930811,63.62489341752544,84.03539157795143,43.400993001362664
2025-09-25 19:00:00,97.49471516874407,75.49207050724726,55.82616883353563,35.03199110270872
2025-09-25 20:00:00,90.84349024834256,73.6112580325503,39.74436020907687,61.18076793707307
2025-09-25 21:00:00,93.77739099683902,68.09070318551993,0.0,76.04433926273967
2025-09-25 22:00:00,61.96884822555801,48.45806890393705,0.0,133.17794240379305
2025-09-25 23:00:00,52.717170202829195,33.17392756922424,0.0,91.95057357977683
2025-09-26 00:00:00,34.7750929062696,38.40558772895187,0.0,49.31628416383842
2025-09-26 01:00:00,23.803319147533237,14.571245184164194,0.0,74.46319971056147
2025-09-26 02:00:00,24.60828714386245,28.60892903002263,0.0,88.77940981914966
2025-09-26 03:00:00,38.55623099513842,15.512273507234468,0.0,95.6827570297188
2025-09-26 04:00:00,29.946732841918543,34.134178644330646,0.0,60.402291116149996
2025-09-26 05:00:00,27.576750508525464,14.934312045534435,0.0,86.9398924986518
2025-09-26 06:00:00,81.22655203872256,52.65220333940739,30.34158927350141,73.83373325044933
2025-09-26 07:00:00,80.700415314563,43.420331878395736,35.48209997295615,39.0889960030871
2025-09-26 08:00:00,79.2376138608848,42.11301222301723,49.630518448914984,57.48944651457937
2025-09-26 09:00:00,72.52967767987275,49.07694680489095,84.62658821068456,64.43042466777341
2025-09-26 10:00:00,54.09203464620087,38.75089046931683,96.70130432145497,65.33690205605224
2025-09-26 11:00:00,56.7854934446817,34.18776675642926,120.20024243738715,61.73800550160973
2025-09-26 12:00:00,58.50796077758298,38.39745226624318,131.02880667176007,47.273099041905475
2025-09-26 13:00:00,43.239460365183604,28.96323712770819,145.68469898127685,74.2346673184878
2025-09-26 14:00:00,46.29595344606015,19.238065441937913,150.0,67.84979242018363
2025-09-26 15:00:00,46.73089730185534,16.64623671954184,148.7315706538312,65.09249364665577
2025-09-26 16:00:00,51.31810035195566,29.41450562752744,131.84812208325206,53.351825011881985
2025-09-26 17:00:00,48.92273267847505,27.32759396906779,90.66770473686735,55.15971798365909
2025-09-26 18:00:00,88.02466549477522,66.09902521130627,72.30079847679994,64.14687652007314
2025-09-26 19:00:00,93.8439365083498,67.81861292298743,45.029062093748585,130.37322651175134
2025-09-26 20:00:00,90.62574773160866,62.365079318426694,37.44996688460751,87.0772967724348
2025-09-26 21:00:00,97.36166628928656,79.64399522812802,0.0,68.60541944827096
2025-09-26 22:00:00,59.537353815193114,54.48621737288874,0.0,64.12727616184804
2025-09-26 23:00:00,55.84016567316651,43.9606812081989,0.0,71.02307792008257
2025-09-27 00:00:00,28.793428362174673,16.214575273488496,0.0,138.97784107413239
2025-09-27 01:00:00,30.311264068661924,26.97455535477183,0.0,81.01016114217644
2025-09-27 02:00:00,30.940136730649897,23.966343554961696,0.0,110.39564157357357
2025-09-27 03:00:00,27.11955156727392,25.94900741109416,0.0,81.53500762408672
2025-09-27 04:00:00,24.515800046537855,31.314598348161894,0.0,95.86888383948771
2025-09-27 05:00:00,21.0,22.49831315422514,0.0,107.80553308878882
2025-09-27 06:00:00,68.86007471649613,40.94946152620238,27.83949662062787,77.1259362973655
2025-09-27 07:00:00,65.3914032200285,37.19577124543252,41.70956507313559,45.341318622328956
2025-09-27 08:00:00,64.78905467471992,47.18601661732976,57.24424305129053,76.38855104420618
2025-09-27 09:00:00,68.85115011945942,43.941176829578424,79.51307093524913,67.28655179309337
2025-09-27 10:00:00,40.781210299137484,35.25559909131342,96.64257560848891,64.6688361301091
2025-09-27 11:00:00,38.62047740140578,9.944089446045204,125.39327928004921,64.62299349961195
2025-09-27 12:00:00,48.15985996708926,31.648539318422085,148.3647234338436,60.19939108301544
2025-09-27 13:00:00,39.387068141789904,18.691531325376914,129.5779482035457,94.77228957619329
2025-09-27 14:00:00,30.276466308767073,13.627850727335712,150.0,63.68639519039602
2025-09-27 15:00:00,39.68519173192659,15.970913522169933,150.0,72.08604108860939
2025-09-27 16:00:00,36.26634366649641,28.250710190465366,119.27540054588809,40.14486840093104
2025-09-27 17:00:00,34.435450683475345,25.61099220494282,108.01264449604409,50.002817414264996
2025-09-27 18:00:00,78.38428721731808,50.06791131406343,97.59132154808934,44.08352862581031
2025-09-27 19:00:00,68.89781533545582,49.75487396086099,57.79051027499373,106.79113418742266
2025-09-27 20:00:00,77.22350989932521,66.06925950150624,41.31339318015145,29.308687013099068
2025-09-27 21:00:00,76.71536834191001,62.38385651756801,0.0,72.84731915742614
2025-09-27 22:00:00,48.93777735396599,53.64216348456065,0.0,20.375790228062165
2025-09-27 23:00:00,45.71878072845437,32.715009958466226,0.0,64.16122107676668
2025-09-28 00:00:00,32.87490993155497,10.174105363052576,0.0,78.95339273496772
2025-09-28 01:00:00,21.0,20.850752949354426,0.0,121.15920692091655
2025-09-28 02:00:00,26.224057998430283,22.14832613581561,0.0,98.92380801024787
2025-09-28 03:00:00,32.5019867320715,25.842867259264963,0.0,71.25408478328183
2025-09-28 04:00:00,28.6101091624208,26.802845732164077,0.0,113.98381426070216
2025-09-28 05:00:00,33.80457239838465,11.76345071574049,0.0,90.40093272819989
2025-09-28 06:00:00,54.93005397462209,34.74039637478548,24.336046893739823,90.84495988305585
2025-09-28 07:00:00,66.34076584547623,39.426551454735794,40.63842858911294,37.763812248679045
2025-09-28 08:00:00,60.174640586840916,32.777891562273375,60.42954669778932,40.63468316112069
2025-09-28 09:00:00,59.73788018715156,37.8361284568798,80.90578387873305,42.861047533672604
2025-09-28 10:00:00,50.81028701132873,35.867318322122074,93.94621618547478,54.62705013569432
2025-09-28 11:00:00,51.57913038495948,31.7624643803608,125.42303638585838,55.05127888738286
2025-09-28 12:00:00,51.00672393254797,22.144290523955995,150.0,74.84500837720552
2025-09-28 13:00:00,47.174368079513194,23.785945643741428,150.0,69.06439505021406
2025-09-28 14:00:00,43.701095654791004,31.14831619036471,150.0,20.355774349506277
2025-09-28 15:00:00,34.421014790000655,22.934888191314993,137.1637053893263,67.1363937130229
2025-09-28 16:00:00,38.637850993406424,20.085495738564465,130.78824212203116,40.16211222082544
2025-09-28 17:00:00,36.37958882861379,19.681787030778175,104.57595790835128,47.785803058666374
2025-09-28 18:00:00,88.8818632033628,55.05071631070247,73.60375934217679,50.208168090474196
2025-09-28 19:00:00,84.72287362973618,59.7185845958152,59.76860949140366,67.56717995669716
2025-09-28 20:00:00,78.90099821838145,50.98332036869411,36.87959155827244,53.15305253667442
2025-09-28 21:00:00,83.7015529234805,77.39383463171905,0.0,85.12023468647459
2025-09-28 22:00:00,40.80568220174623,33.878592489907334,0.0,52.431083792373585
2025-09-28 23:00:00,47.476753119559824,40.481710213225035,0.0,88.22223310947928
2025-09-29 00:00:00,25.77934878328612,29.48897189766581,0.0,140.32775582810226
2025-09-29 01:00:00,22.40133509717667,24.691948347326047,0.0,60.08766839736472
2025-09-29 02:00:00,33.53041306888425,23.149356218450897,0.0,83.59607962782984
2025-09-29 03:00:00,34.08865992834398,19.116864011689337,0.0,33.22124026920268
2025-09-29 04:00:00,32.057456862953934,20.00753601177015,0.0,83.22652816356944
2025-09-29 05:00:00,29.176648317450745,30.35630495572518,0.0,104.45808885814965
2025-09-29 06:00:00,69.01803676156848,45.0666003366164,24.55275347496287,106.2112844881992
2025-09-29 07:00:00,69.49058979014971,45.728931716674204,40.66280642991754,55.042804742512324
2025-09-29 08:00:00,70.35489079955275,51.9141014531028,59.66719279052417,66.00313090168292
2025-09-29 09:00:00,73.66512089561517,47.739384177765615,72.08223567954568,88.36915847844432
2025-09-29 10:00:00,59.94279233250512,33.212617425602325,110.91156090913941,77.11386384418981
2025-09-29 11:00:00,59.87180698113694,36.161510677009886,129.02749183434221,46.94459806394113
2025-09-29 12:00:00,47.68143383302506,24.125533971032745,131.92732654916492,34.40909245840176
2025-09-29 13:00:00,42.172106677509575,20.921285264650567,130.519821064054,56.601464106044524
2025-09-29 14:00:00,42.05093210466256,22.44484674277847,147.10123760366912,48.08361882689589
2025-09-29 15:00:00,33.89953261448023,21.849336623310165,134.82177254015713,70.10667884449101
2025-09-29 16:00:00,47.83920095401042,21.16694572222507,124.49824783433385,44.394906740272845
2025-09-29 17:00:00,44.183937483302486,27.592958728042213,99.31548537887285,61.8512424660603
2025-09-29 18:00:00,93.82417197063228,64.76513235562943,66.86778462260526,76.19649868256602
2025-09-29 19:00:00,100.38973314816204,66.6865753044455,56.470621549951034,78.95860532753183
2025-09-29 20:00:00,94.73070394525128,68.7738857764039,39.07675312761454,61.835341332556496
2025-09-29 21:00:00,92.39502629312459,55.285310377298416,0.0,104.78692799770802
2025-09-29 22:00:00,57.67433732580525,46.46807553132007,0.0,42.949383021414384
2025-09-29 23:00:00,59.864911340873036,35.03736405154628,0.0,74.35998101391175
2025-09-30 00:00:00,31.334104047221516,20.644645397897104,0.0,89.04850616848447
2025-09-30 01:00:00,33.101353194141666,9.451321910484602,0.0,90.34359581337722
2025-09-30 02:00:00,29.34494557615702,22.502583010025518,0.0,94.04622418385492
2025-09-30 03:00:00,29.631640141381517,26.233434418737758,0.0,103.71842266172365
2025-09-30 04:00:00,30.508593196344727,21.199168346274206,0.0,89.18916697531274
2025-09-30 05:00:00,26.61095572305302,25.090408545612373,0.0,81.7057115802314
2025-09-30 06:00:00,72.04130400666298,43.08092565861628,27.168161180496373,80.81640391967234
2025-09-30 07:00:00,80.79803965950933,43.3234729556726,37.81172932808572,45.73727235957455
2025-09-30 08:00:00,83.63338370270664,51.09197589232403,66.09587349075106,64.62157122931913
2025-09-30 09:00:00,81.762471884498,55.323826381940584,67.46591429520876,45.26467627516891
2025-09-30 10:00:00,49.05602784803617,20.745943067247886,112.99513540497443,65.42101934858616
2025-09-30 11:00:00,48.62132704786226,25.860966049390843,121.14490820420893,54.24787158481549
2025-09-30 12:00:00,49.65249350974141,26.345238149575767,149.39612863194188,46.95560229086921
2025-09-30 13:00:00,45.821981783036534,41.066619815092494,149.7488766195263,72.7283624217024
2025-09-30 14:00:00,32.577977628969386,18.51253606343251,150.0,51.534415629936674
2025-09-30 15:00:00,42.567631244791116,11.649128976495884,135.45190567724435,73.03979795083663
2025-09-30 16:00:00,51.54918509580388,17.13089096826998,112.51669693245346,66.33989984273028
2025-09-30 17:00:00,49.63821303285896,34.127175326898836,113.88966697391653,53.59937312016308
2025-09-30 18:00:00,91.89355066157694,80.15352437624065,78.92326069571607,71.31467164748993
2025-09-30 19:00:00,92.23437710388986,63.69516630791651,59.30332269044534,92.05382131462652
2025-09-30 20:00:00,96.73706426978879,66.57222741940458,44.004703303193146,104.4231867981013
2025-09-30 21:00:00,98.39318598775662,76.13622180752428,0.0,100.54850718540479
2025-09-30 22:00:00,52.61156824866572,39.009891888787394,0.0,90.93385616982206
2025-09-30 23:00:00,53.956038855757164,24.16684633085493,0.0,58.157046329905135
2025-10-01 00:00:00,27.452956221659896,24.52140736045356,0.0,145.0363162533427
2025-10-01 01:00:00,24.00892751381154,19.817163469754885,0.0,58.395729330568955
2025-10-01 02:00:00,29.011153133901836,26.621821724830973,0.0,111.31475783495418
2025-10-01 03:00:00,28.668326069060566,16.454191736238137,0.0,99.6647920316297
2025-10-01 04:00:00,24.32710147805105,23.917262791225124,0.0,63.556866225635105
2025-10-01 05:00:00,32.90736421936978,28.352531602886145,0.0,87.16903652884848
2025-10-01 06:00:00,76.65690775124067,54.88206057360379,23.714775708814845,88.193465877269
2025-10-01 07:00:00,77.612703351227,50.28010893764601,41.94259154578385,71.59728238974581
2025-10-01 08:00:00,71.0256480978345,47.234460157545975,55.502111803358815,44.35290527064906
2025-10-01 09:00:00,65.55587414590825,44.85670934116452,78.77791171173442,50.44395560281996
2025-10-01 10:00:00,57.026963606473544,39.448049252003685,102.82496345955929,22.45425257647203
2025-10-01 11:00:00,51.93546630723441,22.045542249274263,108.51722911000995,77.38894163574466
2025-10-01 12:00:00,50.91596692346246,22.616578342334712,131.03046563953234,39.533171700288456
2025-10-01 13:00:00,39.48823909999461,7.086946491531066,150.0,68.12212498019805
2025-10-01 14:00:00,43.9060265594979,27.613038242833845,150.0,61.37875066146232
2025-10-01 15:00:00,52.24295077261723,26.618202934183437,139.03681174497103,61.432387713430884
2025-10-01 16:00:00,42.87045508979028,28.641992733705553,125.71603086046325,75.72562263273967
2025-10-01 17:00:00,40.240864237138894,25.503988936082877,99.8272923954174,89.28736048373435
2025-10-01 18:00:00,96.97365617641532,62.21891088245404,88.26064440761232,66.93476991401691
2025-10-01 19:00:00,94.81761113075098,66.36674373456424,57.31741176171374,94.22836846404948
2025-10-01 20:00:00,84.50309971718326,59.33418194208542,40.77788734075605,87.62568215156311
2025-10-01 21:00:00,97.02051431066998,68.89978822773007,0.0,101.56517205585696
2025-10-01 22:00:00,64.50207848132533,58.76528090192852,0.0,71.59785881560065
2025-10-01 23:00:00,43.22156184963751,45.560682292254576,0.0,102.73636004578444
2025-10-02 00:00:00,31.54933867149397,26.803076486795376,0.0,114.90242272776521
2025-10-02 01:00:00,27.109429955645282,19.981838769683954,0.0,114.27371710286035
2025-10-02 02:00:00,38.29030138247381,30.05153306769889,0.0,75.09189153396429
2025-10-02 03:00:00,44.48107271744696,34.33681163837461,0.0,86.14955493109584
2025-10-02 04:00:00,39.34062819096547,13.164043793690075,0.0,95.31846999149617
2025-10-02 05:00:00,46.814087767324324,33.93434311287819,0.0,59.11292960084162
2025-10-02 06:00:00,100.83069959835989,51.0777777074305,28.205044219122613,125.79393479666561
2025-10-02 07:00:00,105.89394932414397,59.945824927241766,37.52747091823099,53.79502195653641
2025-10-02 08:00:00,102.74575123366824,54.21186138215938,65.48361459525071,57.79086657087293
2025-10-02 09:00:00,93.66513492373251,44.54187792881067,69.83772942575256,46.176752944135536
2025-10-02 10:00:00,71.18180532601308,46.059479711296966,115.50652906403496,36.06084564149896
2025-10-02 11:00:00,65.74789414334073,32.63946480598442,119.58331324665545,45.812175395168126
2025-10-02 12:00:00,69.45426101631608,27.69228302167914,136.9579531754626,56.91773359404863
2025-10-02 13:00:00,58.54751238010218,28.248700040402532,126.19750523285269,73.55284512353333
2025-10-02 14:00:00,57.69508155401961,30.079136587138557,143.2682670963495,65.50043252761454
2025-10-02 15:00:00,65.9856923599086,29.20164972005304,128.05140448244154,68.41099568883858
2025-10-02 16:00:00,56.27032180601596,28.24726585904163,117.26634858050951,57.649777614970944
2025-10-02 17:00:00,52.773679653839864,25.119836575686815,101.06209959100156,70.76429056273473
2025-10-02 18:00:00,116.1659010660134,58.27290362415256,85.6792290492989,86.29166567359782
2025-10-02 19:00:00,120.0,63.282813696268306,59.19000486969844,95.20253353193144
2025-10-02 20:00:00,113.06655329041337,54.90769031544092,41.00101888576295,97.3222241912407
2025-10-02 21:00:00,120.0,80.15318893589115,0.0,86.89044329042882
2025-10-02 22:00:00,78.50584648218211,51.15997478194971,0.0,50.52425111021524
2025-10-02 23:00:00,72.49393265711055,19.97918513910862,0.0,59.8018757604086
2025-10-03 00:00:00,29.664275748965604,23.37214891875498,0.0,100.11749261536794
2025-10-03 01:00:00,29.838403183627065,23.876027753733197,0.0,89.64891455517702
2025-10-03 02:00:00,25.36695933497772,9.813815048258995,0.0,99.77964757931055
2025-10-03 03:00:00,26.142893803044565,14.351412329143994,0.0,127.57017368094057
2025-10-03 04:00:00,29.1216824718844,15.369578039827067,0.0,106.2114625467893
2025-10-03 05:00:00,31.22072863549182,16.065563835452338,0.0,118.18657229233189
2025-10-03 06:00:00,78.52790119761134,56.53128527347141,23.55712960577967,92.02259549223162
2025-10-03 07:00:00,74.6777489217733,48.579354814227806,37.173087948537464,43.052184860141004
2025-10-03 08:00:00,80.34870993539596,47.427041085835064,66.55925326515512,53.156573608831586
2025-10-03 09:00:00,81.48461721294471,57.47430456758711,74.85359493586499,43.085408124721056
2025-10-03 10:00:00,58.337122064546286,36.008261752650476,115.65081980659603,74.94923484139936
2025-10-03 11:00:00,60.27083594462785,24.012599277093635,120.78527871283619,64.5946551181018
2025-10-03 12:00:00,50.30020876212995,24.207291353531925,139.60735374437215,60.95555477862058
2025-10-03 13:00:00,39.83562113421737,21.150882137139,150.0,82.36967085901925
2025-10-03 14:00:00,47.33789653361939,21.038801356154174,150.0,31.147645258212158
2025-10-03 15:00:00,38.971572186911935,33.12666341213206,138.34441202575394,72.1786693077664
2025-10-03 16:00:00,43.70034304224195,27.51108163148659,119.35459271029052,42.30779689815935
2025-10-03 17:00:00,48.47737991429747,24.779915240025844,101.66338162323603,62.81218516687808
2025-10-03 18:00:00,100.1242108417107,64.83547226835454,81.68157190459796,58.022675171689166
2025-10-03 19:00:00,92.62006225433099,70.78186837585977,62.33529020951414,94.2897763143413
2025-10-03 20:00:00,90.83928335174268,62.63034595326081,40.00438925741139,85.52066898347078
2025-10-03 21:00:00,95.2061099774294,73.10132103788636,0.0,108.11205021021004
2025-10-03 22:00:00,49.92747411251887,36.87737737635499,0.0,68.73111530097073
2025-10-03 23:00:00,53.97866569105595,37.39279739515069,0.0,95.24805440207786
2025-10-04 00:00:00,29.963999782756733,17.57530941211005,0.0,93.48958667648633
2025-10-04 01:00:00,29.874072032981424,21.920744343721058,0.0,53.11481959047697
2025-10-04 02:00:00,30.39826563218047,18.268706673311158,0.0,69.21235567443892
2025-10-04 03:00:00,26.24468314992536,27.96499734512531,0.0,86.47933869540523
2025-10-04 04:00:00,26.728531533217122,17.164204747722074,0.0,114.82952335886613
2025-10-04 05:00:00,26.63797682535321,20.123554135897646,0.0,100.26171157640239
2025-10-04 06:00:00,55.17981961243916,37.37130986218443,27.077326029235007,63.622050869771165
2025-10-04 07:00:00,64.0084805871244,52.08630899664838,45.19721443859661,52.01646645140754
2025-10-04 08:00:00,66.49620267143094,46.21646168990219,59.91465896716068,81.10121081145694
2025-10-04 09:00:00,66.05363951165782,45.65006990696366,81.45078247800434,55.40643309303897
2025-10-04 10:00:00,44.73394723203929,19.4423618449149,89.64150454675331,49.496165307483494
2025-10-04 11:00:00,42.26565952652519,22.361563321906175,97.18046180672705,60.53460286816163
2025-10-04 12:00:00,49.26459899474479,33.967448658045,143.80663785693744,64.19564165319652
2025-10-04 13:00:00,40.512806187446046,15.27740283350299,147.34217337943107,55.7197289587927
2025-10-04 14:00:00,38.6160454777239,21.080893785468525,142.3541271826099,70.79406434735037
2025-10-04 15:00:00,45.487053222665295,18.884922164798574,142.19047237551572,57.72093662457871
2025-10-04 16:00:00,37.518737740608785,15.27483592975006,122.48988294433732,74.20207296097168
2025-10-04 17:00:00,36.48164765909857,31.898476143677147,111.24713640342269,65.56016069168652
2025-10-04 18:00:00,77.22612718368543,59.760752804923904,80.01688697755533,70.47006094317032
2025-10-04 19:00:00,72.0013554943575,60.28526259584716,54.666924744935876,65.51410567788118
2025-10-04 20:00:00,82.00133501216145,66.77930470916262,43.125082955901334,64.25867762652814
2025-10-04 21:00:00,78.55062102131114,59.533370056269,0.0,99.97475564035084
2025-10-04 22:00:00,48.20987369021827,37.649838490450975,0.0,79.25621319505615
2025-10-04 23:00:00,54.203634113523265,35.259035111475754,0.0,86.6233009263164
2025-10-05 00:00:00,28.241617035429222,20.87444343679669,0.0,82.90996394804723
2025-10-05 01:00:00,21.0,31.060043294108084,0.0,109.96121869765693
2025-10-05 02:00:00,32.16481666279847,15.49562120623421,0.0,76.14414231646411
2025-10-05 03:00:00,30.75086725451704,18.84883911993545,0.0,86.74376359350508
2025-10-05 04:00:00,26.703957558129062,15.076378342038161,0.0,107.43069100215907
2025-10-05 05:00:00,31.78769851029674,27.26656383908904,0.0,116.11707668637017
2025-10-05 06:00:00,65.92142560879394,54.188469060745845,25.32830130282905,78.03081953311818
2025-10-05 07:00:00,58.12424757237229,39.352618180009976,41.60437949659772,80.26584995739734
2025-10-05 08:00:00,61.027998792009036,41.98653667202109,55.868694654557146,58.091337001124394
2025-10-05 09:00:00,69.02938395264444,44.55794502708529,75.26832188161235,39.82625205791943
2025-10-05 10:00:00,42.60319426571104,28.861603208864473,102.6326811863621,58.84299859689738
2025-10-05 11:00:00,46.15050802560522,32.157362188015476,123.096830730096,48.71426794190179
2025-10-05 12:00:00,34.0406438790457,21.171211543592108,144.69285632733255,59.71864900398057
2025-10-05 13:00:00,30.915440350336823,19.68018836407189,145.14301300832753,62.17792066178081
2025-10-05 14:00:00,38.29257384320025,26.55559545764767,126.53977960283113,64.01836327357135
2025-10-05 15:00:00,43.109690248337856,14.410344351845524,134.51962109925253,48.5276032462573
2025-10-05 16:00:00,31.454611536198147,16.87431035921925,130.7799353946226,78.40797573185507
2025-10-05 17:00:00,37.91928338447489,26.61710923432208,99.5209208576861,44.685282619046724
2025-10-05 18:00:00,77.22675961966358,60.12056825853146,77.83085946184664,45.42948100931994
2025-10-05 19:00:00,83.20638645787153,58.37351058747138,62.67088000693497,88.23032183147228
2025-10-05 20:00:00,73.43737533645367,53.85566886982939,37.648804995413094,113.18982442028653
2025-10-05 21:00:00,80.85283962805899,59.68760084777066,0.0,73.68567261896742
2025-10-05 22:00:00,42.90888603476003,26.359253986139834,0.0,94.97002028558919
2025-10-05 23:00:00,46.85416523796232,38.4294028668525,0.0,102.49267309774095
2025-10-06 00:00:00,30.31018973538813,13.869256214441265,0.0,107.99348388892969
2025-10-06 01:00:00,28.86699416635822,21.072895790149033,0.0,82.73968385280662
2025-10-06 02:00:00,32.15015330821223,19.665425470014885,0.0,65.2478897779866
2025-10-06 03:00:00,30.196437304363325,34.207989344422856,0.0,40.20474978358802
2025-10-06 04:00:00,29.402371640654874,21.492657242901334,0.0,83.8245745007729
2025-10-06 05:00:00,28.396125596897654,18.168584017438025,0.0,116.14462008782633
2025-10-06 06:00:00,74.30603024758211,53.29663053772171,22.570365013077957,64.50502383628577
2025-10-06 07:00:00,74.95603346038543,61.072898175301965,39.36732491811589,63.255489706970046
2025-10-06 08:00:00,69.50569813336531,47.926938583353945,55.77723999313696,41.044889803159414
2025-10-06 09:00:00,72.38421692309991,42.719646430191204,73.17977767031184,55.25958202245408
2025-10-06 10:00:00,49.781791369455775,34.25175694224011,100.40784037230758,63.35752522814433
2025-10-06 11:00:00,54.35082371778252,22.583824245115885,127.6684941134608,44.95655701898099
2025-10-06 12:00:00,51.86463319845293,29.411114900861314,139.0907455256899,56.126441020960534
2025-10-06 13:00:00,48.285297599495706,38.24911078678969,150.0,56.28670927637249
2025-10-06 14:00:00,47.84404483348516,24.623664970420897,150.0,73.87561568328738
2025-10-06 15:00:00,40.66440489754039,23.113013784114628,135.37603930143527,66.49878380387027
2025-10-06 16:00:00,44.80639037928692,25.7319198555225,125.57378426630746,63.69129302708817
2025-10-06 17:00:00,47.69009804019769,25.124317652035757,97.68811044772217,87.2717432016976
2025-10-06 18:00:00,92.59465942642196,67.84524633392263,73.94043850693865,73.2029446332434
2025-10-06 19:00:00,90.10656800553514,70.95295763301614,55.30963602995681,66.811936144657
2025-10-06 20:00:00,88.46773099095851,63.59819712912778,38.35237618861289,79.01474735180277
2025-10-06 21:00:00,97.22775089426273,59.53671709826146,0.0,79.21591335135953
2025-10-06 22:00:00,58.59233728757842,51.265703494769696,0.0,82.36949660777206
2025-10-06 23:00:00,53.594363925362835,47.126042729961014,0.0,131.71040531541766
2025-10-07 00:00:00,33.44761913037005,20.588974413925424,0.0,113.63301050344144
2025-10-07 01:00:00,21.0,15.531995777376334,0.0,51.06242658399396
2025-10-07 02:00:00,35.97399592819156,29.40274995187025,0.0,89.87999831669661
2025-10-07 03:00:00,29.293748376252697,34.682757378871585,0.0,53.754002667217016
2025-10-07 04:00:00,30.6379945235977,25.56010131411225,0.0,95.41757154992099
2025-10-07 05:00:00,28.55767024350314,34.64183670058321,0.0,52.32572583552151
2025-10-07 06:00:00,80.14330471660196,56.181625078620456,1.7212151843688381,81.33210678059753
2025-10-07 07:00:00,69.08932874039827,50.58047266015305,3.078329916132577,38.67363388823986
2025-10-07 08:00:00,80.49769251792894,47.373897056042104,3.5544082058768987,68.38739885685094
2025-10-07 09:00:00,75.64584019245117,48.380143015616675,4.9817443649195985,62.40339538905024
2025-10-07 10:00:00,57.261454757780335,34.364548116139055,6.583823120080583,67.12081394009103
2025-10-07 11:00:00,52.9780452511685,30.45296246298652,8.234652591026347,60.764111506490345
2025-10-07 12:00:00,48.57247939561496,26.995345489265695,9.235392408358154,40.6456862489859
2025-10-07 13:00:00,48.94518660003632,26.278847899876137,10.617090743811886,82.13948301719772
2025-10-07 14:00:00,46.15922573547586,17.054680601949265,7.759116818650369,107.77581934271544
2025-10-07 15:00:00,50.885193717513545,34.363426864376024,7.317569575897996,80.24121569174446
2025-10-07 16:00:00,43.885894714153224,20.855270128192117,7.665269447324132,65.04294134426866
2025-10-07 17:00:00,42.871346950078745,25.583245840990674,7.198126944553905,46.8054131633684
2025-10-07 18:00:00,99.5121733751291,74.90106903685525,4.508024263115087,56.26865583833706
2025-10-07 19:00:00,101.86930005048623,67.6431316709451,2.86319364150219,104.19274847088869
2025-10-07 20:00:00,93.30783860389352,54.8884804526893,2.7097580471195637,118.70141550375051
2025-10-07 21:00:00,89.87836757439075,66.74538238270083,0.0,99.69625061742148
2025-10-07 22:00:00,58.1068542187016,38.40631479448723,0.0,112.30833040681642
2025-10-07 23:00:00,53.31637323838059,40.89722597343319,0.0,110.15081225200585
2025-10-08 00:00:00,32.69668271430359,15.37341962475346,0.0,100.8983382857597
2025-10-08 01:00:00,28.83325811529561,31.422058797555206,0.0,74.81457641166283
2025-10-08 02:00:00,37.03806308195316,24.87719022597568,0.0,93.45139965982578
2025-10-08 03:00:00,26.85229722727185,23.121280395673576,0.0,70.5627461981966
2025-10-08 04:00:00,32.16238348134882,10.800548398999565,0.0,89.94758950678106
2025-10-08 05:00:00,27.800841133955444,22.051264770861838,0.0,96.96518337068838
2025-10-08 06:00:00,72.50529572399978,42.911216305350955,26.18212960522447,127.14423099591656
2025-10-08 07:00:00,71.91782480397065,40.663334835253075,36.307173004111775,36.13999802355518
2025-10-08 08:00:00,77.09581154781361,49.1203472198334,53.31123506832158,60.20280335767025
2025-10-08 09:00:00,77.90470926759566,44.45281941501593,72.96778103494839,73.63276733044175
2025-10-08 10:00:00,56.90138116799059,32.551212094299615,102.47061019260757,63.928481182237505
2025-10-08 11:00:00,53.90563083744121,31.349214528163778,116.38085088009355,64.923880106924
2025-10-08 12:00:00,55.022366577302094,27.342608522312826,144.32043324702272,61.62928121156423
2025-10-08 13:00:00,48.74104408956319,28.75208287951031,114.03686578363319,83.03835486213681
2025-10-08 14:00:00,48.88319917393,27.75112728926548,137.65647785233253,45.646612513181935
2025-10-08 15:00:00,32.59505669040487,23.125273734698876,126.32636181606486,40.96916673828434
2025-10-08 16:00:00,43.47629725851865,22.14157954495199,120.00718588045275,62.59088464211016
2025-10-08 17:00:00,43.692132470018095,22.815913956783206,97.20035782968485,28.819258971328154
2025-10-08 18:00:00,96.16423060155928,62.56577684391246,84.15373687926746,81.9775012852938
2025-10-08 19:00:00,92.8521253832932,74.20014575580038,49.26560854596306,105.19953869785886
2025-10-08 20:00:00,96.38891927726334,77.05183620697049,39.92109108497573,71.86943977059354
2025-10-08 21:00:00,88.29862059335407,76.29558574303263,0.0,73.13045143497587
2025-10-08 22:00:00,55.561801757368436,54.405981005027364,0.0,79.14379894466143
2025-10-08 23:00:00,58.44248187832215,37.56014598778972,0.0,81.64986735691741
2025-10-09 00:00:00,23.365277088068332,23.23648157627004,0.0,92.3065006030123
2025-10-09 01:00:00,41.31139560694007,26.993890665421226,0.0,101.94735258560962
2025-10-09 02:00:00,35.35898669789934,28.500646283779275,0.0,85.60130364531537
2025-10-09 03:00:00,30.00608986109539,18.63460224919399,0.0,110.55722016613171
2025-10-09 04:00:00,26.272163517425543,21.59168181196061,0.0,99.43605217642369
2025-10-09 05:00:00,29.212116823768323,22.880401836350615,0.0,75.887117156125
2025-10-09 06:00:00,74.06233754923832,47.9319483780416,26.787825594265147,119.32271097117649
2025-10-09 07:00:00,75.66820843664149,53.90117756870368,45.6148741203117,35.450415884256174
2025-10-09 08:00:00,80.43820075355742,51.38328063623396,55.5590143896035,52.44050859048357
2025-10-09 09:00:00,71.54278381849447,43.97745633185396,81.03449719638165,66.65269354585232
2025-10-09 10:00:00,56.85861446731698,37.559739078356344,86.78236621975968,43.97415669992003
2025-10-09 11:00:00,48.510488966539945,39.71255467712092,98.92404184275266,57.8313405776735
2025-10-09 12:00:00,52.465216983776756,18.17010903298307,147.9901407410264,60.96856407717671
2025-10-09 13:00:00,46.342242647279164,20.151093870344972,147.49650802497774,49.151269804238
2025-10-09 14:00:00,47.75769804140667,29.043246448132116,150.0,61.4888278007893
2025-10-09 15:00:00,41.25747068687626,25.635227036014747,123.39112120309714,60.173324876168714
2025-10-09 16:00:00,42.66345419981344,26.517948808100265,127.42142496343939,53.985587427080794
2025-10-09 17:00:00,51.219521691993,31.444350341767617,116.580405411779,98.65828177918387
2025-10-09 18:00:00,98.2726224520603,72.21401772914666,81.63633882705814,50.676426976726724
2025-10-09 19:00:00,93.98209114046975,62.51431452062977,59.064773910353026,100.74420153533086
2025-10-09 20:00:00,82.97913047424088,66.10409297317965,39.74299804845667,72.60927924692447
2025-10-09 21:00:00,104.34413012833913,80.99663026377232,0.0,58.64307666393643
2025-10-09 22:00:00,54.236728170782854,42.86551452157451,0.0,82.5855148201259
2025-10-09 23:00:00,52.91986843714449,40.636653107030114,0.0,93.58156324943117
2025-10-10 00:00:00,32.57249382591663,24.310912182882525,0.0,109.92151611349124
2025-10-10 01:00:00,37.33686834205035,21.679945573344455,0.0,124.25798683263821
2025-10-10 02:00:00,37.39102351651783,29.172525749601935,0.0,150.0
2025-10-10 03:00:00,40.381167450437225,31.402622156634166,0.0,94.95418277536992
2025-10-10 04:00:00,30.432368141184813,28.538460466057458,0.0,74.54471163775585
2025-10-10 05:00:00,33.68504049053817,36.42970554432437,0.0,99.47479820880191
2025-10-10 06:00:00,97.47175871198284,51.36808866862057,22.38249864393392,83.41077830963461
2025-10-10 07:00:00,87.89794290175712,44.66437607192065,43.94927901798223,66.02604755339834
2025-10-10 08:00:00,85.79273776706214,52.881034705422515,54.87041237776866,36.22793052020703
2025-10-10 09:00:00,81.7155829589462,39.193951193084395,82.03474307393473,85.3590845426893
2025-10-10 10:00:00,66.60815575261422,34.57131453313336,88.58806032985026,65.08888895605452
2025-10-10 11:00:00,69.39175578722039,30.6988615180663,110.60524312107981,31.042856735812986
2025-10-10 12:00:00,68.56247853421237,36.08050266026494,150.0,44.111106017517315
2025-10-10 13:00:00,51.16347509910293,14.06634841261947,143.22257211995287,75.31204754563831
2025-10-10 14:00:00,54.450530604868504,22.073634487141867,150.0,80.94570379944462
2025-10-10 15:00:00,61.39732390642989,30.18339496838895,137.52410557880705,42.655712731866025
2025-10-10 16:00:00,58.21245527035563,26.313773112807837,104.1330142462729,73.7005095388572
2025-10-10 17:00:00,48.37840149057091,16.233153274030457,108.47408008048133,32.09872003587985
2025-10-10 18:00:00,95.99158772833505,48.831507397724835,75.13121470753183,61.153481541723686
2025-10-10 19:00:00,111.06185664700446,61.27780704510554,60.91419179807416,102.7803193305852
2025-10-10 20:00:00,113.72199967254987,74.86505360745853,39.72942798762443,69.3335420065699
2025-10-10 21:00:00,103.71434282719281,72.41599224879363,0.0,50.12460373018291
2025-10-10 22:00:00,63.87947708877434,45.38212847258448,0.0,83.36177150707717
2025-10-10 23:00:00,62.5281383795881,32.96233946600233,0.0,68.26386570447461
2025-10-11 00:00:00,30.469288450044896,23.08400987111836,0.0,103.29046135784559
2025-10-11 01:00:00,27.548866707961295,12.036319886330475,0.0,69.49174075726695
2025-10-11 02:00:00,35.80729948932597,11.203994860168137,0.0,72.00596650438303
2025-10-11 03:00:00,30.66585996284743,23.22528577535051,0.0,44.153581646386264
2025-10-11 04:00:00,26.044424012258624,18.141532744622552,0.0,93.03598291325456
2025-10-11 05:00:00,34.128579691171744,30.004055497587878,0.0,85.6543688980457
2025-10-11 06:00:00,56.24297169763226,39.852084873899116,22.398514487034568,62.730183217635904
2025-10-11 07:00:00,67.71204057850302,54.43965247491269,40.09748066728577,56.140914929869
2025-10-11 08:00:00,66.39158328859646,37.92840611206672,67.70211631325094,67.29562989479405
2025-10-11 09:00:00,68.18580470853847,45.30337605965974,81.81303775077598,50.66086682914301
2025-10-11 10:00:00,44.799253233708924,26.192439459310094,100.59912027782242,57.13645646602709
2025-10-11 11:00:00,43.278849000671,33.02750417041829,132.3939662154305,57.2053214056893
2025-10-11 12:00:00,45.88945983389512,25.74376861687084,140.46643808372653,37.42465770450295
2025-10-11 13:00:00,36.92116938614694,22.698021803100488,149.51240209255366,94.59029262528233
2025-10-11 14:00:00,34.36382163971103,13.337082322430968,134.20582482253934,55.117413864746844
2025-10-11 15:00:00,34.80983001118144,15.951472341970454,140.72259694121254,72.71809680719196
2025-10-11 16:00:00,35.65245711204774,18.870040735706397,132.00484034353462,74.48445081446198
2025-10-11 17:00:00,32.036118335767455,28.40532508018228,94.30448548619496,60.29086970578505
2025-10-11 18:00:00,81.40310465269067,44.31551154794008,87.67847991849973,71.94781059573522
2025-10-11 19:00:00,78.11693273042414,54.688640770288195,57.16215342381356,85.25594288435167
2025-10-11 20:00:00,76.96456673794225,58.02121594467155,36.76645215084152,51.85372854156853
2025-10-11 21:00:00,73.35567612525612,46.55011321713472,0.0,73.64787165003852
2025-10-11 22:00:00,40.2896835101926,34.63398304702155,0.0,68.01989244115771
2025-10-11 23:00:00,54.22297513794705,29.476667601055333,0.0,71.04807032651232
2025-10-12 00:00:00,27.177341417122935,9.411940894031911,0.0,60.0679706290623
2025-10-12 01:00:00,32.74737777394197,19.946662815869814,0.0,114.21915166882053
2025-10-12 02:00:00,30.731855114550797,18.100168251978594,0.0,124.81480967456096
2025-10-12 03:00:00,21.0,18.87555545297021,0.0,110.9120508212299
2025-10-12 04:00:00,38.06602870412367,25.504384128461595,0.0,117.42966164983912
2025-10-12 05:00:00,33.07837790449252,18.376221379536936,0.0,81.44311055711879
2025-10-12 06:00:00,58.41303517498871,49.697907801024556,27.538070507804605,74.94564681186577
2025-10-12 07:00:00,61.739901599427164,41.98966393065188,38.59307927756014,43.06468102605272
2025-10-12 08:00:00,56.69622571604385,44.34673463009986,60.963209574049245,62.0830602836852
2025-10-12 09:00:00,70.08554302243544,33.308432238064725,76.72030504690605,56.50847150176758
2025-10-12 10:00:00,41.37870346493366,21.126120895250452,100.38233282197656,52.440714115445125
2025-10-12 11:00:00,43.10928516689428,28.25033118191234,126.47049335886113,70.78691442388681
2025-10-12 12:00:00,42.18013830035609,22.076624090845268,141.0746117263162,58.886394602958234
2025-10-12 13:00:00,37.62267659429148,16.286791690639898,123.32903591305323,49.305248816210266
2025-10-12 14:00:00,43.42739354397712,14.070598896031152,133.5937250790338,51.765546802340936
2025-10-12 15:00:00,45.31315431427842,28.163947299879183,148.11696089709903,73.02177939199964
2025-10-12 16:00:00,35.46548664434987,23.67847689710747,120.38038557553031,78.63238594950346
2025-10-12 17:00:00,38.96313471378086,25.264219183451694,96.63898625543366,70.98937750202865
2025-10-12 18:00:00,78.64051294341874,52.492710075933616,70.01611243250724,91.96965517120158
2025-10-12 19:00:00,73.85469689670215,45.3177451216715,52.506892895005436,112.99534848438344
2025-10-12 20:00:00,89.17343867238216,65.35795545435204,33.11055783220333,89.05337243266156
2025-10-12 21:00:00,84.40435661703357,59.30613894757523,0.0,63.394006357184416
2025-10-12 22:00:00,46.314184475719905,38.051324629813465,0.0,53.94117338265332
2025-10-12 23:00:00,52.581605572765696,45.28339845582572,0.0,72.4416219282877
2025-10-13 00:00:00,35.45448020723012,12.27739569216727,0.0,105.74716387765457
2025-10-13 01:00:00,30.3683760348679,23.471651614584864,0.0,129.62838940418817
2025-10-13 02:00:00,31.46683622397597,30.801961985381208,0.0,98.27719725502925
2025-10-13 03:00:00,36.80456764069494,28.40036940071755,0.0,114.9912122654306
2025-10-13 04:00:00,25.742308884916437,24.377323706373787,0.0,83.53255940308527
2025-10-13 05:00:00,37.53160813794602,21.81366084001555,0.0,102.8451025321786
2025-10-13 06:00:00,72.36230002240598,40.82260878379644,25.24243070073904,107.3076794966363
2025-10-13 07:00:00,80.23635188830305,40.12043382649436,37.52858241144439,26.969397981300105
2025-10-13 08:00:00,73.3517868569063,47.58703651322886,52.91471024509403,47.87523375475053
2025-10-13 09:00:00,74.89453454661736,42.92588575019279,77.96008918286907,66.07110540043209
2025-10-13 10:00:00,53.939592304540675,28.402249206158587,103.58200133307531,57.05776633101322
2025-10-13 11:00:00,51.700683606466214,29.991347450726646,141.73918992371244,37.42233577016173
2025-10-13 12:00:00,52.878732867467335,33.62530176333038,120.93431307157343,20.955520925784356
2025-10-13 13:00:00,50.65931790518917,23.222296784944632,150.0,56.596630552862486
2025-10-13 14:00:00,34.03957866890451,27.320991914145715,150.0,61.17820572065089
2025-10-13 15:00:00,38.877969839308854,27.48070105868806,128.99934740979523,48.52746882424249
2025-10-13 16:00:00,41.18869389881916,29.066685469630222,123.38257741565033,64.52132661698441
2025-10-13 17:00:00,39.600765024968524,23.570909490688287,96.96636323382262,70.1791190863773
2025-10-13 18:00:00,99.45154142873095,73.18527786727849,79.55174000662966,72.73781181139948
2025-10-13 19:00:00,98.31617958220068,68.39451433282304,64.27318310948584,32.91903920367297
2025-10-13 20:00:00,95.32077632413703,75.93668314212512,41.325231614191324,53.77542232915967
2025-10-13 21:00:00,89.78651487821234,68.71192892051592,0.0,73.99165026345679
2025-10-13 22:00:00,60.10171330969035,42.612105992717275,0.0,91.5475208790459
2025-10-13 23:00:00,46.94739524213679,33.28616282399361,0.0,89.88685091483853
2025-10-14 00:00:00,39.63892188066571,24.107297545951777,0.0,99.33065354802903
2025-10-14 01:00:00,26.919165912701022,36.11845299094692,0.0,80.33271620630968
2025-10-14 02:00:00,28.820841501713527,24.718056287010953,0.0,81.57182006447525
2025-10-14 03:00:00,28.067952672773785,32.11801889633999,0.0,72.67143180582248
2025-10-14 04:00:00,25.171016636555954,27.43296038644356,0.0,105.91270419514667
2025-10-14 05:00:00,38.66300905771614,27.45400086520866,0.0,68.40312104057338
2025-10-14 06:00:00,76.8573353092017,44.42589836662029,26.423978794135216,107.73061168620384
2025-10-14 07:00:00,78.77692691003055,40.386794892622454,37.972338950365234,56.079736269190256
2025-10-14 08:00:00,67.80079774639805,38.89910656484497,50.4258621937647,52.70926766038449
2025-10-14 09:00:00,74.12152969218951,50.39099038827472,76.90501720060776,44.557352274729965
2025-10-14 10:00:00,56.38761120499493,33.15632052480308,110.11647049379638,35.24374701491867
2025-10-14 11:00:00,55.26138645897791,36.22156933469925,106.33377602444672,44.67806709634019
2025-10-14 12:00:00,48.821301573197616,16.635475926090404,125.67581688991659,48.911460374113844
2025-10-14 13:00:00,49.25056851425755,31.885869110882386,147.59026424111946,25.359439799887937
2025-10-14 14:00:00,44.95779379170288,31.97341120095368,134.6045307002982,59.125923030856306
2025-10-14 15:00:00,40.11348025877617,11.28898015630261,128.5590361371776,76.56701759218852
2025-10-14 16:00:00,36.0621909911827,23.06113016796921,117.0280695821088,71.01398773032084
2025-10-14 17:00:00,47.14081772987414,37.988493256596165,89.4516643888335,54.47920333593669
2025-10-14 18:00:00,103.59868764193112,84.3432047669374,72.11451533070563,62.92432079912943
2025-10-14 19:00:00,88.0029926082811,61.30485142976199,60.43914863807253,68.84604991123146
2025-10-14 20:00:00,93.33864856519772,73.45324315722252,35.213027379226,82.93828037800523
2025-10-14 21:00:00,97.56887459425147,80.76442845726291,0.0,110.7528357367153
2025-10-14 22:00:00,48.32954690554776,42.681926757214804,0.0,99.32574405624128
2025-10-14 23:00:00,51.88317664212101,43.842743237309044,0.0,90.3756398010857
2025-10-15 00:00:00,26.129285493323692,22.11863390754544,0.0,3.6770473963213655
2025-10-15 01:00:00,34.43104512671046,25.26164209330678,0.0,4.980089949752929
2025-10-15 02:00:00,35.964851562093266,23.175173694991027,0.0,2.425202159278341
2025-10-15 03:00:00,30.71566319129281,21.38400881169409,0.0,3.9292334374873374
2025-10-15 04:00:00,26.212196689526547,23.5036957049741,0.0,4.805808683400766
2025-10-15 05:00:00,28.007440779324686,16.51318126807556,0.0,4.970111629392862
2025-10-15 06:00:00,70.4059042802736,42.72982092366269,22.091546865932063,4.896157148221896
2025-10-15 07:00:00,68.84543771708047,49.85296793608686,37.25362135155855,2.7017583869709823
2025-10-15 08:00:00,72.78397569070091,58.68163536587655,60.4231209455425,2.393163476718021
2025-10-15 09:00:00,75.82986677446237,34.01984372056415,76.79093074934408,2.8547143120576868
2025-10-15 10:00:00,56.20101919571633,47.28235573149213,96.45638455581478,1.9168702646522504
2025-10-15 11:00:00,53.9578150552252,30.867332718673275,121.26862420532109,1.9849256663168697
2025-10-15 12:00:00,54.25160296150213,37.80601351908828,117.8063337606686,2.5551241764542767
2025-10-15 13:00:00,44.00373866858599,30.325911927373806,150.0,3.0627828286697234
2025-10-15 14:00:00,38.53326532024177,31.86211424670484,150.0,1.5958190970532642
2025-10-15 15:00:00,45.09132428291292,20.576269299123744,132.44572178090888,3.2697099449920684
2025-10-15 16:00:00,41.74440211194407,21.529799431406964,130.5642568586963,3.5027889338852525
2025-10-15 17:00:00,38.307672760272524,24.158223382928437,91.14353366190433,2.8789490565941938
2025-10-15 18:00:00,94.15960954500011,61.90789253797477,85.05999876027072,4.678332431364047
2025-10-15 19:00:00,89.73864932909652,73.81943604558995,57.78616782045775,3.1300097297743767
2025-10-15 20:00:00,93.51632713864474,69.0194149439531,38.17467714674943,3.433708097204996
2025-10-15 21:00:00,96.3058046607924,64.73697283382026,0.0,3.401644532336253
2025-10-15 22:00:00,49.71878645063445,39.083043297990514,0.0,3.702541658998168
2025-10-15 23:00:00,54.40940646511636,29.205770981923425,0.0,3.4642454773713074
2025-10-16 00:00:00,21.853097032213373,22.18591535696184,0.0,57.40086538130195
2025-10-16 01:00:00,36.89639890774174,29.896919009618998,0.0,76.44297486099146
2025-10-16 02:00:00,23.884200764000482,17.890334321739832,0.0,86.38009407396723
2025-10-16 03:00:00,27.683311519211813,17.637661013535446,0.0,115.7356866442849
2025-10-16 04:00:00,36.022709566937806,20.125475226430733,0.0,137.28813005015004
2025-10-16 05:00:00,28.944646832635563,20.758335937219492,0.0,118.10198376319958
2025-10-16 06:00:00,67.79455034082379,47.653345851462085,25.224096329453587,71.37775214934406
2025-10-16 07:00:00,76.39166947446455,55.104835665278976,38.79427505629563,43.88342409924071
2025-10-16 08:00:00,76.29023600885547,61.68320372177294,62.49193411737594,51.00850526077919
2025-10-16 09:00:00,70.3335014020316,43.28567368758695,71.11648804786381,76.82555211193507
2025-10-16 10:00:00,51.58746060336955,36.75750866640212,93.82669949844859,50.92755039177357
2025-10-16 11:00:00,51.99028957909996,21.62380805836491,130.52143058553125,35.49375440711665
2025-10-16 12:00:00,53.0180221237942,28.74344148752948,130.07039425986346,46.46836575791459
2025-10-16 13:00:00,35.814655109586326,16.30327767147493,150.0,73.7089962411177
2025-10-16 14:00:00,43.51661758070301,15.550624720677721,150.0,72.66906046693268
2025-10-16 15:00:00,52.360638847558626,26.469046886055303,132.18723244719322,58.87637550188762
2025-10-16 16:00:00,40.30116010316929,21.766829968161645,127.09897832874404,72.56794841956884
2025-10-16 17:00:00,41.70730378512052,25.645652498818365,90.69975290491973,26.756620813976475
2025-10-16 18:00:00,87.08977042708513,77.9824114163808,82.5180429306259,63.58746534485235
2025-10-16 19:00:00,95.170778580248,70.14680567913548,57.84221601349896,96.83318511770378
2025-10-16 20:00:00,97.8304380231096,84.9299764002037,40.61085837172809,63.09479223275583
2025-10-16 21:00:00,97.72748018776822,85.06551580591545,0.0,63.02555907000908
2025-10-16 22:00:00,48.33358229685987,40.98659060996022,0.0,42.50400984055063
2025-10-16 23:00:00,56.198692734117664,37.3561719888977,0.0,111.36030168529807
2025-10-17 00:00:00,36.45187515396406,23.269223185901847,0.0,72.46277774387873
2025-10-17 01:00:00,32.293483984695555,21.553874877216195,0.0,93.6988426568932
2025-10-17 02:00:00,32.152843575046994,16.1148634447283,0.0,101.71593879438016
2025-10-17 03:00:00,27.877608396141788,17.04398608532393,0.0,121.78003232757888
2025-10-17 04:00:00,30.990494207071485,24.553964025990574,0.0,84.97327277907667
2025-10-17 05:00:00,35.56343180867882,27.193113451059695,0.0,76.45557991554897
2025-10-17 06:00:00,74.6033447034371,48.560640009346045,23.894235463256848,92.19703346132572
2025-10-17 07:00:00,67.5091679433739,43.554802823173844,33.83781006245787,70.04581287853001
2025-10-17 08:00:00,71.0742168112208,50.66126176045395,59.0648066126461,50.768225345375896
2025-10-17 09:00:00,78.56816227050814,48.429190295276996,64.79667757809212,40.366281233252394
2025-10-17 10:00:00,55.36864820071067,43.795017269467145,97.12011789729934,32.59973531182776
2025-10-17 11:00:00,54.44308261122458,21.421513924840276,129.25136069641349,36.834505392939924
2025-10-17 12:00:00,51.414233359520594,32.31907127845076,138.29645277431968,64.48241486940871
2025-10-17 13:00:00,49.64644902834725,28.878789814601483,150.0,56.902805271715664
2025-10-17 14:00:00,51.77860940614245,24.095411868268855,150.0,52.465853460204215
2025-10-17 15:00:00,49.98210376952344,26.97851704291887,129.08028934618832,50.788694005748994
2025-10-17 16:00:00,50.78941501244647,32.0957424685222,120.46353633986266,63.17663625583831
2025-10-17 17:00:00,42.68357463249455,32.04667415361909,99.27239757904437,58.15811763084469
2025-10-17 18:00:00,90.09474449370201,55.53264708460664,67.78442077008383,57.63729049501705
2025-10-17 19:00:00,91.64195215113824,68.15424551675557,52.5072957993404,106.36602490810277
2025-10-17 20:00:00,92.51908502077772,63.142213116248556,37.27288623109442,110.11798607212972
2025-10-17 21:00:00,98.78509444244823,84.80667952172007,0.0,47.52235940462598
2025-10-17 22:00:00,59.153793586738615,37.51621840272007,0.0,86.0499088192743
2025-10-17 23:00:00,56.33041550177597,55.02720807219159,0.0,64.08891495950114
2025-10-18 00:00:00,23.55965955368901,16.719766803937777,0.0,82.72322663296066
2025-10-18 01:00:00,22.403901699314062,29.878787284997173,0.0,95.01633059568154
2025-10-18 02:00:00,31.082082351607664,22.11553369757671,0.0,83.50666266383534
2025-10-18 03:00:00,33.96118442520323,18.471885259924697,0.0,93.27844215793563
2025-10-18 04:00:00,29.64194827956238,22.408556414459323,0.0,103.03546029715244
2025-10-18 05:00:00,38.61707027240282,31.80175749974633,0.0,94.69217176988818
2025-10-18 06:00:00,56.67929423448161,29.174581931617645,21.030566397288453,73.93472451543167
2025-10-18 07:00:00,56.11269515876338,43.13969611861202,39.05918743312757,44.59416021321786
2025-10-18 08:00:00,58.56101454635913,39.83688595215764,55.48756280897299,33.871537582517206
2025-10-18 09:00:00,58.38994147213301,41.991175623353186,67.02797127180548,41.62120740997514
2025-10-18 10:00:00,47.593495607689086,27.74320415833867,102.57672313410576,78.87546004873141
2025-10-18 11:00:00,43.32750586532441,22.695636029030194,126.71947537870723,42.440337575624426
2025-10-18 12:00:00,38.2599271228662,16.21604097682069,138.28069351303606,37.130325235069535
2025-10-18 13:00:00,41.07477738731151,26.35513416087732,140.8250587775529,66.67580045444885
2025-10-18 14:00:00,29.1428906648589,19.907086634090913,150.0,60.034461556795094
2025-10-18 15:00:00,32.24219232863529,21.757721534152175,143.2046102434939,58.71900510835693
2025-10-18 16:00:00,29.760494763836075,18.813000637768827,122.802897142773,83.48576204034612
2025-10-18 17:00:00,37.99472007900241,29.241567915814702,92.80868420057212,70.2133628527797
2025-10-18 18:00:00,78.7125633690474,66.2990947470376,79.09681693853103,53.55772278161707
2025-10-18 19:00:00,86.49939310894054,51.769022962598214,62.030307677551725,70.95384264231953
2025-10-18 20:00:00,81.98756861702194,48.090963651098825,37.05409354164122,69.4037910046246
2025-10-18 21:00:00,84.36275648940685,74.81065053601473,0.0,96.73589103584628
2025-10-18 22:00:00,46.523952629463395,33.108705462442856,0.0,73.26229837110331
2025-10-18 23:00:00,40.82901600371264,26.579102467072758,0.0,43.793367213781465
2025-10-19 00:00:00,30.576484208970733,20.34564099000365,0.0,86.94858738720289
2025-10-19 01:00:00,32.66589453324288,15.157557558244362,0.0,54.19267060164106
2025-10-19 02:00:00,33.16713322013209,18.129770910222796,0.0,136.07125859995705
2025-10-19 03:00:00,27.87414535151246,17.30551421574835,0.0,66.7642286585943
2025-10-19 04:00:00,32.199539132020796,21.6327086523941,0.0,84.45026159057088
2025-10-19 05:00:00,25.80137413121431,23.057468918848876,0.0,93.69298184322892
2025-10-19 06:00:00,56.81418371486977,35.441457987325364,29.25078681413038,81.66043404457632
2025-10-19 07:00:00,56.487901687133316,36.60852156618802,37.16229045365131,48.978144427229424
2025-10-19 08:00:00,61.61974983687359,41.45006370655964,56.59065954210993,58.3759218780234
2025-10-19 09:00:00,56.20866929052463,41.09575924649463,72.99964964172925,72.95580089738512
2025-10-19 10:00:00,43.28284991185647,36.0790249061407,100.83230207472477,62.939531488251816
2025-10-19 11:00:00,49.25732414763881,27.70967911707512,102.83802233925397,72.32604927474331
2025-10-19 12:00:00,40.56311611492362,35.58587394267213,129.48804355341704,38.989838603955874
2025-10-19 13:00:00,34.76742890446057,24.70622486052543,131.54254492046908,66.49627150399968
2025-10-19 14:00:00,37.35917380072276,12.716676504718194,145.69619746168166,63.9993424493159
2025-10-19 15:00:00,38.1478241121252,12.746603330143438,146.17497903884473,67.01576227148291
2025-10-19 16:00:00,34.790025396604975,15.299190605382712,125.66807377104493,82.80503889901551
2025-10-19 17:00:00,40.5777033645382,35.312457174493204,80.26740262090162,58.207626301893974
2025-10-19 18:00:00,80.48070146399124,55.03627030341354,89.75393759579033,55.3626471440521
2025-10-19 19:00:00,82.95302083008764,48.142873461354725,57.777674320256445,89.78481915890256
2025-10-19 20:00:00,77.45645745089821,59.83383780862232,36.38372440942586,43.99746607370186
2025-10-19 21:00:00,75.51598146790644,48.498932739429186,0.0,74.52028875599163
2025-10-19 22:00:00,42.12235556722145,31.62740715574079,0.0,76.55311675982011
2025-10-19 23:00:00,46.57582349695813,31.62095040742216,0.0,60.98504979698593
2025-10-20 00:00:00,28.302798977349273,21.23651622248221,0.0,111.02495405109899
2025-10-20 01:00:00,27.43873600043645,29.27515990707433,0.0,64.49690087611575
2025-10-20 02:00:00,27.98270731089605,26.07472852116905,0.0,84.83478565102561
2025-10-20 03:00:00,26.923392816940865,14.268816624092041,0.0,94.25390975371741
2025-10-20 04:00:00,30.895595007432295,18.165598545320464,0.0,117.53208975669612
2025-10-20 05:00:00,23.643375678551728,22.203090946465917,0.0,87.58604309582469
2025-10-20 06:00:00,74.34406486440758,44.152230204479494,25.281237604553453,108.37054199813237
2025-10-20 07:00:00,76.02496097008353,47.21133728930429,39.21531707893361,61.919394670718276
2025-10-20 08:00:00,70.36653542647241,34.91737837855763,53.26327230943036,54.31694801392409
2025-10-20 09:00:00,81.62965777649971,44.002636719263805,78.12264266266557,38.338881083307335
2025-10-20 10:00:00,53.87716456059852,32.3312897032134,93.94901816364757,33.79342120393793
2025-10-20 11:00:00,46.77182523725318,9.468111120081932,115.25958990026881,54.09364286388083
2025-10-20 12:00:00,52.53227558268767,34.821526300348395,127.56214232964967,45.541915155075245
2025-10-20 13:00:00,44.488509869879984,16.292444798795408,127.21001782593729,75.59977346713524
2025-10-20 14:00:00,46.226911217734866,28.583408582956206,145.35369147467424,72.93487192263561
2025-10-20 15:00:00,43.04811985917009,27.513936349799554,141.29238775218593,58.635339562953405
2025-10-20 16:00:00,39.65449097699914,20.921468034865466,124.0191005201149,43.68059655178139
2025-10-20 17:00:00,39.27914443616363,29.52192151157821,105.22522459170725,69.32150568245483
2025-10-20 18:00:00,89.22191765202028,69.96214662309498,78.90045066905897,45.8284978451259
2025-10-20 19:00:00,89.65312530400337,64.48166002879017,53.86698651468314,64.04953034620299
2025-10-20 20:00:00,87.05573069329114,63.43046843078896,41.267853786902435,59.683742132950925
2025-10-20 21:00:00,88.86545521037115,75.72308304564996,0.0,76.2993809406286
2025-10-20 22:00:00,56.765432021179784,47.063075533291546,0.0,102.15786063259532
2025-10-20 23:00:00,61.215725395827874,48.34782461718205,0.0,78.9364208606343
2025-10-21 00:00:00,33.39957771241934,9.691525079964215,0.0,77.90698883548379
2025-10-21 01:00:00,35.876374887840655,27.277193452496196,0.0,54.19840955901508
2025-10-21 02:00:00,34.38353310705164,13.74478532794086,0.0,99.70877839614539
2025-10-21 03:00:00,33.74908647779255,24.48853181887896,0.0,70.52133958494564
2025-10-21 04:00:00,28.47991681624202,25.871566914017862,0.0,90.18923893429076
2025-10-21 05:00:00,30.63409895274126,32.96050468458827,0.0,79.85642777128291
2025-10-21 06:00:00,71.04691293443618,38.63109642210179,22.181740817789084,105.97441507830546
2025-10-21 07:00:00,71.95371774498696,44.40225863447681,35.76435159149964,50.50265095572774
2025-10-21 08:00:00,73.24645192722792,46.54950978773848,51.751822568308285,51.794668372382134
2025-10-21 09:00:00,76.1507476575939,40.3104881545883,83.27152577086677,58.952916592021
2025-10-21 10:00:00,55.67223019843427,37.72697136206035,105.84197769876687,80.25907911497988
2025-10-21 11:00:00,53.03904329805161,29.87295091113427,123.34394739113591,64.24530734270738
2025-10-21 12:00:00,54.01719931562871,30.910414953239357,146.05862648383345,51.404608951659654
2025-10-21 13:00:00,46.13164901855105,29.716042248818255,133.1257120618264,61.37964410349946
2025-10-21 14:00:00,47.184337455940444,25.751566737890858,147.19215193850368,53.28312265218358
2025-10-21 15:00:00,37.345584250022775,17.179627677275455,133.17560906355067,46.764656325012695
2025-10-21 16:00:00,39.332812147134966,22.8324794946816,126.7589460638447,52.85547462852728
2025-10-21 17:00:00,49.16395988740722,25.7093416520907,97.51169998721738,49.491518603610544
2025-10-21 18:00:00,91.8382119046706,66.22241739729185,74.28830087960785,71.34848087690213
2025-10-21 19:00:00,90.20378029920896,72.81821842493031,58.5040298861506,57.736738022429826
2025-10-21 20:00:00,90.92637734119319,57.85742115614763,41.242905759353,105.13576904498663
2025-10-21 21:00:00,90.92545109426587,59.92841810395371,0.0,93.67904104463709
2025-10-21 22:00:00,56.27799499847589,47.47353886935318,0.0,79.25780098102656
2025-10-21 23:00:00,48.78120120870276,30.56987477818657,0.0,78.85992289277303
2025-10-22 00:00:00,30.111499859235426,22.73261678879736,0.0,75.22674645486946
2025-10-22 01:00:00,31.107529782526818,23.87785656237983,0.0,93.3054908756964
2025-10-22 02:00:00,31.783205624544763,8.358699770310608,0.0,111.17976113984233
2025-10-22 03:00:00,31.00288798294632,27.318186594414623,0.0,72.03923271682982
2025-10-22 04:00:00,32.32157803641313,17.9089113162986,0.0,53.897778069607874
2025-10-22 05:00:00,27.422867320237593,20.69971913941708,0.0,102.76988595324633
2025-10-22 06:00:00,68.66474023640112,39.65990385971667,23.471604816097514,94.49159573536967
2025-10-22 07:00:00,83.95937252649072,51.60066845407526,38.21940799834671,37.755871580694055
2025-10-22 08:00:00,71.54716145127935,56.98035221707669,51.150134375068404,42.82714236172803
2025-10-22 09:00:00,72.07280741391786,48.469648372303716,61.1171067792568,41.17897295711246
2025-10-22 10:00:00,56.78991983862803,40.80528640806169,99.64870178448538,42.943290348979374
2025-10-22 11:00:00,60.922041213771635,36.60032402813887,124.0648771988478,48.198661038746245
2025-10-22 12:00:00,51.289262872691424,33.15997899452377,136.8643206660729,48.94774007411158
2025-10-22 13:00:00,39.66336412556177,26.428017515755062,120.44343660553069,51.228387630735426
2025-10-22 14:00:00,38.568342753852384,23.73490272168215,138.69428049657998,49.58608798210525
2025-10-22 15:00:00,51.327010829177794,37.29481476585687,110.26359367931536,57.68330690080105
2025-10-22 16:00:00,39.48655139333998,23.20848234218335,131.26517569102933,63.74767496670454
2025-10-22 17:00:00,44.03403111809458,41.78095078885549,89.55462055228801,56.34474843192793
2025-10-22 18:00:00,87.66828392063589,67.17206660219938,84.05274943803043,78.90531866737587
2025-10-22 19:00:00,85.54846403401689,54.29378509795527,60.11051614925097,88.65548474597212
2025-10-22 20:00:00,90.75037657590767,68.79950751872504,35.6399442703726,47.37812170440465
2025-10-22 21:00:00,87.84602566629403,69.82943790641721,0.0,88.96306001736859
2025-10-22 22:00:00,50.627311484492644,42.77275820942928,0.0,90.57204743130876
2025-10-22 23:00:00,62.76711233727587,47.65092163137771,0.0,70.11405271412838
2025-10-23 00:00:00,19.986121411724273,29.46243433756122,0.0,54.594702097165516
2025-10-23 01:00:00,21.41379512920168,15.696692362489442,0.0,87.35986902855406
2025-10-23 02:00:00,21.112773079243954,31.32098760519553,0.0,87.01602799190431
2025-10-23 03:00:00,18.504382601920156,20.254897309872327,0.0,62.73663162019016
2025-10-23 04:00:00,17.549382120083045,20.09137765422126,0.0,55.55325517650328
2025-10-23 05:00:00,19.490209880970742,18.848824855698435,0.0,85.2757277459306
2025-10-23 06:00:00,46.11232208152681,52.11775840558758,22.468179430044394,82.1038926984992
2025-10-23 07:00:00,44.03451608261887,45.04599159297476,39.339902831489944,46.8535950976252
2025-10-23 08:00:00,46.0035275802383,43.28413249692646,51.91771128852585,51.21961471042716
2025-10-23 09:00:00,43.64693195815344,41.86597917728775,76.72754035189114,37.88875161849973
2025-10-23 10:00:00,33.157819375428474,22.606959322100593,93.9444248459664,46.624014471616576
2025-10-23 11:00:00,32.6961105369026,26.59307548094551,101.07570698941248,59.285042596923205
2025-10-23 12:00:00,30.064980267632983,22.06753793326671,109.73278387088982,47.73365637916613
2025-10-23 13:00:00,21.01650954819772,18.342720276143336,144.75861521492402,35.51920028204963
2025-10-23 14:00:00,24.996210820095236,26.85100834485884,135.79282197316542,53.81686768129683
2025-10-23 15:00:00,32.727269370110186,34.19718757483344,127.65603296107815,44.70120179785721
2025-10-23 16:00:00,26.769993953415753,31.984589566241254,124.4333406953634,65.10458613929323
2025-10-23 17:00:00,29.829676603242426,34.47887880025063,106.89233927942037,65.89340068259152
2025-10-23 18:00:00,51.646802662584406,58.991865731746856,74.44425404449372,35.72056257471189
2025-10-23 19:00:00,54.79246907084878,62.63824106265217,54.1614478465145,93.35475112911998
2025-10-23 20:00:00,53.81676506948377,65.37540510731579,39.79841476209151,56.64853842968692
2025-10-23 21:00:00,57.063976174350735,55.11265458704973,0.0,109.0512008303904
2025-10-23 22:00:00,40.46682544101624,45.57158320458703,0.0,77.50882604505529
2025-10-23 23:00:00,34.938128007605165,39.720802353140584,0.0,54.01587498089037
2025-10-24 00:00:00,37.63025639975139,26.049940228300926,0.0,62.13015601216526
2025-10-24 01:00:00,28.855034725414516,24.4025747717889,0.0,94.52292589070174
2025-10-24 02:00:00,36.14191218234782,28.14584978516084,0.0,78.4492680538027
2025-10-24 03:00:00,39.329655180073004,15.949399247842862,0.0,84.85455549325381
2025-10-24 04:00:00,29.507839201152937,22.790631241098904,0.0,122.01581942743798
2025-10-24 05:00:00,27.57330879947686,23.76622970999794,0.0,71.75489214541071
2025-10-24 06:00:00,66.91088331843422,46.89956530507442,21.941565136198996,88.25923595598643
2025-10-24 07:00:00,71.45026137129354,52.12940807275517,38.802664544142615,70.69296201305244
2025-10-24 08:00:00,73.20956757329347,45.573478351258885,57.916258685501795,55.701828272143004
2025-10-24 09:00:00,81.98032381296107,58.940920118964435,79.94057168233194,31.217932969417713
2025-10-24 10:00:00,47.86589151773504,25.187063554787247,82.26504159594214,58.76539354633353
2025-10-24 11:00:00,53.961752922803825,27.819245128558517,110.2722024270114,37.003964167809684
2025-10-24 12:00:00,45.528887854914146,28.25091057456015,123.71032096655902,70.52291631818856
2025-10-24 13:00:00,42.19896260453263,21.823273350032707,142.77262805956798,48.34721431691382
2025-10-24 14:00:00,45.52067444266027,23.316059870506958,147.08822583324243,106.05676061369603
2025-10-24 15:00:00,46.426019521404704,35.60414512605524,148.9912888795895,83.19842102729199
2025-10-24 16:00:00,46.76999919269484,30.909543484314142,112.7746538991273,48.74674372397547
2025-10-24 17:00:00,45.907713482297,29.800854548515623,93.47316879656748,61.17355049261061
2025-10-24 18:00:00,94.60068939904546,61.44178699741102,82.78782443182364,72.3373880270289
2025-10-24 19:00:00,92.19461674912436,55.233132199535575,56.78335390462959,93.5924810137193
2025-10-24 20:00:00,87.273392291662,63.434773552662364,41.98814247148729,86.91446107190316
2025-10-24 21:00:00,83.65633433205213,69.95141731920565,0.0,102.75867143931183
2025-10-24 22:00:00,51.23317920334995,42.14948513239382,0.0,75.85424534344286
2025-10-24 23:00:00,53.087504952382886,40.496147085410925,0.0,71.08529325051002
2025-10-25 00:00:00,35.642693087289665,33.628389068637716,0.0,79.19901852197675
2025-10-25 01:00:00,29.54729246179716,29.089403398030953,0.0,105.32824135585345
2025-10-25 02:00:00,29.115439346024885,23.89473738810257,0.0,94.63596562513547
2025-10-25 03:00:00,31.734872070788008,23.306041497161623,0.0,93.03389016960729
2025-10-25 04:00:00,28.78494605646959,11.650637407218182,0.0,103.95940497938938
2025-10-25 05:00:00,33.647438995261226,22.507391661434138,0.0,42.252666185580594
2025-10-25 06:00:00,70.23816783784694,42.768422376587196,25.082559534965785,93.44114740999086
2025-10-25 07:00:00,71.18970136906765,41.8137762325342,34.45655101968293,54.87447187212738
2025-10-25 08:00:00,61.7678493777197,40.93319209334456,49.35603822349493,73.73895218974958
2025-10-25 09:00:00,62.84718219624901,53.16564827066669,66.14239705177185,32.14773370405182
2025-10-25 10:00:00,52.1657274580203,39.79510552224535,102.09935782020038,72.28699816916736
2025-10-25 11:00:00,44.3860458133064,27.382566283970498,128.0821358887371,53.01227252740078
2025-10-25 12:00:00,48.11723955499843,30.70613548312381,150.0,58.392060488609204
2025-10-25 13:00:00,31.817508513363475,10.855845039319327,150.0,86.1366883116981
2025-10-25 14:00:00,35.526952929712195,26.960459441402126,150.0,69.21326511292877
2025-10-25 15:00:00,42.12824487185357,14.488569441888902,126.38400091285614,66.7791710891904
2025-10-25 16:00:00,33.69384874490538,26.16107858100511,106.14020630476034,64.38022235212905
2025-10-25 17:00:00,36.34949879266614,26.039438385877894,103.5579060013308,53.36608206736496
2025-10-25 18:00:00,70.51751478868982,47.411746831440354,78.03875646928584,60.27091070354312
2025-10-25 19:00:00,86.62741551919272,62.91414568069646,55.72317173599732,64.08612982655767
2025-10-25 20:00:00,83.28508450807543,55.411813848729885,39.14827985136739,77.17746520343319
2025-10-25 21:00:00,78.44790624158672,59.151250075707864,0.0,32.468922481706905
2025-10-25 22:00:00,47.3446828407101,31.103328979446538,0.0,86.41836138270784
2025-10-25 23:00:00,46.84241639758478,38.91719903219655,0.0,75.67173569498893
2025-10-26 00:00:00,36.22940288863854,32.594435169924196,0.0,79.20560151591934
2025-10-26 01:00:00,27.665399809328825,8.555674709697566,0.0,91.22463512369792
2025-10-26 02:00:00,33.295204289677045,36.34849282317417,0.0,55.48237364288994
2025-10-26 03:00:00,34.84837424483478,21.661239581442278,0.0,128.18163535256792
2025-10-26 04:00:00,35.468966867144054,26.41847472546043,0.0,84.25213228954378
2025-10-26 05:00:00,21.0,13.16627049402744,0.0,83.32087487436837
2025-10-26 06:00:00,58.616603950177755,47.77971178466246,25.046905732553007,65.60343459716253
2025-10-26 07:00:00,56.727071306512336,39.79024317233734,41.69956139985678,52.19489362103419
2025-10-26 08:00:00,61.98648638743899,45.896807398463366,60.7216654313827,69.87463839974195
2025-10-26 09:00:00,52.24120311455668,40.09464256999307,78.47974365206579,65.32122594430744
2025-10-26 10:00:00,35.84220131752297,30.183777618969483,103.09978873556575,62.967256004164376
2025-10-26 11:00:00,54.812931790221356,27.879114516320342,121.27078110184976,58.97166291182478
2025-10-26 12:00:00,47.82710657396321,27.03259271804494,127.12014709847983,47.23360287015112
2025-10-26 13:00:00,37.459128533376465,17.967566508103836,149.00625351361145,38.58646658397854
2025-10-26 14:00:00,38.55111385425723,27.966710725866967,124.82794175913162,57.4893611183897
2025-10-26 15:00:00,37.573121095853125,22.86594559343542,143.11794830012886,56.9622409065192
2025-10-26 16:00:00,41.40266489346368,30.63285573465342,105.34942707557282,76.40298211134797
2025-10-26 17:00:00,34.068588074693906,28.00427351152642,98.77364668656232,65.21364353814157
2025-10-26 18:00:00,78.41894059529469,45.51163294048112,70.12065918396588,84.93063886705762
2025-10-26 19:00:00,78.60256958368335,63.81970560745635,57.457364757837794,101.12548813785946
2025-10-26 20:00:00,72.8683130649011,61.75143110139897,37.713055515897764,68.94456975655295
2025-10-26 21:00:00,83.32559764374736,65.9031048815154,0.0,42.89930310670632
2025-10-26 22:00:00,43.04195899722184,38.41059457973579,0.0,104.78501688654012
2025-10-26 23:00:00,49.62590184091823,33.20956482702552,0.0,104.2754481598259
2025-10-27 00:00:00,30.517107268671662,27.548593969218526,0.0,56.77156228173936
2025-10-27 01:00:00,37.35113174584076,21.322055702690548,0.0,118.75219810000958
2025-10-27 02:00:00,25.31379410165314,24.20614604134551,0.0,94.45695676115231
2025-10-27 03:00:00,25.118585393202977,22.02279328114698,0.0,89.68397578015217
2025-10-27 04:00:00,25.92436984048061,17.145205019350303,0.0,121.0271926612978
2025-10-27 05:00:00,30.599829977314684,21.528420304058237,0.0,115.20520256685764
2025-10-27 06:00:00,79.71472610931913,65.76012265077891,21.209920404205317,100.25988569242539
2025-10-27 07:00:00,79.94703961006083,47.18352036099431,38.921853729885555,57.8523742547286
2025-10-27 08:00:00,62.38325962634423,39.02716230157712,52.25404559085315,59.704093558150625
2025-10-27 09:00:00,73.90180055381863,41.93307740639693,80.16379609168648,46.55826479387529
2025-10-27 10:00:00,39.18779749892029,21.91276241895778,96.16446774746572,51.01960042835413
2025-10-27 11:00:00,57.22373181827055,39.37122779782513,119.65319579251127,40.06251086371527
2025-10-27 12:00:00,58.67785111326633,38.975150527235826,121.35924803812378,47.425008031137715
2025-10-27 13:00:00,43.89897471908343,25.144475015407977,133.3076596414131,54.822289154244544
2025-10-27 14:00:00,44.45799105392465,31.820740651787354,134.77042039182533,50.7684212882898
2025-10-27 15:00:00,44.41144897342934,29.24352629371657,140.4348323982832,62.41757790236728
2025-10-27 16:00:00,40.55008532086265,22.419554118152362,131.54812692300854,55.46586223620213
2025-10-27 17:00:00,46.02274998914492,19.17214696146671,89.96061392953972,67.93227146318875
2025-10-27 18:00:00,90.86881190295686,72.18094759169311,81.33620450803738,35.87577538328094
2025-10-27 19:00:00,96.0964606021998,71.42815533976867,45.2774333300374,75.39930984966718
2025-10-27 20:00:00,91.39882670505999,67.9292828679337,34.05721973228699,80.15039340491934
2025-10-27 21:00:00,88.03554393119936,66.16829312663309,0.0,71.57226717635231
2025-10-27 22:00:00,46.7346977273431,45.68403893494157,0.0,74.2539988914798
2025-10-27 23:00:00,45.257797033487186,37.444516163357754,0.0,46.84522888059206
2025-10-28 00:00:00,35.906292047794956,22.91501793504473,0.0,93.6193305339828
2025-10-28 01:00:00,27.939947912134414,13.654736772348006,0.0,99.87559907230872
2025-10-28 02:00:00,31.52358385536742,28.375483870393275,0.0,96.56471114284821
2025-10-28 03:00:00,38.02453451285034,28.144858473655326,0.0,108.28066869508513
2025-10-28 04:00:00,27.46738050915949,23.115043965201117,0.0,90.28955724120762
2025-10-28 05:00:00,27.17635132028481,5.28462855479394,0.0,96.24545790870128
2025-10-28 06:00:00,72.17039595400308,45.75658078898843,22.347681115148976,89.31309019293823
2025-10-28 07:00:00,72.897570991492,46.126605255034626,33.43194673690743,60.44039938719687
2025-10-28 08:00:00,81.25910491575335,49.50806623180731,47.63485604612589,31.238746453151723
2025-10-28 09:00:00,79.81131651302555,54.39363016581738,77.01744276104485,40.053584097692834
2025-10-28 10:00:00,56.430282251281895,37.89755101274302,94.09005414888988,72.03643582903537
2025-10-28 11:00:00,60.15870484018744,40.12061950678537,118.97662066067046,19.85085161975935
2025-10-28 12:00:00,52.83435732314618,36.39028859731896,138.07434289553115,49.76782149999946
2025-10-28 13:00:00,45.41819295209944,17.761826844034672,142.24527243122895,77.80539991270045
2025-10-28 14:00:00,42.715140999327154,20.649834845736056,146.61489598020296,58.76822455224487
2025-10-28 15:00:00,38.26529467814291,22.76075426240805,130.11881395782476,54.07863144396796
2025-10-28 16:00:00,49.48938873782246,25.98711810470958,104.50663323490743,62.11798627912359
2025-10-28 17:00:00,46.464596702705656,32.93069388202069,103.83057948138769,54.85921476416786
2025-10-28 18:00:00,91.97523542990905,63.64956221568092,71.04051744978293,60.63518649357037
2025-10-28 19:00:00,91.88279947759777,75.87676141198428,50.46243447365009,64.14579385670119
2025-10-28 20:00:00,85.11593788042327,56.29619865772995,36.954609946517074,98.80543403745492
2025-10-28 21:00:00,87.49526580031535,78.73089186738628,0.0,104.88984037284575
2025-10-28 22:00:00,55.14903214521464,58.95916480693295,0.0,74.78300946030848
2025-10-28 23:00:00,51.25533587696626,37.870189553778786,0.0,50.54717249965598
2025-10-29 00:00:00,29.020291314521295,29.40899786439283,0.0,95.62946459707825
2025-10-29 01:00:00,29.529047708494044,19.69258001598404,0.0,104.97890032298473
2025-10-29 02:00:00,26.928890539423,27.28859372918569,0.0,123.94788026822707
2025-10-29 03:00:00,25.644367559891773,22.098425718192185,0.0,82.30989209296446
2025-10-29 04:00:00,22.74439066083582,15.134652970793011,0.0,88.8807072885062
2025-10-29 05:00:00,29.34066774444807,0.005362514183627098,0.0,124.08920689379353
2025-10-29 06:00:00,75.53986367496695,45.145207612580435,29.11669113837089,135.86993638152538
2025-10-29 07:00:00,65.35977157073091,46.01907138283106,47.02481197436251,55.76419623409835
2025-10-29 08:00:00,72.64790999777146,55.67071815626632,72.73280091495339,44.01809892166637
2025-10-29 09:00:00,74.02126984783271,43.34891359256771,99.44713989258811,120.2321456331635
2025-10-29 10:00:00,49.17648209125935,36.675830898475496,115.30763388917701,78.9535419043166
2025-10-29 11:00:00,60.029232060006905,33.39657536453156,144.0041570696956,61.61708733445897
2025-10-29 12:00:00,51.89387474736767,26.537878115003565,150.0,80.3685581747625
2025-10-29 13:00:00,43.61065965864612,30.401010782562892,150.0,74.63164321317615
2025-10-29 14:00:00,43.34061550400952,6.980049353337591,150.0,93.72722266377603
2025-10-29 15:00:00,36.09784335504067,19.80444871460923,150.0,80.09776164545222
2025-10-29 16:00:00,48.60571257927862,25.482292694413225,150.0,78.7859444260681
2025-10-29 17:00:00,39.766493798813855,34.05680777447944,110.43740888543493,74.84105934958106
2025-10-29 18:00:00,90.81831419407501,64.01397738980504,102.66328547874046,49.15597824060429
2025-10-29 19:00:00,94.57213101915181,68.66349019108485,70.48377486815059,147.02189153132153
2025-10-29 20:00:00,98.45672193105123,79.59578949459681,46.50503590968496,75.72487066055082
2025-10-29 21:00:00,87.02296124486506,60.98782770729776,0.0,65.36344298717361
2025-10-29 22:00:00,51.62041777286558,43.73609907340427,0.0,93.76618477219228
2025-10-29 23:00:00,59.850477743072695,40.08825456181647,0.0,75.23122634745637
2025-10-30 00:00:00,32.08671245673951,28.662699540909955,0.0,84.30693614062282
2025-10-30 01:00:00,33.020271115732236,26.554817200452682,0.0,100.0968233714433
2025-10-30 02:00:00,25.269907189007245,19.20096946350644,0.0,106.66363926897449
2025-10-30 03:00:00,28.29355711533049,14.547076498765739,0.0,102.80791997896584
2025-10-30 04:00:00,29.24474055428806,28.495777046857388,0.0,78.88505215438586
2025-10-30 05:00:00,26.139473591956616,21.40587901534201,0.0,86.47007208442166
2025-10-30 06:00:00,65.21556179262845,31.959127713362825,0.5578220639856957,94.12050287809151
2025-10-30 07:00:00,70.45388159372486,38.70176851395051,0.9169772961025634,28.726492643919105
2025-10-30 08:00:00,78.84542200629097,52.11145545200601,1.2900974202697493,58.55683317825183
2025-10-30 09:00:00,73.01740570318327,39.49391284421832,1.5762734674732444,32.57624816257558
2025-10-30 10:00:00,59.81015294220097,45.861715419080134,2.306272680153511,77.38694091408317
2025-10-30 11:00:00,54.43143794515361,27.64204635178713,2.491984037315434,46.064174322824805
2025-10-30 12:00:00,50.18465904797495,29.161093987973054,3.027142708061932,48.878128830511635
2025-10-30 13:00:00,49.812488752143395,29.76653526444602,3.090601491756505,48.28302957653746
2025-10-30 14:00:00,45.01867082560619,21.57094554852214,3.1120094856240454,50.371672670097134
2025-10-30 15:00:00,48.391477938523934,11.354774029396868,3.157962678599988,93.77856890111534
2025-10-30 16:00:00,39.25572642255808,24.37257710398655,2.4074069606195123,73.843463463808
2025-10-30 17:00:00,48.73760649586591,26.14161299977306,2.5157381251224793,36.63195086709126
2025-10-30 18:00:00,96.6864081251502,69.52705637115403,1.44842324516253,82.27120030404717
2025-10-30 19:00:00,93.18035853480572,65.28578767453455,1.1810912332447274,99.80117693204343
2025-10-30 20:00:00,88.24525699905729,67.63345362694264,0.8777617271937451,71.46583066235576
2025-10-30 21:00:00,91.66936665599455,79.86301306270039,0.0,82.76398456540424
2025-10-30 22:00:00,56.37665399369288,44.180710276158116,0.0,76.5828455409301
2025-10-30 23:00:00,54.681408920835175,33.24695229534732,0.0,114.77810435259197
2025-10-31 00:00:00,32.70487232148494,14.26689878535524,0.0,68.17922598106485
2025-10-31 01:00:00,34.55510658443807,22.81249081359214,0.0,88.23264620051877
2025-10-31 02:00:00,27.081990059826353,24.898389504385214,0.0,76.01384052107643
2025-10-31 03:00:00,24.802159705679372,20.821330905398078,0.0,54.62833048626264
2025-10-31 04:00:00,29.83107539382491,21.5926028353043,0.0,131.76633611881078
2025-10-31 05:00:00,28.516155785085594,22.336147074400408,0.0,59.98002954440741
2025-10-31 06:00:00,76.2864338727641,40.24858893604831,24.977498234238308,89.80998858086224
2025-10-31 07:00:00,67.91488226009679,48.56841661410106,36.66121320749951,28.84854615493718
2025-10-31 08:00:00,77.34184344736099,48.43225444985635,53.52709872688697,45.97955456575771
2025-10-31 09:00:00,78.84137950652187,49.04547218938518,75.9143735448013,56.463243428945574
2025-10-31 10:00:00,53.62646609935137,30.84571295411515,92.63169122864356,40.54434246528649
2025-10-31 11:00:00,53.898406325286935,27.004782088456793,126.52746393848693,58.56796370953848
2025-10-31 12:00:00,50.171134504635376,29.797393621403696,137.65898109066316,47.639874806676374
2025-10-31 13:00:00,41.6206040880926,20.15400000213393,146.90495929121712,76.86941599375339
2025-10-31 14:00:00,42.22506307057032,33.36557508727066,126.7031355943242,79.87380610993571
2025-10-31 15:00:00,50.55580843874658,34.27728556839564,128.17782332385556,50.847042900936216
2025-10-31 16:00:00,43.739159597327415,29.447294051920228,111.10314305141534,60.730826166268265
2025-10-31 17:00:00,38.112799828595854,23.50192334226627,86.78389548867102,62.32064748050643
2025-10-31 18:00:00,93.0242508064558,54.30544640960429,75.6181031214953,68.81414817651104
2025-10-31 19:00:00,95.59346182775202,64.61545679463285,51.46108032852703,76.88827206516997
2025-10-31 20:00:00,91.7608051050046,63.75794503022957,38.89609421847369,80.25595983487106
2025-10-31 21:00:00,98.48661674572323,74.25177440123502,0.0,71.9507972271789
2025-10-31 22:00:00,57.1238827628676,47.57682964771845,0.0,78.82002330650283
2025-10-31 23:00:00,48.90401447567572,37.67384523134965,0.0,101.47252238741413
2025-11-01 00:00:00,27.51855234421619,22.726849574265326,0.0,98.53372986925106
2025-11-01 01:00:00,31.01801826641074,28.48199900407007,0.0,99.7038212992455
2025-11-01 02:00:00,22.50214842888027,19.118600244628404,0.0,100.16646523760171
2025-11-01 03:00:00,31.513605318617767,24.40559896041304,0.0,81.56968939861355
2025-11-01 04:00:00,22.07287907735408,23.56746683555716,0.0,91.59330885192747
2025-11-01 05:00:00,34.605450550040295,27.068039972466547,0.0,61.81738347841886
2025-11-01 06:00:00,65.36038802134345,48.439383272872334,21.70885821794273,111.74041518144726
2025-11-01 07:00:00,63.54917256389858,49.64007452681646,41.8284875065935,15.486521670895101
2025-11-01 08:00:00,58.23620380019536,31.1399695532403,49.66581504172572,49.79005023950309
2025-11-01 09:00:00,62.043569150541686,37.79409341024693,74.41193761288272,65.41660523925339
2025-11-01 10:00:00,42.71054363601965,28.084773902688035,99.84784107584984,33.544115949978476
2025-11-01 11:00:00,40.38207358131027,37.73841393634799,108.09367630731006,55.98609022427281
2025-11-01 12:00:00,43.496398776864226,23.563616130131205,137.09813138699081,42.2364101561507
2025-11-01 13:00:00,40.03448018907741,17.873463042614897,123.18809781405321,53.90707348877869
2025-11-01 14:00:00,37.0894491426059,21.507240542839973,150.0,73.42516043824834
2025-11-01 15:00:00,43.42047993346788,27.7168697261769,128.49058297309645,62.322418679289186
2025-11-01 16:00:00,40.338297702524216,26.164780959523984,107.86016169885514,29.18104702698122
2025-11-01 17:00:00,39.85639393743826,25.05163616522502,91.65199020951948,44.88659319004393
2025-11-01 18:00:00,70.29440107722073,56.41852381342892,77.86138296850342,73.86154171179746
2025-11-01 19:00:00,76.25135716402718,50.839191678135286,51.00070711994093,84.91751170077458
2025-11-01 20:00:00,72.74489470277204,50.908275936361164,34.56714193772843,109.71536399905042
2025-11-01 21:00:00,76.71105759141837,55.33057493030857,0.0,108.46538697445848
2025-11-01 22:00:00,41.900999772181365,44.91208640625714,0.0,69.8160128448412
2025-11-01 23:00:00,43.32152004107485,30.83860353299467,0.0,124.12809230980785
2025-11-02 00:00:00,34.77523229568233,17.8948030731916,0.0,85.04747484536568
2025-11-02 01:00:00,32.138624680526256,18.431082384138215,0.0,64.18652660913837
2025-11-02 02:00:00,34.53201493041736,36.23811393396592,0.0,71.13973788192774
2025-11-02 03:00:00,22.796926009428063,31.28891697368796,0.0,36.839825249238054
2025-11-02 04:00:00,30.260886134770487,25.07031177863586,0.0,118.49054963150432
2025-11-02 05:00:00,34.35017241628471,22.154676192506702,0.0,118.23152769126173
2025-11-02 06:00:00,68.06193773801684,54.445090208754145,23.199146578542674,63.06990638445567
2025-11-02 07:00:00,54.31720836740841,31.491516419014083,33.135595892694525,47.82863014578776
2025-11-02 08:00:00,59.70192975829937,43.491854041830784,60.974994323363006,51.93035246674085
2025-11-02 09:00:00,65.93762615404607,40.10619568044452,69.45139197890933,38.541275177506165
2025-11-02 10:00:00,44.15995218311697,27.834037671355176,99.6244009373472,28.464236749329203
2025-11-02 11:00:00,40.92832505700472,29.58517041632242,114.56199290844468,48.05086015667323
2025-11-02 12:00:00,38.05020828753644,22.659857379767555,117.6200724288345,46.64696015612019
2025-11-02 13:00:00,32.62684691965614,16.233074297953046,135.84586016885822,53.42542900746732
2025-11-02 14:00:00,29.295946317103613,13.235677616888985,144.43494817259963,62.465699246152354
2025-11-02 15:00:00,37.159075881393505,8.321126266747516,125.75327822949622,80.31767635156909
2025-11-02 16:00:00,40.92939966164436,28.776711350217198,123.42845908386437,54.68752691138967
2025-11-02 17:00:00,31.221617410551673,13.78983528965373,101.0434737493649,61.69243544186832
2025-11-02 18:00:00,78.70179148673053,67.77678428784051,78.0956201900553,69.92354402580531
2025-11-02 19:00:00,81.34572728378718,57.47419008268149,51.26619943219122,86.61654399639214
2025-11-02 20:00:00,77.5298201804632,67.71830150470316,33.41980566080998,64.39124517604066
2025-11-02 21:00:00,70.29388332415319,45.77558944325149,0.0,77.91016554276513
2025-11-02 22:00:00,46.76315658674974,44.64505924109749,0.0,86.49095763242408
2025-11-02 23:00:00,44.779293339328355,40.500939221393196,0.0,54.616705432901405
2025-11-03 00:00:00,29.29572908129615,28.171878077328593,0.0,110.8250621476335
2025-11-03 01:00:00,27.53923239407791,10.96996381157081,0.0,114.3633925284918
2025-11-03 02:00:00,30.390543418233186,18.83880155072828,0.0,69.00263893111232
2025-11-03 03:00:00,32.29418058801132,26.30822700333974,0.0,88.29871678670668
2025-11-03 04:00:00,40.75791660451132,27.404953997259767,0.0,97.7442696343426
2025-11-03 05:00:00,30.50549430774242,24.64893021942354,0.0,72.73291316384469
2025-11-03 06:00:00,79.57125703445692,47.597925396832,22.33769078644799,94.36144235870653
2025-11-03 07:00:00,74.38101968982083,57.990951893294934,36.95442697467219,52.59500072942294
2025-11-03 08:00:00,72.323244339985,63.3479165715327,55.2486946457857,31.988149959615285
2025-11-03 09:00:00,73.43958568910071,47.01566904387819,59.78648549925401,56.33321941256369
2025-11-03 10:00:00,48.14302769718361,34.167863282893336,92.84754684368187,36.63431348492081
2025-11-03 11:00:00,55.017212579184076,32.51036368354113,113.48560090669443,62.39765243944279
2025-11-03 12:00:00,44.67654856910373,34.776397786570314,124.17034637344354,42.05306415146887
2025-11-03 13:00:00,40.193702523501535,26.92306447941756,149.14448752542984,56.57753189559931
2025-11-03 14:00:00,44.569995053102076,17.1013815917252,139.74142559901335,79.18022461030998
2025-11-03 15:00:00,49.448621363304724,23.35716827862235,140.30047223498494,66.27066733536783
2025-11-03 16:00:00,50.5135109204927,25.12883212459808,110.13207262915456,43.04465846878361
2025-11-03 17:00:00,43.01124152561572,43.805940285565384,99.87577065679399,43.996147670785554
2025-11-03 18:00:00,92.60213020588684,70.99117716522542,81.82134719089005,50.12174039483737
2025-11-03 19:00:00,96.33103338111898,65.30500810256697,58.4922972202608,83.2772460487432
2025-11-03 20:00:00,85.91868119313172,59.96237515700788,33.204384856365216,82.58853257693758
2025-11-03 21:00:00,93.72276604191963,78.5274471309603,0.0,59.82230668484467
2025-11-03 22:00:00,49.91532345765376,50.411957724490115,0.0,53.680568482089924
2025-11-03 23:00:00,52.86762865975467,42.08389918319984,0.0,81.13477859422153
2025-11-04 00:00:00,27.93439537277558,19.6412908766915,0.0,80.08941619016969
2025-11-04 01:00:00,31.959111571716665,22.065381098216225,0.0,129.15394256878628
2025-11-04 02:00:00,32.4763665330409,23.823358790811955,0.0,84.67191769181339
2025-11-04 03:00:00,34.00985404828829,16.069768432496986,0.0,121.95993928360994
2025-11-04 04:00:00,31.566894728090016,18.66323726647812,0.0,59.35411733851272
2025-11-04 05:00:00,30.772441964860032,26.80374982023836,0.0,50.904357157507796
2025-11-04 06:00:00,81.12921996501362,54.0307746551826,22.886631067785075,60.40917944018542
2025-11-04 07:00:00,65.92649704715261,46.57986904083793,35.18268989050891,65.30840386565946
2025-11-04 08:00:00,80.41635723362148,54.27863946993564,54.70469739644387,72.44409431713514
2025-11-04 09:00:00,71.48191427313212,54.28144946517572,75.90705362095312,40.49825936895635
2025-11-04 10:00:00,56.22109678593729,31.1959342301934,86.19276869151521,44.54596298795041
2025-11-04 11:00:00,52.186616084608715,36.2618016617491,112.05257623405545,35.63012409673179
2025-11-04 12:00:00,50.490647314297604,36.98412047805649,105.87961622699956,27.541864375548048
2025-11-04 13:00:00,46.26566790697397,22.54899583109143,149.93907763322085,69.28148033123409
2025-11-04 14:00:00,48.77464792816493,28.432950384294937,128.92129101192037,62.00753914626421
2025-11-04 15:00:00,46.21360633675326,24.90566739458846,126.85122493741892,58.886880180718045
2025-11-04 16:00:00,41.64554949932697,39.33045848081558,108.68695943463969,38.17554368299704
2025-11-04 17:00:00,60.33614582207045,35.23739826636059,100.86425460739005,82.81272872082104
2025-11-04 18:00:00,97.313722597698,75.02772657897536,55.62200449160905,51.34198473870347
2025-11-04 19:00:00,96.1201814477325,67.44325809192617,52.57422986522031,85.58773378134927
2025-11-04 20:00:00,90.33180204045995,66.62904494800765,35.87548695927085,48.053875725657164
2025-11-04 21:00:00,89.10689503149919,61.83922946411358,0.0,71.91689066678111
2025-11-04 22:00:00,52.3928088059867,51.04659913081433,0.0,81.01439776911009
2025-11-04 23:00:00,58.5184140970461,45.00829690620801,0.0,81.68837198129137
2025-11-05 00:00:00,25.542280483158773,19.984753398405967,0.0,2.314751960692217
2025-11-05 01:00:00,25.193082758455574,15.963013899515168,0.0,2.5041118743440793
2025-11-05 02:00:00,32.42796390012458,25.69597692543565,0.0,1.5987232930633029
2025-11-05 03:00:00,31.436384000889543,19.469780224596278,0.0,2.338555564227877
2025-11-05 04:00:00,26.53358907949097,20.510341377049674,0.0,2.2919697212776504
2025-11-05 05:00:00,25.08958389713149,14.113407508953047,0.0,2.3576657666251917
2025-11-05 06:00:00,79.27563002217103,51.51269966746969,22.384608242929517,2.268896870169812
2025-11-05 07:00:00,74.41161346586112,51.08651557961714,40.94369999225165,0.9115335767569838
2025-11-05 08:00:00,66.66918216523695,51.45643589349117,48.62839119009617,0.8966286632666385
2025-11-05 09:00:00,66.98377863964276,43.085355716401025,75.9634228841628,0.5969495867066582
2025-11-05 10:00:00,52.03951628798269,29.91731737111677,94.48499534826436,1.610446323386883
2025-11-05 11:00:00,56.96410829549915,23.471494050721738,121.9958451957793,1.6138303257061237
2025-11-05 12:00:00,56.343859773497066,39.26869326769972,118.86483533108584,1.6191430995869747
2025-11-05 13:00:00,49.18948688651366,33.429721907373576,125.82755994207014,1.6796620181719646
2025-11-05 14:00:00,37.39035933643459,22.765402872597086,145.3858910198933,0.7280895445994531
2025-11-05 15:00:00,45.104243574016635,18.860647514733472,129.83949459883218,1.1595925270344984
2025-11-05 16:00:00,50.5135299654543,23.568242134475017,97.11661212977228,1.6264755044906885
2025-11-05 17:00:00,50.094541257150624,27.988250757514315,87.90323499730953,1.6128653998222306
2025-11-05 18:00:00,93.55896185637343,73.8435749612927,73.75744186460908,1.473140416584112
2025-11-05 19:00:00,102.50995022895879,75.04105605214615,55.8522704892589,2.190718083770789
2025-11-05 20:00:00,94.68564996388771,61.40669638209021,34.02068934166882,2.011573470874175
2025-11-05 21:00:00,96.6362267878024,76.64998854649026,0.0,2.066289187614419
2025-11-05 22:00:00,53.866335798499584,41.81970101321842,0.0,1.6852826482579808
2025-11-05 23:00:00,50.15193134621051,31.81631480179744,0.0,2.498143373734822
2025-11-06 00:00:00,26.061558596495644,9.49706946207324,0.0,74.28275489906622
2025-11-06 01:00:00,30.81726846657489,1.7119245817300677,0.0,55.55451155432108
2025-11-06 02:00:00,29.048240969174067,4.171118602095746,0.0,67.20194467884653
2025-11-06 03:00:00,22.041364485389334,5.754976973709982,0.0,75.9956946359565
2025-11-06 04:00:00,25.383928867834165,4.5041583873384425,0.0,103.93514911958374
2025-11-06 05:00:00,28.56718391675658,6.203776861817673,0.0,82.36828916396816
2025-11-06 06:00:00,76.10081544864887,4.040975251669981,17.707820506159035,79.3738550777354
2025-11-06 07:00:00,72.75572576920231,1.4850412902192045,37.261608927210645,34.356477880805784
2025-11-06 08:00:00,72.50376930967934,0.8904435982445569,46.9569957296323,59.75725697328626
2025-11-06 09:00:00,68.38695143541673,7.444431561771444,59.64748355467944,41.8077282145137
2025-11-06 10:00:00,53.78779105297817,2.3862394952190478,70.63438977667946,48.69971482441431
2025-11-06 11:00:00,59.61949831620567,8.474503127667234,117.3362868091373,68.43211781438048
2025-11-06 12:00:00,54.38363170011223,7.430272438218404,126.11508303545234,56.301809472226836
2025-11-06 13:00:00,37.3283752939139,0.4945318434236168,130.482691000529,34.552531460140656
2025-11-06 14:00:00,38.47943383621189,2.012111170637352,147.64759163198755,32.494655532439424
2025-11-06 15:00:00,46.76083635808647,2.9199265655953823,131.1952634379643,57.33667927570289
2025-11-06 16:00:00,43.10186677208049,5.944822488260401,124.4071362193663,40.605895205316244
2025-11-06 17:00:00,43.775675375116464,8.09827000315139,81.1523894914046,67.7218643872001
2025-11-06 18:00:00,89.21526903359816,0.6033325515842314,70.92976414483549,58.889284321457495
2025-11-06 19:00:00,94.23792777606417,2.496089518798109,45.306823849267055,78.02096132295283
2025-11-06 20:00:00,90.6184431115605,3.7620976237972092,35.10827928883774,61.68531290612223
2025-11-06 21:00:00,91.13281332338585,1.8337715458816628,0.0,107.54067077801602
2025-11-06 22:00:00,49.85303843021466,5.452920975063491,0.0,128.16720908279797
2025-11-06 23:00:00,57.83115453434119,4.780024793583103,0.0,69.70506050092098
2025-11-07 00:00:00,29.004902437726102,19.204810362606757,0.0,90.22636658776852
2025-11-07 01:00:00,32.73546149903892,25.390597981005993,0.0,84.92803720825904
2025-11-07 02:00:00,24.62883796184692,16.365505161710395,0.0,77.52626267615013
2025-11-07 03:00:00,37.802474122703735,42.62119279917496,0.0,65.66234646440037
2025-11-07 04:00:00,35.7481831733095,30.76780209182918,0.0,60.42048600237949
2025-11-07 05:00:00,21.40591048653483,15.817226635018839,0.0,59.37108223175423
2025-11-07 06:00:00,69.2462815350712,29.349137270711655,22.495628092965994,91.30834315289752
2025-11-07 07:00:00,75.0043549324024,45.50316927398769,37.330989743403464,43.28246658773454
2025-11-07 08:00:00,66.91622122018741,49.975657405919236,51.911959061153325,17.680815149605493
2025-11-07 09:00:00,72.26282680312296,47.788760025478226,74.22340275339229,55.27771072430178
2025-11-07 10:00:00,55.623593166539024,33.893209849234026,95.88595082658516,49.26947855802106
2025-11-07 11:00:00,52.87248352573576,26.10705570357862,128.37539800668867,66.4929743178856
2025-11-07 12:00:00,56.128524295560375,27.40213143846058,120.94832666811809,54.38558055870269
2025-11-07 13:00:00,41.00814053732773,23.118856593821082,122.13713265473888,36.582046515820295
2025-11-07 14:00:00,34.029308168279655,15.47313693700152,134.68060928210684,25.685707087383236
2025-11-07 15:00:00,48.547644012778974,26.9968638085286,116.11441136673149,47.59733355307056
2025-11-07 16:00:00,48.519291049247585,36.84441663551948,122.48028073531779,48.966479366340586
2025-11-07 17:00:00,55.3944899983337,28.784532354840117,88.72064723773813,71.72053549332833
2025-11-07 18:00:00,82.07391088536798,64.34872982094912,67.49874651781894,57.907484327282624
2025-11-07 19:00:00,95.38499470813308,72.52737770261118,49.77317653945945,95.76634405282512
2025-11-07 20:00:00,83.14718059469716,57.95416991829717,37.592072022204526,49.90387673136344
2025-11-07 21:00:00,99.91046998361134,70.13679050176646,0.0,92.62447799938417
2025-11-07 22:00:00,55.89915088127548,52.63434937029585,0.0,88.06764798927338
2025-11-07 23:00:00,49.4200703151003,32.7697548332428,0.0,36.968833225297686
2025-11-08 00:00:00,33.51100113570646,21.818857234171947,0.0,109.86214730694101
2025-11-08 01:00:00,27.51129746527379,34.1704109661324,0.0,84.49153278131257
2025-11-08 02:00:00,31.35187244798071,28.1156577240695,0.0,90.65453403815062
2025-11-08 03:00:00,30.92682322294088,24.092164510113992,0.0,64.71049686283072
2025-11-08 04:00:00,37.848756612662825,29.435698719143478,0.0,108.88438390625765
2025-11-08 05:00:00,38.167166595389304,27.262905146926073,0.0,58.085760648074505
2025-11-08 06:00:00,58.702830439141856,43.90477635711059,22.522084480713794,99.7373888104554
2025-11-08 07:00:00,66.1519998998548,31.59249249976773,33.51518509376287,59.70020442066217
2025-11-08 08:00:00,62.98730531893897,41.10906065108958,58.251320241734106,37.473041309335315
2025-11-08 09:00:00,55.03345531734153,22.08626454107886,65.44723332032481,74.10033461465103
2025-11-08 10:00:00,41.97236575247966,28.094339964565012,90.47175207449533,52.40483000189121
2025-11-08 11:00:00,55.618050912352786,31.33955587693256,114.49886338038733,57.63554522402126
2025-11-08 12:00:00,46.715738269125424,38.26145231830648,107.21666015835807,30.625060174232864
2025-11-08 13:00:00,41.461835994624245,25.658852452784522,136.30534605801708,88.3916302792071
2025-11-08 14:00:00,36.00862848114394,19.496047482416756,120.18248853491141,40.100811359764045
2025-11-08 15:00:00,34.53308927055836,16.479240779422675,131.42591921712273,72.60174992057887
2025-11-08 16:00:00,37.08551817115053,26.629876652892627,100.43967425411613,43.42084843276246
2025-11-08 17:00:00,35.76535963818742,20.163264390006034,95.21492064869383,48.850323822982986
2025-11-08 18:00:00,70.9560175839486,51.456559255779645,76.47519063931348,69.19000621750514
2025-11-08 19:00:00,73.16069121504765,60.80677733444376,54.94542758065242,93.39463736947958
2025-11-08 20:00:00,80.86113608844583,57.994308880407544,36.03902261578881,50.69015335138701
2025-11-08 21:00:00,75.96254767262994,56.390575097343785,0.0,94.56346444172247
2025-11-08 22:00:00,45.22106543328005,36.80531203427472,0.0,93.71838560686764
2025-11-08 23:00:00,46.16254719139192,54.135480515450496,0.0,56.88229388654803
2025-11-09 00:00:00,31.40872521968424,24.449929859015253,0.0,115.0648120978312
2025-11-09 01:00:00,35.15960577591917,33.23617486035489,0.0,52.267301031529044
2025-11-09 02:00:00,25.055868832191607,27.446642953586547,0.0,69.368521961396
2025-11-09 03:00:00,32.56613725594631,27.77221658258133,0.0,92.05358735506032
2025-11-09 04:00:00,33.397625070838416,27.660275980742803,0.0,64.6662963111689
2025-11-09 05:00:00,34.436333005506775,26.15191683080066,0.0,87.63108120512135
2025-11-09 06:00:00,55.06203595116208,27.924945770635908,22.24543291806846,87.16366121324195
2025-11-09 07:00:00,62.5668516310905,44.87296785792525,33.48519786132296,47.018524599750364
2025-11-09 08:00:00,69.14250690732234,43.31732504520056,57.08673251304289,59.59002605460192
2025-11-09 09:00:00,60.974122812324204,42.98623439289099,65.9058894595497,46.509406006241704
2025-11-09 10:00:00,47.30335002023607,30.228841500205792,82.20401882597628,52.18061717526383
2025-11-09 11:00:00,48.63940403703009,33.11111873111009,113.88342245588294,63.462949898235756
2025-11-09 12:00:00,40.51300956160458,29.893703604082635,114.72115831820948,59.07563203734878
2025-11-09 13:00:00,45.233564498330516,8.365575119727968,120.5139408556898,68.85440094969289
2025-11-09 14:00:00,39.2291068041907,22.098738037202715,115.36425518301814,41.01354399226068
2025-11-09 15:00:00,39.31911588170105,11.840453307889522,117.79140610655712,65.0962717593441
2025-11-09 16:00:00,29.502230016783223,21.278997938566786,107.41232681491562,44.90771402436212
2025-11-09 17:00:00,40.55680480979054,25.360939237374478,91.38440114938398,39.1111296980601
2025-11-09 18:00:00,79.99155297186738,66.93144718694724,75.12562546802737,56.514694754689046
2025-11-09 19:00:00,85.02156741041055,65.08529297263152,53.22891637595164,57.26133285464143
2025-11-09 20:00:00,76.31201297129167,54.10708598596536,34.56793719531704,88.6121811727679
2025-11-09 21:00:00,73.26824395246827,63.352558147339096,0.0,89.05458825058219
2025-11-09 22:00:00,42.05754838491226,39.02553665654829,0.0,38.79517733035698
2025-11-09 23:00:00,42.85522180386391,30.24267316673749,0.0,58.66697083404006
2025-11-10 00:00:00,24.965190668408816,26.243062982799707,0.0,51.97815841752385
2025-11-10 01:00:00,35.80572010694697,35.23776143158001,0.0,72.38211602550503
2025-11-10 02:00:00,35.9746403831925,29.638890398762694,0.0,91.16235403787483
2025-11-10 03:00:00,29.118937344869753,25.788139928043027,0.0,76.89076439409715
2025-11-10 04:00:00,28.232580350621127,39.318845179870664,0.0,69.7807670209887
2025-11-10 05:00:00,21.830331390063094,16.0983678343701,0.0,108.45286579121573
2025-11-10 06:00:00,76.09142912271298,47.28830734931079,22.159805519314435,34.686221605508834
2025-11-10 07:00:00,80.40008396356305,52.16729153647229,36.29806874263269,64.2945111462185
2025-11-10 08:00:00,70.09222724617875,54.807949035283286,55.90831326404061,42.42671949429063
2025-11-10 09:00:00,72.43407310785297,40.04385644207036,70.05756111528856,48.15013028591657
2025-11-10 10:00:00,55.73651418130585,46.26896731500649,85.71346375683015,42.63451180962986
2025-11-10 11:00:00,61.542085228129636,27.759253437789063,98.88932859079627,68.05155603002656
2025-11-10 12:00:00,54.68119560364298,33.54130351084602,107.65141709266035,33.996035710101594
2025-11-10 13:00:00,45.072936793273556,26.485047688639103,136.4819501206611,57.462051070543865
2025-11-10 14:00:00,45.000435426373336,19.676755268016468,135.56672140267787,64.84870566157504
2025-11-10 15:00:00,37.78085589008769,19.82422957175428,127.34716012243976,34.21876920807871
2025-11-10 16:00:00,37.68294422891983,29.019159071452865,106.31609584399955,44.11779646541587
2025-11-10 17:00:00,40.5575239101373,34.231229983487964,99.0794208519639,55.17151213953851
2025-11-10 18:00:00,96.6950119254766,58.87452998386516,66.67055322875974,44.59381083136236
2025-11-10 19:00:00,90.62789752485146,68.4388933219693,54.62026322368213,58.64377853491246
2025-11-10 20:00:00,89.75378612269812,66.99702379461611,34.76664814380644,67.22060434145799
2025-11-10 21:00:00,89.67471862366148,69.57742180287995,0.0,85.62627599964242
2025-11-10 22:00:00,53.16274665225801,44.15305753342378,0.0,67.35218392980437
2025-11-10 23:00:00,61.441688308842444,33.48975981021376,0.0,93.52384482707775
2025-11-11 00:00:00,29.319611764362953,32.58439356156579,0.0,61.15647177836553
2025-11-11 01:00:00,26.461661675813136,30.59723316054283,0.0,55.97907382402279
2025-11-11 02:00:00,30.113605330867347,19.189593685716197,0.0,120.7212307722697
2025-11-11 03:00:00,37.897876225926915,23.93436197521836,0.0,68.07828104841732
2025-11-11 04:00:00,27.737288764789728,20.05671000536686,0.0,54.77743700996441
2025-11-11 05:00:00,24.685477462060746,8.726382977364072,0.0,45.99496122915082
2025-11-11 06:00:00,70.7479019375464,46.45006500785551,21.277475071820227,103.38120600411753
2025-11-11 07:00:00,73.58179946490124,53.49402926986751,36.28318671132993,44.71715957542362
2025-11-11 08:00:00,76.09944693004732,49.91541549275529,52.05425887094732,45.787756937996924
2025-11-11 09:00:00,77.53333875540339,48.035902610785435,70.85948894965419,46.942849069614866
2025-11-11 10:00:00,49.10854425566947,31.395935212943115,89.034369151511,61.268987215380456
2025-11-11 11:00:00,49.53546798343413,25.528810121326945,106.37868092393661,46.694395516595065
2025-11-11 12:00:00,52.35959182125624,24.654695513861096,144.01149187232465,77.53803680023111
2025-11-11 13:00:00,47.30044526821933,25.290345897343283,140.9011552593437,58.94406097477387
2025-11-11 14:00:00,38.55019111764815,25.041703377337562,136.15000314626664,72.17693056957845
2025-11-11 15:00:00,41.48725556020366,31.954320067797788,121.99077325826751,68.51880898968953
2025-11-11 16:00:00,41.55287987472953,23.588949924182174,115.29940927755061,56.517034948230105
2025-11-11 17:00:00,48.458096506222965,24.599657466497213,92.12489491542874,48.66701559141703
2025-11-11 18:00:00,94.56762673715657,68.79442245877658,69.03650523958227,61.770279475939034
2025-11-11 19:00:00,96.25718593889124,81.69134721582105,49.17849070870515,82.68471869512773
2025-11-11 20:00:00,98.21450419821535,67.94930005894939,34.416868584155246,62.83559969574201
2025-11-11 21:00:00,90.81502788626574,75.74779745735871,0.0,76.38248687019163
2025-11-11 22:00:00,48.47094429165838,48.649998343330054,0.0,95.99659818123938
2025-11-11 23:00:00,48.49993570818836,30.698865993357426,0.0,111.28180361691449
2025-11-12 00:00:00,21.72851595723522,16.889815451014286,0.0,98.43061804452454
2025-11-12 01:00:00,27.935549266502132,23.317092933655186,0.0,118.87745272240551
2025-11-12 02:00:00,28.270998233257178,25.01858940914427,0.0,68.34518712801199
2025-11-12 03:00:00,33.54399033062271,27.220319234927757,0.0,95.33868263848204
2025-11-12 04:00:00,30.076113977294717,32.98545824217159,0.0,108.24758892357659
2025-11-12 05:00:00,27.79352200045827,24.22635118525997,0.0,62.93213558332356
2025-11-12 06:00:00,72.527053121951,40.616845185186655,16.578540175384777,71.26065499035784
2025-11-12 07:00:00,68.37366671295719,44.73252585434246,34.9827846236454,69.80748369768581
2025-11-12 08:00:00,77.66337695805443,52.26891375377546,48.100195000673466,36.8010181549659
2025-11-12 09:00:00,69.51242735703084,52.25541266303792,77.13634108184581,32.34787428578484
2025-11-12 10:00:00,48.71959481854368,28.869785383268123,87.98749387604866,67.25355327430019
2025-11-12 11:00:00,57.52975439243883,32.232324272657095,95.88970772621474,63.22394308833445
2025-11-12 12:00:00,56.43302447989255,24.889787316600433,119.59965591931163,53.92127867579336
2025-11-12 13:00:00,36.49282041503047,25.34148432964521,117.1257516498004,56.12597148321376
2025-11-12 14:00:00,48.09691197474203,47.92876781466856,132.66423595964034,50.550493308355804
2025-11-12 15:00:00,40.91223774262277,22.483446984248268,122.87374921649976,60.77667198127806
2025-11-12 16:00:00,42.565934244508384,26.80697910490085,114.08930557982384,79.19807245787538
2025-11-12 17:00:00,45.090995103168744,25.599953239010745,82.29312660630491,60.16091053659344
2025-11-12 18:00:00,94.88862120886773,59.080417249294854,68.60499279065456,87.5319326673693
2025-11-12 19:00:00,94.2534655231859,73.34508892644975,44.59006422002353,56.60956566594357
2025-11-12 20:00:00,92.02462674801502,68.80121410634145,36.333848769636155,72.63698572567709
2025-11-12 21:00:00,90.33791425697044,56.6168969311126,0.0,66.18817977257595
2025-11-12 22:00:00,55.70427866329973,58.540889720756965,0.0,53.19335436521128
2025-11-12 23:00:00,53.31654027420619,40.76925240490278,0.0,70.20251008185036
2025-11-13 00:00:00,48.93230751207399,26.156528660380715,0.0,89.14820288790403
2025-11-13 01:00:00,41.89197880267579,20.3092218965488,0.0,91.30561985549383
2025-11-13 02:00:00,33.171603554524076,21.960036586649373,0.0,124.52880127181966
2025-11-13 03:00:00,35.74652508873756,24.30240448711556,0.0,90.09952045634421
2025-11-13 04:00:00,38.783370930327045,23.280120469981345,0.0,103.93733618689245
2025-11-13 05:00:00,46.01021945444863,31.408092731209116,0.0,82.0597628286723
2025-11-13 06:00:00,101.97364827878503,56.07276901409811,22.97149843118466,114.59151403715259
2025-11-13 07:00:00,91.53547669283223,57.45453571456481,35.515915835631134,77.47807095094637
2025-11-13 08:00:00,88.43101197936032,39.617328382002285,49.710315810395336,54.86637771018412
2025-11-13 09:00:00,87.6925043292973,40.742842464139244,70.19142525370812,36.41553879302435
2025-11-13 10:00:00,70.62227426587617,36.72090015071249,98.42913060036867,41.790114663110096
2025-11-13 11:00:00,82.47039872127375,34.044089235691764,102.82323027116585,51.849439597539856
2025-11-13 12:00:00,72.27798270971829,29.27572260882066,120.55589603086133,53.96321132772228
2025-11-13 13:00:00,47.62868905979269,24.64918618665511,115.89492034569247,66.37479118511646
2025-11-13 14:00:00,52.64151436291831,29.44951863968016,118.10709533615756,63.00934489079073
2025-11-13 15:00:00,53.231160490455316,32.24480574680197,120.16641400265436,56.60679472191868
2025-11-13 16:00:00,52.08705114981316,23.92078595135156,114.51585637266095,47.52052436026162
2025-11-13 17:00:00,54.594356059804085,29.9017845845583,85.44453054691914,62.17501071377963
2025-11-13 18:00:00,120.0,68.15661874416331,66.65494666592224,82.71358000369548
2025-11-13 19:00:00,120.0,68.55209286067128,48.08597607391572,91.17858889716994
2025-11-13 20:00:00,120.0,66.71542012233238,32.69951914048791,82.36529634050834
2025-11-13 21:00:00,120.0,66.14641883960317,0.0,91.35365279541887
2025-11-13 22:00:00,57.87761741784028,44.7893367482965,0.0,65.91353922548596
2025-11-13 23:00:00,63.05757703101342,31.402406464631454,0.0,63.42151090335275
2025-11-14 00:00:00,29.28857683413364,12.419322950802355,0.0,65.3194016705914
2025-11-14 01:00:00,30.662759350953657,22.471490041425042,0.0,77.82202823851105
2025-11-14 02:00:00,33.876382619443156,33.357880520017744,0.0,71.86254337670542
2025-11-14 03:00:00,30.194328792975476,4.051698105379657,0.0,104.60606101157722
2025-11-14 04:00:00,30.228182642386535,21.13660871150142,0.0,70.79168284617958
2025-11-14 05:00:00,31.07008813412577,27.733371917180357,0.0,64.2160223639987
2025-11-14 06:00:00,72.00653923048925,32.94480012186128,22.41358860015537,119.35422417000373
2025-11-14 07:00:00,73.54512018445482,48.07068003385403,29.85223516289549,42.76360340832013
2025-11-14 08:00:00,78.22038186055755,42.988678440508245,54.40203805996645,50.053148827327384
2025-11-14 09:00:00,72.77653801047666,39.88844494714279,63.85665018741207,53.6417954321318
2025-11-14 10:00:00,53.792145520724205,32.39599043888245,91.60537779369139,34.505006269258516
2025-11-14 11:00:00,53.776968469801126,26.007731770623757,93.8505913290722,63.09152591468548
2025-11-14 12:00:00,59.76808495331374,27.260821901840878,124.70720291610489,55.880779883566575
2025-11-14 13:00:00,39.328845688645416,20.76543987318047,132.7814215595428,78.14650344268149
2025-11-14 14:00:00,52.30639668593829,43.98405546266075,129.88079723372027,46.68752532406588
2025-11-14 15:00:00,39.0213673140581,28.45254751399872,108.95626515120799,57.63048165960243
2025-11-14 16:00:00,41.37109448340299,31.491151004009538,106.54964268255567,56.790161985778184
2025-11-14 17:00:00,47.666407873096844,35.37463553454977,78.40723650790075,59.946915540689126
2025-11-14 18:00:00,97.01659644838735,68.34309921211833,66.08326315337224,35.786112814101834
2025-11-14 19:00:00,86.06442574226263,65.02390756486929,53.40910482572535,74.30801564930917
2025-11-14 20:00:00,87.46301293414395,74.28718513983424,36.07612175376492,46.5195746868484
2025-11-14 21:00:00,93.63046396137915,77.08778881140692,0.0,78.78181628587399
2025-11-14 22:00:00,64.47799003619056,57.446490094807494,0.0,33.82678300245659
2025-11-14 23:00:00,59.53628530574754,46.94032654581678,0.0,38.834997171428284
2025-11-15 00:00:00,28.883563276656854,35.99900671868444,0.0,96.30395120550787
2025-11-15 01:00:00,21.0,27.89574733355964,0.0,69.01519948964054
2025-11-15 02:00:00,30.367392304895215,21.680683522901642,0.0,60.200941439334585
2025-11-15 03:00:00,31.630335616409493,21.050329883447954,0.0,105.34359811948687
2025-11-15 04:00:00,28.277871865127384,15.485551840799342,0.0,86.49232966086626
2025-11-15 05:00:00,26.17174204254032,35.239773524226905,0.0,97.37403605751454
2025-11-15 06:00:00,62.3843778868568,51.055648762068046,21.76152630305344,76.62183327965138
2025-11-15 07:00:00,57.42795884288772,38.32779662798338,31.03874898656042,80.09979854891019
2025-11-15 08:00:00,70.0941531890498,59.21091197743617,51.51057810196217,40.71749616758695
2025-11-15 09:00:00,68.49348580431273,46.1170894426175,67.05270567674624,68.88600509921197
2025-11-15 10:00:00,48.27420750372533,29.751410830645906,70.00698538912313,47.2307370968091
2025-11-15 11:00:00,45.71729822259483,34.94981329847042,110.18471370935517,28.126300648660653
2025-11-15 12:00:00,42.34286227179689,27.847142047496394,117.27119464138052,53.75677270617967
2025-11-15 13:00:00,37.04279155712253,25.774895956973946,137.10893550455577,60.36466482839867
2025-11-15 14:00:00,44.51317099306432,19.490298565411777,114.11756119979297,41.25278455884025
2025-11-15 15:00:00,41.04527714759641,22.561234311524696,87.6382243482559,43.058963061089436
2025-11-15 16:00:00,38.05294913777565,32.62981053588043,106.00759900798072,55.61552714636238
2025-11-15 17:00:00,41.29421838838576,36.51183542937538,87.96921162524889,60.854117744766725
2025-11-15 18:00:00,80.4779157544769,71.79944929063805,57.89381281360174,21.395823530000712
2025-11-15 19:00:00,79.80591669875409,71.6326601791476,45.14664250764587,90.89292884497401
2025-11-15 20:00:00,82.43520243472507,66.08986648749156,41.084158578497686,63.05515298327308
2025-11-15 21:00:00,80.34929217097458,68.76908352822738,0.0,47.99514286756144
2025-11-15 22:00:00,49.17708227702311,36.19529264023138,0.0,88.87734338051435
2025-11-15 23:00:00,46.0398423849132,30.659495022770855,0.0,71.52509818987964
2025-11-16 00:00:00,28.856433795644534,8.84671319070192,0.0,103.72868792401283
2025-11-16 01:00:00,27.53326704476933,19.77589602332334,0.0,88.25313170784034
2025-11-16 02:00:00,26.997106775380686,9.878009808240739,0.0,79.51389431266293
2025-11-16 03:00:00,22.776733009013103,28.895387609827278,0.0,76.50682358924807
2025-11-16 04:00:00,25.89627023934751,23.981798865673333,0.0,89.14323909382304
2025-11-16 05:00:00,25.766159116880186,10.56375284773653,0.0,71.32052789811551
2025-11-16 06:00:00,59.43798234813719,39.639709737206616,21.043390490702706,62.58975072429463
2025-11-16 07:00:00,68.75113467793766,57.30989260170929,35.36313950790122,55.00359979397158
2025-11-16 08:00:00,61.012006930073355,40.33605533706627,46.080171802145024,46.00243565058871
2025-11-16 09:00:00,62.808986734544746,35.339738945961294,55.331830828672565,48.12692284236158
2025-11-16 10:00:00,46.58321519785268,18.841452113553224,84.15202063906231,60.72445340227334
2025-11-16 11:00:00,52.49739090533966,22.158708516776542,100.72175797236464,46.36767670053436
2025-11-16 12:00:00,42.7631422552452,29.585056222253947,112.88008672087493,47.90578584606599
2025-11-16 13:00:00,36.168047970129564,19.468368119234785,122.99277610688902,47.3335658464419
2025-11-16 14:00:00,36.691500158307015,19.049380098209703,126.75553198355449,61.67679511857567
2025-11-16 15:00:00,42.283804182277294,22.528485478080015,115.2100695374917,60.55048343366171
2025-11-16 16:00:00,43.21787295318589,25.787021347607695,92.50224556722787,68.21978004337888
2025-11-16 17:00:00,39.30502451991359,18.723043822141175,88.63232600295227,47.619217780935735
2025-11-16 18:00:00,83.63688684586013,65.2234472113979,56.08093794644593,49.307903486618066
2025-11-16 19:00:00,78.88826914669212,49.94363907930614,40.63697358875019,85.76681252727201
2025-11-16 20:00:00,77.31208004830597,54.087237402508215,35.3851136293557,76.10356822208057
2025-11-16 21:00:00,83.39305305221697,73.23068209799037,0.0,55.370659868479436
2025-11-16 22:00:00,47.547556336101096,42.35771810760442,0.0,94.97353476850964
2025-11-16 23:00:00,42.04338880096489,38.05874550878583,0.0,41.19175686771101
2025-11-17 00:00:00,34.48839422155958,36.467287811995526,0.0,94.65399426152644
2025-11-17 01:00:00,29.06178316040874,23.39571476695055,0.0,54.10601952037442
2025-11-17 02:00:00,28.51129414774108,20.141969328555454,0.0,116.44653719324016
2025-11-17 03:00:00,34.018519656898704,24.50862325970793,0.0,48.578513893989566
2025-11-17 04:00:00,29.600255366197892,18.22347735300824,0.0,101.93396271064799
2025-11-17 05:00:00,31.750313412181303,17.160271222553636,0.0,77.52234198623826
2025-11-17 06:00:00,76.31955796932787,49.96037926021448,22.27203113034804,71.8844293851271
2025-11-17 07:00:00,69.81758598428355,48.73904266604907,32.998723880881954,49.68322725773234
2025-11-17 08:00:00,75.07265738207919,50.98277712786788,42.84965176355354,54.983500029782114
2025-11-17 09:00:00,79.41345881468659,51.24200702590021,62.19479640667763,36.74666607857795
2025-11-17 10:00:00,49.76402023392872,38.492166466549136,82.87448991869682,37.79855413293711
2025-11-17 11:00:00,56.09271238049749,35.05464181643622,89.0752811380596,55.193663619691094
2025-11-17 12:00:00,50.335517575145666,29.769533932514467,108.86722118564009,27.215246345133522
2025-11-17 13:00:00,49.028058227912595,23.21563401544386,129.59852519714877,47.30518009275835
2025-11-17 14:00:00,48.985343777504774,15.604116387783558,137.2348617144332,97.50682157267293
2025-11-17 15:00:00,42.83731811950986,35.639952527166834,111.82559081117745,41.99013829151927
2025-11-17 16:00:00,54.375097585489684,27.375127147249948,108.29181444686553,71.2921752629394
2025-11-17 17:00:00,49.41158254174858,27.298701772028238,71.69128184825068,47.28133652337427
2025-11-17 18:00:00,95.79471773437436,66.80970471265107,69.40664937714163,62.445989043316565
2025-11-17 19:00:00,95.54128633373921,67.78328304574522,45.1321008013779,82.87508825126551
2025-11-17 20:00:00,97.04120839268961,80.5018662462444,33.96604441376151,91.325796806638
2025-11-17 21:00:00,88.13314646866289,67.37391004292648,0.0,67.6579789704385
2025-11-17 22:00:00,54.94385657383157,59.89853072032665,0.0,106.63760484963659
2025-11-17 23:00:00,55.792479114954936,40.662671451580486,0.0,60.73000260303684
2025-11-18 00:00:00,31.7813106419566,34.342102026446334,0.0,83.33445778968685
2025-11-18 01:00:00,36.167892805174944,28.396241256891344,0.0,83.5520631323651
2025-11-18 02:00:00,40.05729475301281,28.538952736754283,0.0,56.64306597151338
2025-11-18 03:00:00,31.671596684727135,32.081183604709395,0.0,73.09841991192545
2025-11-18 04:00:00,33.534620986343704,28.819168772168847,0.0,81.90349985788258
2025-11-18 05:00:00,29.648962056327044,26.594870241468644,0.0,70.22007106079818
2025-11-18 06:00:00,73.67257832818476,53.71659769484391,20.813559992626928,126.76498951305699
2025-11-18 07:00:00,86.68589360488986,48.16108904686115,36.362647346944286,37.331771560626706
2025-11-18 08:00:00,82.60495297847804,41.03877123842904,44.50501135148401,61.16231384584782
2025-11-18 09:00:00,82.97676796063543,41.77603094745803,68.69062071230299,57.34851837277535
2025-11-18 10:00:00,55.9904988261115,42.835211252950195,82.10587389501157,47.07114017434448
2025-11-18 11:00:00,60.054216890028904,42.505196462590895,100.02084650329645,37.01783255432788
2025-11-18 12:00:00,66.55649633659242,32.90578166363664,113.10384669144901,38.16273093269257
2025-11-18 13:00:00,50.12895702418204,13.122730773947104,113.92870057696113,47.971360757611095
2025-11-18 14:00:00,50.27279976240233,26.708922261784934,122.05788400317913,30.505458421036817
2025-11-18 15:00:00,51.17729109007032,22.114513313270592,114.21692439580757,41.2827372497944
2025-11-18 16:00:00,43.85436105663497,22.791193354568243,103.25888660400844,34.68348452617195
2025-11-18 17:00:00,53.294135572288866,22.73105212692319,84.55156692089511,73.64919297995972
2025-11-18 18:00:00,98.110055393719,53.72099632330264,69.58218270236667,63.62775556957381
2025-11-18 19:00:00,99.71056246366017,75.38802043646822,51.38790559003043,84.77425967696483
2025-11-18 20:00:00,99.15471967731455,61.63843895527949,30.124252876648512,81.2822684448268
2025-11-18 21:00:00,103.58724273757409,79.84616538217384,0.0,73.80975911461272
2025-11-18 22:00:00,59.20751814839868,41.95675506172379,0.0,96.72537354486494
2025-11-18 23:00:00,60.98880292002633,32.61016768238368,0.0,60.03377385556162
2025-11-19 00:00:00,25.926347281006006,25.2307554636334,0.0,80.39424793234366
2025-11-19 01:00:00,34.524728941378704,21.34017345977371,0.0,92.93083115530105
2025-11-19 02:00:00,33.75312405926849,24.487473395697787,0.0,52.4413666659495
2025-11-19 03:00:00,29.21783919198726,19.533850203719577,0.0,138.92642337198384
2025-11-19 04:00:00,27.847349775354278,17.39480819434049,0.0,78.86524651945624
2025-11-19 05:00:00,27.392891279946603,12.40804070589936,0.0,81.08568615630809
2025-11-19 06:00:00,72.08879629218552,44.71253092300897,22.526429478009735,102.91131045231134
2025-11-19 07:00:00,67.18334524035328,50.62379891455852,29.52622487971738,57.730594975227305
2025-11-19 08:00:00,69.1662158647803,39.87424326797687,49.69739191720519,47.43087796758623
2025-11-19 09:00:00,77.35499053366593,49.45837741654594,68.0937587073616,48.51210512223901
2025-11-19 10:00:00,55.53399276464158,46.5597685323831,70.56635592244402,29.31603249991704
2025-11-19 11:00:00,61.53007176419456,37.53287475505857,101.23121343084358,40.44742342358616
2025-11-19 12:00:00,52.829458401538226,32.35598477952703,109.59548955089544,53.058718897311586
2025-11-19 13:00:00,42.894720959102585,25.845253386557086,113.84918901556908,60.897130002630874
2025-11-19 14:00:00,42.68598532063707,19.230124193514165,134.30515100554038,71.54853210001406
2025-11-19 15:00:00,43.08529030660173,20.57137351376091,107.90864934187654,53.162927181053725
2025-11-19 16:00:00,41.5517374219238,21.828389703874908,94.00155671617804,35.803463002833226
2025-11-19 17:00:00,45.74097744717589,30.747178710231925,83.80843548049191,69.2951836564829
2025-11-19 18:00:00,92.9240292643348,71.06224411536817,68.43553681461806,74.49374942435873
2025-11-19 19:00:00,90.49844570389473,70.50448855337596,46.927307186218776,86.30146797854329
2025-11-19 20:00:00,98.42323107075202,71.08353658394647,35.66628328845521,67.59238763682119
2025-11-19 21:00:00,101.32768411335535,83.00153555700211,0.0,88.8763137185667
2025-11-19 22:00:00,59.42543400238048,46.99002633621772,0.0,130.88890728039777
2025-11-19 23:00:00,56.687394636175455,40.41716515806857,0.0,72.5042778916252
2025-11-20 00:00:00,33.427963768186984,5.537353641845527,0.0,52.34147111044095
2025-11-20 01:00:00,38.35386983021851,22.284500429151464,0.0,66.46628027199145
2025-11-20 02:00:00,33.42143692091741,14.180548345663116,0.0,90.05971168953226
2025-11-20 03:00:00,27.366663663303218,27.964320807584805,0.0,46.635337246664236
2025-11-20 04:00:00,31.76522636992747,23.58202488812543,0.0,81.17980480697499
2025-11-20 05:00:00,32.81809919728493,16.85992575418132,0.0,85.28675876917497
2025-11-20 06:00:00,69.08571548462277,44.904035792779595,21.775541703072335,107.77084737251297
2025-11-20 07:00:00,72.2797545338901,39.03115859820168,26.7147327076482,62.0348631431729
2025-11-20 08:00:00,78.513706426034,43.89563499623126,45.07853464012487,56.82914845594049
2025-11-20 09:00:00,65.35622591006127,39.85352662087756,61.44840930359083,21.463987522578527
2025-11-20 10:00:00,48.607028960655626,34.02661413017216,85.78280771697331,57.48882396861225
2025-11-20 11:00:00,53.44012567201083,42.505769496674475,78.72674793720005,54.97084134112433
2025-11-20 12:00:00,55.82551559311397,28.453685518924747,135.94770941556158,49.71887739222949
2025-11-20 13:00:00,38.46061850884518,32.218731462318324,125.310075533461,30.935384516885623
2025-11-20 14:00:00,43.99941287861852,27.024180016556205,121.63521860595556,43.93017468922053
2025-11-20 15:00:00,49.76192293701381,31.581755335596853,123.59469681141972,38.614098779679324
2025-11-20 16:00:00,44.87889606794953,28.190542103667518,118.33629997073282,27.05395884503055
2025-11-20 17:00:00,48.79586475745535,29.73514213316515,88.36954242666597,54.477294083238796
2025-11-20 18:00:00,90.225415476223,69.75668538033405,69.22409459457751,43.643303208524515
2025-11-20 19:00:00,89.24530316667921,66.84583895226969,47.564548383996325,116.09741339861264
2025-11-20 20:00:00,96.70986125851323,67.23581857320126,31.986058463324927,67.13587208658055
2025-11-20 21:00:00,94.55162392818337,70.47747862405419,0.0,92.76418138313785
2025-11-20 22:00:00,48.898775378353236,55.20703584725181,0.0,42.59747902070751
2025-11-20 23:00:00,50.630173290605754,38.47071371793553,0.0,60.80438387468202
2025-11-21 00:00:00,37.04061558475836,27.48082864887223,0.0,79.32737116803074
2025-11-21 01:00:00,25.83950151238808,30.411605378623875,0.0,59.86676425301144
2025-11-21 02:00:00,34.20447936026699,21.938202184074935,0.0,69.27617500584314
2025-11-21 03:00:00,27.84815986244835,22.40237504020555,0.0,73.23102047311569
2025-11-21 04:00:00,29.98570864454791,27.525746565139166,0.0,72.92204690753859
2025-11-21 05:00:00,31.325666794245176,28.29396107989827,0.0,113.37142841490618
2025-11-21 06:00:00,64.18878196364231,27.823047202405956,19.923237973142758,84.77467393896663
2025-11-21 07:00:00,67.06096940146766,40.702735409336945,29.958697307958225,52.041492050301144
2025-11-21 08:00:00,74.03169599543274,42.0152442241671,44.1090311547403,52.740227873258014
2025-11-21 09:00:00,70.38381337386305,44.326409984540646,56.90338089603803,53.587988146093394
2025-11-21 10:00:00,58.77951388690367,31.990816296980164,81.41874718032906,45.507740862420306
2025-11-21 11:00:00,47.06735409426131,34.91736462350648,85.49260827774984,42.744368111055664
2025-11-21 12:00:00,56.838545811328814,35.139123064778666,113.67592380831765,48.408709342143595
2025-11-21 13:00:00,38.4277528899871,27.43484761764072,118.84059851917759,69.89507654131224
2025-11-21 14:00:00,43.03627590815663,30.28916848771287,120.58803174476033,69.48078967113955
2025-11-21 15:00:00,39.83104844273573,28.98644816271691,107.28896186828642,50.95746103785065
2025-11-21 16:00:00,53.18168284392695,28.347004576602043,123.1313444440137,64.62312767311144
2025-11-21 17:00:00,38.593033648441406,25.905733592330858,90.82916905500467,51.57841928514022
2025-11-21 18:00:00,92.44222813445253,65.8933621071061,57.44444146529186,54.67489041733444
2025-11-21 19:00:00,85.22073409752245,55.905570689751585,47.54381998739409,61.454181988997206
2025-11-21 20:00:00,100.1895623129308,80.75104673782856,30.51842231988008,66.54060126326478
2025-11-21 21:00:00,94.79726763641057,71.2473310768238,0.0,93.08074479792666
2025-11-21 22:00:00,54.91127696136188,37.88651656618143,0.0,71.31662029140188
2025-11-21 23:00:00,60.92930628498064,45.60040907898011,0.0,72.06354425468784
2025-11-22 00:00:00,30.663400986401754,23.038960130825778,0.0,49.15078094397685
2025-11-22 01:00:00,30.988071102634844,10.871544974113636,0.0,71.0611123579752
2025-11-22 02:00:00,30.59276379629318,14.71186599845807,0.0,72.36900441500747
2025-11-22 03:00:00,32.53635446449404,20.401446364711866,0.0,61.05106525947627
2025-11-22 04:00:00,27.784013772354317,23.617129722079376,0.0,77.43237714306561
2025-11-22 05:00:00,29.035707116865005,27.603009410445445,0.0,68.7518416642987
2025-11-22 06:00:00,65.75296500898723,47.89059171621304,18.86624274066867,78.55546035380932
2025-11-22 07:00:00,63.354637462939195,47.08052926224555,28.392260496563683,47.61277870464028
2025-11-22 08:00:00,61.59236156746916,41.80920858738519,47.87094323213756,35.16799423371613
2025-11-22 09:00:00,55.80410842129052,47.90896345949983,59.79746838477699,41.603224520652795
2025-11-22 10:00:00,52.38357066611122,37.66129244809133,87.49578973056127,47.10299105898547
2025-11-22 11:00:00,42.66580089091807,27.326922993025487,105.74347289616631,59.89050619790807
2025-11-22 12:00:00,50.08491195858319,33.06625225720602,123.19857758033946,49.1748343988294
2025-11-22 13:00:00,38.201178420676825,21.822716875709894,110.09992667606194,44.989323409925596
2025-11-22 14:00:00,31.589759635796028,18.410476716928617,122.65060434624102,59.288317771650696
2025-11-22 15:00:00,43.04552663696821,11.853194207934461,116.61450652699877,76.92443876907893
2025-11-22 16:00:00,38.55571989687837,21.732319082390976,94.2398612914971,66.2657286569738
2025-11-22 17:00:00,43.419341093397136,38.84889957420909,76.19422562315873,61.290044627690634
2025-11-22 18:00:00,77.74973482284925,57.91713351868724,71.38850667145252,63.68992699856625
2025-11-22 19:00:00,81.73880451101263,59.82265629763426,47.11313204253642,94.26585179759476
2025-11-22 20:00:00,70.63920197510832,59.374650871042725,33.419554376121205,87.95263333127681
2025-11-22 21:00:00,76.31960258998897,62.69590528603687,0.0,79.13477834612554
2025-11-22 22:00:00,39.91387439065582,30.863818637321526,0.0,87.8316016363682
2025-11-22 23:00:00,43.95581706052378,34.52381685435785,0.0,50.57039878612628
2025-11-23 00:00:00,32.12315282777765,18.381345059948934,0.0,47.81527676448009
2025-11-23 01:00:00,27.279389605556343,23.326798765259536,0.0,79.58123764103611
2025-11-23 02:00:00,33.88728942137452,19.243828238817144,0.0,77.88861262410789
2025-11-23 03:00:00,26.14524310402495,28.600077196405444,0.0,66.16150792995025
2025-11-23 04:00:00,33.9835647614249,20.387328578691896,0.0,92.38350118987633
2025-11-23 05:00:00,35.89390724643316,22.543999476296502,0.0,40.91217820188013
2025-11-23 06:00:00,66.74272208136107,44.04566937738202,19.012994110198107,66.33643695904738
2025-11-23 07:00:00,60.63300374021765,44.62266417533578,28.446271655338617,40.37406060477935
2025-11-23 08:00:00,52.61731328270299,30.59298574021301,43.773332341120344,27.149612529290327
2025-11-23 09:00:00,64.8016059587697,37.86144348037598,62.064850253051624,63.11288677193333
2025-11-23 10:00:00,45.13533463886985,32.10809186895265,73.63860857831477,30.332409557050447
2025-11-23 11:00:00,41.29612262451563,35.225745472637314,97.0147641249402,39.18657844808443
2025-11-23 12:00:00,43.19563506317187,12.056559436662994,95.1573966690134,56.37341852103418
2025-11-23 13:00:00,43.91232296990887,30.161417870942035,106.62048780941139,62.25895720719006
2025-11-23 14:00:00,32.33937814316157,18.18813303091447,123.40024904484504,38.75167255456799
2025-11-23 15:00:00,39.564800336202715,20.474091685441252,115.33304266396584,62.74732030216121
2025-11-23 16:00:00,38.438220836275576,20.49898403781314,94.04740786689722,57.48491212265053
2025-11-23 17:00:00,35.849164554922716,20.47928999068044,73.93775152651567,84.86533404388392
2025-11-23 18:00:00,81.56521518472323,64.77778628022762,57.5344385180757,59.014649586838935
2025-11-23 19:00:00,86.00992175685943,61.24114120942479,44.4931247300818,66.48297278929127
2025-11-23 20:00:00,77.33294632432663,70.52238171494571,33.14617257055216,54.159676548036785
2025-11-23 21:00:00,77.57050382546757,66.969366542499,0.0,56.0937922529225
2025-11-23 22:00:00,48.49818292754462,45.14482058811766,0.0,54.68917643119968
2025-11-23 23:00:00,49.830983551546225,33.85159255184556,0.0,92.53925738170565
2025-11-24 00:00:00,29.42531756783114,29.550981564557574,0.0,76.46906097351736
2025-11-24 01:00:00,28.62581818757858,29.803035373797158,0.0,86.88471244587886
2025-11-24 02:00:00,21.0,13.734955101929671,0.0,104.94586690908105
2025-11-24 03:00:00,26.49895989435051,20.914131843048274,0.0,31.241325409286425
2025-11-24 04:00:00,24.87309747569602,24.77980400125452,0.0,100.46628728496076
2025-11-24 05:00:00,33.08081248340351,29.52961014053609,0.0,77.18136279716335
2025-11-24 06:00:00,72.81170889079421,44.91074016561475,0.9524335830720297,84.40680033067937
2025-11-24 07:00:00,72.63567493457282,44.81763803883216,1.3186392724639815,36.21665157518483
2025-11-24 08:00:00,73.86851897319458,49.62249376448723,1.813601621853257,37.05342680130573
2025-11-24 09:00:00,69.9934780439337,53.431333935347205,2.7894223039046833,51.25839724672379
2025-11-24 10:00:00,61.484066459722875,37.90955693157232,3.275531023860878,72.90610066445913
2025-11-24 11:00:00,60.336326722258235,29.31252216945701,4.054345055408637,57.133131239836885
2025-11-24 12:00:00,61.775934643338076,36.26320333893421,5.301041115854539,60.12731830030494
2025-11-24 13:00:00,47.86242264026126,32.98875516318531,5.439599487047425,50.73105703808728
2025-11-24 14:00:00,44.65439358208753,26.67849519167453,5.166482645479151,45.29288102263499
2025-11-24 15:00:00,52.05332696321723,40.41283291244083,4.305195689250429,42.88687555034602
2025-11-24 16:00:00,41.72269433807784,32.0658713041474,4.301241402219381,46.784045536378734
2025-11-24 17:00:00,40.86660469403769,28.167217669472638,3.8046536010863736,25.941291596799765
2025-11-24 18:00:00,90.61728838290814,68.35947275397572,2.6488402296158147,43.63139680761097
2025-11-24 19:00:00,95.67701090048685,59.99185917843812,2.2139325968109316,58.916296741856854
2025-11-24 20:00:00,89.89461682912798,75.19286029100135,1.5152000416091054,65.5107175103326
2025-11-24 21:00:00,92.62491175239151,70.1111531517297,0.0,70.77104905636826
2025-11-24 22:00:00,47.28610529714199,39.146519561356754,0.0,74.72262751349751
2025-11-24 23:00:00,56.659393614050586,36.96107225615603,0.0,68.25870502061348
2025-11-25 00:00:00,23.173034847676007,25.859692173263436,0.0,64.67488669461903
2025-11-25 01:00:00,25.805275253105872,17.915997220370215,0.0,38.53074625089724
2025-11-25 02:00:00,35.4772521070349,19.946132755500148,0.0,64.79094346236728
2025-11-25 03:00:00,35.3114324264375,25.903915280992777,0.0,57.27750536716421
2025-11-25 04:00:00,31.68440890295924,19.01357549945486,0.0,84.49248270859263
2025-11-25 05:00:00,31.240486117808537,24.058984207356488,0.0,92.87767152977122
2025-11-25 06:00:00,71.61599511497025,41.84240920486968,22.64210356651791,93.43168250889906
2025-11-25 07:00:00,70.52724704032451,56.37184629626722,31.70521560371633,53.99741241544906
2025-11-25 08:00:00,72.3752258872562,51.63342960300515,47.14725515386839,43.88935880545233
2025-11-25 09:00:00,67.19386974208399,47.54897753888838,68.51382015148293,39.48019039666342
2025-11-25 10:00:00,55.702503642664794,32.73037487994484,81.86086342859441,36.9244858838552
2025-11-25 11:00:00,54.78622520701115,50.217444043291515,91.50835625511358,28.293030520157025
2025-11-25 12:00:00,50.3660894451771,27.95964528714088,104.14790686312377,56.663834588216005
2025-11-25 13:00:00,51.906139589263866,26.697581748743623,117.1856827577878,50.65882929881293
2025-11-25 14:00:00,47.57818265076948,34.70037991290869,103.11889518611171,36.46709526931834
2025-11-25 15:00:00,47.96035907251761,31.228455193869472,106.78615060053109,42.02721239370332
2025-11-25 16:00:00,42.65404128730151,22.44072331387714,103.6938039054707,41.49110261551211
2025-11-25 17:00:00,44.8410856033593,43.50545406807218,65.17781606951286,53.54233085870417
2025-11-25 18:00:00,96.2673189247989,75.13458315879731,69.10615494215384,67.10917564400013
2025-11-25 19:00:00,94.13166256090656,69.87792049353166,49.07452667594539,62.182386090892145
2025-11-25 20:00:00,100.65269544041992,92.74325673056462,29.811090270020763,29.75392243266566
2025-11-25 21:00:00,92.52709784658012,77.35849969373105,0.0,64.88641337148175
2025-11-25 22:00:00,52.29596275031081,45.556723762051135,0.0,65.44806982581723
2025-11-25 23:00:00,57.420623089494725,54.63711376255819,0.0,64.27787404000672
2025-11-26 00:00:00,24.309087274710695,27.148774187337967,0.0,63.41890355845454
2025-11-26 01:00:00,34.1593361953865,28.01272990033865,0.0,79.30682952128039
2025-11-26 02:00:00,24.146796897336078,20.09420941347721,0.0,76.46174705932958
2025-11-26 03:00:00,32.873630997263476,24.248231919026015,0.0,74.75107489672672
2025-11-26 04:00:00,27.082769006223018,19.557191386471224,0.0,82.97751063905808
2025-11-26 05:00:00,32.14462866142527,32.68261647285236,0.0,67.13520556848316
2025-11-26 06:00:00,78.18802651696929,41.33308599941145,20.655328027770214,66.06799671489715
2025-11-26 07:00:00,74.79537863946234,56.99028707669574,30.666540592278384,60.70231422864121
2025-11-26 08:00:00,68.70668897731164,39.543688838477586,48.99774441838822,51.441836899230125
2025-11-26 09:00:00,70.06949465941253,43.898193427610416,65.76566399619773,54.46098180003441
2025-11-26 10:00:00,51.36227131011901,31.530918180769493,69.52111249395254,58.96456747464945
2025-11-26 11:00:00,46.11370642358105,25.835319487786386,98.87250271958656,51.0648680422244
2025-11-26 12:00:00,59.71488780906472,39.923309909699476,105.24946138691396,55.6055283753276
2025-11-26 13:00:00,45.404848673212676,28.758472470435446,114.66618143282643,31.863441254487952
2025-11-26 14:00:00,39.79953333395872,20.59696071217008,107.27557320933659,55.33990547770184
2025-11-26 15:00:00,51.4599013958718,31.364629452709707,121.97522040491322,50.2474471527076
2025-11-26 16:00:00,41.75338808668746,20.551170017768836,102.29334117533946,74.73620388053767
2025-11-26 17:00:00,46.036940738146114,26.448089388492402,73.65670280184973,64.86333427852047
2025-11-26 18:00:00,89.85501162123546,59.01445448870196,54.46239739056822,44.353953333042355
2025-11-26 19:00:00,84.48655838463775,60.24352893623208,43.23198343915019,74.00538355190601
2025-11-26 20:00:00,87.4287465597877,69.07037249994588,31.724527223148833,70.53404400534855
2025-11-26 21:00:00,91.55052213571943,71.22560497951375,0.0,75.3853244005929
2025-11-26 22:00:00,58.68357336519825,61.976503715705235,0.0,50.45325676998897
2025-11-26 23:00:00,56.20063660545764,55.3135385181302,0.0,73.78913324177806
2025-11-27 00:00:00,30.630923067770603,20.300628352257267,0.0,70.4920467283949
2025-11-27 01:00:00,21.0,17.19801346327128,0.0,80.03466650838314
2025-11-27 02:00:00,35.715387664560424,32.963516875614246,0.0,61.21793724699392
2025-11-27 03:00:00,31.006558634230004,25.68522528252798,0.0,63.82172477970491
2025-11-27 04:00:00,29.462620485485278,28.01361234263733,0.0,96.69388865754178
2025-11-27 05:00:00,35.09590399495003,28.634720257688894,0.0,55.10360211688625
2025-11-27 06:00:00,79.82198707885331,51.41509403786735,19.98188709449225,56.48272179378865
2025-11-27 07:00:00,79.40390793703745,51.1355494929748,33.40915788544587,44.275178188887374
2025-11-27 08:00:00,73.09636258763129,50.99435815224108,46.972824993445144,36.198067672810595
2025-11-27 09:00:00,69.69260729926721,44.11799595636571,65.07213380456916,34.929403729501246
2025-11-27 10:00:00,59.1688419942364,45.148637172381726,79.56740004829143,46.03183753909422
2025-11-27 11:00:00,48.575943873280195,25.09846480481333,83.13552710960171,27.976681540425627
2025-11-27 12:00:00,63.48134419108634,46.693872845533114,104.32513544579594,33.550900709092254
2025-11-27 13:00:00,45.09990534262309,13.709151061087661,122.38775339410405,79.20145789899681
2025-11-27 14:00:00,40.199928238599426,25.157576425616163,112.35479787954162,58.34016349705441
2025-11-27 15:00:00,39.43049889554281,23.06541576432226,110.24999406545285,42.562414509783906
2025-11-27 16:00:00,39.22468568099529,16.09693912617658,91.14589215177122,57.800388301934504
2025-11-27 17:00:00,45.60554046949135,17.582768382219022,71.15173756716784,59.75115977755516
2025-11-27 18:00:00,93.66904933822607,61.85049561401629,59.792218264569804,65.33839745422279
2025-11-27 19:00:00,88.13616499770374,66.19836617856858,45.27319626093082,65.14159264651862
2025-11-27 20:00:00,92.09376373899356,64.78454615322102,28.772244409099294,83.70515017543883
2025-11-27 21:00:00,87.54210554108407,65.47622946306873,0.0,32.993510299503264
2025-11-27 22:00:00,57.37054699384585,58.39966433532729,0.0,49.5131686429697
2025-11-27 23:00:00,54.47301916958986,31.533900301922046,0.0,70.0367008708476
2025-11-28 00:00:00,28.297188723371484,26.25003419998509,0.0,80.41116315519317
2025-11-28 01:00:00,24.203501714696127,18.224703439691055,0.0,57.355241833595244
2025-11-28 02:00:00,28.649299798997557,15.516736141909062,0.0,79.10713765232619
2025-11-28 03:00:00,28.13372453394153,19.614789330566747,0.0,62.70298179826507
2025-11-28 04:00:00,31.429770155443187,27.285660032375826,0.0,69.14535547617393
2025-11-28 05:00:00,30.751580901526324,13.547705770221064,0.0,93.32150234922698
2025-11-28 06:00:00,77.87935907512164,50.97653740983381,19.047413092816974,91.17015816462597
2025-11-28 07:00:00,72.13449416999183,43.558743903960064,27.80836584178994,33.462860558316194
2025-11-28 08:00:00,65.94323685588039,39.919972203160526,47.66624380898276,32.79212862046805
2025-11-28 09:00:00,78.7750065604558,52.94235850162186,58.38913950009273,39.99161399307345
2025-11-28 10:00:00,50.58667015310663,45.81254298267804,85.70546815499766,44.27542640905662
2025-11-28 11:00:00,49.817689723254794,26.131335973307866,103.9435800687991,37.24226559315564
2025-11-28 12:00:00,54.60479200881156,37.292770859505396,104.26789152165598,56.16973152165616
2025-11-28 13:00:00,46.400897693148195,26.620487405302903,102.70406561422455,56.51865679816708
2025-11-28 14:00:00,42.651916559136794,24.156631733700898,93.07452081842418,57.281730237157234
2025-11-28 15:00:00,42.6165633182463,34.89572872926867,92.58931459993303,35.53662299060319
2025-11-28 16:00:00,43.28106195490787,22.34288073127137,82.43739591429318,67.17785643014507
2025-11-28 17:00:00,51.415111964322016,28.266760313871593,85.2491633533989,15.338507896349356
2025-11-28 18:00:00,93.81930937569413,71.45146527868644,60.35184725091189,62.84559953772349
2025-11-28 19:00:00,89.47552799212764,75.01186788028235,45.11256208149797,82.4772740858756
2025-11-28 20:00:00,89.52133566364238,73.43208465122,24.72707792611331,59.632597360826246
2025-11-28 21:00:00,92.70238196158506,62.308526485172564,0.0,88.13696505997832
2025-11-28 22:00:00,55.86917716494948,44.2896777202872,0.0,65.80552657332001
2025-11-28 23:00:00,56.9767271906713,46.337743141721674,0.0,67.90375453834852
2025-11-29 00:00:00,30.558713717312468,31.961014795950312,0.0,1.7549204340709617
2025-11-29 01:00:00,26.2115699208731,20.41483331695261,0.0,2.9062757229139162
2025-11-29 02:00:00,28.09226415197648,17.6072663082592,0.0,2.1613075366753995
2025-11-29 03:00:00,33.30258546839081,33.32201311843434,0.0,1.90115369929707
2025-11-29 04:00:00,24.84258617796107,23.134098486515462,0.0,1.248472531432732
2025-11-29 05:00:00,27.90410973115142,18.77710131506717,0.0,1.6756820409278121
2025-11-29 06:00:00,65.3877255439359,39.930931874033725,17.377931346301956,1.288783626644125
2025-11-29 07:00:00,66.6379091033281,37.49932157464305,31.880943928733167,1.1700469718022763
2025-11-29 08:00:00,61.831023513558584,58.67522967781112,44.30642854995592,1.0046514898212522
2025-11-29 09:00:00,60.84871203590114,49.64102315881634,58.504328734012425,0.6977120202756583
2025-11-29 10:00:00,40.13732627610552,23.38475220712922,79.4512200627389,0.9902525287379793
2025-11-29 11:00:00,48.45223666487428,41.40368721948588,103.69240243493698,0.7644638760323772
2025-11-29 12:00:00,52.0213655957629,35.565274005116876,102.06454876944711,1.0072597090565427
2025-11-29 13:00:00,49.323907440867245,33.46072088777997,111.21678365429187,0.8891399892870268
2025-11-29 14:00:00,39.51972200299984,20.025597120295107,112.30712658506961,1.1401109393231086
2025-11-29 15:00:00,37.551755744770716,18.767163113005253,123.78546351640948,1.3447744970472828
2025-11-29 16:00:00,33.64156641798955,23.283190959188058,76.29337591007044,1.117311587420236
2025-11-29 17:00:00,29.32585806532446,9.753778283653777,80.17112829491343,1.0216760776003866
2025-11-29 18:00:00,80.10774497816651,57.44775887987245,58.65779339990936,1.1898735978551886
2025-11-29 19:00:00,89.88795439503161,66.0888860073982,45.27662589300938,1.7096011919420608
2025-11-29 20:00:00,85.03008338779335,74.44387199109474,28.202875300650188,1.0528785719311249
2025-11-29 21:00:00,84.33596756534935,62.86348843461833,0.0,1.550721662022542
2025-11-29 22:00:00,47.192069689362974,45.268703569619845,0.0,1.935388690690981
2025-11-29 23:00:00,47.704711233863804,22.4087427285233,0.0,1.664642409545525
2025-11-30 00:00:00,21.0,29.53815292589841,0.0,74.40046878230002
2025-11-30 01:00:00,33.431297613437984,18.20928567430731,0.0,85.071355495685
2025-11-30 02:00:00,27.39296743690883,22.883344646179843,0.0,81.6382194711453
2025-11-30 03:00:00,26.842226940318508,24.20851343250516,0.0,87.15908804283593
2025-11-30 04:00:00,28.545343711281266,26.087159321878836,0.0,36.23196703760533
2025-11-30 05:00:00,28.393479797470434,23.667822594680917,0.0,44.85831422325484
2025-11-30 06:00:00,59.5665781656054,31.59575201133867,18.949955615435677,91.76544991093314
2025-11-30 07:00:00,62.85836265426977,39.01155647968297,31.142664684046057,27.44499426023645
2025-11-30 08:00:00,60.28368914654164,46.004778585010854,53.54893928802963,48.42233304793221
2025-11-30 09:00:00,63.247391630380534,38.051875226987256,62.38756129911506,40.13193592450658
2025-11-30 10:00:00,39.46715358163326,27.760824068500007,70.13837308150116,33.04560900189499
2025-11-30 11:00:00,45.19619377926433,20.454122775816906,87.68385175599035,47.85149162913968
2025-11-30 12:00:00,41.22612359352028,31.699417791653087,99.11483536794039,46.216530240508995
2025-11-30 13:00:00,34.954689522683275,13.357279184870965,93.75159504749686,78.42482292252454
2025-11-30 14:00:00,38.48650624957456,30.216698702319874,106.58729660383466,43.31976104867822
2025-11-30 15:00:00,30.62322218952636,12.056807417744158,108.87480384045129,69.82254468153013
2025-11-30 16:00:00,34.14037825819905,29.229189910090653,81.50869316940656,55.86233306039221
2025-11-30 17:00:00,40.401551187687176,27.5458251659764,81.55457266451923,42.85500545413058
2025-11-30 18:00:00,73.07312262345124,51.564198914381265,60.88618833444184,61.597209031020896
2025-11-30 19:00:00,87.43282504310197,74.63518770541592,40.354060671966955,75.34310002812656
2025-11-30 20:00:00,84.85225871443525,64.49656895989907,29.132067026235717,66.5988524672856
2025-11-30 21:00:00,77.20705103181209,59.66835469828558,0.0,70.40173620899924
2025-11-30 22:00:00,42.61701015207562,45.373568804823535,0.0,56.1559857768535
2025-11-30 23:00:00,47.06818331211807,27.107557223741324,0.0,52.38036254139769
2025-12-01 00:00:00,23.48641984337778,6.635336288636378,0.0,86.69450145440108
2025-12-01 01:00:00,21.0,29.820963151399265,0.0,68.7819448403666
2025-12-01 02:00:00,27.93299194176345,17.6980478604786,0.0,71.40232779348682
2025-12-01 03:00:00,29.39678055074014,27.510249426668224,0.0,77.95808542751283
2025-12-01 04:00:00,30.424922509590886,22.827833981269087,0.0,77.69335840324129
2025-12-01 05:00:00,27.23366722746952,17.206533209050374,0.0,46.82550010307929
2025-12-01 06:00:00,80.38944684591391,53.80282653193098,21.23459311201411,96.29048372898143
2025-12-01 07:00:00,67.92855810009918,43.54956811251358,30.871423163561975,45.041055528763756
2025-12-01 08:00:00,69.53450695596521,39.902276366880336,42.45764211189657,41.501806750355804
2025-12-01 09:00:00,76.8465483659283,42.697102713070414,56.889267798670666,48.425421056967956
2025-12-01 10:00:00,49.82760168709034,22.536877354684343,74.91952208183,46.30184378153554
2025-12-01 11:00:00,49.65357288756955,34.12064198806089,86.14239693761759,52.09998670099507
2025-12-01 12:00:00,55.610111487389716,29.666244626928414,84.6415136563717,49.596345667882474
2025-12-01 13:00:00,40.51332731062577,23.219102911596035,126.04375155313359,60.15577420137028
2025-12-01 14:00:00,44.655299176404824,25.190273254718267,109.68952861370924,68.22884119611004
2025-12-01 15:00:00,42.10482458358801,19.922864098083522,105.02091397252799,62.26956144661557
2025-12-01 16:00:00,41.376692436870584,17.958983330807598,89.40361282702507,48.9564332456219
2025-12-01 17:00:00,35.79380484099568,41.30311135621266,70.08402834983015,36.68498293698891
2025-12-01 18:00:00,94.88639239179183,68.61458334881762,57.129395529747704,72.2683097599285
2025-12-01 19:00:00,88.64600323958763,78.14348116351387,36.99912067857948,61.6777798977496
2025-12-01 20:00:00,93.50126828820848,77.94050601573718,34.472213863948454,57.81895545391648
2025-12-01 21:00:00,91.95388616152727,72.40731823467303,0.0,37.10350913420044
2025-12-01 22:00:00,54.125728658308006,47.47970337732744,0.0,71.12379440312606
2025-12-01 23:00:00,54.38147573939781,39.92237480209098,0.0,68.01576284066036
2025-12-02 00:00:00,30.871327129132183,35.8031643410098,0.0,44.96172261918224
2025-12-02 01:00:00,26.725083143288508,27.14432689303261,0.0,80.57792094713116
2025-12-02 02:00:00,35.592134156730154,21.150709730110634,0.0,63.362014534947036
2025-12-02 03:00:00,21.686699726149904,21.84640514289933,0.0,121.05513127381707
2025-12-02 04:00:00,28.98033996662747,28.101429749001532,0.0,62.07427165866643
2025-12-02 05:00:00,33.7630393938489,17.959490420868164,0.0,64.50191637709732
2025-12-02 06:00:00,76.92294575289009,54.14409481080268,16.788500835108863,56.54806597608337
2025-12-02 07:00:00,70.39070916999968,54.927612897147995,26.470046498396478,57.299009186175056
2025-12-02 08:00:00,71.14036454593226,42.385613261217976,40.50085086938915,39.37878278218018
2025-12-02 09:00:00,70.24690274740865,41.453644063408326,63.29171434563055,35.55580984904409
2025-12-02 10:00:00,57.84212628627352,44.10651766016321,73.76165200144037,51.10082762965137
2025-12-02 11:00:00,51.81594516996398,32.75975272321861,80.08191340841248,28.440070664757172
2025-12-02 12:00:00,56.29365584483929,27.98080890001598,110.80862079981296,50.212287199222644
2025-12-02 13:00:00,46.519024653578285,32.024641215675594,113.46709616685592,73.22639825089597
2025-12-02 14:00:00,55.98743889729566,36.588211730874356,111.8156815865263,57.84001456648108
2025-12-02 15:00:00,46.73929895934415,28.85181050486903,106.46948226162222,58.74296983452389
2025-12-02 16:00:00,41.6795202238594,32.06432406552026,105.89341085767474,61.68349991873304
2025-12-02 17:00:00,38.75899211093769,31.448341942052842,86.55528229829899,72.31836138289917
2025-12-02 18:00:00,93.1679993646031,67.99789628973981,54.226786457706424,65.98778646386316
2025-12-02 19:00:00,93.87345028955002,80.84973372478349,47.432973020308026,72.29858689926772
2025-12-02 20:00:00,84.46118870721546,73.04022374191753,29.736402025855025,79.85828693399604
2025-12-02 21:00:00,91.19699285915439,60.83528105730764,0.0,50.71154353481204
2025-12-02 22:00:00,56.48368839100776,41.25265589376538,0.0,77.78039782884211
2025-12-02 23:00:00,52.75000143208598,25.856235202855597,0.0,48.763553456747786
2025-12-03 00:00:00,34.358807035676264,23.313627827694734,0.0,65.29142869658116
2025-12-03 01:00:00,22.98739599875766,18.74340598831057,0.0,16.488080364817435
2025-12-03 02:00:00,33.045972690689474,18.890958626313655,0.0,79.10195544321722
2025-12-03 03:00:00,34.112503836866786,31.980705497995217,0.0,60.31592168559009
2025-12-03 04:00:00,34.30423414128691,13.11173011633086,0.0,91.85687659836856
2025-12-03 05:00:00,22.953646269055298,23.04441417154015,0.0,78.90000457741209
2025-12-03 06:00:00,76.31713910529278,49.05693861949752,19.16333511541859,92.08962462612897
2025-12-03 07:00:00,71.89225799058772,49.0374630692139,24.67722030965239,31.447947694010548
2025-12-03 08:00:00,68.5740105350115,45.86196705377841,40.96110883287658,54.32955453038933
2025-12-03 09:00:00,73.03924676155286,32.58965625881541,53.069969858464894,65.84022200149265
2025-12-03 10:00:00,51.166337679397266,28.29621387884429,77.7105106029659,51.372522120888064
2025-12-03 11:00:00,59.38211574968832,45.77467685479938,95.4459497825487,51.6549398493616
2025-12-03 12:00:00,57.547523686511965,29.58647307904068,83.08590386398328,44.961299642134975
2025-12-03 13:00:00,40.22128209596919,35.70634528542688,105.85638544456798,43.72075929455005
2025-12-03 14:00:00,42.148286290219914,16.61092096500558,115.56059070595857,59.89729684406716
2025-12-03 15:00:00,43.69414378718429,19.8119468834169,98.13074371480192,31.37426101003802
2025-12-03 16:00:00,45.08145903952855,23.460828897893578,93.04053161379149,45.06576669344083
2025-12-03 17:00:00,49.93598443907611,40.98532839536789,74.92993872570167,28.040806148570212
2025-12-03 18:00:00,97.67308487408104,69.85615518101729,58.312332898378756,41.46903905837714
2025-12-03 19:00:00,94.79582826530496,72.01290521761364,40.62580454951947,75.0836399074536
2025-12-03 20:00:00,93.39164458039103,70.81198182698763,25.763360369701193,72.8733407808354
2025-12-03 21:00:00,86.58447124918456,68.15442590636208,0.0,65.52227287557156
2025-12-03 22:00:00,61.05272796051816,58.950131765801586,0.0,67.45494287736625
2025-12-03 23:00:00,53.22680395255545,45.25318867070941,0.0,34.19548423282103
2025-12-04 00:00:00,36.99678108191816,19.7562732506016,0.0,64.744968456387
2025-12-04 01:00:00,30.88249181459326,22.233811976449516,0.0,59.23348715495218
2025-12-04 02:00:00,39.1137789387965,38.43964628629488,0.0,59.631368388139364
2025-12-04 03:00:00,32.72844690014842,25.35581026478874,0.0,82.09639867155137
2025-12-04 04:00:00,23.555911659506044,14.59077655360668,0.0,56.035794364089995
2025-12-04 05:00:00,27.235130338824547,14.741649057152728,0.0,60.60195880977554
2025-12-04 06:00:00,74.26808922103776,56.55203278454147,16.59004410580787,34.14328540567828
2025-12-04 07:00:00,71.09717355207414,52.411939489486855,29.829710843535956,39.68700162729143
2025-12-04 08:00:00,73.33242286674239,43.72389896408668,41.135187422176855,31.186950243682993
2025-12-04 09:00:00,68.8779703304421,49.47127251865892,55.515686242358164,43.68502817246657
2025-12-04 10:00:00,55.36014317299224,46.866047116364065,69.63789724121764,32.6512147596557
2025-12-04 11:00:00,56.402751178595416,44.82992177908971,84.82500321184624,43.956392159557325
2025-12-04 12:00:00,50.81590507561865,41.31913217678017,106.77655841891429,41.28735787355973
2025-12-04 13:00:00,54.2181421607071,35.258574393885254,102.06631144239505,70.86691374420428
2025-12-04 14:00:00,45.772807515800565,27.708997104853665,93.62714484390509,56.188577493271424
2025-12-04 15:00:00,41.811663942485396,25.388622155244555,104.386267434478,26.99172584888342
2025-12-04 16:00:00,38.154070990195024,26.44602206703802,85.52275744681971,34.17268315741264
2025-12-04 17:00:00,45.756740842325755,25.302310861828097,72.26334147596748,50.66607188154111
2025-12-04 18:00:00,93.55179728241691,68.07478269825305,63.35741347605198,38.35870914366527
2025-12-04 19:00:00,98.24767976286599,84.5431211455186,41.00369759776135,16.571933896126176
2025-12-04 20:00:00,94.07882948770315,59.87959585674429,28.880874401415245,85.93409748732871
2025-12-04 21:00:00,89.35226115986772,60.25817307600241,0.0,75.82478345534444
2025-12-04 22:00:00,62.8526297408453,57.07500757674183,0.0,72.6241151291535
2025-12-04 23:00:00,57.294709365828524,39.42940193043472,0.0,54.499319203870854
2025-12-05 00:00:00,17.759850248281968,10.737434212909475,0.0,78.47846066234199
2025-12-05 01:00:00,18.91958843396764,23.497613198971248,0.0,58.41364264580031
2025-12-05 02:00:00,19.776494295060118,22.37011938946682,0.0,74.52909173192117
2025-12-05 03:00:00,15.0,21.138621455434013,0.0,54.581194760299745
2025-12-05 04:00:00,18.900355869841214,25.602633120934428,0.0,97.77358388118
2025-12-05 05:00:00,17.216979082273415,16.41684274619947,0.0,43.06639735084916
2025-12-05 06:00:00,47.66253996746059,49.16432475488411,16.32171590708165,92.7397373216142
2025-12-05 07:00:00,44.20758609905588,47.2810184848092,27.42154886141469,42.95271493207076
2025-12-05 08:00:00,44.5828038768864,48.475746353082165,42.592128710251295,37.333514692907414
2025-12-05 09:00:00,50.86294299863057,42.65848160064302,48.602691159921626,44.31488454775865
2025-12-05 10:00:00,37.52523849698262,35.88664884714069,72.42118399391175,50.33780258956594
2025-12-05 11:00:00,24.988979486707386,26.426088811635093,86.66844962299292,57.07381696216581
2025-12-05 12:00:00,37.319876638170314,40.69382367856862,97.74445950696166,45.86904273884006
2025-12-05 13:00:00,27.84150515654719,39.48435723891233,112.3106547061619,38.57765105853616
2025-12-05 14:00:00,26.08414740512465,31.261268312700608,106.48055498052022,50.318877802693635
2025-12-05 15:00:00,25.256074562489665,26.824162250448957,108.94248995509552,72.16992160206465
2025-12-05 16:00:00,25.416866174976967,34.20599576078387,79.14128181794403,66.34953186095632
2025-12-05 17:00:00,26.16237622298286,26.262897614378847,72.05100222124035,60.90384529166925
2025-12-05 18:00:00,55.277285671876875,75.96969992100819,55.884864202482206,59.500886861308395
2025-12-05 19:00:00,54.64730598839004,72.94192053001095,37.13786312160786,74.96596190953753
2025-12-05 20:00:00,55.51755020073904,64.47476076156997,30.047436383062053,82.29282383432982
2025-12-05 21:00:00,59.29457994256164,87.25037263546054,0.0,56.52410949355122
2025-12-05 22:00:00,34.25490222676462,52.41156719279417,0.0,42.19185509458721
2025-12-05 23:00:00,35.65564337631968,54.349380500114805,0.0,64.90903309213768
2025-12-06 00:00:00,29.701335723554756,25.458564657994707,0.0,56.00881446175216
2025-12-06 01:00:00,24.11994301209844,20.518619904998964,0.0,51.830015632287015
2025-12-06 02:00:00,32.22498415572123,20.04399458095468,0.0,57.721293946424964
2025-12-06 03:00:00,25.478898245062883,18.017261694720755,0.0,114.13795961469353
2025-12-06 04:00:00,32.909764358950206,20.65950134974475,0.0,72.7935196258726
2025-12-06 05:00:00,24.753359986693678,30.022300550371003,0.0,76.76717985635264
2025-12-06 06:00:00,60.34394447907468,42.0162884034115,21.129308407631015,48.88488752396282
2025-12-06 07:00:00,61.811326915334924,34.63377840656332,27.5564168460687,22.769257485989037
2025-12-06 08:00:00,66.47241090264681,46.51642219316721,41.771058245662374,33.58975480733827
2025-12-06 09:00:00,64.22957693246381,42.257927196827325,55.24818885209506,57.425551512619315
2025-12-06 10:00:00,46.73069792309706,29.002545274578413,66.44109847004522,45.76851919854318
2025-12-06 11:00:00,55.12620150616678,37.48625126202567,72.61487834679887,48.55964725279029
2025-12-06 12:00:00,38.374267747904746,24.99357479565883,90.87439935971264,50.037694289677
2025-12-06 13:00:00,33.5695439190291,26.912303809903754,91.10726139097697,41.993263849600154
2025-12-06 14:00:00,33.37689516000612,23.134022363477573,116.50089954926986,66.37766248010738
2025-12-06 15:00:00,30.27430791653135,23.21461225272816,95.42545804826801,41.48251454115398
2025-12-06 16:00:00,35.00440550319446,15.037359645764509,82.64325104566252,66.60270212185122
2025-12-06 17:00:00,41.33720454826676,40.332325036134755,75.4758815797053,54.72745297997108
2025-12-06 18:00:00,77.57207332904228,52.203555581848036,49.952459053848116,27.238112831813684
2025-12-06 19:00:00,78.73597324842477,60.58273069347094,37.68586781567782,51.509920658343304
2025-12-06 20:00:00,72.4829898969019,52.72901664929168,27.74422870582394,35.085477634385704
2025-12-06 21:00:00,76.6501215341416,62.93540325600751,0.0,81.78383420892885
2025-12-06 22:00:00,44.56304775327377,41.50183493206438,0.0,62.9662239870249
2025-12-06 23:00:00,49.531493874879914,37.96742148003236,0.0,28.062179141028466
2025-12-07 00:00:00,22.462876209368005,31.519061062816323,0.0,76.45959401351321
2025-12-07 01:00:00,27.952460644254877,30.020504795453295,0.0,60.50784512682342
2025-12-07 02:00:00,34.890681135310004,24.84464606540336,0.0,43.966707395040956
2025-12-07 03:00:00,27.997125214695313,25.871973177295203,0.0,99.21391123670533
2025-12-07 04:00:00,21.0,32.08196304921074,0.0,71.76864163033302
2025-12-07 05:00:00,35.75629099806686,32.60021312476468,0.0,64.76671019210885
2025-12-07 06:00:00,66.86141775461809,44.1963830062831,19.058428149046424,62.914635353115735
2025-12-07 07:00:00,67.46666880105015,37.64372708909402,28.368232347213336,26.071020196471157
2025-12-07 08:00:00,55.70735510284131,41.64771254393906,40.47121066046198,28.259371813583837
2025-12-07 09:00:00,70.36043227950805,49.10168413908977,54.57902155601788,55.40758220566181
2025-12-07 10:00:00,43.2485437518963,25.48635166947964,71.87557983975489,36.96815535833608
2025-12-07 11:00:00,44.43581088590565,29.653057646122768,85.36388395627937,42.167749436316605
2025-12-07 12:00:00,43.565788887932676,29.84896311294214,87.35046152359344,20.503429726104507
2025-12-07 13:00:00,42.57645576454567,36.3457887037239,101.70730974062575,32.80361496386815
2025-12-07 14:00:00,37.50614585947341,35.35868716156837,92.62968663201208,56.384677243182175
2025-12-07 15:00:00,40.48307309239156,32.91805007207244,95.81174456729043,53.54574911528244
2025-12-07 16:00:00,38.6567930487269,24.219298419665225,80.77835081906014,70.3721034728357
2025-12-07 17:00:00,37.8875494291291,31.325187051030674,83.79414815937344,65.3520868765458
2025-12-07 18:00:00,76.1199486046366,62.62569750884735,54.06694287129871,46.103858744018
2025-12-07 19:00:00,88.53510953437943,66.12862882699432,35.22492977953843,70.342321107564
2025-12-07 20:00:00,73.79520556322095,70.95862726057054,26.98084500036677,57.92563227792343
2025-12-07 21:00:00,82.23561977465056,58.77812998809264,0.0,95.21882361307573
2025-12-07 22:00:00,48.42324079937945,45.42768180986342,0.0,80.97415720891831
2025-12-07 23:00:00,51.92288942258261,42.84520843318055,0.0,65.57307679033325
2025-12-08 00:00:00,36.24640514570675,24.026431008398983,0.0,72.86297545519986
2025-12-08 01:00:00,29.381751302624508,24.687819050990644,0.0,94.45016793809012
2025-12-08 02:00:00,32.386774376661386,29.099937741913735,0.0,79.44054912906383
2025-12-08 03:00:00,37.941931697036296,26.65334222739571,0.0,96.42383573816541
2025-12-08 04:00:00,29.706704548849864,27.954918858234066,0.0,31.334242030377034
2025-12-08 05:00:00,25.201049362206707,22.989332253786852,0.0,77.38757473178792
2025-12-08 06:00:00,73.84212712663611,53.90388250983334,18.123936330832855,60.44569544770527
2025-12-08 07:00:00,69.70132664001841,44.65098543857983,30.55904012963992,59.91248673104016
2025-12-08 08:00:00,77.24540928325976,48.037229753225986,37.364478868209446,57.727018355208486
2025-12-08 09:00:00,80.36228657041637,52.183259687449166,46.813411547350626,41.973828407471885
2025-12-08 10:00:00,55.19698851103371,42.371383352613755,73.31940479658238,57.61494785067335
2025-12-08 11:00:00,48.44735500279625,20.82853937137251,73.84642335976932,60.19076104588984
2025-12-08 12:00:00,60.339103983097175,32.5193179416927,90.7863601930441,42.406498703401745
2025-12-08 13:00:00,37.83305069406869,36.229084133246985,98.07179306032342,78.58667173723389
2025-12-08 14:00:00,38.869599520461,26.72749155524206,99.57772785830863,48.190185659922456
2025-12-08 15:00:00,45.023873277388454,26.222990908482124,99.25494557224889,45.96589055211323
2025-12-08 16:00:00,46.95942962665443,35.020356922432725,78.47511950370202,59.084772075873175
2025-12-08 17:00:00,47.72650976552728,27.6985801878904,67.31500080263224,44.274781073556724
2025-12-08 18:00:00,95.10516405802025,58.535148126238575,53.53750806915929,49.60700575506984
2025-12-08 19:00:00,103.32298898533624,77.07997752247097,39.68294753908916,84.45223772221297
2025-12-08 20:00:00,95.69604957710379,68.21984767917729,27.16204195706645,62.748154309053575
2025-12-08 21:00:00,100.05879850011759,80.43536873041737,0.0,35.98544506383841
2025-12-08 22:00:00,59.28297076376377,52.04376849919329,0.0,68.18270936266715
2025-12-08 23:00:00,49.92374343041725,38.48293971943506,0.0,51.577554722871106
2025-12-09 00:00:00,29.236212807215153,11.719494486691767,0.0,83.77555067727229
2025-12-09 01:00:00,39.554942309764584,27.083308901484365,0.0,80.86412181537293
2025-12-09 02:00:00,27.730421157268843,24.014858956823304,0.0,94.21254485605226
2025-12-09 03:00:00,26.964207640394893,13.529449469456429,0.0,84.50324918663505
2025-12-09 04:00:00,30.7675901166466,13.00979068971807,0.0,87.64938359210038
2025-12-09 05:00:00,27.891660318329766,17.144544765523257,0.0,57.35512865583942
2025-12-09 06:00:00,72.14433540278446,51.19335234015444,17.79105194253239,82.72028446677625
2025-12-09 07:00:00,73.54123073620539,36.193888561798175,28.42405747321791,61.66278638430633
2025-12-09 08:00:00,82.16004953170335,59.011821952634605,39.95833202619187,34.21106471814222
2025-12-09 09:00:00,75.10122189889546,49.75560181234073,54.87477035704057,59.91973562809808
2025-12-09 10:00:00,49.873166860512185,33.15982852706201,59.386885859377884,35.6502345244212
2025-12-09 11:00:00,49.04664508651165,24.039765298715963,82.34517562319367,32.523717667626805
2025-12-09 12:00:00,65.78012670215351,35.706579563214994,96.50094814071228,44.38600188879914
2025-12-09 13:00:00,44.91124909413687,32.20602340584374,104.69883665617245,56.84258605493587
2025-12-09 14:00:00,47.87185701093471,37.292273418933355,93.45019524988662,59.20311338980479
2025-12-09 15:00:00,42.44505623806209,22.41527755675267,88.03600079928395,36.620984245562944
2025-12-09 16:00:00,47.3606906183117,37.71601395109857,78.24880136824795,53.451127110077756
2025-12-09 17:00:00,52.483237188797226,39.21518138000764,70.91114208621752,39.950218064042986
2025-12-09 18:00:00,92.64732318633378,70.71585986026435,57.33305373872065,30.266934728397903
2025-12-09 19:00:00,97.64614802294929,69.86433945133864,37.47858814097862,47.595934185502394
2025-12-09 20:00:00,89.25664927167392,65.70308972109143,28.56064711553978,50.351890372100534
2025-12-09 21:00:00,104.68540504583123,91.12204685359264,0.0,70.07198592359137
2025-12-09 22:00:00,57.05791619400898,48.72167799949824,0.0,79.84479602232611
2025-12-09 23:00:00,53.99193220832308,48.69751605929932,0.0,39.158178294184296
2025-12-10 00:00:00,28.659566445212263,23.986659545495545,0.0,74.37813923722165
2025-12-10 01:00:00,27.70482821468549,21.388677147214217,0.0,48.25225498728641
2025-12-10 02:00:00,27.93492676144428,25.757677497826272,0.0,79.11439307974247
2025-12-10 03:00:00,21.0,36.48381288813884,0.0,57.71995907234186
2025-12-10 04:00:00,29.5591542055646,20.111605792729964,0.0,50.39490407255759
2025-12-10 05:00:00,29.370545937274294,27.561430672255874,0.0,82.02971247380397
2025-12-10 06:00:00,78.06187675473898,52.81207735895846,17.14834456145311,58.331943082881104
2025-12-10 07:00:00,73.50875297807997,41.22000346808543,26.038575379986302,37.777692609223884
2025-12-10 08:00:00,72.39323642343223,40.99573716333176,37.6192682210112,18.25299866868842
2025-12-10 09:00:00,75.82791258702845,45.671244473215886,55.42799875770345,50.72406847815951
2025-12-10 10:00:00,48.70401834639295,34.58641836628527,68.90884396045497,49.43567267122323
2025-12-10 11:00:00,56.60507922170576,40.92865232821502,95.75908570294087,41.07369016001468
2025-12-10 12:00:00,47.58148820995238,22.949278985498037,85.53779204142752,25.353250067393915
2025-12-10 13:00:00,51.051746317905355,34.672326365547164,101.76679912936473,62.322301517448096
2025-12-10 14:00:00,49.08727719864026,30.99623771694401,93.57968804795475,39.88316652216882
2025-12-10 15:00:00,41.84022595425871,28.074932239728895,85.41249127047891,42.430315090339725
2025-12-10 16:00:00,48.98318345818794,33.647640326222024,80.9395014874971,75.51415524702816
2025-12-10 17:00:00,46.509876407309235,42.49321168769089,67.89755303943713,39.436053850002295
2025-12-10 18:00:00,91.22557875645165,68.93906804901575,64.51449968099774,56.733441040526365
2025-12-10 19:00:00,86.66318208880263,57.00502144124357,37.702653463614126,70.17248889101838
2025-12-10 20:00:00,97.19008537175256,72.35481549642532,23.922170702920774,67.5280752200089
2025-12-10 21:00:00,92.19185648422587,77.30490442135309,0.0,65.8642171709546
2025-12-10 22:00:00,60.88703794143248,56.51633418628824,0.0,67.31606028540862
2025-12-10 23:00:00,56.02282668026846,44.071440274363255,0.0,65.7094785549159
2025-12-11 00:00:00,26.851877865762074,19.92186298749531,0.0,66.96583467450465
2025-12-11 01:00:00,38.09027429890712,17.229370125281118,0.0,93.48025397447792
2025-12-11 02:00:00,32.59400921671352,29.09915437641379,0.0,45.581612781442495
2025-12-11 03:00:00,21.0,14.604256962935779,0.0,85.17203132461057
2025-12-11 04:00:00,27.8112370404411,26.250383738401077,0.0,81.79470600250038
2025-12-11 05:00:00,23.771599535944095,26.37819036787784,0.0,79.69242973816618
2025-12-11 06:00:00,72.41378086579803,43.82858280905537,17.134840347691167,86.79222709233588
2025-12-11 07:00:00,75.36157579040601,50.430985718289364,21.6611585185803,39.7654911952224
2025-12-11 08:00:00,77.60608987418337,53.69336077406284,37.510629259085526,21.68738278892644
2025-12-11 09:00:00,77.1890174250505,46.41461319623606,51.71714113839793,39.97215219458212
2025-12-11 10:00:00,60.92258253369616,32.14529761019573,70.53700017868321,30.62052037927741
2025-12-11 11:00:00,58.93684638794355,37.874753677248385,86.22958200022214,33.259764473026955
2025-12-11 12:00:00,58.65851487021932,38.640785742804766,86.99829912013139,28.063806932810742
2025-12-11 13:00:00,47.00851019506187,38.471531858292906,95.33392942873233,41.82494038449761
2025-12-11 14:00:00,51.89238957822869,28.73774554930086,90.58238279903541,40.40872733351675
2025-12-11 15:00:00,44.67855029660301,37.78354120448312,82.46946666664881,19.263323378096086
2025-12-11 16:00:00,44.79543003165378,22.1513899395496,81.98180502943266,55.80634303772558
2025-12-11 17:00:00,37.526714652585746,17.219325770801547,59.56385113917845,73.85468643079024
2025-12-11 18:00:00,100.70632767906942,72.96212873195672,49.93765450262079,54.69045032030313
2025-12-11 19:00:00,95.60742358091805,66.67329191698914,34.78012259624201,57.96408248664825
2025-12-11 20:00:00,109.15481515969498,73.63099052673226,27.11381258138909,60.22607994519917
2025-12-11 21:00:00,94.1286923689932,86.04762196856203,0.0,54.63526882069253
2025-12-11 22:00:00,56.47075527152985,45.94237764988208,0.0,62.436333912527
2025-12-11 23:00:00,58.531425980392406,55.68548952261514,0.0,60.496863138771936
2025-12-12 00:00:00,25.041450121550792,17.841343604757448,0.0,53.17089336418492
2025-12-12 01:00:00,31.613464712456526,11.816252860353945,0.0,95.65333493460552
2025-12-12 02:00:00,30.155976444257334,32.28798099772763,0.0,42.2957589661831
2025-12-12 03:00:00,28.63340314645423,17.8749747441435,0.0,79.41809103825011
2025-12-12 04:00:00,35.27671781434353,26.534118114240798,0.0,65.62392636873135
2025-12-12 05:00:00,25.933130769402048,12.906895967619821,0.0,99.321718705048
2025-12-12 06:00:00,77.4029363249665,49.97255405785976,18.941339055549072,73.06463667757139
2025-12-12 07:00:00,82.7118661273292,47.07239670311921,22.971612855916536,36.7616413712337
2025-12-12 08:00:00,72.98607891429316,48.792883426367375,31.77766461086741,37.89474248541141
2025-12-12 09:00:00,74.82988989398116,45.976279020542364,50.48492086263666,40.79938105844097
2025-12-12 10:00:00,66.74077814769561,45.49877960862259,65.56033908666717,28.855213749539956
2025-12-12 11:00:00,58.32166740527463,41.95407730530587,80.36328340954847,32.65167545461174
2025-12-12 12:00:00,53.90901896718059,37.48443943845795,86.30238299959429,22.37005007797145
2025-12-12 13:00:00,49.80923443041347,35.045061753538086,93.7408941845914,36.25432189370954
2025-12-12 14:00:00,43.641002027900704,27.170363336039987,98.07110801282734,48.23551805978818
2025-12-12 15:00:00,39.15530135134,22.63349222509966,96.94728106496457,50.6658303454665
2025-12-12 16:00:00,52.373060763753585,39.22107556592756,66.62863465181027,23.808086341617315
2025-12-12 17:00:00,41.233656321470754,28.30170432434131,63.545513548182555,45.512420836584134
2025-12-12 18:00:00,107.17755283260843,78.56112455244968,51.866647591686714,53.76733544920159
2025-12-12 19:00:00,93.9428503305407,73.59942912545236,34.56845212622259,58.12664230197656
2025-12-12 20:00:00,105.74453708714897,73.88216051646118,29.192792582181823,50.99350683660585
2025-12-12 21:00:00,89.98582621178036,80.22014849791783,0.0,54.35086093127927
2025-12-12 22:00:00,60.80162875027051,50.84606264315866,0.0,52.40271300438453
2025-12-12 23:00:00,58.4356758405033,43.14609132728042,0.0,50.948940865627534
2025-12-13 00:00:00,33.769858014998185,24.435299122341004,0.0,69.70855329291042
2025-12-13 01:00:00,34.35610218004317,26.773689523751052,0.0,105.34700816138755
2025-12-13 02:00:00,27.760146859734725,25.7720105040313,0.0,54.384658696562326
2025-12-13 03:00:00,24.110202710986506,23.01093352575177,0.0,61.49204655052098
2025-12-13 04:00:00,29.77087021347352,31.736002487223153,0.0,65.94203682663462
2025-12-13 05:00:00,31.003636159133105,4.962202111784453,0.0,55.325705209233035
2025-12-13 06:00:00,62.18778886628849,48.62761293905908,1.397887928540352,85.14750086106923
2025-12-13 07:00:00,65.56008252720764,52.50680924217167,2.273507724925916,16.325063542565477
2025-12-13 08:00:00,65.7944045517746,33.989196630929285,3.4665283642298683,34.76162974726039
2025-12-13 09:00:00,60.21597065204087,45.94654551595931,4.32181146002649,48.28345202024594
2025-12-13 10:00:00,49.073188013723296,40.79905783632349,4.9643667720617595,37.1362118460008
2025-12-13 11:00:00,46.09336313949029,35.16839876955319,6.785165143302726,31.85779880581728
2025-12-13 12:00:00,44.14590319520103,19.163296447348486,8.617303562582322,44.500021671542065
2025-12-13 13:00:00,42.331369160438136,31.022493464019504,8.24668507061321,57.35984302655693
2025-12-13 14:00:00,35.291720585809216,29.856625553417928,7.901213322365043,49.22635384273968
2025-12-13 15:00:00,36.733176883858896,21.488839566215688,8.551210412785835,37.39679211881047
2025-12-13 16:00:00,39.11240986427012,29.17631814361366,6.84018216367205,52.097277058985746
2025-12-13 17:00:00,44.97258333137424,29.261748683770733,5.5871185418708755,42.06348342378519
2025-12-13 18:00:00,82.19389042661967,67.59521515949133,4.590634952795106,55.47577118400987
2025-12-13 19:00:00,83.70365957299634,60.200091758792745,3.5235412191420314,82.42012094995913
2025-12-13 20:00:00,79.9869706648761,61.75656891833196,2.7156662264025253,20.959895358760065
2025-12-13 21:00:00,80.9731587671668,64.80277479973124,0.0,61.79439736285382
2025-12-13 22:00:00,47.07586969527803,36.61122423787885,0.0,34.03470211757934
2025-12-13 23:00:00,48.61569530819281,33.05536101271317,0.0,96.82800055333004
2025-12-14 00:00:00,28.66814592128283,25.661102331549536,0.0,58.5242348766649
2025-12-14 01:00:00,36.02999948464294,30.51582574039001,0.0,78.64882696882611
2025-12-14 02:00:00,28.32075192674036,24.5519811675364,0.0,65.69598773821326
2025-12-14 03:00:00,22.317414891575847,15.225959386206947,0.0,52.97384652124448
2025-12-14 04:00:00,42.34258471966509,38.22476898637537,0.0,51.00250338059583
2025-12-14 05:00:00,28.526840890753117,30.063568372288543,0.0,92.55637776594818
2025-12-14 06:00:00,70.35544870246548,46.474123919054634,17.19322123293672,82.12137880949321
2025-12-14 07:00:00,70.76774344937334,42.37802028759419,27.29396352454796,59.09218166960474
2025-12-14 08:00:00,68.69964906568114,43.297455784936446,34.86957825186618,40.32004623989092
2025-12-14 09:00:00,63.555062172366114,41.53880814477164,45.59511228258505,42.63126785426354
2025-12-14 10:00:00,48.687220184850354,35.306470828054394,64.09768088716594,37.11225262356053
2025-12-14 11:00:00,41.661842553543636,27.018088200941605,77.5925265999855,36.91449632954422
2025-12-14 12:00:00,56.35280347759805,32.21913074606412,79.6547644103422,29.410091994240673
2025-12-14 13:00:00,35.039488421024494,29.679858165101834,91.49746303787703,47.371290906945624
2025-12-14 14:00:00,37.73006108051257,26.97115823085172,95.76332986949186,37.24220226533943
2025-12-14 15:00:00,39.31805460452764,19.44829856822129,89.68986112819746,51.522633366978134
2025-12-14 16:00:00,38.389136516080185,27.84812975210905,80.03664247883744,48.36882327258291
2025-12-14 17:00:00,35.91668564252623,26.591740767000587,65.26425332159401,49.733723451233196
2025-12-14 18:00:00,87.76975655993911,61.126138149679186,47.65692009075988,65.82702264191343
2025-12-14 19:00:00,85.77148760139028,72.83632294818538,34.84651093766658,59.09058085909235
2025-12-14 20:00:00,82.94444324515864,64.62409679717913,22.58082152435736,70.93835270260732
2025-12-14 21:00:00,79.69724207370764,60.61194144289795,0.0,90.24779275517673
2025-12-14 22:00:00,52.18637991871593,43.95890853167098,0.0,79.13901157108889
2025-12-14 23:00:00,45.307029647916764,36.04403216545905,0.0,76.8506095443549
2025-12-15 00:00:00,37.06676328152017,26.45749598251323,0.0,60.713086184437145
2025-12-15 01:00:00,30.500494119675423,22.595205897384915,0.0,69.5296520703258
2025-12-15 02:00:00,35.53401687137722,33.517762648766755,0.0,44.08393661456887
2025-12-15 03:00:00,29.487808532173876,14.052207351169669,0.0,73.95611139844563
2025-12-15 04:00:00,30.32189931918425,15.435647699568683,0.0,70.26638537422785
2025-12-15 05:00:00,35.514394776564,30.450634628202327,0.0,66.13904866718829
2025-12-15 06:00:00,86.51529878231604,69.17103232864606,18.18148752819809,82.64033156560497
2025-12-15 07:00:00,83.664286277968,61.59190317050414,24.668169172861347,27.540259432994624
2025-12-15 08:00:00,80.58974138639637,63.238251155395076,35.208455426724875,55.57774710886399
2025-12-15 09:00:00,79.29441104750522,48.532117986550624,45.36448620650148,48.347057490033734
2025-12-15 10:00:00,54.263207593228714,31.893153212238225,77.70269187381702,38.7561005024453
2025-12-15 11:00:00,57.873010534371474,41.06619970310662,69.38424948620397,37.985828345770386
2025-12-15 12:00:00,52.43575537141174,39.70285426919849,83.05708147936053,44.19313896219262
2025-12-15 13:00:00,48.18641685107901,21.69230161137758,94.60060205503082,63.52876641788521
2025-12-15 14:00:00,48.47562522261861,29.441693295513495,95.95104438969406,47.197446144740184
2025-12-15 15:00:00,37.671594112890666,24.747586524918805,92.59899571846533,47.68561226054335
2025-12-15 16:00:00,46.66972099086021,26.31344120529433,86.87767366153918,46.23673043786403
2025-12-15 17:00:00,48.362334295398504,28.02751583204827,65.47265216419083,66.5340984276224
2025-12-15 18:00:00,96.36410014186944,78.36921870505377,44.86565158771301,41.783480027466354
2025-12-15 19:00:00,98.35201427384962,76.87739531131109,35.11640665553017,58.742606983639575
2025-12-15 20:00:00,90.70304440389162,72.77309400212425,25.248493940259053,80.83039103841034
2025-12-15 21:00:00,93.24940512397387,75.27918539501138,0.0,61.354160373431334
2025-12-15 22:00:00,61.201698433634725,45.48145507294515,0.0,76.00171443786789
2025-12-15 23:00:00,56.54704919480302,44.24051448362989,0.0,45.696967367769005
2025-12-16 00:00:00,31.529455415917088,18.339471633020178,0.0,61.87831101122192
2025-12-16 01:00:00,27.540654776811394,19.763572046639496,0.0,89.4317986525742
2025-12-16 02:00:00,30.087723104745855,17.57453818292434,0.0,54.19719067565399
2025-12-16 03:00:00,21.0,19.569147978019288,0.0,62.758754492591876
2025-12-16 04:00:00,33.80705372289345,25.28170750334612,0.0,69.41154070379505
2025-12-16 05:00:00,38.13569777528612,25.377128266725084,0.0,49.09628323243412
2025-12-16 06:00:00,72.01473361333689,42.924716439241884,18.28929305215395,58.47812356815544
2025-12-16 07:00:00,72.57581774100971,56.358343716169216,21.58752808205947,40.23756979287044
2025-12-16 08:00:00,78.79127212687145,51.16479278459067,38.766513975400215,39.5922740823278
2025-12-16 09:00:00,83.43976939208314,49.808172789978826,49.032931641800396,51.66236393024677
2025-12-16 10:00:00,56.65854651037881,30.28635786040852,66.22627911224852,54.21698727160263
2025-12-16 11:00:00,51.13605334494579,23.509285015001453,74.2552547574279,30.75970822921522
2025-12-16 12:00:00,55.729206873731634,35.00563906756774,79.11705618683156,40.22418384494836
2025-12-16 13:00:00,41.96362600409867,18.43815927869069,95.73044441266728,53.35436645766389
2025-12-16 14:00:00,43.58851204759224,31.288042751260416,95.03370451025445,62.966535959926986
2025-12-16 15:00:00,45.23013541931181,28.952072107165463,91.43155292116276,53.859368146154544
2025-12-16 16:00:00,42.41635971841441,37.99712746101023,74.78644541493266,48.97877711246612
2025-12-16 17:00:00,43.09774460671619,31.12468262401297,59.08790834367075,53.26640861011149
2025-12-16 18:00:00,97.28204373200356,68.84208442132768,42.30941422127004,53.348893484356296
2025-12-16 19:00:00,97.91430188562099,63.37449809344707,37.68237818238047,45.08834118540566
2025-12-16 20:00:00,90.5387292288091,74.26541592090399,25.129700852340644,61.532800157067136
2025-12-16 21:00:00,98.73035848229547,67.61713215304592,0.0,80.11771589923401
2025-12-16 22:00:00,54.949282054510775,45.731172737097005,0.0,55.66018537214512
2025-12-16 23:00:00,59.9091612945888,52.62052654477469,0.0,60.60305480656184
2025-12-17 00:00:00,33.51223884309537,28.775652492763506,0.0,60.77278371794235
2025-12-17 01:00:00,27.54956468570228,27.702914870260095,0.0,27.271297615825787
2025-12-17 02:00:00,32.7636646231698,30.146073925308812,0.0,65.02821741661243
2025-12-17 03:00:00,26.233697821355264,28.26771983002221,0.0,69.57631805684926
2025-12-17 04:00:00,35.95692928275881,36.07976937718981,0.0,56.4062309319103
2025-12-17 05:00:00,26.40388709614591,20.625704091724586,0.0,46.02033009103668
2025-12-17 06:00:00,78.5621608812953,50.40342451010193,14.279288406882602,50.452444143613874
2025-12-17 07:00:00,76.13054649158123,45.4825502262357,22.93534299272493,46.23300776136469
2025-12-17 08:00:00,72.3987623284113,47.25667348624065,33.57108068866081,57.9590491465992
2025-12-17 09:00:00,81.02890857051439,51.273083821846754,42.01106478623792,52.23263701502978
2025-12-17 10:00:00,54.029997591959805,27.288815794900437,57.20083327908767,25.771208370202565
2025-12-17 11:00:00,49.14326598945799,29.095688438699757,67.1301620346046,47.11065982520641
2025-12-17 12:00:00,43.82453059760422,38.763146653914525,80.89610528404833,32.381604631842656
2025-12-17 13:00:00,42.76529115162444,30.391491290731246,83.78942252869759,38.69440791370836
2025-12-17 14:00:00,52.89458016339569,39.17711733873885,77.46097668251896,40.0563068924998
2025-12-17 15:00:00,52.362815380316775,31.66896047426991,97.1928809426402,53.280486672722944
2025-12-17 16:00:00,43.46929946598641,17.00229132204708,81.22439807277854,56.1469771352629
2025-12-17 17:00:00,45.0179451603941,30.800360405536992,57.390141125955004,44.1767628296157
2025-12-17 18:00:00,95.06387571309851,78.18019916601642,48.704934604036296,44.36878191065266
2025-12-17 19:00:00,91.15553989857754,61.57452620257016,36.03794323129293,64.98369404809975
2025-12-17 20:00:00,92.88624113079557,74.98675366895046,26.251865074072384,66.49364299311625
2025-12-17 21:00:00,101.57115739040414,67.4753300490232,0.0,75.34731077696068
2025-12-17 22:00:00,59.06108615306766,52.33281929184397,0.0,39.529819661605714
2025-12-17 23:00:00,58.02249059524486,44.934014179743244,0.0,58.51720277742189
2025-12-18 00:00:00,23.991840247526135,22.305475079842704,0.0,47.03082957568239
2025-12-18 01:00:00,30.4531644631529,38.26068149965318,0.0,63.345499577389525
2025-12-18 02:00:00,21.0,20.40877860912872,0.0,60.534646138994376
2025-12-18 03:00:00,33.7926121106724,21.62104331318451,0.0,63.41275526804128
2025-12-18 04:00:00,31.163587053317137,25.728691245478757,0.0,51.33424220516398
2025-12-18 05:00:00,23.946453965550763,20.051829097826634,0.0,40.30553478583522
2025-12-18 06:00:00,84.41892615446041,48.59646664421883,14.25718488850498,30.566483292004648
2025-12-18 07:00:00,69.06227017949662,40.91998000885636,25.693879715000513,37.235058571626396
2025-12-18 08:00:00,79.53138896587845,57.58382086340012,32.87360745439023,34.34946266957231
2025-12-18 09:00:00,79.64328410615921,50.819116161351225,41.97063554151359,31.992095957429473
2025-12-18 10:00:00,51.342741382230265,44.39842558611531,63.83535985498122,51.22632008371468
2025-12-18 11:00:00,56.7509302506709,34.845848872579275,80.29940954786841,30.226014062505115
2025-12-18 12:00:00,49.55553306962854,35.015014650830466,99.54972541728651,52.13376232640107
2025-12-18 13:00:00,34.00069754262636,25.786678001813794,79.36763120401352,63.14712310890094
2025-12-18 14:00:00,42.003938944904554,26.217881566438784,92.7027894835735,23.008238914514067
2025-12-18 15:00:00,44.03456972591803,24.142659762970275,79.77089260892637,45.95115503757121
2025-12-18 16:00:00,49.708534779745584,22.706973760186102,77.34497468985214,40.42587583523424
2025-12-18 17:00:00,47.11271834887071,38.46177295707035,53.24149258164692,12.218769474095332
2025-12-18 18:00:00,97.7897184994317,82.70765021809953,42.24542112561756,28.69275191799674
2025-12-18 19:00:00,92.8038666274179,60.235227487869636,32.246589289910645,68.93382195863383
2025-12-18 20:00:00,94.9837130640078,68.24577150875831,23.778682309175853,86.89674590665973
2025-12-18 21:00:00,93.18409418778282,68.45898091117905,0.0,70.77798207732918
2025-12-18 22:00:00,51.40887532768229,48.587315745011786,0.0,62.41853385872051
2025-12-18 23:00:00,54.24961093787377,37.67086223308729,0.0,57.43841573689851
2025-12-19 00:00:00,30.335305732933502,29.681853271838193,0.0,90.39471695225764
2025-12-19 01:00:00,27.423126662591084,18.825599577460775,0.0,97.80068794563543
2025-12-19 02:00:00,28.54423798758762,16.324092083620087,0.0,54.293452652741486
2025-12-19 03:00:00,33.127116649101254,23.84186091886535,0.0,31.814424240340056
2025-12-19 04:00:00,27.746605115891832,23.03317247043357,0.0,30.252332143565155
2025-12-19 05:00:00,23.99715016055449,25.077256416131405,0.0,84.6557209472761
2025-12-19 06:00:00,79.85347350093484,50.31221702597027,14.265786387701535,62.87985574764118
2025-12-19 07:00:00,78.51425607201654,55.29670166896892,24.517666882780542,39.92596155552397
2025-12-19 08:00:00,78.79690039550468,48.51603117599411,36.67017621850382,21.086608282778585
2025-12-19 09:00:00,80.13420661263996,50.78246103252558,48.53881906626441,30.988419369665788
2025-12-19 10:00:00,59.10583636318268,34.62429183839444,67.17426797482237,35.35690590498971
2025-12-19 11:00:00,57.1802286064178,32.40130646146303,74.12384829553034,40.16071676515345
2025-12-19 12:00:00,67.81248647313134,51.472718669548655,73.37550881391576,34.37278524117669
2025-12-19 13:00:00,41.135098550221976,23.29810962026535,95.96988744160072,32.98929474160124
2025-12-19 14:00:00,44.27858015538226,27.970490030738443,82.3426252680605,35.803761839082775
2025-12-19 15:00:00,51.270462549632526,38.40426621234051,87.2097201949521,57.99454259565988
2025-12-19 16:00:00,47.559096223010854,35.71941932639006,80.76907270034613,47.26556492666441
2025-12-19 17:00:00,50.328111561631346,43.60720640297144,61.64523857941374,51.35624455581391
2025-12-19 18:00:00,98.34881975007747,78.4383475891547,40.77333446212282,34.530958428568866
2025-12-19 19:00:00,103.76817029738146,77.86641224102583,31.397169325630934,14.977475913270737
2025-12-19 20:00:00,93.05111696681193,84.33447778153976,25.754240037897777,49.77661108798063
2025-12-19 21:00:00,103.62598531949173,84.98772166267709,0.0,44.85941272061261
2025-12-19 22:00:00,62.32043370971613,51.63780967677978,0.0,62.26217621109543
2025-12-19 23:00:00,51.60464847626022,35.3936893589589,0.0,104.30529639083176
2025-12-20 00:00:00,32.837994344494525,25.051227915560705,0.0,74.05764555651406
2025-12-20 01:00:00,29.806320304935348,19.20428260404121,0.0,106.24743578704732
2025-12-20 02:00:00,27.270380913964214,14.42102788578399,0.0,72.06397504521672
2025-12-20 03:00:00,21.501213646270262,33.57088394360677,0.0,53.157372831211866
2025-12-20 04:00:00,25.451338479972073,22.75417072166057,0.0,68.5804136881801
2025-12-20 05:00:00,33.18650463083065,24.22349213064647,0.0,91.17898768307856
2025-12-20 06:00:00,68.9692614987961,57.013971133340526,14.616570031113016,91.95067413758314
2025-12-20 07:00:00,64.35877862453081,41.28810921024088,23.095174550403108,32.410668810824376
2025-12-20 08:00:00,68.98340893126837,50.545731685574864,35.417734729835914,40.251710304713605
2025-12-20 09:00:00,69.56064613764721,42.39026039429797,48.18209943493086,24.329164276361254
2025-12-20 10:00:00,48.73861165416125,35.29848046935344,59.90960749370152,45.660187213096684
2025-12-20 11:00:00,44.79223053301676,31.289305464787027,69.50812273528989,52.556400230666554
2025-12-20 12:00:00,50.027475348013084,38.114725058051725,78.09658784839145,38.23226292357031
2025-12-20 13:00:00,41.602041051417125,35.16697005299848,91.11816981619253,36.796139409436286
2025-12-20 14:00:00,42.443359623528636,24.290290584601827,89.04224989242424,48.14115665998324
2025-12-20 15:00:00,43.30492458196232,37.40997260553826,78.45138960451538,48.77412849391599
2025-12-20 16:00:00,33.28086929330674,32.62303386107372,76.80755496381967,45.060799034815425
2025-12-20 17:00:00,37.115928262806406,25.511000890644116,57.99759925515224,46.138104952823525
2025-12-20 18:00:00,74.0274236783093,58.53005005731974,42.53013337379124,42.24574462372141
2025-12-20 19:00:00,85.93270190650355,62.13955530743299,31.36331308034578,70.92183580139672
2025-12-20 20:00:00,81.61581821799261,61.506940602616254,21.15218697094572,67.23478294134992
2025-12-20 21:00:00,84.50988305204285,61.69287445170084,0.0,42.827420643674955
2025-12-20 22:00:00,41.40217747348697,44.871689259645635,0.0,42.437212791510305
2025-12-20 23:00:00,54.34714566396141,27.679605633400165,0.0,53.17234570477985
2025-12-21 00:00:00,24.625473759213264,18.372697872244455,0.0,74.07888371965711
2025-12-21 01:00:00,33.485534869721064,24.573533839630578,0.0,64.87102148020915
2025-12-21 02:00:00,30.530775769016437,31.914327395952583,0.0,52.497407852054494
2025-12-21 03:00:00,29.147507501132196,19.72980686500127,0.0,66.64542865312153
2025-12-21 04:00:00,28.784279520245217,26.124186568430755,0.0,57.38205763641184
2025-12-21 05:00:00,27.128716458077413,21.934571303797,0.0,76.3254001583603
2025-12-21 06:00:00,71.28679714333867,53.13831110120732,14.278444934255788,67.76423245130009
2025-12-21 07:00:00,65.5151721018703,48.02324094399936,24.838891102615886,34.57497965914302
2025-12-21 08:00:00,59.74691746069572,46.80859044290223,30.775208336361267,39.70575878281125
2025-12-21 09:00:00,63.73059343812843,39.06798794524361,45.638439888947616,49.87287721955539
2025-12-21 10:00:00,48.73383638287713,28.53114509810971,54.69757560407632,32.18831064067054
2025-12-21 11:00:00,52.19643452696788,37.23427774350048,68.18606432853667,41.31160595849122
2025-12-21 12:00:00,45.435522018136474,28.565722284332807,69.37580660732056,36.87218756529111
2025-12-21 13:00:00,37.085264465932795,25.38629938914773,82.5153446941693,48.4631834845522
2025-12-21 14:00:00,39.61070353921658,29.28833713651256,82.69565567641685,36.623228059801015
2025-12-21 15:00:00,43.43567065681623,36.428000721498705,82.31882502560482,44.99676405097504
2025-12-21 16:00:00,33.34586355687112,28.125131499420853,70.88009441958926,55.91648730145715
2025-12-21 17:00:00,41.77935480651611,26.742892798510965,52.195755834947164,33.5312716920319
2025-12-21 18:00:00,80.67223654852755,56.66369253594745,48.860211949570235,29.235601423666072
2025-12-21 19:00:00,81.30057131623832,74.7190671239204,33.44723451247255,38.12277026375867
2025-12-21 20:00:00,91.76760878719037,62.6593023379951,22.96638605515581,39.822932548415736
2025-12-21 21:00:00,81.87640642362464,62.694918845350884,0.0,64.67918771982391
2025-12-21 22:00:00,51.55243263685252,51.318754790854264,0.0,36.51253194558477
2025-12-21 23:00:00,51.39142302787898,48.242882516283686,0.0,52.107133046905695
2025-12-22 00:00:00,24.68989238655672,21.565826210446204,0.0,71.60341064681039
2025-12-22 01:00:00,21.69572553649693,23.05542165079716,0.0,68.47727191380335
2025-12-22 02:00:00,33.6944194158761,20.23467932010084,0.0,56.03943097087751
2025-12-22 03:00:00,25.124042133981664,23.86105265231815,0.0,64.9774003415513
2025-12-22 04:00:00,22.511176704430376,16.278367706203138,0.0,63.678473633193086
2025-12-22 05:00:00,34.61772996679889,21.29472188097988,0.0,58.54055638512749
2025-12-22 06:00:00,73.26494859405811,53.74519890180676,14.364993728564368,58.748410900615106
2025-12-22 07:00:00,74.3760402554685,46.761983522588736,21.343051634113777,58.005617471719326
2025-12-22 08:00:00,86.73704809395011,61.84412093146099,32.960281336882545,44.73904179222977
2025-12-22 09:00:00,70.38355976983121,44.43084344993796,45.96454090308824,60.28683069801586
2025-12-22 10:00:00,51.79848948570504,28.464034622512152,48.91063979550423,32.587311555982126
2025-12-22 11:00:00,55.38313503090356,44.308870876329046,65.62599100533185,36.41994592127927
2025-12-22 12:00:00,56.370620892781304,30.02861370167018,76.12848392796491,24.818136998823164
2025-12-22 13:00:00,43.22962679050073,25.802615196706654,84.4209499842194,34.62583618856483
2025-12-22 14:00:00,42.03753262207705,25.177552081392896,90.62299018121493,64.05358307410079
2025-12-22 15:00:00,54.04645501997386,42.01664892021647,72.91553484831283,37.74643237421764
2025-12-22 16:00:00,48.43491811850139,28.40991778305337,65.8498368919515,64.24207997430429
2025-12-22 17:00:00,49.88473990897152,29.85724172884867,54.52515007254003,29.917845280518424
2025-12-22 18:00:00,97.63544782554693,76.19279590134404,41.44050316048793,31.97876031929907
2025-12-22 19:00:00,99.55550838992646,74.48254043716932,31.49601963098914,51.05403224511837
2025-12-22 20:00:00,102.45101859505351,75.21119640967788,23.638264353249394,54.9259738899525
2025-12-22 21:00:00,93.76961555460635,74.31629436524088,0.0,68.69618512613047
2025-12-22 22:00:00,58.64353865636712,42.90567269648479,0.0,62.10553060918123
2025-12-22 23:00:00,60.583967082371714,33.32629501966964,0.0,50.00631837114185
2025-12-23 00:00:00,36.95158805872917,39.74243986837919,0.0,59.42891340991556
2025-12-23 01:00:00,38.76550940910793,28.613426618177662,0.0,56.574077442429434
2025-12-23 02:00:00,30.314369086417926,25.35706034548732,0.0,47.42015815825436
2025-12-23 03:00:00,35.123875273592105,22.000178446364657,0.0,47.830381772815485
2025-12-23 04:00:00,21.0,27.749636339996812,0.0,77.27594534945425
2025-12-23 05:00:00,36.985273092195214,25.28892684634566,0.0,33.379968981281145
2025-12-23 06:00:00,74.76908577570217,31.535047550559504,12.96084487245959,86.33586476641784
2025-12-23 07:00:00,76.95062373300028,48.92171921319068,22.672649457146413,33.72375947421896
2025-12-23 08:00:00,80.02053243309739,52.27957787275248,27.554012510605702,29.7629126607181
2025-12-23 09:00:00,77.34507160052598,49.592413919394424,41.63995758505453,43.70857257163944
2025-12-23 10:00:00,58.473211898140946,37.618512166615616,54.50508790683506,50.582945764759415
2025-12-23 11:00:00,64.73379004710199,37.175963939393284,76.5732756026279,47.193200171124424
2025-12-23 12:00:00,55.86018148602747,32.16103809801925,74.83437887906427,41.514666660906244
2025-12-23 13:00:00,42.474819234151134,27.020211591879875,67.10787141553634,54.72770164624225
2025-12-23 14:00:00,55.52656376624711,28.1089809082571,68.42643683652084,24.56736642511623
2025-12-23 15:00:00,49.736415384924676,21.609418109209944,76.72483851207723,37.42035161453047
2025-12-23 16:00:00,56.01605179731421,38.103507520187584,70.8412226365042,33.23159029773463
2025-12-23 17:00:00,51.252311006008696,34.90377347390256,57.66215327127705,56.209975020772845
2025-12-23 18:00:00,92.52577805274679,76.31296776733836,44.18226110715477,38.90883574472205
2025-12-23 19:00:00,101.38618383971321,73.90644885808113,34.862628575130344,67.024227751991
2025-12-23 20:00:00,94.05418652033576,64.84355585582152,20.976024819638212,62.74237366899291
2025-12-23 21:00:00,98.51539592778575,66.56687124964685,0.0,43.402230971114605
2025-12-23 22:00:00,57.248456873849435,45.04758143854001,0.0,47.21100027023015
2025-12-23 23:00:00,50.309684569235586,38.93648403412965,0.0,73.2268878635285
2025-12-24 00:00:00,26.34235279697196,32.701274608390094,0.0,63.78522893124722
2025-12-24 01:00:00,39.92334285071595,28.515786330207508,0.0,81.59535091974601
2025-12-24 02:00:00,31.07269832178524,17.313843061215373,0.0,63.645599718907576
2025-12-24 03:00:00,29.209817394016714,18.351188679937728,0.0,72.91491345617014
2025-12-24 04:00:00,38.158005989734164,22.37270202718903,0.0,78.21215955251657
2025-12-24 05:00:00,28.21694110468874,21.6233989088359,0.0,63.63916635751206
2025-12-24 06:00:00,77.80979809716864,59.20399585356269,20.80891996038527,60.12638970905411
2025-12-24 07:00:00,82.6798025785825,62.5972922769037,26.149452029938946,50.872902129685336
2025-12-24 08:00:00,76.4178786322561,50.8898293204105,40.592583733801604,37.44916676655669
2025-12-24 09:00:00,74.86184639894343,51.63077183893412,51.1668757166925,37.853653577067114
2025-12-24 10:00:00,47.586488425399025,29.526858493868055,75.11367277311007,36.32975258682228
2025-12-24 11:00:00,53.514149884299826,25.99916390896459,92.29849124178817,46.55050773141428
2025-12-24 12:00:00,53.47126743756899,45.69003937117593,105.93463655895962,58.67578421731608
2025-12-24 13:00:00,48.19554370837729,16.887431871587495,112.30001684529287,76.24850667286407
2025-12-24 14:00:00,44.73493138299356,19.894968485318465,103.4547065422645,45.335977192846116
2025-12-24 15:00:00,57.193079127625936,46.568447705721226,103.37873554283865,85.16291197925393
2025-12-24 16:00:00,42.72266339271192,31.138030542900243,81.54330920309283,41.475636739546
2025-12-24 17:00:00,53.78490366962687,28.770048374812035,85.17831229357235,70.39153141721943
2025-12-24 18:00:00,99.70287545561106,80.41821296833265,58.36086830323586,45.39443382774816
2025-12-24 19:00:00,102.34447031824284,83.02222454335721,42.04915501233911,55.707558200613725
2025-12-24 20:00:00,102.07107533384851,70.53491561438078,33.89939030775129,57.95373571602694
2025-12-24 21:00:00,88.73192727113121,67.62756212194452,0.0,70.27903707322248
2025-12-24 22:00:00,57.676405239127746,54.684740680842,0.0,81.53813034314659
2025-12-24 23:00:00,56.54836567697001,35.57909411607083,0.0,83.13856384722197
2025-12-25 00:00:00,24.901598573889295,25.924383292340714,0.0,46.143318989038036
2025-12-25 01:00:00,32.068317167471406,33.85581120478905,0.0,45.45367495240485
2025-12-25 02:00:00,37.72443142144862,13.713933160579714,0.0,46.55622601496483
2025-12-25 03:00:00,21.0,21.429588596786026,0.0,58.71535812069004
2025-12-25 04:00:00,27.594886458712256,25.136403529367296,0.0,57.22354103396061
2025-12-25 05:00:00,24.394052261488696,13.484712784993636,0.0,46.04984832243196
2025-12-25 06:00:00,78.7321965264433,48.77475641270767,12.347753583501689,64.46751282352201
2025-12-25 07:00:00,76.9439005341987,57.27636690918132,19.322754889816768,56.73579056354909
2025-12-25 08:00:00,75.68364885096638,47.16374159366692,28.187029154634708,31.665557311464546
2025-12-25 09:00:00,81.51197703585444,44.757676153920194,42.001326515699496,32.31062724456625
2025-12-25 10:00:00,65.2322130860372,49.864715185418945,56.097622752436926,41.30828926785906
2025-12-25 11:00:00,69.84533116419053,48.1063743028233,69.27853381917295,31.175430424470747
2025-12-25 12:00:00,54.541066513171614,34.44306304015121,89.3673559329296,42.29851983914982
2025-12-25 13:00:00,39.40555770955224,28.009465334551,64.6992841011545,34.68311902046053
2025-12-25 14:00:00,50.11588164608608,37.71974764429455,82.7393999696382,61.64215481610556
2025-12-25 15:00:00,54.84667900168797,37.78852025469292,70.81362755882483,45.921776219011676
2025-12-25 16:00:00,51.26110254441683,39.14779735064499,62.33957116266303,35.724416278637804
2025-12-25 17:00:00,54.82805937061995,33.798488868349,51.53661660410888,36.05556959318479
2025-12-25 18:00:00,97.93430536775756,63.70480461555732,39.16039358363923,36.84713445936791
2025-12-25 19:00:00,96.20591040648802,75.22299800136446,35.06027180878513,73.01170074386022
2025-12-25 20:00:00,99.46845696877301,84.1353572051946,22.66578007160199,37.115657061537796
2025-12-25 21:00:00,97.4615060423161,76.0045485700947,0.0,45.28021231768075
2025-12-25 22:00:00,60.853320327311806,58.15746018712986,0.0,46.72449417298857
2025-12-25 23:00:00,62.23335223229597,42.2865505791672,0.0,54.14385852903587
2025-12-26 00:00:00,34.71637649057349,25.46609113150824,0.0,1.3304552385265047
2025-12-26 01:00:00,32.297667018619755,36.41096032825386,0.0,0.8951212824399921
2025-12-26 02:00:00,31.10620047003885,22.57163989480638,0.0,1.2845308859821603
2025-12-26 03:00:00,33.57492010162882,23.182111066405252,0.0,1.3916669031348206
2025-12-26 04:00:00,21.166536415562753,12.752734666651499,0.0,1.2030830969391744
2025-12-26 05:00:00,30.947568385502738,27.406304864979198,0.0,1.6722253773206655
2025-12-26 06:00:00,78.83567754733693,47.06348093581452,13.512998369141549,1.7552280102153122
2025-12-26 07:00:00,79.5583880719419,54.52526806657082,23.148454797416946,0.8395308837910579
2025-12-26 08:00:00,78.20522033192586,50.57706639515023,26.717668502596283,0.9056656139651856
2025-12-26 09:00:00,80.54287601064718,51.8290459615237,37.12304535112293,0.3936773377632874
2025-12-26 10:00:00,55.42643157064935,38.34052284905936,44.05109134688611,0.7661629341365747
2025-12-26 11:00:00,63.09500015009375,41.09554742717271,60.74705519585659,1.0714219012385142
2025-12-26 12:00:00,60.14356871591305,46.73824255154895,73.85849508369178,0.7656633166893515
2025-12-26 13:00:00,48.39654029177106,41.84605990960327,78.25659608701552,0.8148936696308203
2025-12-26 14:00:00,44.579629363431145,32.38395879528555,78.54523119331674,1.5679004744937872
2025-12-26 15:00:00,51.38737991472926,41.13540522660372,64.6842643424708,1.4533587113231585
2025-12-26 16:00:00,48.6484225745189,37.79989891998702,68.48198152340133,1.1158107557817531
2025-12-26 17:00:00,44.31877866037756,33.70943186072351,54.36860503542799,1.2834819439221488
2025-12-26 18:00:00,98.9319309217278,85.68027637752348,43.982299688652674,0.44308609947718325
2025-12-26 19:00:00,102.01777964917295,70.63648778036456,25.79307494620933,1.0315715389363578
2025-12-26 20:00:00,101.66898878727659,74.15641559653044,21.41115296754691,1.133556202373438
2025-12-26 21:00:00,101.37844821772407,74.60489200924783,0.0,1.208690421103214
2025-12-26 22:00:00,58.42853598038727,49.36231795151807,0.0,1.1271383124482754
2025-12-26 23:00:00,62.628332617410955,50.940426600495414,0.0,0.4656110696354536
2025-12-27 00:00:00,19.390995239310627,19.1921787689599,0.0,65.03737752492897
2025-12-27 01:00:00,18.16324750073035,27.633285564027883,0.0,67.37475836847864
2025-12-27 02:00:00,15.0,18.493629543350306,0.0,83.06674910373776
2025-12-27 03:00:00,15.0,22.060176961325723,0.0,47.62397865921029
2025-12-27 04:00:00,15.020092522792096,25.417880605238597,0.0,46.4102229227423
2025-12-27 05:00:00,21.14712241546869,40.308799753321765,0.0,19.573612733247764
2025-12-27 06:00:00,36.8948307250617,42.194037663387526,12.004992484032327,54.96017780915536
2025-12-27 07:00:00,41.42030683378412,50.83056356182124,19.89292992413873,43.6051529447192
2025-12-27 08:00:00,35.908915620625216,39.37055853845688,31.172212248296706,30.14507466493248
2025-12-27 09:00:00,35.56886860084043,38.861734006038105,41.15837577114344,54.658180202121834
2025-12-27 10:00:00,26.460086505213503,28.294682330910955,48.8918993670839,33.305046285656
2025-12-27 11:00:00,26.41564108363086,35.04103329143949,63.31790271037038,36.895757716789575
2025-12-27 12:00:00,24.743862277605462,35.342286273649094,62.92616469809397,23.460451139879833
2025-12-27 13:00:00,19.04242780562836,28.337369274622915,83.36235698328356,44.50059328273322
2025-12-27 14:00:00,23.090612579159327,25.9389476911485,75.08398721059537,20.974305196355324
2025-12-27 15:00:00,24.44859963158937,32.83966859889608,78.12972383750396,48.71975939447475
2025-12-27 16:00:00,27.858704200008646,35.0918373807496,60.620369655627876,49.038733686906326
2025-12-27 17:00:00,20.796776721014353,27.12079596086619,50.268457507334894,55.62850256260587
2025-12-27 18:00:00,44.90068146406897,57.91725033046967,38.36259385566929,30.932200665911814
2025-12-27 19:00:00,43.87384858052383,63.5720188266086,31.989662412511684,55.52473263475925
2025-12-27 20:00:00,48.52740670427369,70.03135657628503,19.379924346276812,60.906360017939235
2025-12-27 21:00:00,47.76510859019096,70.27991697638163,0.0,59.28441716369019
2025-12-27 22:00:00,24.490489833429816,45.00317426722925,0.0,41.83411151888999
2025-12-27 23:00:00,24.428514150005633,40.96509494853812,0.0,21.459786710451304
2025-12-28 00:00:00,34.28631641368154,18.7228824482312,0.0,63.86893174772101
2025-12-28 01:00:00,31.724382680437834,23.17018625185745,0.0,56.530476163189284
2025-12-28 02:00:00,33.412749208550146,28.774270974249003,0.0,50.44515399019219
2025-12-28 03:00:00,26.027541847474893,21.189894976358367,0.0,69.99560163986031
2025-12-28 04:00:00,21.55023811240407,29.26987369203059,0.0,58.111127505674645
2025-12-28 05:00:00,26.062657424939236,25.17776232523473,0.0,39.38847758201099
2025-12-28 06:00:00,69.67134094164854,37.36954910209726,13.715516970794052,30.39271664369859
2025-12-28 07:00:00,76.07615156045503,57.64154876407445,19.583194093623444,25.31010684351083
2025-12-28 08:00:00,64.64380270372378,43.13693445314403,24.746374354149953,56.35867429607471
2025-12-28 09:00:00,76.81774212504392,40.05982665091344,38.342043935173926,41.63443236188134
2025-12-28 10:00:00,52.728981946161106,35.537128631227674,46.71974995032543,36.92541604012352
2025-12-28 11:00:00,42.72614763475879,23.056276609803213,62.393077259693264,33.661209807599995
2025-12-28 12:00:00,49.95794526259815,39.148113264668694,63.79458905293658,33.081738202158114
2025-12-28 13:00:00,44.09187841322714,28.696359437457666,80.61690831143459,53.14433202377171
2025-12-28 14:00:00,29.289321116886676,17.08392709081378,74.50997727205835,36.09403353357598
2025-12-28 15:00:00,43.104024370983986,34.3730360776333,69.507607461524,47.073379592167065
2025-12-28 16:00:00,45.48123946957777,34.48214073014375,65.48930629740983,37.556221603244325
2025-12-28 17:00:00,41.99890071896391,27.474276413234417,55.56367618605184,61.09419060784895
2025-12-28 18:00:00,83.88024287268111,57.33580775394746,40.11043749896056,48.7741815504782
2025-12-28 19:00:00,83.37981869724119,58.776190776175994,27.579271755029705,69.36463150453571
2025-12-28 20:00:00,83.11703784613432,61.26657713120789,17.334360198541923,45.166064484525805
2025-12-28 21:00:00,78.86607920379552,67.70546747878531,0.0,66.88627345830875
2025-12-28 22:00:00,45.90093574887616,32.6143889088259,0.0,48.760640123660586
2025-12-28 23:00:00,47.12011978701379,35.60449848766744,0.0,54.34905408609249
2025-12-29 00:00:00,30.51072455801584,20.83181824925251,0.0,82.0306280853816
2025-12-29 01:00:00,27.4943335905432,30.630295679187228,0.0,43.04897379108788
2025-12-29 02:00:00,26.088918408759316,24.72516325505029,0.0,61.18760151669384
2025-12-29 03:00:00,33.4189688660663,28.044445036091076,0.0,64.60501846340146
2025-12-29 04:00:00,31.66776287376535,20.73379955142089,0.0,65.79869771802787
2025-12-29 05:00:00,27.57346708444695,16.51400823868287,0.0,51.66671060475939
2025-12-29 06:00:00,81.46214242225923,49.92283832910828,12.116689204746253,88.59908488190548
2025-12-29 07:00:00,77.14467877897837,58.0209286628186,18.87604511631386,23.62696283293919
2025-12-29 08:00:00,79.46768193326163,57.010176456764306,29.13847572427551,47.67971700509939
2025-12-29 09:00:00,83.57158754681798,51.58186049882749,38.398993254103324,45.55011408655491
2025-12-29 10:00:00,55.733582056175614,32.12955708038075,53.495897083056555,51.540321427658725
2025-12-29 11:00:00,53.17456474017196,31.25280146568104,58.1630045248425,21.065225083061506
2025-12-29 12:00:00,57.79731135182776,38.200631584245436,68.98972811224851,27.348665143910797
2025-12-29 13:00:00,41.94808824001859,28.34199956955991,80.76381796006602,55.96319595143019
2025-12-29 14:00:00,46.835162520773785,41.69692347046474,75.79331961244054,21.633085504854854
2025-12-29 15:00:00,46.82081215594262,33.86065167756172,68.97311477389354,24.390312881234557
2025-12-29 16:00:00,36.99710225527814,31.30311830033897,58.21701736046328,35.78433303774575
2025-12-29 17:00:00,50.471539049703466,30.633380517534615,48.1366892943067,42.71664277882336
2025-12-29 18:00:00,99.0952576756404,74.81073316992648,36.802149622045015,56.98507508722814
2025-12-29 19:00:00,105.23589566318005,80.78818679528612,27.64061577632087,49.97873064103447
2025-12-29 20:00:00,100.88725553477971,77.17546422773117,21.056889310198663,44.43714771133079
2025-12-29 21:00:00,103.2276001921263,80.16863404638538,0.0,56.48566625599077
2025-12-29 22:00:00,63.805591364855495,54.6096989970307,0.0,58.55840898241998
2025-12-29 23:00:00,57.85769010295544,44.48358909714245,0.0,58.18689424598033
2025-12-30 00:00:00,29.99629565011244,30.70751671832599,0.0,55.119859035942966
2025-12-30 01:00:00,22.919055494743958,11.637247655202856,0.0,29.49109324931474
2025-12-30 02:00:00,35.577919853554086,33.80419570116923,0.0,44.453155173999065
2025-12-30 03:00:00,29.344361701253003,12.044986466296535,0.0,78.1694139299267
2025-12-30 04:00:00,25.474212523434083,25.229502878996758,0.0,60.38456745372927
2025-12-30 05:00:00,33.328751189193426,39.616024904642714,0.0,53.035408408080606
2025-12-30 06:00:00,69.57392689415747,45.98449241224868,12.374124094775274,73.81258788115304
2025-12-30 07:00:00,77.4512082550673,54.6260319263761,17.404855744686976,24.83312336588351
2025-12-30 08:00:00,83.47034194344988,53.50636427163802,32.405252229454675,32.66209230521522
2025-12-30 09:00:00,77.41319392415004,55.30416276245291,39.79706314114091,35.8040560438267
2025-12-30 10:00:00,55.36905791422882,41.266521485008745,44.21697494426223,30.792788470090123
2025-12-30 11:00:00,56.72701010648916,34.56138895235583,57.976064926018374,35.48393297927077
2025-12-30 12:00:00,49.555025003388856,33.39812927689402,68.70691316088578,32.98791441397716
2025-12-30 13:00:00,51.42774185427152,27.95134352448063,82.38098799153386,26.254089253570108
2025-12-30 14:00:00,47.65510172235176,31.87599637629768,66.06841960776276,42.21275452312835
2025-12-30 15:00:00,46.98262816627144,30.225811982159854,73.42046636135706,26.97075846933415
2025-12-30 16:00:00,46.999080137407184,33.004386120428116,66.82927777782983,42.05261720397271
2025-12-30 17:00:00,48.2714480043385,29.119848726818454,47.319238880605354,54.252846177164166
2025-12-30 18:00:00,103.10664599052004,77.41229126405773,37.94230756476056,37.54372479905308
2025-12-30 19:00:00,99.93189188709913,77.65400916261565,26.035841227368564,36.712768104872666
2025-12-30 20:00:00,94.03881335568659,73.60592927329789,19.194181995590856,50.26980739898956
2025-12-30 21:00:00,102.75600036944404,82.86014506845683,0.0,41.11946840092792
2025-12-30 22:00:00,60.84327030301645,50.746415503338696,0.0,59.634483837329455
2025-12-30 23:00:00,59.52457818547151,38.34923311450975,0.0,49.997225524097004
2025-12-31 00:00:00,34.83858588132593,25.017483419693804,0.0,81.57081928111056
2025-12-31 01:00:00,30.136704043858316,21.569634976952223,0.0,73.75950152337263
2025-12-31 02:00:00,35.00119240045165,32.35099839465509,0.0,54.95786097023324
2025-12-31 03:00:00,36.332449596652786,33.02858577180026,0.0,67.36813386647161
2025-12-31 04:00:00,32.62040798486017,16.98610463749806,0.0,51.52694570516501
2025-12-31 05:00:00,26.634298701549284,27.245132419887266,0.0,57.62991451032061
2025-12-31 06:00:00,78.99549433957932,57.838162167879204,12.339049667917738,51.98127847514708
2025-12-31 07:00:00,85.15888222610299,48.49980786423893,20.178691655505794,40.85672563732914
2025-12-31 08:00:00,72.84470467552752,52.15342273158008,30.320364363393352,46.57005399444579
2025-12-31 09:00:00,77.82023856603656,56.811202576588855,35.83722343436833,41.132668566070585
2025-12-31 10:00:00,57.20718079061987,33.855131331929655,41.24187704726622,42.18946215321473
2025-12-31 11:00:00,54.85707485303842,35.648925959447375,58.93879104557139,42.19886392381138
2025-12-31 12:00:00,62.678477829264764,42.107082281891834,68.47111738992396,39.012091182724745
2025-12-31 13:00:00,50.02943661520869,37.8006213387692,72.63576624023327,28.60811088056958
2025-12-31 14:00:00,45.13400619082297,24.052789826473525,69.35367073384054,57.011653185630244
2025-12-31 15:00:00,51.05857693658646,40.266992408805805,67.5677763878727,58.0460814216658
2025-12-31 16:00:00,47.620895739518204,20.68934701260292,66.19677671041784,37.6624842239525
2025-12-31 17:00:00,44.32789321602465,40.12013809582904,50.43988350456761,36.294254594830456
2025-12-31 18:00:00,97.20940474495747,77.45942397861712,36.97994875120964,46.12568447496564
2025-12-31 19:00:00,102.3797674275421,73.69978236781395,26.772145883838668,58.51243974562739
2025-12-31 20:00:00,104.64308204439865,85.52924698331084,18.9067526398908,48.83378197507676
2025-12-31 21:00:00,98.22708054275384,72.36928490653688,0.0,35.35801492107797
2025-12-31 22:00:00,61.200508556140775,53.06108358882079,0.0,55.360897187120514
2025-12-31 23:00:00,65.86841626372889,47.45656323003232,0.0,58.520459056696126
