Datetime;demand;price;solar_power_0;wind_power_0
2025-01-01 00:00:00;33.2661951662;16.2940045406;0;79.764495071
2025-01-01 01:00:00;31.5718174756;26.6793623947;0;54.0094263358
2025-01-01 02:00:00;28.7799818324;28.6045436149;0;56.3231755479
2025-01-01 03:00:00;34.4730091778;25.6789167478;0;49.7781490245
2025-01-01 04:00:00;30.296318239;30.2485705094;0;72.1547979215
2025-01-01 05:00:00;27.9078464354;35.1328270187;0;84.336586848
2025-01-01 06:00:00;78.9741529392;54.2269470602;12.6358904977;62.9798261137
2025-01-01 07:00:00;71.9302325123;48.3410731033;18.6146800575;34.6647517571
2025-01-01 08:00:00;78.9670049496;58.8604236404;28.8061992454;34.2742734183
2025-01-01 09:00:00;82.8850574979;60.718812463;41.9947922604;13.7180307115
2025-01-01 10:00:00;60.4318434685;25.9633141229;47.1655310772;40.2886667068
2025-01-01 11:00:00;65.7458086472;43.7094576159;56.8925664656;35.1011079749
2025-01-01 12:00:00;57.7194327558;35.5922714163;73.9984457888;37.5988039255
2025-01-01 13:00:00;50.6535924578;36.7341839786;74.2291674355;32.5748556029
2025-01-01 14:00:00;52.0280140174;34.2009765132;67.3088595025;35.814031051
2025-01-01 15:00:00;59.0035397613;38.6619679141;68.5499384787;35.5508591829
2025-01-01 16:00:00;49.1121279341;28.4004951805;55.8290971069;49.7420596181
2025-01-01 17:00:00;43.7618409191;36.5762744768;46.2750566381;35.8704635275
2025-01-01 18:00:00;104.4870458381;87.7154342302;38.1583769031;60.2522438142
2025-01-01 19:00:00;109.0671395499;77.2553549484;23.1951918958;56.4303046402
2025-01-01 20:00:00;99.219897252;69.6905367053;16.2254485962;34.6961929518
2025-01-01 21:00:00;104.4562333718;81.8130425036;0;49.305821624
2025-01-01 22:00:00;64.4320961174;55.3713256018;0;42.6433897113
2025-01-01 23:00:00;63.4796148167;54.0923245587;0;22.9958725088
2025-01-02 00:00:00;30.5650133511;15.1985464903;0;78.4798411839
2025-01-02 01:00:00;26.856868088;19.8172323002;0;65.9172774939
2025-01-02 02:00:00;29.6342420339;10.3016483737;0;63.5355365118
2025-01-02 03:00:00;32.0637020424;32.7789195756;0;58.3805543815
2025-01-02 04:00:00;34.0870013584;28.345215685;0;36.6925460688
2025-01-02 05:00:00;31.502752716;22.0137298452;0;49.2841504815
2025-01-02 06:00:00;78.2824854934;43.6063358579;11.394201898;67.8603729381
2025-01-02 07:00:00;82.4912797955;48.9937017679;16.9816403185;24.7973195565
2025-01-02 08:00:00;83.8624541477;59.7485561726;27.5625988917;12.3468640642
2025-01-02 09:00:00;81.7003165967;47.6906653892;34.080154808;31.727581889
2025-01-02 10:00:00;55.2937114917;39.7226656185;41.8561260904;32.4453068135
2025-01-02 11:00:00;58.2402263509;51.3886601031;63.5929599385;34.7773956072
2025-01-02 12:00:00;63.321747001;39.553450957;63.3328116029;39.7637629855
2025-01-02 13:00:00;42.3652144499;23.4657268232;69.0284319637;45.4991194805
2025-01-02 14:00:00;39.1694934885;30.5452498724;60.8319515068;41.7823946352
2025-01-02 15:00:00;55.3751674149;29.2317824826;61.6888591116;50.9728754367
2025-01-02 16:00:00;50.8901632369;46.4745311304;57.4241775878;24.3411568271
2025-01-02 17:00:00;51.3190796006;44.463210661;42.8425735183;44.1940334054
2025-01-02 18:00:00;96.0819127972;72.4099942291;37.85426959;45.3905377684
2025-01-02 19:00:00;104.2464654641;75.2806873335;25.5947395383;34.8202257201
2025-01-02 20:00:00;102.1662082726;77.5924617949;18.0477076477;31.4988483962
2025-01-02 21:00:00;93.7981150782;73.474342092;0;41.0467619287
2025-01-02 22:00:00;65.4658288713;58.5763771745;0;42.1113941251
2025-01-02 23:00:00;59.7706284634;48.7797157442;0;59.9597440024
2025-01-03 00:00:00;28.2176221526;17.9614058594;0;46.9919726008
2025-01-03 01:00:00;28.2990461431;30.4473257723;0;43.6355269952
2025-01-03 02:00:00;21;27.8841759065;0;47.0322961728
2025-01-03 03:00:00;32.6700146983;21.0253127445;0;71.04929433
2025-01-03 04:00:00;31.1783574326;17.7267188678;0;55.70314124
2025-01-03 05:00:00;29.1266394045;24.5153566407;0;53.0339943835
2025-01-03 06:00:00;85.95208732;50.3842533212;11.1454724671;53.9951585154
2025-01-03 07:00:00;73.971538301;56.2442702314;20.8227693807;44.0739394151
2025-01-03 08:00:00;77.5134277429;46.090898176;26.3583909016;27.0739181564
2025-01-03 09:00:00;76.3738667401;53.8972316801;33.0147503266;44.269221357
2025-01-03 10:00:00;57.9571005059;39.4197477487;49.3578138135;35.0663346716
2025-01-03 11:00:00;59.5152930285;37.5414719023;50.4052246424;31.9772324666
2025-01-03 12:00:00;61.146738772;38.786884924;64.3565073039;54.1415397007
2025-01-03 13:00:00;47.1566843901;40.3163139132;56.8176616425;28.6084848437
2025-01-03 14:00:00;44.7699641209;24.6752843906;60.2216773542;35.4289243187
2025-01-03 15:00:00;56.305096203;36.0619070078;64.2957284697;26.8907114716
2025-01-03 16:00:00;59.5704457921;34.7654916646;59.1611518785;48.1199339321
2025-01-03 17:00:00;49.3628549525;33.7105351367;46.9453126645;55.2782428705
2025-01-03 18:00:00;97.7806182065;69.8130770184;35.7329095057;55.0910458807
2025-01-03 19:00:00;107.8256734478;69.9943912422;25.7512678407;65.2600271845
2025-01-03 20:00:00;94.6757228797;67.7070075176;15.9903321186;47.5011152221
2025-01-03 21:00:00;99.679649897;88.6470603704;0;45.4071209017
2025-01-03 22:00:00;56.0791511838;52.5390425704;0;29.0928435819
2025-01-03 23:00:00;53.9937679379;39.5771784791;0;75.4029738043
2025-01-04 00:00:00;28.7398909519;21.6185756784;0;75.8976459263
2025-01-04 01:00:00;26.1112256437;23.7970200671;0;59.5778739731
2025-01-04 02:00:00;30.0569450887;20.0553334059;0;90.4875719155
2025-01-04 03:00:00;30.1222972545;27.7260342332;0;51.4122116566
2025-01-04 04:00:00;27.2040072442;23.9705307374;0;74.8386394016
2025-01-04 05:00:00;28.3326898953;16.8158006079;0;65.0010883281
2025-01-04 06:00:00;66.7450797199;46.9637509798;14.834595089;78.7796827311
2025-01-04 07:00:00;71.4282073505;34.956410076;23.4818302266;40.1119222131
2025-01-04 08:00:00;67.1159677707;49.8297713615;38.473034397;25.9748742076
2025-01-04 09:00:00;71.495057909;39.9319866304;49.8188094568;41.5298505031
2025-01-04 10:00:00;52.5365834826;36.5662271275;53.4762449878;51.4475877396
2025-01-04 11:00:00;52.4723131927;29.3852332388;77.0435247735;40.4620191026
2025-01-04 12:00:00;56.1457319232;37.9042754402;82.4740021702;48.658103542
2025-01-04 13:00:00;35.9214285883;30.6956871301;85.678244764;35.1234996351
2025-01-04 14:00:00;38.8293635688;36.7503498695;95.0163240376;47.2408260298
2025-01-04 15:00:00;48.8935321485;24.6013997962;92.1141777281;40.1286813404
2025-01-04 16:00:00;39.8007632945;34.3268303358;80.6913901271;56.4333199458
2025-01-04 17:00:00;28.2906309426;25.3752324298;58.0774138584;47.9274007743
2025-01-04 18:00:00;84.7540175502;63.4277105362;47.286559915;55.7567930567
2025-01-04 19:00:00;86.2746029801;70.9143709602;36.4131584208;77.7651431653
2025-01-04 20:00:00;73.8903660659;57.6669643157;26.2829943272;71.7109189815
2025-01-04 21:00:00;91.6700854739;77.1895136387;0;65.3141863375
2025-01-04 22:00:00;46.6887189692;38.2013570298;0;45.8820243127
2025-01-04 23:00:00;51.378959075;34.7825506358;0;61.0970130627
2025-01-05 00:00:00;28.983083046;29.8302914376;0;47.18848132
2025-01-05 01:00:00;24.2024186136;32.9267226993;0;49.7613407013
2025-01-05 02:00:00;25.1827133941;23.8290121493;0;49.3466075963
2025-01-05 03:00:00;25.7921272361;7.8098728791;0;41.1065594794
2025-01-05 04:00:00;34.8855235913;26.5802929832;0;27.8028852802
2025-01-05 05:00:00;29.3360781535;24.4735407978;0;45.3502651515
2025-01-05 06:00:00;65.6143085855;43.8616638561;10.8348021002;57.0765410352
2025-01-05 07:00:00;63.7569633034;48.1820617899;17.1910218875;21.6565493421
2025-01-05 08:00:00;73.3453794069;47.490143393;23.1427196628;32.7947310157
2025-01-05 09:00:00;74.5516091364;54.4795624259;31.3828357272;48.1855148145
2025-01-05 10:00:00;55.3658751017;31.1932856284;47.4571940753;41.0216194673
2025-01-05 11:00:00;52.2504955837;42.7377317247;59.5822921855;46.0889121372
2025-01-05 12:00:00;51.3387627459;44.7275281631;60.5563248571;35.8608697351
2025-01-05 13:00:00;35.5987194504;19.6803475617;70.0405311942;49.2348743752
2025-01-05 14:00:00;39.9642535611;23.5258007826;66.7111211586;31.213329141
2025-01-05 15:00:00;37.9930687162;30.9223804274;57.7638046301;31.9719731667
2025-01-05 16:00:00;32.8556351408;19.9753003484;55.3044281349;12.0131892695
2025-01-05 17:00:00;45.8271350175;29.20683798;50.0435330349;49.412430678
2025-01-05 18:00:00;82.7596445038;70.796947987;34.604412066;52.7869640288
2025-01-05 19:00:00;91.272617846;75.610727754;28.5679897154;42.2235694116
2025-01-05 20:00:00;89.8587380659;83.0124370902;13.7929977615;45.8890814535
2025-01-05 21:00:00;88.3961101574;72.7742305651;0;39.7651803177
2025-01-05 22:00:00;52.7925058805;43.2349763755;0;53.6874941387
2025-01-05 23:00:00;47.2656150882;35.7141087987;0;62.7804098032
2025-01-06 00:00:00;38.3603256808;28.4514159218;0;30.4202813684
2025-01-06 01:00:00;30.1940644393;22.7121740057;0;59.4252593121
2025-01-06 02:00:00;31.358692583;24.5258040531;0;50.1786664974
2025-01-06 03:00:00;27.079156499;18.0832684035;0;55.4355223907
2025-01-06 04:00:00;25.8097563265;25.0877199276;0;60.0931100364
2025-01-06 05:00:00;32.1478320396;16.5396792468;0;51.3709527749
2025-01-06 06:00:00;81.8087228774;50.1960764044;11.7725137885;52.5113027463
2025-01-06 07:00:00;77.2778264992;52.3626657694;17.2278328263;30.6149794437
2025-01-06 08:00:00;74.3569919112;36.786252575;24.2975446481;40.1904678478
2025-01-06 09:00:00;75.1152582527;55.0109817908;34.274467261;35.730529587
2025-01-06 10:00:00;65.0675358362;32.4383768663;36.741850964;34.1280554568
2025-01-06 11:00:00;56.9252919434;44.05337333;51.7723710938;22.0673539984
2025-01-06 12:00:00;58.1598456537;31.840545074;61.421206271;29.283161973
2025-01-06 13:00:00;55.6389762555;33.9946940236;71.0820663543;46.2129765911
2025-01-06 14:00:00;44.0627675644;34.3259871321;60.9309319886;38.0907489582
2025-01-06 15:00:00;45.8409683753;45.3353846128;55.8528535891;43.957003766
2025-01-06 16:00:00;45.6529943626;32.3959432349;50.5831343543;54.4000148036
2025-01-06 17:00:00;56.3937532563;26.4726985963;46.8879844468;47.5331108729
2025-01-06 18:00:00;110.9451159348;89.8029004312;34.9195491966;38.6139631505
2025-01-06 19:00:00;105.3569246965;79.5538998816;23.8380141888;42.3187293976
2025-01-06 20:00:00;105.5001214408;83.9244214238;17.811198659;17.5442113016
2025-01-06 21:00:00;99.3632926693;81.8714351251;0;46.4742270894
2025-01-06 22:00:00;68.4479123004;44.7146866807;0;44.5623388932
2025-01-06 23:00:00;60.8895672539;43.6499983038;0;53.2514021882
2025-01-07 00:00:00;33.83899619;23.3822524847;0;51.3180378439
2025-01-07 01:00:00;29.5251377755;31.3852065386;0;49.0967149575
2025-01-07 02:00:00;28.793853357;29.5849277958;0;29.6292464033
2025-01-07 03:00:00;37.4836901682;18.5300523119;0;40.829687258
2025-01-07 04:00:00;32.4287565588;32.2062443671;0;59.7314837733
2025-01-07 05:00:00;36.5311895748;28.3867400731;0;76.266754055
2025-01-07 06:00:00;82.1925207886;45.5136852843;10.9103420427;52.0703081594
2025-01-07 07:00:00;77.2258946018;53.0568105003;18.0674268394;34.6473166516
2025-01-07 08:00:00;78.4185008178;58.9297679365;23.0271010652;39.6482369486
2025-01-07 09:00:00;81.5068876068;47.46372421;32.4731077311;25.5311439777
2025-01-07 10:00:00;57.0259070396;48.1841834611;41.4755361424;34.959564164
2025-01-07 11:00:00;54.861581673;29.9564278774;45.6020609283;26.0947785139
2025-01-07 12:00:00;65.2515346548;38.2462099433;59.9126893996;38.9465043435
2025-01-07 13:00:00;46.7940496911;26.84772437;63.6019595371;38.7742138207
2025-01-07 14:00:00;49.8678323749;42.4676882791;62.3263282786;40.1476531689
2025-01-07 15:00:00;50.5785661643;32.6545413297;57.4278652845;30.0506138502
2025-01-07 16:00:00;46.5992759459;26.2605982218;45.8009897547;43.9638062275
2025-01-07 17:00:00;55.7745626082;40.443189313;41.3777821795;56.8313789628
2025-01-07 18:00:00;97.2147920942;79.9466165466;32.4329513342;27.9461835798
2025-01-07 19:00:00;103.4192437058;83.608509119;22.8314846386;43.9543893647
2025-01-07 20:00:00;103.3494596983;77.8822134059;16.5516885962;50.815703924
2025-01-07 21:00:00;101.9977843068;80.9274836386;0;57.4780629852
2025-01-07 22:00:00;54.0090512521;44.7994315948;0;41.3150506984
2025-01-07 23:00:00;63.7638369952;57.8722520446;0;14.0136786378
2025-01-08 00:00:00;33.3457980165;31.2906491899;0;70.7913461709
2025-01-08 01:00:00;26.9599416213;29.7247528719;0;62.8831350388
2025-01-08 02:00:00;33.1836924324;31.5676916678;0;29.8141692637
2025-01-08 03:00:00;31.6870845884;28.2732358739;0;44.8117709373
2025-01-08 04:00:00;24.2372453459;15.1207048238;0;73.5520045224
2025-01-08 05:00:00;26.1573198844;26.4821003178;0;71.9617849952
2025-01-08 06:00:00;86.380985173;56.9292959865;10.9498080183;65.2361659985
2025-01-08 07:00:00;82.6510915041;63.549862039;18.9073186125;30.3066143156
2025-01-08 08:00:00;78.7193554148;58.1376836398;24.2369634181;32.3601368555
2025-01-08 09:00:00;77.3955771607;55.365851342;33.3448695982;30.6647455913
2025-01-08 10:00:00;57.6872669117;29.7867436253;41.7014460994;40.6443920082
2025-01-08 11:00:00;58.0063811188;40.518689503;42.835286055;24.7608324283
2025-01-08 12:00:00;56.1997053564;35.7057077434;57.218994966;25.3159634624
2025-01-08 13:00:00;41.5425106636;30.7493300617;61.3328832894;46.3276878252
2025-01-08 14:00:00;54.5105089582;33.814126986;73.06703514;36.5759569585
2025-01-08 15:00:00;53.7483006961;34.4584651479;56.4582129621;49.7321957715
2025-01-08 16:00:00;43.6507996362;34.831271752;51.8236542762;30.776984521
2025-01-08 17:00:00;49.9938499994;33.2939034511;41.8347980078;36.4796366657
2025-01-08 18:00:00;98.4508264265;77.717505027;29.6170849135;28.4570212714
2025-01-08 19:00:00;101.3338458342;68.5410548453;26.088490075;47.6411478284
2025-01-08 20:00:00;100.9594487293;74.5204775971;17.4166051934;29.9760534961
2025-01-08 21:00:00;100.585644368;83.6528429266;0;41.7564340246
2025-01-08 22:00:00;69.0198008816;52.1937398366;0;30.478850637
2025-01-08 23:00:00;58.0250734222;49.3236185495;0;55.8032572604
2025-01-09 00:00:00;26.3628127872;29.1458919194;0;61.6750702076
2025-01-09 01:00:00;26.5683835673;23.6098479437;0;29.6795407372
2025-01-09 02:00:00;34.6969963038;43.15608506;0;69.7469620812
2025-01-09 03:00:00;22.5655395074;29.3609310995;0;84.9615061272
2025-01-09 04:00:00;26.568196876;18.1299393959;0;52.9063927314
2025-01-09 05:00:00;36.5107027805;32.0971078097;0;43.9214650454
2025-01-09 06:00:00;82.5733101966;52.9171035914;11.0457219538;89.2363184498
2025-01-09 07:00:00;82.3390213733;52.0200397331;14.9192032002;21.0346240707
2025-01-09 08:00:00;91.0700314213;53.6697882983;26.0376490472;31.5406321041
2025-01-09 09:00:00;82.5839381389;61.1025331304;28.4097391273;32.7921485467
2025-01-09 10:00:00;56.9821915368;35.7389600001;43.0155695497;41.936534773
2025-01-09 11:00:00;58.899682507;39.2807936064;58.2446176407;34.2052938691
2025-01-09 12:00:00;55.0595838723;33.11721557;51.7085583552;27.470740157
2025-01-09 13:00:00;55.1675743992;33.8277565974;57.0723751674;27.9068481741
2025-01-09 14:00:00;52.1013854481;35.2675191446;60.257245689;33.4845512023
2025-01-09 15:00:00;54.575721394;40.5627130394;53.8967754469;27.3966135902
2025-01-09 16:00:00;54.9742853976;22.980249437;43.4118544803;37.0511242259
2025-01-09 17:00:00;47.651909205;35.0573979181;41.3119736013;31.449082927
2025-01-09 18:00:00;98.5303276042;73.0328102246;29.2789337708;22.9379258468
2025-01-09 19:00:00;102.5490064374;85.8887390169;24.2974066245;61.8456083181
2025-01-09 20:00:00;98.8542906197;95.0694796265;14.9062840597;41.2174242239
2025-01-09 21:00:00;103.5240213776;80.288327802;0;32.1501530009
2025-01-09 22:00:00;65.2634652267;45.5680732664;0;45.0941523391
2025-01-09 23:00:00;59.4124008557;43.8495538585;0;47.8789598793
2025-01-10 00:00:00;30.6749779046;24.3547934175;0;29.1686592975
2025-01-10 01:00:00;29.577694727;35.4640970759;0;56.0667803016
2025-01-10 02:00:00;33.612274076;36.5124620998;0;38.2201833076
2025-01-10 03:00:00;26.9949792257;27.7569999305;0;73.9208315513
2025-01-10 04:00:00;21;19.9664763531;0;58.5559859932
2025-01-10 05:00:00;32.1189098672;29.330175739;0;46.5979765276
2025-01-10 06:00:00;86.1386957514;59.2075006172;11.431532507;42.1289951455
2025-01-10 07:00:00;83.7021249569;58.2814849899;14.7652578742;30.2492635491
2025-01-10 08:00:00;78.8124036259;43.8917961145;22.3289448707;35.823457256
2025-01-10 09:00:00;76.5858864136;57.969655182;33.3660084464;30.8664643976
2025-01-10 10:00:00;62.5578195346;44.3583959888;36.2639977886;29.3779747165
2025-01-10 11:00:00;60.9692359298;41.205337235;49.4034212655;31.5177650119
2025-01-10 12:00:00;59.7665138171;37.1290007817;60.7303679382;26.3748175948
2025-01-10 13:00:00;57.8532355781;35.103475658;51.000418446;33.1322581993
2025-01-10 14:00:00;45.3915501109;35.3387463006;59.3913829605;17.3436124355
2025-01-10 15:00:00;57.6398171297;28.1145905706;56.1240215108;45.0642771774
2025-01-10 16:00:00;49.7951781066;39.7006890811;51.5552587775;38.9491109302
2025-01-10 17:00:00;41.3920833888;25.6390755748;36.2444118149;29.233993473
2025-01-10 18:00:00;102.2478891249;65.2961206322;28.0178958711;53.4452874681
2025-01-10 19:00:00;107.372033414;92.7937815425;23.8764726653;47.6103518647
2025-01-10 20:00:00;101.4115534217;74.4069379465;16.1265565798;34.5264689026
2025-01-10 21:00:00;96.4177976338;71.4194197984;0;56.5769623538
2025-01-10 22:00:00;59.5922652485;58.4367177309;0;51.2336135933
2025-01-10 23:00:00;56.4753049591;52.4222073862;0;51.1932115787
2025-01-11 00:00:00;32.2131648049;16.1611207088;0;45.7908703675
2025-01-11 01:00:00;33.4802991723;19.5821316313;0;57.0168265561
2025-01-11 02:00:00;25.2467831651;18.8304132957;0;47.8918961887
2025-01-11 03:00:00;26.823881752;29.1067463005;0;58.3677279276
2025-01-11 04:00:00;33.404891093;36.9268098211;0;26.840474883
2025-01-11 05:00:00;26.1352007477;17.7772724485;0;45.6868697013
2025-01-11 06:00:00;64.1937190209;51.9208927875;10.1528563302;73.3084907814
2025-01-11 07:00:00;63.759320539;41.7880189683;15.843392258;24.8509243379
2025-01-11 08:00:00;70.6476043904;51.4443595078;21.2100700747;26.1056351607
2025-01-11 09:00:00;70.4546403699;40.943938328;31.2282641545;27.3038310592
2025-01-11 10:00:00;47.7818658374;35.0339874389;40.2894224125;21.409244093
2025-01-11 11:00:00;50.8829572566;37.0320389017;44.7713184559;13.7725975567
2025-01-11 12:00:00;57.7321687028;37.4615625071;61.8389706938;28.9747499882
2025-01-11 13:00:00;37.3751234389;29.9711708026;59.4490491364;37.090139134
2025-01-11 14:00:00;32.9755524045;19.7962385774;51.8190158731;35.4008976674
2025-01-11 15:00:00;43.8062342358;26.2873735913;56.6337535373;34.5724977216
2025-01-11 16:00:00;41.2615889075;33.5476628925;43.7823759685;36.2577479184
2025-01-11 17:00:00;38.5632812544;37.0169395658;41.8452225099;45.0445409105
2025-01-11 18:00:00;90.2011493582;70.5840859592;33.5002931033;34.1638500041
2025-01-11 19:00:00;91.0433014411;74.8808219077;20.9576704365;39.5015424032
2025-01-11 20:00:00;77.3295372006;67.3428135116;16.604243107;42.879398776
2025-01-11 21:00:00;84.3300976981;72.9790304064;0;52.8008232188
2025-01-11 22:00:00;61.2888960144;46.1459717623;0;62.4017986541
2025-01-11 23:00:00;53.4853950952;35.793499943;0;38.8782059293
2025-01-12 00:00:00;33.0424663723;21.2623904973;0;51.9732520868
2025-01-12 01:00:00;35.2780242538;37.9102705953;0;55.0090722826
2025-01-12 02:00:00;30.0768097134;27.7995699135;0;38.1332096367
2025-01-12 03:00:00;33.5850787204;28.5137725899;0;50.9776848767
2025-01-12 04:00:00;33.2312791973;28.8849843563;0;32.1344960241
2025-01-12 05:00:00;32.4256867354;18.5908165302;0;28.287773597
2025-01-12 06:00:00;67.8019750793;58.2683862587;10.0587716202;55.3690358636
2025-01-12 07:00:00;70.0252940977;52.2058024615;16.0731275509;27.5108307786
2025-01-12 08:00:00;66.6034019077;50.8579772721;25.272906528;31.9701937595
2025-01-12 09:00:00;69.3086933176;37.2650944063;29.4039731958;30.2951390214
2025-01-12 10:00:00;45.7425626959;39.4775795929;36.1892705066;23.0030047781
2025-01-12 11:00:00;47.4429637496;32.6709277311;43.1480005715;30.0869941964
2025-01-12 12:00:00;49.7303675216;28.3410484744;49.2034667306;21.0500677754
2025-01-12 13:00:00;37.6289686505;21.6132424042;55.6882329772;47.8491397859
2025-01-12 14:00:00;39.6030653736;22.3436047383;57.5631423636;23.4678525812
2025-01-12 15:00:00;41.1379761965;22.659090958;53.8041144491;33.7654119251
2025-01-12 16:00:00;43.6858236429;32.9145266691;49.5277572122;26.2521769421
2025-01-12 17:00:00;46.1473009503;31.3756375614;38.5515272474;40.566099598
2025-01-12 18:00:00;85.4142565126;69.6639059769;33.4804027965;32.5614455932
2025-01-12 19:00:00;93.5092569615;83.4988304703;21.4785809982;39.7280364656
2025-01-12 20:00:00;91.7250360377;70.4732711833;18.3632048965;55.3834271035
2025-01-12 21:00:00;89.7697084276;58.6985145087;0;45.982775158
2025-01-12 22:00:00;51.6921927921;44.8862943314;0;51.5427282592
2025-01-12 23:00:00;52.4368154987;47.3287111668;0;34.4482942635
2025-01-13 00:00:00;35.341730178;27.2012680759;0;32.5660029689
2025-01-13 01:00:00;35.5061084689;35.8366471276;0;51.5398504828
2025-01-13 02:00:00;36.0072602777;29.9496726567;0;46.1934506837
2025-01-13 03:00:00;30.1859707434;12.5800407716;0;58.0554365619
2025-01-13 04:00:00;32.4973522425;25.9546619219;0;49.1917950335
2025-01-13 05:00:00;36.0459592798;28.6389102613;0;52.7679524037
2025-01-13 06:00:00;79.548764999;61.3544324032;0.2560377691;29.8233033715
2025-01-13 07:00:00;80.9226113144;65.3367083911;0.3517592262;44.3351048572
2025-01-13 08:00:00;82.4276521397;61.3394984558;0.5024110993;28.8801146288
2025-01-13 09:00:00;86.403681477;59.5895327335;0.7800480252;35.3689804343
2025-01-13 10:00:00;64.9473900453;49.4184381786;0.9471383863;23.8216370486
2025-01-13 11:00:00;59.7902268667;40.1782525298;1.229708253;32.4357843515
2025-01-13 12:00:00;54.0403728224;29.6630543099;1.3680530926;20.3073687383
2025-01-13 13:00:00;51.1737572219;35.7732931105;1.3949873256;39.1071596546
2025-01-13 14:00:00;45.9335068546;35.5041848805;1.3081074488;32.0092838754
2025-01-13 15:00:00;43.3612165517;24.825630042;1.1584056858;35.3925865555
2025-01-13 16:00:00;44.3785074493;40.2763612041;1.1217095116;41.2672104569
2025-01-13 17:00:00;51.5346440079;43.6928305273;1.0304500185;24.3094875951
2025-01-13 18:00:00;110.0065270693;76.3906570357;0.7639225719;29.1235704256
2025-01-13 19:00:00;104.0568842682;87.9934775067;0.4947250475;50.3399989023
2025-01-13 20:00:00;104.833071891;77.3328922106;0.3828883143;68.8719157449
2025-01-13 21:00:00;109.2048861701;80.6430590129;0;43.6156130392
2025-01-13 22:00:00;53.8790682762;54.2469458776;0;51.8512391206
2025-01-13 23:00:00;63.1699092643;45.1902694247;0;43.9669720163
2025-01-14 00:00:00;29.9478459706;33.9675981771;0;2.1690903008
2025-01-14 01:00:00;32.5472585647;21.4777761447;0;0.8223287904
2025-01-14 02:00:00;27.8243224122;13.5591895429;0;1.494654277
2025-01-14 03:00:00;26.3192821931;23.5481845283;0;0.8667446211
2025-01-14 04:00:00;30.6322900693;30.9387399382;0;0.5451442674
2025-01-14 05:00:00;37.421360955;21.94582224;0;1.5686970706
2025-01-14 06:00:00;86.4526603437;49.3153372007;9.5947007823;1.5110355802
2025-01-14 07:00:00;80.2939474075;56.5761011751;13.3968311783;0.8136847294
2025-01-14 08:00:00;76.5441907114;43.7260424637;21.2333724323;0.8528105913
2025-01-14 09:00:00;75.0092620966;51.3991489156;28.8035027097;1.5546498921
2025-01-14 10:00:00;66.9188711883;44.3782850475;33.4469090735;0.8195241229
2025-01-14 11:00:00;56.6985533584;42.513962519;45.6759598466;0.9877949524
2025-01-14 12:00:00;59.5316132965;32.9341411463;52.5747865506;0.7338468418
2025-01-14 13:00:00;56.1508031132;45.9478177714;58.2034861327;1.097518273
2025-01-14 14:00:00;42.9427964962;30.0403578488;58.0781531085;0.9612069214
2025-01-14 15:00:00;56.9205433384;44.4720509942;44.7717484156;0.9171846895
2025-01-14 16:00:00;49.0639710033;40.2399787474;41.0734307868;1.4868455563
2025-01-14 17:00:00;45.0367281272;25.8534904744;38.3298021214;1.3228748386
2025-01-14 18:00:00;103.0476269194;84.7273206397;29.8484144757;1.0570219323
2025-01-14 19:00:00;100.9090205753;71.4588853101;21.8396837638;0.5571102111
2025-01-14 20:00:00;106.1443951867;73.7796875289;18.8595122591;1.1955025294
2025-01-14 21:00:00;101.2441101391;89.2868301808;0;2.2021178121
2025-01-14 22:00:00;52.3940337058;54.2302759079;0;1.2383250709
2025-01-14 23:00:00;60.0038922501;55.308452566;0;1.6765388784
2025-01-15 00:00:00;23.8955472647;20.7663543079;0;66.8726918083
2025-01-15 01:00:00;30.9194394779;24.9636361576;0;51.844259431
2025-01-15 02:00:00;24.6579135047;27.835593486;0;38.8089165758
2025-01-15 03:00:00;27.8039423857;25.7731773868;0;19.2274868943
2025-01-15 04:00:00;30.821645119;19.4803579456;0;57.5608081623
2025-01-15 05:00:00;29.0439357373;19.2750012435;0;39.1415094877
2025-01-15 06:00:00;83.9296667894;57.1888888219;9.5100075013;51.3181510363
2025-01-15 07:00:00;85.8640227617;52.2582175495;15.3657115751;20.2771624465
2025-01-15 08:00:00;77.5920288671;46.5644478996;22.059284891;27.5365228611
2025-01-15 09:00:00;82.5129415831;57.5876862911;29.4732937787;29.7407393841
2025-01-15 10:00:00;46.1817807982;33.9832373286;35.0627949899;31.4724767647
2025-01-15 11:00:00;62.2775477445;49.0688721262;46.0225388642;21.2725081333
2025-01-15 12:00:00;59.8108843003;38.3826350524;46.1254927844;38.316990357
2025-01-15 13:00:00;45.9199326368;29.9823646458;51.3445294771;29.2730706446
2025-01-15 14:00:00;51.7661939728;39.946462818;50.3039004067;20.0039127398
2025-01-15 15:00:00;55.6225956698;33.8321670861;49.4872085943;33.4696769859
2025-01-15 16:00:00;48.2033767083;30.4225148448;51.4224136361;34.7031742945
2025-01-15 17:00:00;46.0937913664;30.8045607578;30.5967696964;35.7888518563
2025-01-15 18:00:00;105.1835268259;78.810074037;29.5514377914;46.1243689895
2025-01-15 19:00:00;98.430683145;87.4971507512;17.8508748927;41.6231743394
2025-01-15 20:00:00;101.4691969775;70.8678383935;13.5542470795;42.9152526089
2025-01-15 21:00:00;109.9417228723;94.5045297217;0;32.0374710741
2025-01-15 22:00:00;61.4443544211;57.1245720981;0;53.3131423379
2025-01-15 23:00:00;52.7069465492;48.9317389563;0;46.276566495
2025-01-16 00:00:00;21.9135375872;43.2083227337;0;43.5298926044
2025-01-16 01:00:00;30.7293856169;34.4247518495;0;25.4776513942
2025-01-16 02:00:00;33.8807575916;30.5223718738;0;66.2001434905
2025-01-16 03:00:00;22.7207034362;17.1024566151;0;33.7094212523
2025-01-16 04:00:00;32.0237067337;18.4076630704;0;41.4476121231
2025-01-16 05:00:00;35.9865457837;28.9747535865;0;52.9943401927
2025-01-16 06:00:00;91.5232831047;51.0748579501;0.6519988161;34.0878428642
2025-01-16 07:00:00;84.5184200783;61.8396651645;0.9336891888;18.286272941
2025-01-16 08:00:00;85.3085293344;45.7855412696;1.2350285972;13.6868702925
2025-01-16 09:00:00;73.4285877346;57.024584536;1.7416487567;34.442360112
2025-01-16 10:00:00;70.7823247102;46.5768865389;2.5010245539;25.2048329338
2025-01-16 11:00:00;58.7437322853;40.6990524164;2.6940704593;50.5383785455
2025-01-16 12:00:00;57.1328180313;35.8649859942;3.2983672294;21.9278907042
2025-01-16 13:00:00;49.3377709318;24.1850155024;3.4639107403;26.2030617233
2025-01-16 14:00:00;57.2887289007;47.3895677523;3.271417145;29.23364893
2025-01-16 15:00:00;60.4224057508;48.7575083265;3.7983142046;36.1154297414
2025-01-16 16:00:00;51.0505375945;34.6145076909;3.0063556056;30.0438552345
2025-01-16 17:00:00;54.9775773135;43.2681646319;1.9877598762;39.2578538173
2025-01-16 18:00:00;104.9168152927;79.3203700103;1.8749186945;25.7167371743
2025-01-16 19:00:00;100.0523174451;80.6235456118;1.2800039897;28.6541683417
2025-01-16 20:00:00;111.3677435922;91.6967320684;0.9922592166;24.0949152026
2025-01-16 21:00:00;101.922823412;85.7238539717;0;19.4400564639
2025-01-16 22:00:00;68.2433267244;66.4930486067;0;38.104002792
2025-01-16 23:00:00;67.1768742282;51.0684576479;0;40.4796813299
2025-01-17 00:00:00;32.7631631878;26.1184769823;0;40.5268718966
2025-01-17 01:00:00;38.2303864031;22.7617033654;0;63.0829338143
2025-01-17 02:00:00;40.0455571493;25.3778692008;0;62.8979515316
2025-01-17 03:00:00;29.2114048667;29.2145694522;0;44.0956488021
2025-01-17 04:00:00;26.3604264671;16.396572932;0;26.5411325746
2025-01-17 05:00:00;21.6107857323;31.1565044799;0;41.305655677
2025-01-17 06:00:00;93.3551297239;60.2418143493;0.4302761221;40.9072366818
2025-01-17 07:00:00;81.2754905343;51.0788455546;0.7050062017;24.1306214413
2025-01-17 08:00:00;88.3617254314;52.8862066245;1.0771050125;23.8376644356
2025-01-17 09:00:00;79.9184104207;58.2641044321;1.5130686855;24.1571284186
2025-01-17 10:00:00;68.4252400649;47.4536215947;1.6425016435;26.0839116676
2025-01-17 11:00:00;58.3525155177;50.9806274851;2.133039489;24.2864977147
2025-01-17 12:00:00;56.1403085796;31.9121896865;2.3891468633;30.3779650726
2025-01-17 13:00:00;49.6892582947;31.8684176596;2.5055063693;36.721437025
2025-01-17 14:00:00;48.2345465797;34.0457430707;3.017065905;26.0174217527
2025-01-17 15:00:00;53.3108862686;32.2533971545;2.5639714224;44.3909921465
2025-01-17 16:00:00;50.3962600617;37.1925871399;1.9706120408;25.4328152566
2025-01-17 17:00:00;53.4521980095;41.1541207165;1.9503927797;20.0620154946
2025-01-17 18:00:00;103.6954778392;82.586082535;1.6552994077;36.8933171824
2025-01-17 19:00:00;102.0120912985;88.5957079956;1.1207920355;34.4605235227
2025-01-17 20:00:00;102.3790520025;71.7447627743;0.6250502652;46.7901549008
2025-01-17 21:00:00;114.2072990592;92.7819785029;0;17.2847848688
2025-01-17 22:00:00;62.5163138759;49.1248034123;0;58.3885281761
2025-01-17 23:00:00;52.5761147383;41.7496502606;0;50.5907397785
2025-01-18 00:00:00;27.6590594395;27.802838013;0;29.7525850852
2025-01-18 01:00:00;30.4358971461;19.4957794784;0;30.0108799205
2025-01-18 02:00:00;38.3042985656;21.694113229;0;67.518699967
2025-01-18 03:00:00;34.6291442215;30.0542731492;0;38.8359557056
2025-01-18 04:00:00;25.8522697358;24.879407638;0;37.6836571069
2025-01-18 05:00:00;40.8826008911;29.8851869587;0;20.639707375
2025-01-18 06:00:00;70.2562042224;52.8743276494;8.1344755877;43.4377928706
2025-01-18 07:00:00;76.0049100138;57.1901533267;14.4350551014;26.9415579407
2025-01-18 08:00:00;65.1988876257;42.9325958713;17.9904493533;33.6779659819
2025-01-18 09:00:00;59.6046919354;38.2969380799;26.9911779531;18.575734588
2025-01-18 10:00:00;45.5218776913;27.5015389537;35.5431218846;17.7100666552
2025-01-18 11:00:00;37.2333187551;29.608146685;37.3776326046;31.7886942308
2025-01-18 12:00:00;61.3642213706;33.4664819316;45.5288823453;35.7579751595
2025-01-18 13:00:00;43.5569143;34.3743350802;36.0699041531;20.237916718
2025-01-18 14:00:00;38.430618082;36.1815560138;44.7063602632;42.3407614418
2025-01-18 15:00:00;44.6283242999;30.7751245404;44.822396221;33.6420588467
2025-01-18 16:00:00;43.4435193278;29.0002039333;36.3413721122;42.4265113721
2025-01-18 17:00:00;45.3857164453;45.829089576;37.8398391607;32.7441505358
2025-01-18 18:00:00;94.3759236351;85.1437868228;23.0834898186;12.3128416276
2025-01-18 19:00:00;87.6283871414;65.061528888;18.3987396073;41.2238685126
2025-01-18 20:00:00;84.9737554526;68.0870153096;13.2437432209;54.2091827593
2025-01-18 21:00:00;92.6580207947;77.081906181;0;33.2772142023
2025-01-18 22:00:00;55.4703168985;51.1065231778;0;38.6956328022
2025-01-18 23:00:00;52.3131305346;50.5532258156;0;40.9649775147
2025-01-19 00:00:00;39.7989938491;31.6452835028;0;12.9598796034
2025-01-19 01:00:00;28.0298004471;24.4160902833;0;66.7886495088
2025-01-19 02:00:00;25.9506391276;28.942516;0;36.4909628482
2025-01-19 03:00:00;31.8814114238;31.8965152274;0;53.0618130128
2025-01-19 04:00:00;26.9627796439;29.8562962954;0;46.0849811732
2025-01-19 05:00:00;32.2298243587;27.6284384695;0;61.9163737957
2025-01-19 06:00:00;66.8415613533;37.0424201711;9.205787043;51.8879391825
2025-01-19 07:00:00;68.7890082314;46.0926680958;11.3156601962;26.603658463
2025-01-19 08:00:00;79.0988803947;59.3748939966;20.3317154689;21.9501198539
2025-01-19 09:00:00;68.7649553992;49.0820581653;25.4451594163;33.9011458523
2025-01-19 10:00:00;48.4102419303;42.1774696357;30.0821585939;15.0260566669
2025-01-19 11:00:00;57.2731284276;51.5639914978;40.8337340092;32.8274093036
2025-01-19 12:00:00;47.2753851021;28.1470192541;45.3316979542;20.4978672972
2025-01-19 13:00:00;39.5943170297;36.2565946642;45.218158634;43.2974790501
2025-01-19 14:00:00;45.3070866076;31.0505517632;47.7641734147;34.3038935758
2025-01-19 15:00:00;46.9354129728;39.5853451757;43.2456668447;38.2840806945
2025-01-19 16:00:00;48.2047053252;34.9740210209;39.7356041185;33.6500913744
2025-01-19 17:00:00;39.3500633204;44.4296300351;34.3747536365;18.5283986736
2025-01-19 18:00:00;91.8571621591;73.6563123775;28.6502211173;25.8787457092
2025-01-19 19:00:00;87.0776362327;64.9062027493;16.7588953034;49.5219721096
2025-01-19 20:00:00;86.4496727799;71.4221657839;14.9656878439;44.1617763992
2025-01-19 21:00:00;94.589580651;76.6103726993;0;54.912555237
2025-01-19 22:00:00;49.532079097;52.1163955156;0;46.6696639225
2025-01-19 23:00:00;53.2569945605;43.4655704188;0;32.1494835971
2025-01-20 00:00:00;30.7001076115;39.9607847866;0;37.3276142362
2025-01-20 01:00:00;25.1816053065;23.463500591;0;47.801243277
2025-01-20 02:00:00;34.3474178491;27.3974504143;0;19.6423135259
2025-01-20 03:00:00;32.5212640216;20.6713926858;0;66.0987170785
2025-01-20 04:00:00;21.0616922466;24.409082544;0;51.7487914358
2025-01-20 05:00:00;31.2483950006;25.3566826222;0;60.8978267434
2025-01-20 06:00:00;80.4591620998;57.3882760057;6.7905308982;28.1872942107
2025-01-20 07:00:00;88.8743814324;59.8462016058;12.3124715106;36.6612404663
2025-01-20 08:00:00;77.433243288;48.5229746115;18.9882657851;43.5602329378
2025-01-20 09:00:00;82.3333961947;50.8459578353;25.344461857;18.7279440428
2025-01-20 10:00:00;63.6447673946;42.2007865159;30.2419561864;33.353672462
2025-01-20 11:00:00;62.2601882388;50.3901439483;37.7520538492;27.9690783371
2025-01-20 12:00:00;65.4489690704;53.904506305;41.7872353012;17.1652174046
2025-01-20 13:00:00;44.2218151589;32.0547892288;44.1252817725;36.6411978401
2025-01-20 14:00:00;58.4883286119;34.2522773826;49.4562164033;39.4198943081
2025-01-20 15:00:00;53.4178650605;37.6919088904;44.7454962276;27.7191209916
2025-01-20 16:00:00;57.1734460545;52.420140639;36.2631260935;42.1300372834
2025-01-20 17:00:00;54.9887948575;46.3333725629;34.1180315363;19.0284423446
2025-01-20 18:00:00;105.8071826769;86.1763493596;25.3966294288;20.4312277483
2025-01-20 19:00:00;100.0805362428;83.4814028801;19.3140310007;43.3742704671
2025-01-20 20:00:00;103.3234388763;89.7017098573;13.0916235509;42.2081563866
2025-01-20 21:00:00;113.0124631898;81.6701767891;0;34.4283516022
2025-01-20 22:00:00;68.2501269326;55.113367215;0;50.4309774322
2025-01-20 23:00:00;59.2274570047;39.897901733;0;47.5086687557
2025-01-21 00:00:00;21;27.1631442999;0;55.9923680423
2025-01-21 01:00:00;29.0428961956;25.2797033328;0;44.6827001846
2025-01-21 02:00:00;28.7053370034;28.3550518814;0;53.0469310463
2025-01-21 03:00:00;28.8760232458;21.5007414513;0;40.9655741587
2025-01-21 04:00:00;32.3784264082;32.2345367794;0;69.7731454797
2025-01-21 05:00:00;33.9429566069;26.3512603117;0;36.7369290486
2025-01-21 06:00:00;88.623178883;61.556489053;7.3217920888;70.3664624842
2025-01-21 07:00:00;86.1725220516;65.7458082023;11.6014083977;27.9024039013
2025-01-21 08:00:00;76.0633627624;59.8230037902;18.7283952426;18.1490926524
2025-01-21 09:00:00;82.6314321239;57.2409284153;25.3340945537;37.1218036723
2025-01-21 10:00:00;72.5560272167;54.5919794986;30.963301363;28.5317878725
2025-01-21 11:00:00;63.8715984974;54.5135528061;37.7625781939;33.5469102843
2025-01-21 12:00:00;63.8428112488;46.3598190906;46.7257943705;36.1244574007
2025-01-21 13:00:00;52.8157060546;33.0982444202;42.9911377251;34.9979035747
2025-01-21 14:00:00;53.0672276269;41.340422222;47.1018955348;27.4932338127
2025-01-21 15:00:00;40.4740145108;30.1385290259;41.7069816748;40.143227572
2025-01-21 16:00:00;50.1201598995;22.4873694078;36.7599262407;32.2774297082
2025-01-21 17:00:00;51.0275015826;39.684187916;33.7414620941;37.8047211535
2025-01-21 18:00:00;111.9127679479;88.0568128412;25.7496432913;14.8953945113
2025-01-21 19:00:00;106.3605666771;88.6495323957;18.8220083258;46.1282252333
2025-01-21 20:00:00;98.7367374116;73.4613776554;13.4141898053;34.8677102869
2025-01-21 21:00:00;108.0814398541;74.3287249421;0;58.6413789964
2025-01-21 22:00:00;58.5704122737;52.2226301583;0;47.9549564238
2025-01-21 23:00:00;56.7120878059;44.1891302398;0;43.979743004
2025-01-22 00:00:00;26.2462842898;24.49400583;0;51.1498640379
2025-01-22 01:00:00;32.4412690335;26.2915821102;0;34.2217418111
2025-01-22 02:00:00;35.6644255789;19.5730975105;0;64.1125592295
2025-01-22 03:00:00;32.1731847533;23.1545170163;0;68.3095423091
2025-01-22 04:00:00;32.8441045063;23.3265160353;0;50.0850206802
2025-01-22 05:00:00;32.1287037278;30.6763248957;0;63.7379902132
2025-01-22 06:00:00;84.8527088723;59.6318749998;7.6508195171;39.1162455185
2025-01-22 07:00:00;87.5329244338;58.002378151;12.4753403271;21.9102833989
2025-01-22 08:00:00;73.5122469747;61.554889177;16.7852292277;27.6431301169
2025-01-22 09:00:00;84.8966341573;55.2529980897;24.1367750761;30.3385140302
2025-01-22 10:00:00;57.6578897766;45.0747285525;29.8943006565;24.66799101
2025-01-22 11:00:00;67.5931140088;45.3659702218;36.7215434225;31.0419333016
2025-01-22 12:00:00;61.6978535589;52.5491252382;43.2565080047;29.4591194316
2025-01-22 13:00:00;51.4809767575;38.1195171232;41.0764732904;23.956289331
2025-01-22 14:00:00;44.5688869262;32.9673013187;51.3110023669;36.0641494146
2025-01-22 15:00:00;55.9174493609;38.4405013175;37.9674371356;38.8154554863
2025-01-22 16:00:00;54.1646869015;40.1911316147;32.8993050458;33.2921849191
2025-01-22 17:00:00;53.8479758308;45.5040671313;33.0076309408;41.122899491
2025-01-22 18:00:00;102.7748178858;85.8136597378;25.0166649444;22.2076924002
2025-01-22 19:00:00;102.9520414184;79.6896822802;18.0718769757;45.8464865921
2025-01-22 20:00:00;107.4396182656;94.5174913939;12.4246064689;29.036286305
2025-01-22 21:00:00;103.3081778745;87.7409957531;0;29.6129584742
2025-01-22 22:00:00;64.3170707644;53.4833078505;0;34.5706576317
2025-01-22 23:00:00;52.6359457199;32.2015619196;0;31.3781003698
2025-01-23 00:00:00;27.8060494962;8.870257079;0;38.9321254148
2025-01-23 01:00:00;38.0853905944;0.9001902185;0;42.6972758913
2025-01-23 02:00:00;31.977686226;9.4851650977;0;54.5540199908
2025-01-23 03:00:00;30.7505714904;8.5667177551;0;41.4904183674
2025-01-23 04:00:00;38.9335194105;8.3178115601;0;27.2296086119
2025-01-23 05:00:00;21;8.6365851088;0;57.97031392
2025-01-23 06:00:00;80.9582913773;0.8005026525;7.4283930892;35.6716843689
2025-01-23 07:00:00;82.821912121;1.5116809398;10.689937752;26.6701398787
2025-01-23 08:00:00;88.4897719424;1.3437242656;16.8581772278;30.0891495827
2025-01-23 09:00:00;88.5676450284;1.1124181075;21.6627511528;28.418232004
2025-01-23 10:00:00;58.635863355;3.2771121953;31.7028360488;34.4716680426
2025-01-23 11:00:00;67.023687995;8.3021688295;35.056303598;30.3088472011
2025-01-23 12:00:00;60.7179770924;2.5196214363;37.5423022048;21.239120696
2025-01-23 13:00:00;56.9381229366;2.4422167899;41.6892213883;48.7778059839
2025-01-23 14:00:00;46.8388524796;6.7588875742;44.2028995393;33.1129441033
2025-01-23 15:00:00;50.9308424254;0.9692510214;38.384098029;30.4155377344
2025-01-23 16:00:00;49.279991702;3.6027999236;33.1402646161;39.1886306855
2025-01-23 17:00:00;56.2378812932;2.9542630684;29.9819989964;33.5480793009
2025-01-23 18:00:00;104.3689737678;8.4730086413;23.3523484416;34.7305235799
2025-01-23 19:00:00;106.5304708618;5.1450127763;16.0769894696;65.8976807502
2025-01-23 20:00:00;109.0021405318;6.4647356412;11.0826226698;37.8086725525
2025-01-23 21:00:00;109.1751524159;1.2903433821;0;37.375868753
2025-01-23 22:00:00;66.524180279;9.2891826056;0;41.7845484087
2025-01-23 23:00:00;63.4829550412;3.2245215413;0;51.4774593749
2025-01-24 00:00:00;16.4748992654;19.3359553419;0;27.8168933505
2025-01-24 01:00:00;16.6556421653;27.9008032839;0;22.6960846787
2025-01-24 02:00:00;17.6453647888;27.8589252343;0;38.0738504893
2025-01-24 03:00:00;18.2357641892;23.2260434868;0;26.3957533424
2025-01-24 04:00:00;17.1896355157;36.2178570453;0;39.8842760719
2025-01-24 05:00:00;17.6283085699;13.5490613795;0;50.2295019761
2025-01-24 06:00:00;45.7198188728;54.2288626756;7.3693099746;34.686540065
2025-01-24 07:00:00;51.4798715823;59.0248913068;9.9076324997;17.2236617349
2025-01-24 08:00:00;50.1978183187;54.8448586901;14.4685034941;27.2383066475
2025-01-24 09:00:00;52.3618713578;55.2252911824;21.0045038333;32.5476718338
2025-01-24 10:00:00;36.7413370966;45.2250174005;28.1263551911;15.4288076454
2025-01-24 11:00:00;32.1573655261;37.9616105935;35.3747612062;32.2644605152
2025-01-24 12:00:00;35.7958162561;39.85779521;43.7283726993;32.2448738892
2025-01-24 13:00:00;29.7240811584;28.1793445675;44.4912089884;38.6871451318
2025-01-24 14:00:00;32.2100036883;28.7083865804;41.1018299073;40.7518436355
2025-01-24 15:00:00;24.7926370744;29.2775992193;39.052536654;48.4323962679
2025-01-24 16:00:00;30.3598026954;35.6934992477;31.7479675908;28.4557880728
2025-01-24 17:00:00;31.6056091302;38.0743564421;28.5725977974;32.092220636
2025-01-24 18:00:00;60.9555498679;80.7234896291;21.7707381984;27.9845346946
2025-01-24 19:00:00;62.896430856;79.8764638618;16.7252596269;40.1811406238
2025-01-24 20:00:00;61.0463861362;78.9032685697;10.4642045451;55.55183625
2025-01-24 21:00:00;60.7760333325;77.8976642595;0;26.6569124494
2025-01-24 22:00:00;35.6640531345;63.2011928039;0;31.5160755363
2025-01-24 23:00:00;34.8670668743;37.9956398114;0;53.9886340552
2025-01-25 00:00:00;33.0762824037;22.9885706561;0;55.3947714829
2025-01-25 01:00:00;26.6927165542;20.249354601;0;40.1318777385
2025-01-25 02:00:00;25.9369049683;19.3424884404;0;53.5670386397
2025-01-25 03:00:00;37.9556790008;28.2514389713;0;47.9041654821
2025-01-25 04:00:00;34.3233300532;24.9066154728;0;60.6940715749
2025-01-25 05:00:00;21.623189877;21.5455696921;0;44.9611327616
2025-01-25 06:00:00;68.3220966302;45.4035406331;7.3283389931;55.4565175218
2025-01-25 07:00:00;72.8546373072;45.7419478856;12.2338357503;43.9757039371
2025-01-25 08:00:00;73.220451737;53.3443016072;15.7179316048;30.4432828246
2025-01-25 09:00:00;65.0563360387;58.5283069594;22.3689186688;26.809957429
2025-01-25 10:00:00;58.0987101686;36.319283638;29.3643785289;31.2665700211
2025-01-25 11:00:00;56.5986753372;43.3705279217;32.4895020643;24.0648970565
2025-01-25 12:00:00;55.053722795;38.7876343482;38.7181965197;42.2937176812
2025-01-25 13:00:00;49.5512494173;40.0190233237;40.530224145;32.288182709
2025-01-25 14:00:00;45.4812761756;38.1418095453;40.8058234158;28.7890346456
2025-01-25 15:00:00;45.4645851657;35.8154962186;35.6841096858;24.4421328328
2025-01-25 16:00:00;50.4555279323;36.2582406945;33.6327394194;39.3725310815
2025-01-25 17:00:00;48.4014593223;33.1808449346;28.9366167786;37.5956855869
2025-01-25 18:00:00;86.855158853;65.2141608007;24.1884180504;27.055535899
2025-01-25 19:00:00;93.4913207221;72.7446625921;17.0726981989;45.4499341798
2025-01-25 20:00:00;87.6527370258;63.7261910843;12.7747425871;24.7431817183
2025-01-25 21:00:00;92.9106378974;71.0523264158;0;41.5620363547
2025-01-25 22:00:00;55.0299262325;55.7900202846;0;44.2214868812
2025-01-25 23:00:00;46.6595625448;36.0676536034;0;56.6809837197
2025-01-26 00:00:00;29.4516947491;30.2412695904;0;35.2452820532
2025-01-26 01:00:00;31.1936566061;34.6323469965;0;29.7057437744
2025-01-26 02:00:00;28.0366941405;23.9047100295;0;33.8852205829
2025-01-26 03:00:00;31.4161947408;27.2078319921;0;29.0703397242
2025-01-26 04:00:00;33.6265399965;23.5073397651;0;58.2475811374
2025-01-26 05:00:00;29.862331211;18.4906884457;0;60.5612831915
2025-01-26 06:00:00;72.9711897976;44.5835759407;6.4189484482;47.1535174147
2025-01-26 07:00:00;78.1859005059;58.7938916878;11.3312624735;34.1930666262
2025-01-26 08:00:00;74.089876777;52.898820473;15.6374398497;27.0723481066
2025-01-26 09:00:00;72.864201456;61.5379079764;24.7551147668;25.5722208737
2025-01-26 10:00:00;48.7215119059;42.9456239322;25.2988233019;24.0140980947
2025-01-26 11:00:00;56.0524861656;36.4465525671;30.4341881348;24.1624056807
2025-01-26 12:00:00;54.5185438866;45.2463904856;35.197251137;16.0588868543
2025-01-26 13:00:00;49.3458850469;34.5674266668;32.6676093261;32.5799008776
2025-01-26 14:00:00;43.7800110401;40.4265940636;37.6991158274;30.2527723753
2025-01-26 15:00:00;35.3958583447;25.3476647181;34.7248038663;36.2556626163
2025-01-26 16:00:00;35.9185136856;22.6872449097;33.0184631332;31.2754741796
2025-01-26 17:00:00;46.8796210322;30.7960247288;27.7873421036;29.317838631
2025-01-26 18:00:00;88.3222440009;66.5629945935;24.2265849753;23.9048149322
2025-01-26 19:00:00;92.8535700706;68.3341027;16.5831839611;40.00140053
2025-01-26 20:00:00;91.4021620908;68.9673102028;10.1032377136;46.5444481711
2025-01-26 21:00:00;90.1373366859;78.9867946481;0;28.061429556
2025-01-26 22:00:00;52.5992433292;58.6302757593;0;40.1518963723
2025-01-26 23:00:00;49.1386163416;29.8793045105;0;41.5818454556
2025-01-27 00:00:00;29.9290004;32.4552501889;0;35.4304678021
2025-01-27 01:00:00;27.3697795524;21.9236088979;0;36.8361467714
2025-01-27 02:00:00;28.3248456594;26.3469756213;0;45.6719927658
2025-01-27 03:00:00;28.5435792988;15.2183369951;0;30.9464470251
2025-01-27 04:00:00;28.9798802855;27.3266072818;0;46.9600470373
2025-01-27 05:00:00;34.1497805543;15.0320247039;0;33.5165198727
2025-01-27 06:00:00;84.9690757611;58.3671588103;6.1658500564;54.6565556389
2025-01-27 07:00:00;90.1597950071;61.515863879;10.6943099358;41.0524011712
2025-01-27 08:00:00;92.4734817735;63.6052844844;13.3897550299;20.3340129028
2025-01-27 09:00:00;89.4003854222;55.0687034848;23.4610427685;29.3697032544
2025-01-27 10:00:00;65.6324592772;49.7625631075;28.7540388995;21.2020758304
2025-01-27 11:00:00;64.698095812;47.412806546;30.5039538096;32.6520822815
2025-01-27 12:00:00;67.1214650601;46.116291056;30.9915160194;17.7139097811
2025-01-27 13:00:00;52.4665823815;41.4305496613;42.3703592587;33.8594433127
2025-01-27 14:00:00;56.4950233646;40.0451672648;37.8794016697;23.6305775387
2025-01-27 15:00:00;54.8279351816;42.4237368625;39.4698307355;28.6635204749
2025-01-27 16:00:00;50.4451769843;37.2640086464;27.6508961767;22.4363095311
2025-01-27 17:00:00;56.0957880183;41.70073108;25.0149882231;36.4421249285
2025-01-27 18:00:00;108.2905781425;88.0921233015;20.4714720297;23.9026918036
2025-01-27 19:00:00;107.4013240814;80.4730622387;15.027236223;44.2270767836
2025-01-27 20:00:00;105.7360218938;75.452476767;9.9189144308;35.5208977939
2025-01-27 21:00:00;108.626002931;87.0536532919;0;37.7519503597
2025-01-27 22:00:00;67.7114326387;65.0533216535;0;40.2997713833
2025-01-27 23:00:00;67.2275808945;50.3794120167;0;31.4622481035
2025-01-28 00:00:00;31.5902720886;27.0065624827;0;44.9571241633
2025-01-28 01:00:00;32.6983963833;24.553059475;0;59.0513679614
2025-01-28 02:00:00;35.7226355619;32.2318734539;0;34.4026040603
2025-01-28 03:00:00;29.3251516897;22.5709988438;0;55.2231443222
2025-01-28 04:00:00;24.9806099841;20.7541782522;0;58.7071510168
2025-01-28 05:00:00;35.8550843348;34.5195592142;0;33.9962078401
2025-01-28 06:00:00;83.401306109;54.2211392646;6.7711304536;27.1742161722
2025-01-28 07:00:00;82.678786688;62.1563217341;9.1363660146;27.561082222
2025-01-28 08:00:00;77.7024183441;60.7043778929;14.3691851133;22.1194909373
2025-01-28 09:00:00;88.3560819823;61.9772265533;20.0578250606;37.5979837113
2025-01-28 10:00:00;56.1049443718;33.5134250695;26.5591014508;25.8495288437
2025-01-28 11:00:00;60.0253165477;43.3097346147;32.5217608587;20.4871329819
2025-01-28 12:00:00;66.0485467576;45.481163966;31.7299966893;18.2771003986
2025-01-28 13:00:00;55.4582132878;36.4604839769;32.5605762166;38.044008548
2025-01-28 14:00:00;49.276898985;37.1300394981;40.9095173187;25.6283579454
2025-01-28 15:00:00;51.6058776805;42.2172242905;35.7939753987;30.2252121896
2025-01-28 16:00:00;48.2828922831;33.0078968132;28.9275697265;37.0416743559
2025-01-28 17:00:00;49.7417821068;36.2758380222;28.6747646653;26.278075207
2025-01-28 18:00:00;109.3671039746;83.4966643958;20.0504807668;29.5543273692
2025-01-28 19:00:00;105.9117252493;89.2561169955;15.906003362;38.2805730213
2025-01-28 20:00:00;107.0701676231;81.4335049867;10.0435301358;45.0065080539
2025-01-28 21:00:00;101.5779552366;72.7828574925;0;44.1168173167
2025-01-28 22:00:00;68.4997839239;49.3199525472;0;36.3245129349
2025-01-28 23:00:00;65.6967808516;49.4044917302;0;39.0514588012
2025-01-29 00:00:00;33.5680741733;21.9208862482;0;38.3176733187
2025-01-29 01:00:00;35.8069139608;32.3174665775;0;26.6389572415
2025-01-29 02:00:00;26.28654206;16.3148064947;0;44.9645595716
2025-01-29 03:00:00;28.3872248264;20.0328777038;0;62.2274882759
2025-01-29 04:00:00;21.4732453459;17.0419227523;0;32.9110691757
2025-01-29 05:00:00;44.1319030955;34.628812168;0;34.0800612171
2025-01-29 06:00:00;85.344485773;61.9508165652;7.2898071492;33.0482711368
2025-01-29 07:00:00;90.6918952415;63.0166886105;11.0538558639;29.9378728445
2025-01-29 08:00:00;80.4458945424;48.7091957289;13.8219536777;28.1882960721
2025-01-29 09:00:00;90.5013676073;56.1295289121;20.7745626988;24.3418300432
2025-01-29 10:00:00;71.9348737138;51.6658050592;26.0291675885;19.5292964479
2025-01-29 11:00:00;63.3044513983;34.4389305152;33.1246344581;25.9317760683
2025-01-29 12:00:00;59.0267480343;41.5690651914;31.2194159891;15.4320280979
2025-01-29 13:00:00;51.7301785032;46.5990510144;37.9894027147;30.6311347294
2025-01-29 14:00:00;42.3343354451;30.7676107341;39.062220375;36.0137478969
2025-01-29 15:00:00;52.1842721528;30.1005245909;29.070971404;20.3210768265
2025-01-29 16:00:00;56.0491144343;37.8092133505;27.0295539592;18.2413671113
2025-01-29 17:00:00;52.1938529078;34.4150631526;20.7133732647;41.2471443665
2025-01-29 18:00:00;107.1808966188;96.7830548751;18.8608459612;25.048265078
2025-01-29 19:00:00;110.8335811374;94.7848003031;14.9123926342;48.8167107602
2025-01-29 20:00:00;111.1776364261;90.7109500773;10.8576875375;36.555897605
2025-01-29 21:00:00;100.9899495836;78.3497562224;0;36.4802656113
2025-01-29 22:00:00;63.9754180992;62.4791204184;0;42.1867035034
2025-01-29 23:00:00;74.537647828;45.9678929424;0;29.6173035828
2025-01-30 00:00:00;23.9924268946;30.8694917408;0;43.1660025107
2025-01-30 01:00:00;29.6156152523;30.3000118964;0;37.7971554682
2025-01-30 02:00:00;38.7378575492;28.7815270825;0;27.98878807
2025-01-30 03:00:00;34.9687882044;33.601081615;0;45.3071727883
2025-01-30 04:00:00;27.6897149365;21.9747759298;0;39.0316215569
2025-01-30 05:00:00;30.9276092083;17.4647829855;0;40.1418005007
2025-01-30 06:00:00;86.2404974401;64.7628002848;6.1043926044;29.1412662947
2025-01-30 07:00:00;82.8836768806;55.8239279583;10.6235378953;35.042986446
2025-01-30 08:00:00;85.9158655163;61.8264295277;12.1655239819;30.5638333681
2025-01-30 09:00:00;84.9901524024;68.3249553062;16.1448769015;31.1118567663
2025-01-30 10:00:00;64.2573702213;41.5617275936;23.894416411;23.1548883466
2025-01-30 11:00:00;60.3822756869;43.0806160847;29.8403407556;14.231893263
2025-01-30 12:00:00;58.0052180989;50.307695294;32.7197712716;37.3087222213
2025-01-30 13:00:00;52.3142365197;42.5461090473;29.145524478;28.8006665869
2025-01-30 14:00:00;60.2180319818;38.6927877736;34.6723794059;23.7722901931
2025-01-30 15:00:00;52.8699131682;32.8635970809;29.3820669187;32.2949932845
2025-01-30 16:00:00;51.0078279948;33.9503289909;30.5018255344;37.7812152832
2025-01-30 17:00:00;55.8933861227;36.3691374125;24.7049728543;29.0788602155
2025-01-30 18:00:00;108.0375617433;84.978510311;17.286591543;38.596153059
2025-01-30 19:00:00;117.1561481623;89.7028462599;13.1132122222;47.7850322553
2025-01-30 20:00:00;108.7323937082;87.2767040636;8.6025151091;27.4847965674
2025-01-30 21:00:00;111.9022367842;83.0550515391;0;31.2695355128
2025-01-30 22:00:00;60.3542802792;52.0827383773;0;46.6055628801
2025-01-30 23:00:00;66.01390164;36.8666800945;0;12.1026659271
2025-01-31 00:00:00;31.3250632618;26.1457176462;0;39.7808648139
2025-01-31 01:00:00;29.8328650546;32.4600832055;0;26.542677738
2025-01-31 02:00:00;27.8292326903;16.2674322328;0;36.401538519
2025-01-31 03:00:00;27.2160068701;27.6063045846;0;38.2377466555
2025-01-31 04:00:00;31.3577296034;21.7553494571;0;37.6238205676
2025-01-31 05:00:00;32.9173686092;31.1365279878;0;35.6193873162
2025-01-31 06:00:00;85.9101477248;59.623653114;5.8512905033;29.9900811019
2025-01-31 07:00:00;87.7750859891;61.2717464408;9.8043081362;39.0019153005
2025-01-31 08:00:00;86.3117642565;58.4347012312;12.2074694237;36.3708651331
2025-01-31 09:00:00;86.9257474202;67.1663318435;18.8445003485;17.5916130748
2025-01-31 10:00:00;63.022282809;46.6385517273;22.2722727525;34.6020844064
2025-01-31 11:00:00;64.0051618382;41.4195585723;26.2760623824;22.3187734254
2025-01-31 12:00:00;76.0654672868;52.3765676251;31.518979257;25.5957551315
2025-01-31 13:00:00;54.0475920372;37.1792425344;31.0388086488;28.4698597788
2025-01-31 14:00:00;55.5490740055;41.4017378474;32.3426367735;24.1562371475
2025-01-31 15:00:00;54.6163439165;36.8379840238;28.7446320462;36.0425327887
2025-01-31 16:00:00;51.4625619877;33.7092347565;32.4653533263;29.8378423574
2025-01-31 17:00:00;58.4681891524;43.757584561;23.3245461726;25.4810941622
2025-01-31 18:00:00;107.7302384182;85.2274630728;17.1000831558;19.4928373983
2025-01-31 19:00:00;113.7882208554;94.8535016362;13.4794014489;28.8836902714
2025-01-31 20:00:00;107.5365438938;82.7247194404;9.0264785015;21.9307033403
2025-01-31 21:00:00;104.720599049;70.9441224587;0;37.3060894455
2025-01-31 22:00:00;65.5685681681;55.4438974135;0;26.0657071815
2025-01-31 23:00:00;58.9532776286;34.0116881421;0;34.7232231374
2025-02-01 00:00:00;32.4103810126;27.4068447303;0;54.8729603433
2025-02-01 01:00:00;24.6262860476;13.7689526753;0;53.1276625761
2025-02-01 02:00:00;28.5644638629;18.637186104;0;40.5431253593
2025-02-01 03:00:00;23.5572163656;22.4270080858;0;39.9830860759
2025-02-01 04:00:00;42.7087515423;39.0131631605;0;60.0819373207
2025-02-01 05:00:00;22.5571819817;17.7910105205;0;46.1941464197
2025-02-01 06:00:00;73.1891498252;51.1938765373;5.594547363;37.5233349373
2025-02-01 07:00:00;78.2898572279;58.6385399465;9.2543392498;15.7809303772
2025-02-01 08:00:00;77.808724582;62.7613834659;13.612159686;26.9385762982
2025-02-01 09:00:00;76.9760275432;57.6708069489;16.7980217747;29.6082978404
2025-02-01 10:00:00;52.493713248;46.2507110567;21.4874253179;20.6511448784
2025-02-01 11:00:00;60.0011412535;48.3276998534;26.5725381679;26.3091097741
2025-02-01 12:00:00;58.0315009036;35.1574468291;25.1183543852;22.2947166165
2025-02-01 13:00:00;45.2647157753;36.8988307055;28.8010771914;27.2947164089
2025-02-01 14:00:00;45.3919809056;40.498144999;36.3575660207;10.816252237
2025-02-01 15:00:00;42.9417155816;27.3265444818;34.8397298682;27.0247066811
2025-02-01 16:00:00;40.2159333796;28.0520383885;26.6290866323;35.5447267979
2025-02-01 17:00:00;49.8765468855;33.046119382;23.5640102466;24.0947831743
2025-02-01 18:00:00;98.2736709629;82.394230322;17.9793374569;28.9867654895
2025-02-01 19:00:00;88.3902438571;70.8448030887;15.995631904;29.8336109386
2025-02-01 20:00:00;91.6767017486;71.215813206;9.6109931764;40.1004142444
2025-02-01 21:00:00;91.7233305176;66.675314866;0;34.7944080729
2025-02-01 22:00:00;53.7742894282;49.1933213201;0;28.1479930779
2025-02-01 23:00:00;54.2105679487;36.7754296956;0;49.0403355228
2025-02-02 00:00:00;34.2608765774;27.6016077645;0;49.8144652624
2025-02-02 01:00:00;26.6375221118;18.0834373819;0;34.3126571043
2025-02-02 02:00:00;26.1914385382;25.3400119945;0;45.4570927093
2025-02-02 03:00:00;35.5647888396;24.3972367197;0;45.857551286
2025-02-02 04:00:00;27.9180986615;16.6891613139;0;46.9176188623
2025-02-02 05:00:00;24.3163409089;17.6381096027;0;23.3031028339
2025-02-02 06:00:00;71.1592509419;42.067135034;5.4554111723;50.5994862449
2025-02-02 07:00:00;71.8570983728;50.1031909718;7.8842815965;20.8010917637
2025-02-02 08:00:00;80.3396679562;56.4984129163;10.8247663008;22.0858620153
2025-02-02 09:00:00;77.5040536371;54.1763788574;17.2539337262;40.2516239692
2025-02-02 10:00:00;59.2330945359;44.9814694698;20.4805996919;26.086241989
2025-02-02 11:00:00;57.7591331516;37.856162596;23.303503948;21.9130732202
2025-02-02 12:00:00;58.3273482833;49.4786129342;28.2553412329;10.8829621767
2025-02-02 13:00:00;41.3363402313;29.1709976606;28.9739201188;38.1303195581
2025-02-02 14:00:00;43.5390001018;36.57050527;35.9993726452;18.7815275578
2025-02-02 15:00:00;39.9780908923;31.0186114823;31.8981838666;21.1994123203
2025-02-02 16:00:00;43.4855136635;36.2634944799;26.2786311619;25.954143021
2025-02-02 17:00:00;47.5111822601;34.262501078;24.3806361561;38.3188405546
2025-02-02 18:00:00;93.2210443834;76.4410649745;17.0826701638;33.7686699261
2025-02-02 19:00:00;98.5170832871;77.9126737599;11.5652230912;34.9478837273
2025-02-02 20:00:00;87.4790485367;75.3012226651;9.5770840132;39.1877466111
2025-02-02 21:00:00;94.8664921799;71.8584166963;0;30.9225145546
2025-02-02 22:00:00;48.4518891526;34.6696049661;0;37.6538306708
2025-02-02 23:00:00;54.4930458723;35.297061917;0;37.0506190988
2025-02-03 00:00:00;33.6798126872;32.2732904191;0;49.6687735989
2025-02-03 01:00:00;29.383050735;23.0934753649;0;49.6528619294
2025-02-03 02:00:00;32.8283820041;26.2712053623;0;44.9226568833
2025-02-03 03:00:00;26.0295167789;18.4964201692;0;36.3626691091
2025-02-03 04:00:00;22.8617073838;24.549312631;0;47.4001619981
2025-02-03 05:00:00;32.8549455869;19.9466711178;0;39.0654301859
2025-02-03 06:00:00;95.0268788152;58.5560118507;5.5604225496;29.169741728
2025-02-03 07:00:00;82.6966305311;54.9181264661;7.5711056924;21.5720536207
2025-02-03 08:00:00;92.6787065723;65.0702463203;11.8297857073;24.4978274634
2025-02-03 09:00:00;87.3742381015;62.2043740876;15.2692484878;29.450073302
2025-02-03 10:00:00;58.4360127238;46.4960021257;18.7506725078;22.8901091188
2025-02-03 11:00:00;59.3548507153;33.8428385756;27.3151771066;16.7384298667
2025-02-03 12:00:00;64.5176560515;45.2998186947;33.2188691487;24.3311791587
2025-02-03 13:00:00;51.2604401805;36.8955581521;27.2433725811;28.7832249705
2025-02-03 14:00:00;47.1724120807;26.2573499144;32.0570647344;29.2897031084
2025-02-03 15:00:00;45.4573437106;34.5671158745;27.3170152418;34.4259832342
2025-02-03 16:00:00;49.2702835005;35.2325541764;24.4398524108;35.1190812111
2025-02-03 17:00:00;53.9526610136;43.4485050673;20.0837995606;23.8314433672
2025-02-03 18:00:00;109.8822375656;86.6253078567;15.2845218108;23.6779737443
2025-02-03 19:00:00;107.6554701435;81.3793982601;12.0593343651;26.6280654747
2025-02-03 20:00:00;110.8195333266;91.4358158228;7.7073634476;42.273233607
2025-02-03 21:00:00;114.5911611917;75.1450502523;0;49.0207025525
2025-02-03 22:00:00;66.2201938683;57.1090746745;0;33.1516308395
2025-02-03 23:00:00;63.9007355501;35.9999536715;0;33.8142406331
2025-02-04 00:00:00;34.6115208236;20.58952699;0;54.0512299093
2025-02-04 01:00:00;26.1158704336;27.4760382826;0;44.5473989241
2025-02-04 02:00:00;29.4230588656;16.7230953423;0;43.8619962503
2025-02-04 03:00:00;29.5303010834;16.7912530984;0;27.7739998234
2025-02-04 04:00:00;24.8689071306;38.5160957423;0;46.2595693031
2025-02-04 05:00:00;28.5457630633;17.022529166;0;30.3622754246
2025-02-04 06:00:00;78.0732062189;64.3704851063;5.2631107919;28.3365457164
2025-02-04 07:00:00;96.0153259974;63.667361333;7.9469587789;21.6721430597
2025-02-04 08:00:00;83.192162735;54.2927812273;11.3874918283;20.2541916246
2025-02-04 09:00:00;94.5480383744;66.7853542066;14.7160783311;22.4147035097
2025-02-04 10:00:00;64.791773863;55.040597959;19.4350143169;15.1809319549
2025-02-04 11:00:00;67.1622821819;40.0706595057;26.0623610757;29.417316398
2025-02-04 12:00:00;62.4207944946;40.9910755181;28.9655653383;30.4191082696
2025-02-04 13:00:00;54.1610116032;45.73508277;27.3272579989;14.2065399328
2025-02-04 14:00:00;56.1525313693;41.9679896074;29.8812632075;34.4561422103
2025-02-04 15:00:00;56.2158138541;47.7359756458;29.5236031432;22.0744823792
2025-02-04 16:00:00;56.7118082447;44.2698881927;21.2947973711;33.6153576764
2025-02-04 17:00:00;51.5678307942;49.6000515453;21.2608429401;27.2104679891
2025-02-04 18:00:00;108.0390374525;85.6647273608;15.0270185593;27.8833464475
2025-02-04 19:00:00;103.026862515;82.3285435563;12.1393609698;33.9468683266
2025-02-04 20:00:00;112.555141529;88.6573373797;7.491821651;46.3800767458
2025-02-04 21:00:00;115.0713601797;89.8942272531;0;24.5634969534
2025-02-04 22:00:00;71.8923111468;65.736504892;0;41.0028186502
2025-02-04 23:00:00;65.9936704428;48.3924554117;0;45.3941326629
2025-02-05 00:00:00;15.3027607593;28.96163533;0;46.1240787474
2025-02-05 01:00:00;15;28.9558047745;0;61.853239121
2025-02-05 02:00:00;19.9019666342;30.138716642;0;33.9456294751
2025-02-05 03:00:00;15;27.1014604048;0;48.4806256774
2025-02-05 04:00:00;16.3860192191;18.653160822;0;38.0810075405
2025-02-05 05:00:00;16.6818331881;20.6270307836;0;51.1807948241
2025-02-05 06:00:00;49.3624631408;64.0232595127;4.2566518338;39.0433395389
2025-02-05 07:00:00;49.6301969803;68.7947362764;6.7021494792;21.1951512025
2025-02-05 08:00:00;49.8905218615;47.9000958961;11.254449826;31.1348657635
2025-02-05 09:00:00;43.3954054985;50.1623954001;15.642460765;20.5867436158
2025-02-05 10:00:00;36.6617086815;47.2793412219;18.252981499;15.1815567325
2025-02-05 11:00:00;30.95327599;35.4546764435;24.9468963332;20.4383771195
2025-02-05 12:00:00;38.4869015548;42.863829997;23.3196951639;27.1034703682
2025-02-05 13:00:00;28.7550624063;40.0856432537;28.4777695906;36.9125150049
2025-02-05 14:00:00;24.6804362204;43.4790047962;25.8554884034;28.1437377853
2025-02-05 15:00:00;28.0960671015;24.630228863;25.4920959217;36.4070137637
2025-02-05 16:00:00;28.7170350833;37.7412689889;23.8243674036;18.0852572364
2025-02-05 17:00:00;33.1957465696;45.8950138372;18.3220904393;24.3485065245
2025-02-05 18:00:00;62.9539971662;91.7102841466;14.8526243047;25.4074632971
2025-02-05 19:00:00;63.3299599282;88.903013847;12.1138719894;34.1983672695
2025-02-05 20:00:00;65.4583871631;100.3082416107;7.3498059193;35.9468526787
2025-02-05 21:00:00;62.2092760794;86.2418726235;0;41.2878521122
2025-02-05 22:00:00;38.5427842155;66.8271260104;0;31.2916384108
2025-02-05 23:00:00;38.3639006752;44.7327027263;0;36.4303662694
2025-02-06 00:00:00;24.8194405062;25.0524491565;0;38.257475384
2025-02-06 01:00:00;37.2369793266;21.5579562892;0;29.7373819889
2025-02-06 02:00:00;24.217195217;30.149521597;0;37.5944174378
2025-02-06 03:00:00;34.73670315;26.4074374847;0;37.3042819071
2025-02-06 04:00:00;23.7817245612;26.9211024345;0;37.0970656775
2025-02-06 05:00:00;33.314118774;24.4367758263;0;39.0011962159
2025-02-06 06:00:00;96.2514255578;67.3550751978;5.1216513715;39.4259987932
2025-02-06 07:00:00;86.9144046517;62.1723324607;6.7634759529;20.7073002135
2025-02-06 08:00:00;86.7192082133;52.7507346805;11.2770786185;30.6033409202
2025-02-06 09:00:00;90.6197886031;55.8623131251;16.4925339055;16.4286053117
2025-02-06 10:00:00;63.4848224028;46.1517613724;15.2327770754;19.031803297
2025-02-06 11:00:00;73.1493606214;53.8763562808;21.4427594094;39.3515577245
2025-02-06 12:00:00;65.8319715772;58.1278759273;27.1504423706;17.1917816429
2025-02-06 13:00:00;52.0734925918;41.0745785245;27.1773661947;17.9189046358
2025-02-06 14:00:00;51.0829705033;43.7242412132;28.4463800776;32.0592488094
2025-02-06 15:00:00;49.3159872631;28.5393968209;24.6983469607;13.020677122
2025-02-06 16:00:00;50.6893579384;50.3348800878;23.061505685;25.4926356005
2025-02-06 17:00:00;51.9362251074;41.7964570862;18.7506632392;41.6161153648
2025-02-06 18:00:00;108.5841349269;85.4683576213;16.168651118;16.6243313367
2025-02-06 19:00:00;107.8167220241;84.6009947335;11.0387389265;17.5693068793
2025-02-06 20:00:00;120;87.1529634869;7.6362865749;21.7724874522
2025-02-06 21:00:00;106.1430829135;78.4226687758;0;42.6458215691
2025-02-06 22:00:00;65.626953099;67.6445525153;0;44.6170417938
2025-02-06 23:00:00;67.6334509985;42.9493193101;0;30.3619025568
2025-02-07 00:00:00;33.530459764;20.0268545874;0;44.8128124565
2025-02-07 01:00:00;30.4312419428;19.9075953563;0;51.5783783111
2025-02-07 02:00:00;29.6118122105;16.4882312162;0;55.3780711012
2025-02-07 03:00:00;32.7269374944;26.3002198694;0;35.9181387813
2025-02-07 04:00:00;31.8943212087;33.5054490848;0;16.2529099263
2025-02-07 05:00:00;29.5296590274;21.5118199667;0;30.4204345942
2025-02-07 06:00:00;81.0748098508;47.5571115271;4.4762929519;34.1912643864
2025-02-07 07:00:00;85.997606673;60.9697422145;6.8895844155;21.4785228132
2025-02-07 08:00:00;82.9437876868;56.9481137659;10.0702235026;21.8866103414
2025-02-07 09:00:00;85.1010454482;63.6882569567;14.7076679506;29.3890659419
2025-02-07 10:00:00;65.289452141;43.680016439;17.6907433309;30.2820309878
2025-02-07 11:00:00;66.7542602156;45.8864732085;22.5947560705;21.9795374332
2025-02-07 12:00:00;73.1519849485;49.179499034;29.1777684722;29.2718877796
2025-02-07 13:00:00;51.2399609346;38.4885574926;28.4933105932;29.1883714229
2025-02-07 14:00:00;57.1441049984;39.1802213843;25.9422374965;27.2247657643
2025-02-07 15:00:00;55.0351097497;36.5610189333;27.4277773306;32.8648835261
2025-02-07 16:00:00;59.4902791576;32.0386512694;21.3619153133;27.2766503203
2025-02-07 17:00:00;56.2513188779;37.46517118;15.3223044804;40.576269648
2025-02-07 18:00:00;106.5284128566;88.8890118385;13.1079047632;17.1579661671
2025-02-07 19:00:00;103.3128721476;86.8662289228;8.8700242086;30.0111294392
2025-02-07 20:00:00;112.4672569279;84.9254279371;6.9676390014;33.358176082
2025-02-07 21:00:00;108.6885497889;93.1973661528;0;38.2322878611
2025-02-07 22:00:00;60.7285357109;52.6840784443;0;45.367344992
2025-02-07 23:00:00;59.4358478972;36.0436619375;0;34.2376299504
2025-02-08 00:00:00;30.7243897391;15.9838751922;0;24.4002556446
2025-02-08 01:00:00;36.7846846469;34.9516391936;0;45.8375110931
2025-02-08 02:00:00;28.1609744443;22.0614529228;0;45.0087454266
2025-02-08 03:00:00;32.6562163998;19.8748231062;0;19.4816325878
2025-02-08 04:00:00;29.539801424;11.1747490009;0;37.826566174
2025-02-08 05:00:00;24.197780599;23.2570518087;0;22.8108587669
2025-02-08 06:00:00;77.8273447629;56.5967734029;4.4659583412;31.5712242828
2025-02-08 07:00:00;69.594579519;46.1159558329;7.8331445909;17.5901442767
2025-02-08 08:00:00;74.6180135548;45.9599216707;10.3122185335;27.313671618
2025-02-08 09:00:00;72.9838518496;48.1252506728;13.4951176182;23.3810685291
2025-02-08 10:00:00;58.9718687434;51.2730567702;18.8074926544;15.4161770445
2025-02-08 11:00:00;50.1913408217;29.8443848486;17.5112758498;27.7157793446
2025-02-08 12:00:00;56.711934873;38.380688954;24.5616224047;14.5744078214
2025-02-08 13:00:00;41.3900952401;39.8633318442;27.2445592521;28.6911199853
2025-02-08 14:00:00;42.8692101177;37.1988367378;22.626524773;21.1102078565
2025-02-08 15:00:00;28.8107825493;27.7151746145;26.3130399765;24.0808440461
2025-02-08 16:00:00;54.5836271455;36.320511673;21.850656884;29.8450753794
2025-02-08 17:00:00;47.6466897709;36.8527348737;17.0512580178;29.9589002721
2025-02-08 18:00:00;90.6353034597;69.2130636812;14.4312260151;35.3624933331
2025-02-08 19:00:00;89.0274165489;66.5752540996;11.8749103509;33.3755914814
2025-02-08 20:00:00;91.8579477584;67.2627413337;7.0073241866;36.6869964819
2025-02-08 21:00:00;97.3143250531;83.1530144161;0;30.347198303
2025-02-08 22:00:00;46.4386381227;43.746519007;0;35.6267035183
2025-02-08 23:00:00;54.315890401;42.8745548784;0;37.8203337754
2025-02-09 00:00:00;37.9678884261;29.7018584186;0;36.5354151538
2025-02-09 01:00:00;24.8972414881;28.411572525;0;20.5656740304
2025-02-09 02:00:00;30.3617326744;23.2189607506;0;40.5598807791
2025-02-09 03:00:00;39.9148941687;26.615317925;0;40.8697408828
2025-02-09 04:00:00;32.8446823336;21.6654484402;0;31.0868458381
2025-02-09 05:00:00;30.5666571922;17.2737742855;0;25.4289918356
2025-02-09 06:00:00;76.9954528766;45.6661307551;4.3777109717;51.2761163173
2025-02-09 07:00:00;72.9116948219;49.5380759182;6.4039936174;25.2347295606
2025-02-09 08:00:00;80.5639296133;46.4593616922;9.015576624;21.1865245051
2025-02-09 09:00:00;72.9186037264;43.5375989853;14.1000254871;16.0852894151
2025-02-09 10:00:00;46.2828743828;43.0541696456;15.8143555298;17.8563099794
2025-02-09 11:00:00;53.3383276544;40.9516445;20.5954853626;29.7920645612
2025-02-09 12:00:00;50.7488862377;35.7784585817;22.3181684766;23.2470325729
2025-02-09 13:00:00;44.0256199635;48.2042445403;25.6479947429;22.6102048168
2025-02-09 14:00:00;44.1251147526;24.2963922273;25.36082979;29.5601017213
2025-02-09 15:00:00;50.6793974175;44.2747588798;25.1309672717;20.8809762257
2025-02-09 16:00:00;48.4198102884;35.8511236542;19.6427021976;36.05691461
2025-02-09 17:00:00;46.4756877125;40.4169719979;16.6105237324;35.086525965
2025-02-09 18:00:00;94.3187316859;76.7050877921;12.1864690797;23.1608930293
2025-02-09 19:00:00;89.567124997;61.4586162357;9.3294159595;28.4122097339
2025-02-09 20:00:00;84.5166974674;71.4376436655;6.8489844666;11.6458170099
2025-02-09 21:00:00;94.8412060881;79.5428679935;0;21.2242232471
2025-02-09 22:00:00;58.6750770382;40.1710560337;0;22.4218775071
2025-02-09 23:00:00;54.6116891475;53.0141357863;0;34.8497192107
2025-02-10 00:00:00;21.0748584415;26.8252392778;0;34.0334381202
2025-02-10 01:00:00;24.3949613449;31.0779508799;0;24.592571533
2025-02-10 02:00:00;22.5749236602;18.2287175073;0;34.4509593854
2025-02-10 03:00:00;28.4522214392;32.9088563149;0;41.7370351539
2025-02-10 04:00:00;26.9471936972;34.2703847753;0;41.945493517
2025-02-10 05:00:00;26.0394901175;29.9893155027;0;19.457264229
2025-02-10 06:00:00;68.0696606609;61.8167709974;4.3781125732;35.8674163389
2025-02-10 07:00:00;61.2660386375;52.7103288999;5.9220656914;14.5442963843
2025-02-10 08:00:00;67.7549101978;60.5422401171;9.9500419947;27.2455023333
2025-02-10 09:00:00;66.8025309198;57.817908445;14.0945059345;26.5919393755
2025-02-10 10:00:00;50.4867695773;52.4828861375;16.8670344172;17.2418368426
2025-02-10 11:00:00;50.1086479375;43.2326075888;22.6510987564;17.9754385499
2025-02-10 12:00:00;49.9762669438;51.6216234595;20.9349378677;19.6695008618
2025-02-10 13:00:00;48.9049069599;42.919202722;21.3902670813;11.3301745865
2025-02-10 14:00:00;39.6788710239;38.3848724391;20.3753000272;28.1176114251
2025-02-10 15:00:00;43.0427164194;46.1422946146;24.9872975191;24.1696213107
2025-02-10 16:00:00;38.3672365989;34.4516980328;20.7251211914;32.2302761682
2025-02-10 17:00:00;42.5586798977;46.9241042036;16.2544190009;18.8160518852
2025-02-10 18:00:00;78.8580686539;93.9595239427;13.0002924068;21.9240970908
2025-02-10 19:00:00;78.8580686539;87.7447545076;8.4652354247;20.7893916915
2025-02-10 20:00:00;78.8580686539;99.9862673956;7.644756339;24.9767827287
2025-02-10 21:00:00;78.8580686539;86.5518062582;0;23.4952771293
2025-02-10 22:00:00;46.8534153058;61.590204804;0;41.6540227747
2025-02-10 23:00:00;49.1776583874;59.2652948214;0;27.5283027872
2025-02-11 00:00:00;35.0019723713;25.785194308;0;37.7997624578
2025-02-11 01:00:00;31.8457743764;29.8023097815;0;33.1717885149
2025-02-11 02:00:00;36.8242571949;25.0851327687;0;25.0264712799
2025-02-11 03:00:00;28.0607371112;18.6959676081;0;35.1190989146
2025-02-11 04:00:00;25.9057383279;23.2980819022;0;42.1526692246
2025-02-11 05:00:00;32.424919045;18.5013359882;0;25.5920309305
2025-02-11 06:00:00;88.6715995057;53.7640286212;4.0073743041;44.0774920901
2025-02-11 07:00:00;91.4617974898;66.1259613694;6.1969988862;17.3241602608
2025-02-11 08:00:00;88.8956004393;57.7179995622;9.4573282139;19.3409372903
2025-02-11 09:00:00;87.4888216904;63.6944684383;12.6874133928;24.915341961
2025-02-11 10:00:00;65.4894639884;49.2250498943;15.9682731999;18.3485860433
2025-02-11 11:00:00;65.9565030877;58.4207929789;17.7258784154;22.2036182144
2025-02-11 12:00:00;64.4542672119;49.4528059161;22.2507379252;20.2664224665
2025-02-11 13:00:00;53.3164750092;46.1219325226;26.2614503428;26.4931465534
2025-02-11 14:00:00;52.4143992012;42.4857220653;25.2816153322;10.3888333798
2025-02-11 15:00:00;58.0855622571;44.9315052638;24.1748885729;13.9242997098
2025-02-11 16:00:00;55.1036637379;47.7506326054;18.1486203228;29.6150622028
2025-02-11 17:00:00;64.3859553424;49.9985701144;14.4453638935;32.3174841717
2025-02-11 18:00:00;112.934308916;89.9966408488;12.094341353;19.8216599754
2025-02-11 19:00:00;109.7322798188;87.1919234664;8.9782025372;30.9825192341
2025-02-11 20:00:00;120;98.6802225163;6.6809859689;35.4265778164
2025-02-11 21:00:00;114.072457135;84.9229645508;0;38.7137386134
2025-02-11 22:00:00;70.2822446022;57.270478345;0;16.2694324122
2025-02-11 23:00:00;68.4911464856;58.2239627292;0;25.686647022
2025-02-12 00:00:00;33.9270272914;38.1545089984;0;33.2581105072
2025-02-12 01:00:00;33.5339208907;20.6346318788;0;42.6505636008
2025-02-12 02:00:00;26.1640971181;19.4501610601;0;58.9312057536
2025-02-12 03:00:00;32.7773583736;33.1914297206;0;34.2064397198
2025-02-12 04:00:00;25.1616017923;28.7902259429;0;23.5149002651
2025-02-12 05:00:00;30.3388448957;28.8326653178;0;39.9220960338
2025-02-12 06:00:00;85.980661871;63.0436160569;3.2917862746;48.253605001
2025-02-12 07:00:00;90.8545562619;60.4323218231;6.6183929917;22.3521872866
2025-02-12 08:00:00;90.7495085386;64.0427015138;8.4713864746;16.831288556
2025-02-12 09:00:00;91.411096934;63.0768430933;11.3267609658;26.9770273135
2025-02-12 10:00:00;67.2897898965;42.9513496239;13.8388613501;25.3748994075
2025-02-12 11:00:00;63.2662412811;48.242435826;15.758881451;16.1814433905
2025-02-12 12:00:00;64.8224396171;53.72024944;21.9373665136;23.8398513495
2025-02-12 13:00:00;58.5142454916;40.2524218244;22.037899918;31.722493651
2025-02-12 14:00:00;59.1778178138;43.6224545845;19.6484110569;32.8944843434
2025-02-12 15:00:00;49.2119388222;39.0189120143;18.4495471393;24.9700652721
2025-02-12 16:00:00;47.4832884197;35.2853237252;17.6756010565;23.1188036901
2025-02-12 17:00:00;51.1014605416;42.4343576336;17.0686721712;33.1825792302
2025-02-12 18:00:00;117.1983596511;87.7163637981;11.4837088652;17.7098184063
2025-02-12 19:00:00;117.9619036678;99.1351942503;7.5481028739;36.2262467979
2025-02-12 20:00:00;108.3337220701;89.8000431244;5.7809043324;21.4649909857
2025-02-12 21:00:00;113.8778176238;82.9905766161;0;41.3419607798
2025-02-12 22:00:00;74.2518963183;73.2460726639;0;30.5406207196
2025-02-12 23:00:00;67.8658569667;49.1784979574;0;43.0004702091
2025-02-13 00:00:00;37.6050456615;24.0466716169;0;40.3027685071
2025-02-13 01:00:00;35.7025504433;34.9835906459;0;24.9168620953
2025-02-13 02:00:00;27.1123866999;27.0474222487;0;48.6767811339
2025-02-13 03:00:00;30.3533644722;13.5561465587;0;49.8129575338
2025-02-13 04:00:00;31.3646760302;21.8997644969;0;43.8101935785
2025-02-13 05:00:00;31.676881124;27.7694710753;0;29.0592251673
2025-02-13 06:00:00;93.5955626316;49.9255704292;3.5712405579;33.1472239454
2025-02-13 07:00:00;91.3111637713;62.7886107315;4.4346284092;22.3188830646
2025-02-13 08:00:00;76.2591780941;54.9181643404;8.1916832007;17.7471460204
2025-02-13 09:00:00;83.5643011122;49.8779770185;11.0377905949;30.6474606478
2025-02-13 10:00:00;56.3233476384;43.7441672249;15.243805034;22.3129566756
2025-02-13 11:00:00;66.9557053388;48.7774025018;19.9937754002;6.9811437505
2025-02-13 12:00:00;67.2487561784;40.5541018019;21.515314848;23.3629900807
2025-02-13 13:00:00;55.7883137769;46.9444804769;20.5575159683;22.9383409032
2025-02-13 14:00:00;50.1986242585;43.3282980593;19.149652034;24.6545874259
2025-02-13 15:00:00;57.5474494862;40.4584155951;23.7996942943;22.8098130145
2025-02-13 16:00:00;57.7369826973;41.0383140919;17.49996243;30.1945295631
2025-02-13 17:00:00;48.8656306608;41.7308903757;14.4556619578;32.15832563
2025-02-13 18:00:00;106.1804310198;82.532814111;11.2238454605;26.9031675836
2025-02-13 19:00:00;112.7770103383;76.5655129862;8.3577978507;29.5635942685
2025-02-13 20:00:00;120;96.4772879967;5.5893131432;31.9700216832
2025-02-13 21:00:00;120;88.8077692947;0;32.4621453123
2025-02-13 22:00:00;68.7018813778;57.3963189109;0;25.8234626812
2025-02-13 23:00:00;62.8815767337;54.5494815757;0;36.9792669279
2025-02-14 00:00:00;35.2835180242;26.4616487302;0;39.6039906312
2025-02-14 01:00:00;29.2568168649;24.0585508612;0;49.1976459011
2025-02-14 02:00:00;27.8389443915;27.2580370827;0;46.6661095006
2025-02-14 03:00:00;21.6448753142;28.2661841039;0;29.4303259883
2025-02-14 04:00:00;31.7534459491;19.7933582527;0;42.8029686271
2025-02-14 05:00:00;28.4583229854;25.0137254842;0;27.0747237093
2025-02-14 06:00:00;90.1312061919;60.6207815628;0.3075877493;41.6986291667
2025-02-14 07:00:00;79.350159851;57.4663426169;0.4774718822;18.5589241473
2025-02-14 08:00:00;90.4614895107;63.7437028944;0.724597351;15.8596322042
2025-02-14 09:00:00;78.7572242462;70.4048341065;0.9498390359;22.8033991624
2025-02-14 10:00:00;71.2311832528;44.5107328438;1.2023358576;7.0616950101
2025-02-14 11:00:00;68.6839626667;55.4510404994;1.5510977704;11.9824435482
2025-02-14 12:00:00;65.0814606416;53.9975504214;1.7072355943;20.3657137709
2025-02-14 13:00:00;57.1867827979;44.8656382972;2.0784000736;25.3756986182
2025-02-14 14:00:00;50.2532092456;34.7882342487;1.4617420254;22.5676391566
2025-02-14 15:00:00;54.9802332478;51.4924047191;1.8949661989;15.0457737014
2025-02-14 16:00:00;58.2310266006;29.9901992911;1.6913211519;19.7793923834
2025-02-14 17:00:00;40.7302418066;29.2728085505;1.0635549994;27.294940339
2025-02-14 18:00:00;111.0465772365;93.9446248786;0.9657857433;28.4795031974
2025-02-14 19:00:00;112.9571882695;85.9253708799;0.7049128016;31.8373920658
2025-02-14 20:00:00;112.1757655752;96.6811170679;0.4430928443;41.212182246
2025-02-14 21:00:00;119.6160450731;83.8617659559;0;35.1429453098
2025-02-14 22:00:00;61.2778970509;48.099835482;0;25.9935565201
2025-02-14 23:00:00;63.5402355175;43.4619459545;0;29.7253380169
2025-02-15 00:00:00;21.3785893816;28.1349981517;0;22.8232918918
2025-02-15 01:00:00;36.7962899307;27.0139523902;0;34.2011945481
2025-02-15 02:00:00;28.8916943583;21.3621339003;0;44.9245097386
2025-02-15 03:00:00;28.0271600038;33.0519535025;0;41.1737514022
2025-02-15 04:00:00;29.7638279296;33.2323383505;0;47.472191697
2025-02-15 05:00:00;32.8630612279;23.9958647102;0;32.4897884922
2025-02-15 06:00:00;77.4338551735;42.7522647414;3.1381870352;46.9808656307
2025-02-15 07:00:00;87.7861988187;47.505593697;4.7225429669;20.0716637745
2025-02-15 08:00:00;77.9134313555;55.5577410937;8.598419635;28.8501689192
2025-02-15 09:00:00;73.7771154264;56.1193580208;11.0792715533;20.9756593545
2025-02-15 10:00:00;53.4394345744;40.773118609;14.581701774;24.8199412467
2025-02-15 11:00:00;54.1981246074;39.9675971121;16.8865847667;28.8687673093
2025-02-15 12:00:00;49.2072737324;33.4082807082;16.4565553825;20.0710131089
2025-02-15 13:00:00;46.1923388448;39.9657077879;18.4492441723;25.949477502
2025-02-15 14:00:00;49.538556389;47.4208157598;20.011235312;32.5345156335
2025-02-15 15:00:00;43.2528137083;21.3874258602;16.3218514917;23.7878838804
2025-02-15 16:00:00;42.3797396578;34.1888877022;16.87550689;16.4805677347
2025-02-15 17:00:00;52.8347030694;33.4792111921;12.9808810739;37.7887918417
2025-02-15 18:00:00;89.3567256173;64.0911620108;9.998613317;21.716292139
2025-02-15 19:00:00;86.470717128;63.5983161724;7.9701952077;32.8919717283
2025-02-15 20:00:00;90.5878410757;74.9782062657;5.3672458619;40.7793156235
2025-02-15 21:00:00;88.8439525951;75.5131770314;0;26.823723553
2025-02-15 22:00:00;57.7035571817;61.3375615707;0;23.6650389684
2025-02-15 23:00:00;54.3423696413;41.3333488488;0;33.6431868548
2025-02-16 00:00:00;29.0114082974;15.2989542029;0;19.1952669643
2025-02-16 01:00:00;35.1882037964;26.2278730309;0;32.2868602174
2025-02-16 02:00:00;26.8889931248;16.4663887868;0;36.9222796649
2025-02-16 03:00:00;33.4879023529;19.556594588;0;32.4430211641
2025-02-16 04:00:00;36.8009525964;32.6018438618;0;21.3664464469
2025-02-16 05:00:00;27.9495187589;25.2456801797;0;48.6567542318
2025-02-16 06:00:00;79.3769387673;58.3705194786;3.1060573583;35.6915437801
2025-02-16 07:00:00;74.9721553109;50.5891380445;5.4132561317;28.3432778712
2025-02-16 08:00:00;80.2187774971;60.9023685493;6.5843859645;19.5175589803
2025-02-16 09:00:00;68.9886345732;47.4053088527;10.3372713728;16.2821231003
2025-02-16 10:00:00;48.7029468349;44.7219851093;13.2502108341;22.2793577645
2025-02-16 11:00:00;54.3470472209;43.2853430602;14.880939186;19.7484796368
2025-02-16 12:00:00;52.1075902972;38.8753545206;17.741609968;14.7282730221
2025-02-16 13:00:00;43.8062689559;35.618321392;16.5634280193;33.3023663754
2025-02-16 14:00:00;45.1435903273;35.6171904503;19.7662147957;20.5650514229
2025-02-16 15:00:00;49.3715208416;48.32632176;17.0347261044;13.149374221
2025-02-16 16:00:00;44.2969873448;36.2780065961;14.6207136148;32.4401346822
2025-02-16 17:00:00;42.4240840505;34.5595991703;13.7115894315;21.2833162532
2025-02-16 18:00:00;94.4311097012;75.1271515586;9.2966986074;20.6530068085
2025-02-16 19:00:00;92.5517661375;80.8492355932;6.395601785;17.4924875557
2025-02-16 20:00:00;91.8098951373;77.5119288881;4.3369089172;44.9399398881
2025-02-16 21:00:00;88.7543442355;71.829083033;0;21.21787511
2025-02-16 22:00:00;56.420403461;44.1381983039;0;31.7694364466
2025-02-16 23:00:00;53.5485762583;35.1070093042;0;38.4558634683
2025-02-17 00:00:00;35.8919180264;153.4272305763;0;0.0616241572
2025-02-17 01:00:00;25.0303812856;169.1878571768;0;0.054915429
2025-02-17 02:00:00;29.1042877021;161.7662606023;0;0.0320312011
2025-02-17 03:00:00;39.7017461928;186.9803266473;0;0.0444619186
2025-02-17 04:00:00;27.3154208729;161.3585055214;0;0.058364131
2025-02-17 05:00:00;30.4792640654;172.8972667387;0;0.0447762019
2025-02-17 06:00:00;84.8951386101;190.9438775568;3.2013297281;0.0585809739
2025-02-17 07:00:00;84.2985127253;195.7695267732;4.2446314503;0.0391488414
2025-02-17 08:00:00;97.3293359568;186.1302896833;7.8466653674;0.0414965584
2025-02-17 09:00:00;91.1361142497;171.4614205766;7.8384194941;0.0231947493
2025-02-17 10:00:00;67.4388821717;178.5992937371;13.7149673744;0.0518164907
2025-02-17 11:00:00;59.2039043416;184.4844973576;14.8123974863;0.0398657672
2025-02-17 12:00:00;68.4516636461;193.7466313287;16.3782931997;0.0334337543
2025-02-17 13:00:00;60.28117159;194.428699238;16.8045844424;0.0496519531
2025-02-17 14:00:00;60.2454196068;196.5484745744;18.13158971;0.0620989599
2025-02-17 15:00:00;58.0802723663;190.5355549454;16.4563050623;0.0249870587
2025-02-17 16:00:00;49.9900877339;157.3398967971;15.8521939823;0.0368251764
2025-02-17 17:00:00;56.4818282104;187.3819766693;12.1864017447;0.0158195218
2025-02-17 18:00:00;116.8996779882;190.7296186782;9.5179209103;0.0409022185
2025-02-17 19:00:00;105.8205495332;193.8935713838;6.6805716395;0.0547552841
2025-02-17 20:00:00;108.8497875044;196.2408447309;4.7075045563;0.0496809204
2025-02-17 21:00:00;117.8922536139;175.4579906759;0;0.0419622959
2025-02-17 22:00:00;70.7795333947;182.7546347562;0;0.0244650038
2025-02-17 23:00:00;59.8687037483;150.4776388308;0;0.0548573774
2025-02-18 00:00:00;35.204024229;23.3253842978;0;46.4955125048
2025-02-18 01:00:00;32.0552929585;30.9681888699;0;29.0540275917
2025-02-18 02:00:00;35.140967958;23.8548721556;0;37.841690256
2025-02-18 03:00:00;28.7710817069;25.6322225281;0;20.726190887
2025-02-18 04:00:00;34.5297533965;35.2597431767;0;37.9878827893
2025-02-18 05:00:00;35.4236571475;35.1909440057;0;30.7384387018
2025-02-18 06:00:00;89.0061332233;62.5535164999;2.9827981302;27.5932260037
2025-02-18 07:00:00;90.6670268906;60.56317333;3.891954619;16.5664406685
2025-02-18 08:00:00;87.6687931001;59.6783030218;5.8527378392;18.4418907362
2025-02-18 09:00:00;98.0195157019;70.8672224096;9.5000435642;22.4103305024
2025-02-18 10:00:00;66.4616315977;48.343080843;11.6710641563;13.7447182099
2025-02-18 11:00:00;62.8537458613;42.7618727501;13.6837351809;18.4239737071
2025-02-18 12:00:00;63.7816387122;53.6620147642;15.7605440382;20.2426185107
2025-02-18 13:00:00;55.7811804757;43.110804044;17.2181305586;17.3069919338
2025-02-18 14:00:00;58.6007030435;39.0516409373;16.0289293394;34.5826247416
2025-02-18 15:00:00;49.1994919674;41.3047352544;14.757460523;18.7718940589
2025-02-18 16:00:00;63.5251827838;52.1873638201;14.1057445043;19.8699785802
2025-02-18 17:00:00;56.5997515938;36.8222829806;10.6125071846;18.02726889
2025-02-18 18:00:00;116.2704774194;88.8026740734;9.2597234825;34.5934522606
2025-02-18 19:00:00;113.7340725939;87.0954273858;5.6667412343;34.9231021566
2025-02-18 20:00:00;114.2580908941;92.6155480462;4.8800446281;23.4978996798
2025-02-18 21:00:00;113.5041514204;92.3280924614;0;39.1673969503
2025-02-18 22:00:00;71.5829371853;57.8353947647;0;32.2214986397
2025-02-18 23:00:00;66.9671766811;39.4037931762;0;32.655302201
2025-02-19 00:00:00;35.1604356624;9.1769354985;0;30.8453283314
2025-02-19 01:00:00;29.7563958241;3.5768210996;0;27.428451928
2025-02-19 02:00:00;32.5890920566;4.6224745653;0;36.6021024054
2025-02-19 03:00:00;28.0910681301;8.983273233;0;29.1525794894
2025-02-19 04:00:00;37.1830867257;0.4704366453;0;49.0818269955
2025-02-19 05:00:00;27.956847096;7.8386869411;0;23.0417418373
2025-02-19 06:00:00;89.3441516453;4.5421775823;2.8766942533;46.7141317685
2025-02-19 07:00:00;89.3892372885;3.7651835105;4.381129814;19.6876321776
2025-02-19 08:00:00;89.2137779;4.4692129184;6.7376370192;21.7654303196
2025-02-19 09:00:00;94.057790107;4.186906755;9.6756283858;24.4693325748
2025-02-19 10:00:00;65.7424594171;7.5661861819;11.8527051943;17.0603888133
2025-02-19 11:00:00;73.4400797458;9.2794752224;11.2764780118;24.6267382938
2025-02-19 12:00:00;63.4842814708;4.9145582545;13.4507943296;6.5434527007
2025-02-19 13:00:00;56.1100480801;8.3273378578;15.1538282054;19.3737267934
2025-02-19 14:00:00;51.8568125134;7.3194453571;15.9844490041;18.1683465367
2025-02-19 15:00:00;57.2422269867;3.3068078556;15.605280979;16.2224555974
2025-02-19 16:00:00;55.2760756939;5.8731381453;12.4561942393;22.3567673368
2025-02-19 17:00:00;54.6500702642;6.6681567502;11.1268601944;25.9048934534
2025-02-19 18:00:00;119.7938362799;0.2349937189;8.0220786622;27.7767558781
2025-02-19 19:00:00;111.5011605109;3.9595555122;5.9409711198;32.2060944804
2025-02-19 20:00:00;117.0850171399;9.9263817585;3.8100693412;25.3214128691
2025-02-19 21:00:00;110.9853793236;6.3725642707;0;33.1792136954
2025-02-19 22:00:00;67.6745027591;3.3424406929;0;31.3206778591
2025-02-19 23:00:00;61.7873303814;2.500240394;0;37.4854305858
2025-02-20 00:00:00;28.8091582101;15.8016700597;0;39.9115925194
2025-02-20 01:00:00;31.4208416634;26.5761634329;0;33.6748720561
2025-02-20 02:00:00;39.9564066215;25.4239584014;0;25.9236371361
2025-02-20 03:00:00;32.2441027856;16.9776439002;0;27.964802096
2025-02-20 04:00:00;39.2364927899;25.1982005577;0;28.8267167325
2025-02-20 05:00:00;32.7819401811;20.3771563428;0;30.7861706715
2025-02-20 06:00:00;89.2827485492;56.5146835162;2.4410178761;35.6598171824
2025-02-20 07:00:00;97.9517320011;57.9771152088;3.6407994687;23.6373388161
2025-02-20 08:00:00;92.9912069487;60.9394883306;5.4759058096;19.7958840278
2025-02-20 09:00:00;88.1323804769;56.0872201094;8.8028027887;20.1329780162
2025-02-20 10:00:00;69.4485423043;52.1426643818;9.6325922158;20.770543536
2025-02-20 11:00:00;66.0142943625;51.3899721861;15.2221536883;17.4658919834
2025-02-20 12:00:00;58.3803168543;45.3128126639;14.8107032016;15.4131192019
2025-02-20 13:00:00;59.6960214976;43.1838549981;15.3916039865;13.127415647
2025-02-20 14:00:00;60.4113455313;43.0903354108;14.1258069913;19.3285576621
2025-02-20 15:00:00;63.7548814158;40.9830602267;15.0466473063;26.1613788918
2025-02-20 16:00:00;57.3837888957;38.2500305439;11.9951024806;19.2831608117
2025-02-20 17:00:00;54.3648868725;45.5890425383;10.5260905746;22.003343416
2025-02-20 18:00:00;118.4757369849;81.5533437688;9.7812053883;26.1221108111
2025-02-20 19:00:00;118.5424762057;91.3529650995;5.8939656902;33.9935685728
2025-02-20 20:00:00;120;93.3390720586;4.4575584128;21.9606102859
2025-02-20 21:00:00;114.5174602579;92.9337135186;0;37.5756574369
2025-02-20 22:00:00;66.5858653605;48.7560741559;0;38.5553856325
2025-02-20 23:00:00;64.1110208481;47.5866347806;0;21.5822488517
2025-02-21 00:00:00;34.2903098886;29.6262922046;0;26.2794797983
2025-02-21 01:00:00;24.9045529913;12.9945568418;0;42.950930774
2025-02-21 02:00:00;35.3641236763;21.323244801;0;31.8808199996
2025-02-21 03:00:00;34.5169885468;27.823984916;0;14.7295046087
2025-02-21 04:00:00;34.5045464094;31.0462571514;0;21.5149583195
2025-02-21 05:00:00;32.4937440626;27.4799116107;0;31.0326047879
2025-02-21 06:00:00;98.1396834429;69.4957950854;2.3617506399;23.4729012021
2025-02-21 07:00:00;95.1652519234;58.2819974868;3.8651422045;17.8051353844
2025-02-21 08:00:00;88.5094339678;51.208951682;6.4384534905;20.0183562028
2025-02-21 09:00:00;88.5899756054;60.7611266362;7.3216998661;27.1167198211
2025-02-21 10:00:00;63.5349288364;39.2711685916;11.3328152429;18.4156047473
2025-02-21 11:00:00;69.9742359943;44.4961807579;12.6148760821;25.1820364906
2025-02-21 12:00:00;62.9928358512;51.2650079381;12.9197910149;26.9504406076
2025-02-21 13:00:00;60.4948154768;44.9692305291;15.1296422487;31.4743222305
2025-02-21 14:00:00;61.5729307182;41.4424561065;15.5215199718;24.816352942
2025-02-21 15:00:00;51.6639776204;36.114174527;14.2015137689;11.7961797453
2025-02-21 16:00:00;54.784582425;45.076390638;10.4391543268;25.8361130981
2025-02-21 17:00:00;55.6943452468;42.9757184994;9.3219324929;29.2392179477
2025-02-21 18:00:00;118.9670258834;85.6037477478;7.555692939;22.6975944008
2025-02-21 19:00:00;120;81.9298153985;5.6059526373;42.7774653287
2025-02-21 20:00:00;107.4043858934;95.673130427;4.0684489892;36.1891072322
2025-02-21 21:00:00;113.5572884324;81.648544969;0;34.0179829249
2025-02-21 22:00:00;66.2963858667;60.3336810211;0;37.8761072069
2025-02-21 23:00:00;61.1904466498;54.2409330718;0;32.268756582
2025-02-22 00:00:00;27.8170049131;157.3547025698;0;12.3510605197
2025-02-22 01:00:00;31.9249602496;170.2041299981;0;28.6887260455
2025-02-22 02:00:00;28.7459449372;187.7567854886;0;42.5895594482
2025-02-22 03:00:00;23.0492047413;150.8378012776;0;26.1610318718
2025-02-22 04:00:00;42.933372141;157.3473941949;0;30.9477471967
2025-02-22 05:00:00;31.1978003934;199.7914187162;0;24.2168655753
2025-02-22 06:00:00;77.6781111721;186.6772448575;0.1663132643;47.3978739807
2025-02-22 07:00:00;72.2348189528;173.206513961;0.2268483115;27.9350899761
2025-02-22 08:00:00;78.3486653155;181.4900706046;0.3807791706;15.3215732387
2025-02-22 09:00:00;76.4365255585;192.3110485299;0.5297729385;20.3916741361
2025-02-22 10:00:00;48.4457603328;192.1152292777;0.6776064073;16.3215384244
2025-02-22 11:00:00;52.1279662099;166.2350717731;0.8499556163;22.6910261154
2025-02-22 12:00:00;60.5212827695;174.5645711273;0.9456191014;22.1734699941
2025-02-22 13:00:00;55.5765091667;181.9027548249;0.9783162132;27.6015502271
2025-02-22 14:00:00;48.4806740643;153.5948458257;0.9383547676;24.8493310396
2025-02-22 15:00:00;51.792304494;197.2898299695;0.7686862323;39.7838063659
2025-02-22 16:00:00;46.127530853;171.6370912831;0.8092024932;17.0488219318
2025-02-22 17:00:00;46.4389720186;168.5431163629;0.6593375776;13.1327437978
2025-02-22 18:00:00;102.3162651076;195.3550180725;0.5160743373;20.6904392856
2025-02-22 19:00:00;104.8893572846;155.9143324377;0.3317946213;17.9367834597
2025-02-22 20:00:00;103.2617946039;151.9630398694;0.2320150416;18.4938093197
2025-02-22 21:00:00;92.6082256441;184.250120615;0;22.1161637297
2025-02-22 22:00:00;56.6428006836;169.2501484053;0;22.6997388011
2025-02-22 23:00:00;58.1929767701;188.2237904415;0;22.4605641839
2025-02-23 00:00:00;28.8314491642;25.5780665122;0;36.6764646967
2025-02-23 01:00:00;31.7453589454;29.4052826428;0;28.3608729376
2025-02-23 02:00:00;33.6925956525;27.8951878239;0;31.0126402363
2025-02-23 03:00:00;34.5126438838;26.217765905;0;39.7287421305
2025-02-23 04:00:00;37.586415685;27.2347408254;0;26.2492497732
2025-02-23 05:00:00;28.5175150287;39.9801839476;0;30.3224018081
2025-02-23 06:00:00;71.2189254344;43.2790802151;2.4347120455;35.4388850475
2025-02-23 07:00:00;78.9691303492;61.5431061702;3.4669266317;10.0255454708
2025-02-23 08:00:00;85.8342243165;60.2313825099;5.3362527488;7.8662796202
2025-02-23 09:00:00;75.2106833063;48.1169121996;6.9323637326;21.1676619295
2025-02-23 10:00:00;60.1711174039;44.4192974307;8.9023527568;21.8782495915
2025-02-23 11:00:00;60.2111620732;35.689545953;11.5169161468;29.5356411181
2025-02-23 12:00:00;57.9417952202;39.824281747;11.6380276765;20.2519030077
2025-02-23 13:00:00;46.9730829173;36.4539988371;13.0214523948;27.3868333669
2025-02-23 14:00:00;42.7864902468;25.5260785472;12.4442010398;21.6181708686
2025-02-23 15:00:00;36.6744423467;34.3373172019;11.7172222069;24.4178011182
2025-02-23 16:00:00;41.9385934926;28.0066235517;10.4478179239;32.2026142235
2025-02-23 17:00:00;45.1855530016;28.4128308097;9.0390364659;10.6598901806
2025-02-23 18:00:00;102.5722454386;75.3605157393;6.6517855449;25.0791495148
2025-02-23 19:00:00;97.1697670646;89.8040837918;5.5687279561;44.824845655
2025-02-23 20:00:00;95.29822761;64.9027795656;3.2290215567;31.2833199838
2025-02-23 21:00:00;93.6244088564;77.7304932244;0;41.2814734893
2025-02-23 22:00:00;60.0359322354;49.544056072;0;24.6260140685
2025-02-23 23:00:00;63.192913256;44.4071564274;0;28.9887286196
2025-02-24 00:00:00;36.8975033616;32.1260598949;0;32.4379559665
2025-02-24 01:00:00;34.8397162621;31.8887131796;0;14.3342873413
2025-02-24 02:00:00;25.4717852545;21.549395894;0;22.773759851
2025-02-24 03:00:00;30.5295085204;17.7169792556;0;23.3471827468
2025-02-24 04:00:00;40.8749116432;33.8435332122;0;38.7794741939
2025-02-24 05:00:00;37.1608198268;31.5437363663;0;39.1822784204
2025-02-24 06:00:00;84.9633491532;56.3677564765;2.0900300583;34.774276613
2025-02-24 07:00:00;91.6319562809;65.1284327997;3.1706255411;23.2775126807
2025-02-24 08:00:00;93.5160565822;61.022129654;5.3349272822;18.5089461389
2025-02-24 09:00:00;88.4524005516;55.3954073605;6.6382149059;25.1006317632
2025-02-24 10:00:00;57.5826671301;43.4522896826;9.0843955886;19.3434148903
2025-02-24 11:00:00;68.418793429;52.5580015536;8.9193182472;19.5802170559
2025-02-24 12:00:00;64.4291730672;49.0005150502;11.7151170416;18.019457025
2025-02-24 13:00:00;52.4927831962;42.920984379;13.0788051809;26.3709303086
2025-02-24 14:00:00;54.4240094024;36.8429594727;12.2902000465;20.1467209539
2025-02-24 15:00:00;55.4185294061;50.9151995521;12.4477609949;28.0146253355
2025-02-24 16:00:00;55.9791984486;40.6554119985;9.7034094695;16.1444539774
2025-02-24 17:00:00;52.0421164769;39.8208354522;9.3378263516;16.3315372062
2025-02-24 18:00:00;114.7991991607;81.8908575315;7.7373955254;26.387685146
2025-02-24 19:00:00;107.8817368773;84.1217641091;4.6426454698;28.3106404211
2025-02-24 20:00:00;117.1898178382;95.0131388369;3.1691082327;25.6663018884
2025-02-24 21:00:00;102.936902684;86.3681740987;0;35.3936420856
2025-02-24 22:00:00;66.6713798645;67.8547327171;0;24.5562285293
2025-02-24 23:00:00;72.110422918;54.6825900824;0;27.5024803715
2025-02-25 00:00:00;27.4238933445;26.080001277;0;43.0246316298
2025-02-25 01:00:00;35.4148623537;24.3812867642;0;44.1395623925
2025-02-25 02:00:00;37.3917236418;24.06114534;0;44.4045671916
2025-02-25 03:00:00;21;31.0439017322;0;29.6264892634
2025-02-25 04:00:00;31.5097933712;30.9604160625;0;41.681712225
2025-02-25 05:00:00;21;19.0791576689;0;24.312768767
2025-02-25 06:00:00;91.5605324944;66.7467571428;2.2338594551;24.6478507003
2025-02-25 07:00:00;92.06020005;67.6216606579;3.4911585927;7.8867975149
2025-02-25 08:00:00;80.9210225628;49.5103236104;4.321093624;27.1231072585
2025-02-25 09:00:00;100.7542431288;71.1539337169;5.9568655041;14.9939339133
2025-02-25 10:00:00;69.4189240089;43.8517090367;7.7364010302;18.519815473
2025-02-25 11:00:00;64.3112474302;32.9332061534;8.5202508195;14.7723517073
2025-02-25 12:00:00;74.7260602983;51.7224143046;10.0232216988;22.4485156528
2025-02-25 13:00:00;48.0712845693;39.5326338172;10.5909048213;20.2169494707
2025-02-25 14:00:00;50.6202744113;39.0424466106;10.8086430784;15.0339054168
2025-02-25 15:00:00;45.8039942056;53.611694846;10.7882619831;24.7758805871
2025-02-25 16:00:00;64.2562474466;49.7016356691;9.7259846875;14.3148196291
2025-02-25 17:00:00;57.6471027338;44.4731702281;8.8965780196;17.6411550771
2025-02-25 18:00:00;119.0203961786;96.6259465107;5.6717564269;10.5598947593
2025-02-25 19:00:00;117.4075936769;89.7566388685;4.8648525167;18.4748502711
2025-02-25 20:00:00;118.6350430494;98.0257836325;3.0464287531;29.9675642425
2025-02-25 21:00:00;116.4044378368;94.6011354383;0;14.5979349584
2025-02-25 22:00:00;69.3509989168;62.6798525167;0;18.0647123064
2025-02-25 23:00:00;68.6160683376;45.7973033056;0;28.6701998377
2025-02-26 00:00:00;29.5304979175;15.9762657061;0;27.2958722533
2025-02-26 01:00:00;32.0593495991;22.1821349192;0;47.320389098
2025-02-26 02:00:00;33.5003366222;27.6816800604;0;46.0715231377
2025-02-26 03:00:00;32.7666320805;24.2310381715;0;24.7346831724
2025-02-26 04:00:00;25.6191865577;26.5910418396;0;35.9886860474
2025-02-26 05:00:00;26.2167210338;23.3554630067;0;37.5060955367
2025-02-26 06:00:00;97.1738825661;67.9858452273;1.8763960251;26.8704338999
2025-02-26 07:00:00;90.919622907;56.9871417201;3.0752820639;11.8669450312
2025-02-26 08:00:00;94.9323601752;65.7136032099;3.8640174726;18.8950369081
2025-02-26 09:00:00;87.3865565197;56.4280620998;5.9801881273;18.1343115346
2025-02-26 10:00:00;61.6591656402;36.7294940044;7.5499894929;16.8885159842
2025-02-26 11:00:00;64.4921373287;46.1453358869;9.3414150815;21.0491532815
2025-02-26 12:00:00;67.2867792667;58.211736167;10.4195916303;15.3961080637
2025-02-26 13:00:00;53.2888037242;32.2724921992;12.9702074529;15.7438972209
2025-02-26 14:00:00;62.1046359249;46.3520667251;10.2877222005;22.7152121665
2025-02-26 15:00:00;57.0897899279;47.5688627355;9.7513863038;24.2458577564
2025-02-26 16:00:00;64.6021588545;61.4138081432;8.5393180973;15.6076452053
2025-02-26 17:00:00;58.1017717643;40.3636707634;7.1196749307;27.2427265674
2025-02-26 18:00:00;105.4573914612;81.0863900703;5.5067846822;12.3248896043
2025-02-26 19:00:00;120;87.3929378567;4.6491435965;24.3210299233
2025-02-26 20:00:00;109.5208878408;93.4693821429;3.2493406881;26.5961729782
2025-02-26 21:00:00;117.3512716443;87.1170541784;0;23.9080117803
2025-02-26 22:00:00;64.8022438256;55.0248129806;0;24.413803906
2025-02-26 23:00:00;77.9305217402;42.7525328563;0;41.7286126945
2025-02-27 00:00:00;38.8249139199;35.2372574068;0;24.650510153
2025-02-27 01:00:00;29.0085303588;30.9243310654;0;50.420310321
2025-02-27 02:00:00;31.7736137399;30.8774925739;0;34.7327446263
2025-02-27 03:00:00;33.4474145599;17.169859106;0;32.0316080961
2025-02-27 04:00:00;36.2320865685;31.6566145613;0;35.038916127
2025-02-27 05:00:00;32.4779068519;15.1360503517;0;51.1146794315
2025-02-27 06:00:00;87.89590161;60.8311378901;0.0554825412;23.5334196251
2025-02-27 07:00:00;89.2789147808;63.0909969987;0.0840485239;13.5243991011
2025-02-27 08:00:00;92.4877605735;65.2845236357;0.1359548511;15.2412688572
2025-02-27 09:00:00;98.0629850616;69.4107153313;0.1711636219;18.9375790018
2025-02-27 10:00:00;70.3687168653;51.1765058311;0.2415792737;10.6812648813
2025-02-27 11:00:00;64.9630793231;35.8179015222;0.2818589719;18.8915334452
2025-02-27 12:00:00;71.3611239926;53.8459353035;0.2761758179;26.7406177582
2025-02-27 13:00:00;54.6697736358;42.0115689439;0.3759738279;22.7473421264
2025-02-27 14:00:00;60.4180414341;39.3524175947;0.3826213818;20.3139668791
2025-02-27 15:00:00;67.7827522932;39.732103905;0.298878717;18.5305497755
2025-02-27 16:00:00;54.7964867415;50.6811332535;0.2687538907;26.8410471844
2025-02-27 17:00:00;60.0184286295;52.4278831485;0.2351950134;17.3926240139
2025-02-27 18:00:00;113.2181408273;92.7039353328;0.1838661801;32.0349114646
2025-02-27 19:00:00;116.0672238691;85.6404448164;0.137916168;41.800401749
2025-02-27 20:00:00;116.7054411124;76.0480019841;0.1045250633;29.9887249543
2025-02-27 21:00:00;115.7008343513;95.4740608519;0;28.0987971027
2025-02-27 22:00:00;79.5270080924;68.3828541518;0;35.4408985782
2025-02-27 23:00:00;67.0637776568;45.950163439;0;35.8927544053
2025-02-28 00:00:00;35.0644219901;34.7938586515;0;24.7865030616
2025-02-28 01:00:00;23.7381991536;30.4706840966;0;26.9550184526
2025-02-28 02:00:00;34.3675746007;28.9935949508;0;20.7794213164
2025-02-28 03:00:00;37.5628357312;28.938825004;0;34.2157228132
2025-02-28 04:00:00;30.049402024;25.1576378085;0;36.2144918176
2025-02-28 05:00:00;21.1275904309;29.8457148869;0;20.5654058349
2025-02-28 06:00:00;92.5389738818;57.6560612738;1.6355602866;27.5087651003
2025-02-28 07:00:00;92.7902341683;66.4555514785;2.4054766544;12.3516835319
2025-02-28 08:00:00;95.9712445699;59.9427500429;3.3261657648;14.4397700054
2025-02-28 09:00:00;101.7619705009;76.1536396296;4.811402451;21.1903894039
2025-02-28 10:00:00;66.8869387035;52.2352629715;6.5442622918;15.2095204404
2025-02-28 11:00:00;64.7438835747;43.4211075992;9.0511571101;17.2240484769
2025-02-28 12:00:00;63.346050025;47.6994908458;8.5973298691;11.0476818156
2025-02-28 13:00:00;57.4306705526;37.9523619887;9.7180698115;22.7446474272
2025-02-28 14:00:00;58.6964109407;52.8989290916;9.5346035516;21.4883733068
2025-02-28 15:00:00;54.0838675013;51.2778227798;9.8213833056;17.7690094439
2025-02-28 16:00:00;60.0433891317;48.8536473505;9.5148886428;20.7021086288
2025-02-28 17:00:00;58.6335451217;53.314713903;6.2829816253;22.7082769332
2025-02-28 18:00:00;117.0231761554;93.1492295398;4.9101280476;17.3023334982
2025-02-28 19:00:00;112.7677673086;94.0253857503;4.0510221583;17.6264927394
2025-02-28 20:00:00;114.6602441323;96.3279083181;2.7097536916;40.5477659106
2025-02-28 21:00:00;105.8947347124;84.6808945512;0;23.5141710501
2025-02-28 22:00:00;69.6582219201;60.6845316717;0;27.2613260692
2025-02-28 23:00:00;68.7157159305;54.777529675;0;34.9971150911
2025-03-01 00:00:00;30.8481554599;27.8269441588;0;57.9353560788
2025-03-01 01:00:00;32.26943557;22.3297487471;0;21.2034119459
2025-03-01 02:00:00;31.7361966889;12.6926625516;0;34.2409927532
2025-03-01 03:00:00;29.5032756871;24.4267275;0;25.3350687397
2025-03-01 04:00:00;30.2190061942;12.929997464;0;26.6336759623
2025-03-01 05:00:00;23.6805761249;19.539636786;0;25.2376532901
2025-03-01 06:00:00;75.7893315325;48.5995505014;1.7808703212;22.1178087801
2025-03-01 07:00:00;78.6431941797;52.2259684793;2.5154868139;18.2771295086
2025-03-01 08:00:00;75.1047333465;58.9770649263;3.3961615029;11.6600754642
2025-03-01 09:00:00;82.2867530195;63.4179840264;5.0052148154;22.839125283
2025-03-01 10:00:00;54.9107114643;45.1982036351;6.6811577292;18.7217147289
2025-03-01 11:00:00;58.8479301792;47.9345725096;7.8883311059;20.4181272556
2025-03-01 12:00:00;58.3991012842;48.0444094519;8.728473257;16.3154034057
2025-03-01 13:00:00;50.9620456951;24.7140132281;9.6910048792;19.5678116142
2025-03-01 14:00:00;51.6573568069;39.9024520508;9.7643094784;23.0946745319
2025-03-01 15:00:00;50.7269432732;29.0968020653;9.3155609095;15.2756504817
2025-03-01 16:00:00;38.1267686176;35.742771787;7.7866083073;19.617439511
2025-03-01 17:00:00;52.9774631899;28.6752566482;6.0547963936;16.9154805399
2025-03-01 18:00:00;105.8304800565;83.7442849;4.8354738192;16.7487419166
2025-03-01 19:00:00;96.7880337682;82.4580288911;3.8341683566;13.0901517738
2025-03-01 20:00:00;100.0225041546;72.8372654006;2.2461598573;36.9770444669
2025-03-01 21:00:00;94.948850487;83.2337622799;0;22.947089265
2025-03-01 22:00:00;49.1068525483;48.9169535777;0;35.7585142604
2025-03-01 23:00:00;54.5503371336;43.5837921742;0;35.1034827933
2025-03-02 00:00:00;27.5693743224;29.9452880192;0;20.7120250975
2025-03-02 01:00:00;28.4031717089;23.5116036067;0;22.2199311124
2025-03-02 02:00:00;25.684886595;24.9075053582;0;50.0667970717
2025-03-02 03:00:00;26.6995867493;24.4270011896;0;43.8884707305
2025-03-02 04:00:00;29.9504715527;25.107566776;0;30.2856592714
2025-03-02 05:00:00;26.533978576;21.0183925579;0;32.4903497031
2025-03-02 06:00:00;81.0328585772;49.0829184061;1.4902956955;25.7118593639
2025-03-02 07:00:00;81.654472012;55.1779811759;2.1715353107;20.2954290487
2025-03-02 08:00:00;89.2987439384;59.3719584544;3.2697195329;15.0317914908
2025-03-02 09:00:00;83.6525587753;54.4582793575;4.9149645154;9.0097127067
2025-03-02 10:00:00;59.096713073;50.0720095645;5.8128995497;12.2644062873
2025-03-02 11:00:00;55.2115599755;35.283577862;6.9317707927;18.4122988003
2025-03-02 12:00:00;59.3246123931;43.9216662124;6.9743125903;13.1366398664
2025-03-02 13:00:00;49.1803062451;45.6646556763;8.8276901043;21.0089341665
2025-03-02 14:00:00;45.4007155249;42.3848664566;8.7605344442;15.6274064822
2025-03-02 15:00:00;51.2374157108;47.3384009359;9.1799642199;17.1889356572
2025-03-02 16:00:00;41.4191833594;30.621834776;6.7360709477;25.9260167764
2025-03-02 17:00:00;46.6108251655;42.0328885728;5.8257478581;22.6903979121
2025-03-02 18:00:00;101.6726119178;75.3347517338;4.5478816505;21.3167078855
2025-03-02 19:00:00;97.8771201867;76.6214062817;3.6738974744;33.5106455414
2025-03-02 20:00:00;98.2408540354;77.7634015548;2.2249944351;30.7745839506
2025-03-02 21:00:00;98.5512124755;75.2530357528;0;37.4091411371
2025-03-02 22:00:00;54.2425437274;48.0456054553;0;24.3150804314
2025-03-02 23:00:00;63.2853035026;43.8967348667;0;24.5226727125
2025-03-03 00:00:00;28.0686219886;19.879757955;0;20.4313196396
2025-03-03 01:00:00;34.0815084856;32.557221416;0;27.0335643803
2025-03-03 02:00:00;34.5112070546;25.9058259098;0;37.5846266706
2025-03-03 03:00:00;28.3809929568;25.801280543;0;40.1223120076
2025-03-03 04:00:00;32.978760657;27.2189919052;0;37.5508275074
2025-03-03 05:00:00;28.5564467349;26.3264453466;0;16.6985534008
2025-03-03 06:00:00;99.5758018372;66.5528643334;1.3770335185;38.4807592693
2025-03-03 07:00:00;88.191587483;59.6957915518;2.1876797639;9.8177928479
2025-03-03 08:00:00;90.3735737754;70.3626701051;3.0807519768;22.2480294074
2025-03-03 09:00:00;87.8070981618;65.312931561;4.0007716692;16.4981014785
2025-03-03 10:00:00;62.9399387537;46.6256093688;5.4100763652;21.3596556666
2025-03-03 11:00:00;76.2100518335;51.7169644925;6.9779539742;12.1164446816
2025-03-03 12:00:00;71.4920690572;50.3267627561;6.6836575361;23.4882674199
2025-03-03 13:00:00;57.5476396028;46.3921543877;7.8337139086;13.4335701065
2025-03-03 14:00:00;53.9617228521;50.646936095;7.3171138756;17.6544767943
2025-03-03 15:00:00;61.0005723369;37.3918922324;7.9777856508;15.9076546512
2025-03-03 16:00:00;53.20731821;45.6820404851;5.6429773529;11.9004620654
2025-03-03 17:00:00;60.4876960116;51.9121631093;5.0891513079;21.6976627936
2025-03-03 18:00:00;113.6563376296;80.0472450585;4.2741527943;30.7675456444
2025-03-03 19:00:00;114.6823537159;87.4608916532;3.4156006966;45.4232188495
2025-03-03 20:00:00;120;87.8769528009;2.0752495653;27.9149017079
2025-03-03 21:00:00;120;96.7741914813;0;34.8611725516
2025-03-03 22:00:00;71.7382112271;59.3686267691;0;28.8342723527
2025-03-03 23:00:00;64.3260495037;46.2457286634;0;30.6519665601
2025-03-04 00:00:00;30.7133802852;23.2418919762;0;27.4743887119
2025-03-04 01:00:00;33.4296955163;31.1452565988;0;31.5095292653
2025-03-04 02:00:00;28.9018868523;26.329317721;0;34.0813340435
2025-03-04 03:00:00;38.8929836015;31.2900860484;0;25.6994389428
2025-03-04 04:00:00;21.9148899331;26.1959973378;0;29.4622268788
2025-03-04 05:00:00;29.2193233618;28.6586201227;0;29.6054193343
2025-03-04 06:00:00;91.2200205529;59.9429097628;1.1942566439;36.2514679175
2025-03-04 07:00:00;80.7153233243;67.349873109;2.2269805902;13.2223480229
2025-03-04 08:00:00;87.2300387297;53.0334020765;2.4901376972;17.7942929595
2025-03-04 09:00:00;96.3268726222;54.5050384992;3.1723977017;26.6433029938
2025-03-04 10:00:00;69.3335787263;39.1072715933;5.1169177994;23.2725798451
2025-03-04 11:00:00;76.276414461;41.2429454932;5.7228292628;24.1068447777
2025-03-04 12:00:00;76.1508213683;58.0556385428;6.2042023235;18.136680938
2025-03-04 13:00:00;58.9881273386;47.3915085432;7.5994627437;22.718729865
2025-03-04 14:00:00;58.4489907554;50.8094743292;7.3321793763;26.3005129065
2025-03-04 15:00:00;57.3361086235;36.4678489803;6.4512913201;29.2344398473
2025-03-04 16:00:00;45.0915495544;41.78219103;5.3516163106;10.7699621193
2025-03-04 17:00:00;50.7639008249;40.5829340435;5.287920287;14.1147415274
2025-03-04 18:00:00;118.2818770337;93.296861658;4.0497895504;27.9157357752
2025-03-04 19:00:00;120;97.9174009475;2.7940461904;25.1681004423
2025-03-04 20:00:00;119.1323514243;88.9062220306;2.2216350166;22.4990534745
2025-03-04 21:00:00;113.812744915;105.9137158742;0;18.5617776857
2025-03-04 22:00:00;73.4156306329;71.0719980521;0;23.2879691104
2025-03-04 23:00:00;75.8683004912;51.1214937926;0;17.5598946779
2025-03-05 00:00:00;44.4852204876;21.2402233272;0;45.4029468929
2025-03-05 01:00:00;44.7643147547;28.3186024425;0;29.6487160777
2025-03-05 02:00:00;36.3886030491;26.4706050139;0;29.383991478
2025-03-05 03:00:00;45.2311946654;35.1609269639;0;34.1994709482
2025-03-05 04:00:00;40.201006592;19.4946275147;0;36.9892640134
2025-03-05 05:00:00;42.1791571477;29.0502778671;0;36.8665936292
2025-03-05 06:00:00;114.5877218287;54.5410354314;1.0570633533;37.8187198161
2025-03-05 07:00:00;111.9545693429;66.5983487773;1.5719748365;15.0681831883
2025-03-05 08:00:00;107.9608377611;61.3303439675;2.4609455194;16.5573950412
2025-03-05 09:00:00;112.167368032;75.1495475833;3.5478283263;21.3289843782
2025-03-05 10:00:00;88.6682310248;43.7021997837;4.6611831898;15.5308812789
2025-03-05 11:00:00;80.9446315766;57.4257163911;5.408661691;17.8667336253
2025-03-05 12:00:00;88.1630663734;42.1279330619;6.4254349945;19.6730008089
2025-03-05 13:00:00;72.6782023221;36.9053215539;5.9864097705;24.9681003291
2025-03-05 14:00:00;67.0756944955;33.0118667538;7.4208455549;11.595598444
2025-03-05 15:00:00;76.2026143062;48.0097288565;6.2083517315;24.6005620237
2025-03-05 16:00:00;66.7695637698;35.4478342623;6.0080564931;19.6516443926
2025-03-05 17:00:00;76.8555866946;38.8227472521;4.6975359743;24.562535074
2025-03-05 18:00:00;120;94.9446067781;3.6909272607;24.9250358572
2025-03-05 19:00:00;120;94.1503442602;2.7238935315;37.6212011289
2025-03-05 20:00:00;120;89.2690895055;1.8546192291;35.9141239153
2025-03-05 21:00:00;120;90.6073652485;0;35.8679555017
2025-03-05 22:00:00;82.2301499302;69.6695695742;0;36.5193505474
2025-03-05 23:00:00;76.5274423336;47.667451885;0;28.7891007886
2025-03-06 00:00:00;31.889658239;30.9889227128;0;29.8342541697
2025-03-06 01:00:00;29.2518133308;25.6942858757;0;36.0541146411
2025-03-06 02:00:00;35.5058906016;21.0649193356;0;35.0128039287
2025-03-06 03:00:00;38.747189782;33.0343614376;0;27.3093257476
2025-03-06 04:00:00;27.3478070979;21.1097311773;0;32.5914158984
2025-03-06 05:00:00;40.5743124189;29.9810532209;0;29.3364360055
2025-03-06 06:00:00;93.3219940552;65.3847404242;1.1205773275;23.2778414725
2025-03-06 07:00:00;89.5128774777;49.7266816395;1.8262317419;23.486563294
2025-03-06 08:00:00;97.3103702209;56.3748208344;2.4395262304;18.0027219434
2025-03-06 09:00:00;91.8914285578;67.8194307604;3.4690282802;26.8527404864
2025-03-06 10:00:00;69.1200402403;46.7691169019;4.1849707601;10.5414308534
2025-03-06 11:00:00;67.6686031835;45.8319883512;5.6703261275;15.2858961138
2025-03-06 12:00:00;65.8125345891;49.3376602568;5.4497732674;17.9025668859
2025-03-06 13:00:00;60.5395327145;42.4107115589;7.0167568207;26.6081420092
2025-03-06 14:00:00;55.9931897557;45.0195457513;6.1134218477;22.7862608607
2025-03-06 15:00:00;50.8166130039;39.4295622883;5.1020608498;22.3253188717
2025-03-06 16:00:00;59.7613166277;46.3913179276;5.1366476549;14.8788208447
2025-03-06 17:00:00;51.8564254891;36.6839296568;3.9855680758;14.7251110255
2025-03-06 18:00:00;113.1234213604;90.5058842773;3.5036003166;22.3876359668
2025-03-06 19:00:00;120;103.4974182294;2.2763703677;17.5527504424
2025-03-06 20:00:00;112.929562591;85.9049697626;1.591786798;23.0946632187
2025-03-06 21:00:00;107.8890902812;91.0201959222;0;29.9721758364
2025-03-06 22:00:00;72.2907319648;62.2768527559;0;20.0950830499
2025-03-06 23:00:00;68.1204698498;53.0964772806;0;37.3267719102
2025-03-07 00:00:00;31.9608533392;26.4504863987;0;38.3761363511
2025-03-07 01:00:00;31.5250496143;26.4916076829;0;17.8408600606
2025-03-07 02:00:00;33.9828161099;29.7376593409;0;22.5354467759
2025-03-07 03:00:00;29.5530647958;33.526002895;0;12.5930413134
2025-03-07 04:00:00;39.5828183199;31.7898472462;0;23.6357613171
2025-03-07 05:00:00;26.297264223;27.7702913831;0;35.0148933727
2025-03-07 06:00:00;96.0927408167;62.695802305;0.8278804883;26.3442828541
2025-03-07 07:00:00;96.9803482091;75.2283916097;1.4615034252;19.6619734975
2025-03-07 08:00:00;90.6723707679;66.7022716308;1.7784829722;10.9208722812
2025-03-07 09:00:00;89.4839986879;61.9274695607;2.6335451608;21.148161897
2025-03-07 10:00:00;74.2078867325;52.5378892592;4.1077509263;15.1841357863
2025-03-07 11:00:00;65.1717293756;53.8973709378;4.9643789844;17.6845459797
2025-03-07 12:00:00;66.9006150353;45.3501609141;5.4728046846;17.2215399647
2025-03-07 13:00:00;61.3933926383;35.461602455;5.198171677;14.030645353
2025-03-07 14:00:00;57.5568378582;44.3935964529;5.6125032729;14.6398293674
2025-03-07 15:00:00;49.3133558029;45.8138522134;5.2911351291;25.5461249412
2025-03-07 16:00:00;65.2622684578;57.3473975306;4.2379213381;22.621145857
2025-03-07 17:00:00;55.0154538928;41.2332430211;4.33790902;25.969106528
2025-03-07 18:00:00;116.73859681;92.0499588979;3.2273336482;22.2388950069
2025-03-07 19:00:00;119.70203375;96.5538135224;2.1673079194;27.3917534065
2025-03-07 20:00:00;120;93.9987914769;1.5196341347;15.0346843314
2025-03-07 21:00:00;120;102.0430472877;0;24.6588044106
2025-03-07 22:00:00;62.1602960964;54.82656256;0;26.2653041404
2025-03-07 23:00:00;73.3473877089;57.5261248648;0;39.3595010829
2025-03-08 00:00:00;33.3435436232;30.9580195719;0;34.1939219722
2025-03-08 01:00:00;29.3827579011;29.4380506424;0;40.3886058566
2025-03-08 02:00:00;33.5427316267;25.5269662359;0;33.5415618107
2025-03-08 03:00:00;34.2042330794;39.218109547;0;23.9928485956
2025-03-08 04:00:00;23.7811674676;28.1012707562;0;30.0366816354
2025-03-08 05:00:00;37.8739492765;30.566404317;0;30.9055773688
2025-03-08 06:00:00;72.5600585938;47.5292815664;0.9125225477;22.330540654
2025-03-08 07:00:00;74.4655654673;52.9881534142;1.1608863394;15.8267275289
2025-03-08 08:00:00;78.3964442016;56.3340239787;1.9789126749;16.6086077871
2025-03-08 09:00:00;88.2367210422;55.817902637;2.6088678085;24.5376446432
2025-03-08 10:00:00;57.3562117158;42.6666270685;3.2592508443;8.401230974
2025-03-08 11:00:00;58.5996640444;43.096212688;4.1777595956;22.7875821586
2025-03-08 12:00:00;65.1877202672;48.62105267;5.5394153041;13.4086563554
2025-03-08 13:00:00;46.9763738165;27.5990730449;5.419569408;13.4204876194
2025-03-08 14:00:00;43.0248402499;34.3328610815;4.9197052352;26.453365295
2025-03-08 15:00:00;46.4502486995;34.9262816837;5.064767995;24.1652561017
2025-03-08 16:00:00;54.4963687102;41.378019308;4.7523236085;26.8342192237
2025-03-08 17:00:00;48.6466979448;44.6828105082;3.8052533229;24.5166295497
2025-03-08 18:00:00;109.0935730818;98.3458609315;2.7725817977;30.9469274825
2025-03-08 19:00:00;103.7263180843;86.6733896922;1.9143488631;29.9325539936
2025-03-08 20:00:00;97.5039707023;71.4599882087;1.4650266518;25.2365470206
2025-03-08 21:00:00;100.6354542862;78.7366108154;0;28.5156291386
2025-03-08 22:00:00;54.903885018;53.4240828599;0;34.4285875635
2025-03-08 23:00:00;55.7354179117;45.7874238581;0;21.1466027375
2025-03-09 00:00:00;50.1558791296;41.5460562387;0;24.2639623133
2025-03-09 01:00:00;34.5838102952;27.102848021;0;26.7491860143
2025-03-09 02:00:00;33.8749409505;25.9322969466;0;13.7362010412
2025-03-09 03:00:00;27.1956885811;35.7152100224;0;29.9889000191
2025-03-09 04:00:00;37.0631282983;29.9644267188;0;15.319350842
2025-03-09 05:00:00;34.9473702081;21.6112731529;0;29.3727615841
2025-03-09 06:00:00;88.1995678867;68.7767785966;0.8477053886;35.2590438508
2025-03-09 07:00:00;87.9812857524;52.1236455521;1.3547324285;15.3193713336
2025-03-09 08:00:00;73.0763702881;31.1864922226;1.932861486;24.6854375521
2025-03-09 09:00:00;74.7379943829;58.5529222501;2.7252538351;11.0423404937
2025-03-09 10:00:00;54.3446588938;47.2781607224;3.090009299;22.5728247059
2025-03-09 11:00:00;54.6139711684;44.5163066656;4.3043936299;20.3285975647
2025-03-09 12:00:00;60.3172397026;38.067277306;4.4822314122;9.9312256274
2025-03-09 13:00:00;45.8758045184;35.8319831432;5.4768694426;34.0434674247
2025-03-09 14:00:00;57.7531134863;42.1222864572;4.4380870364;19.9683902049
2025-03-09 15:00:00;56.9974795222;40.3838248336;5.0252714;15.8403411337
2025-03-09 16:00:00;48.3973428795;47.5525394653;3.9556522763;13.1536951791
2025-03-09 17:00:00;57.2253880255;37.3628437679;3.0600040365;19.1756277136
2025-03-09 18:00:00;107.2994459283;87.6646092006;2.4168296844;19.6454386938
2025-03-09 19:00:00;98.5746605894;86.5966295289;1.7922553246;26.7589042506
2025-03-09 20:00:00;91.5613710576;77.2932290469;1.3070947489;24.1470820432
2025-03-09 21:00:00;99.6219823734;87.4438025007;0;30.2195331237
2025-03-09 22:00:00;55.9609044736;54.8046655794;0;23.561155053
2025-03-09 23:00:00;59.7909793766;48.228715859;0;13.4688939311
2025-03-10 00:00:00;33.5506389549;29.3126781926;0;27.7275082979
2025-03-10 01:00:00;33.432691129;31.6916814599;0;11.7553950758
2025-03-10 02:00:00;35.5056930002;25.5585855171;0;31.3504399747
2025-03-10 03:00:00;27.6927629021;17.8836775701;0;21.7513219783
2025-03-10 04:00:00;35.000232913;33.425616403;0;29.9793420383
2025-03-10 05:00:00;31.1708389754;32.2599518536;0;38.2653572853
2025-03-10 06:00:00;95.5475510033;66.410290031;0.7820180845;21.9713161272
2025-03-10 07:00:00;98.9559754075;63.4879057181;1.0938140473;21.8669228099
2025-03-10 08:00:00;89.1378321245;52.3697703724;1.6647967531;15.4093748774
2025-03-10 09:00:00;93.3818096669;63.8918189351;2.6706910122;24.8564111796
2025-03-10 10:00:00;69.5148192748;42.589888969;3.3321055955;15.7041894686
2025-03-10 11:00:00;67.7340129559;40.8757475158;3.6545165448;13.650503447
2025-03-10 12:00:00;74.0974560606;52.7565576807;4.013601547;20.2509962253
2025-03-10 13:00:00;54.5067718254;37.5478619364;4.3004084595;17.9655059323
2025-03-10 14:00:00;55.2492176425;44.7399114603;4.4685692265;15.9207659444
2025-03-10 15:00:00;54.5538833417;41.2567676181;3.6740249431;17.7535510692
2025-03-10 16:00:00;62.6627687914;42.9464537831;3.4585459624;19.9372762604
2025-03-10 17:00:00;55.5325209341;31.9909671049;2.536729018;26.9274149275
2025-03-10 18:00:00;120;90.7395487561;2.3527662319;10.4132910376
2025-03-10 19:00:00;120;94.3021854093;1.7544109661;26.0722999589
2025-03-10 20:00:00;118.9103559884;85.4357536172;1.102115447;29.9725220603
2025-03-10 21:00:00;120;94.6858301908;0;27.1763999725
2025-03-10 22:00:00;77.5693167064;58.0764427284;0;34.4115391101
2025-03-10 23:00:00;74.6705853481;52.1384744921;0;25.4409132638
2025-03-11 00:00:00;33.1412701014;28.374751952;0;27.3058396789
2025-03-11 01:00:00;36.1063609388;23.1242183232;0;32.8657069971
2025-03-11 02:00:00;27.4236723541;27.7922098947;0;29.3373646974
2025-03-11 03:00:00;29.7066818116;17.2818973405;0;25.8325905344
2025-03-11 04:00:00;30.4958377059;18.6356260351;0;32.3204737905
2025-03-11 05:00:00;43.299630564;31.5331099792;0;23.9566919512
2025-03-11 06:00:00;91.1717057479;66.4367731784;0.7936874583;24.2526277016
2025-03-11 07:00:00;91.1046906813;68.0953407243;0.9328392694;14.9087642781
2025-03-11 08:00:00;90.1306916509;71.4593114525;1.3285476406;22.986033657
2025-03-11 09:00:00;97.3474889907;64.7931547792;2.0938053279;3.3449491729
2025-03-11 10:00:00;70.8255483135;50.4667204504;2.8623129909;18.8746641853
2025-03-11 11:00:00;75.0741674431;47.4492816519;3.6149106178;17.3231290178
2025-03-11 12:00:00;73.2044205439;45.5841430535;3.477399568;9.9583226153
2025-03-11 13:00:00;51.6497057285;41.6814066827;4.1743499104;21.5902520229
2025-03-11 14:00:00;54.2287100737;37.0549731152;3.8309042456;22.4219813571
2025-03-11 15:00:00;64.005439406;54.5160135716;3.560068804;22.9925173399
2025-03-11 16:00:00;56.9466179382;35.5183733498;3.4109546711;6.7538786983
2025-03-11 17:00:00;63.2056232198;49.3881762502;2.778902448;26.8837691559
2025-03-11 18:00:00;118.7993558119;87.7139113983;1.7974769073;16.3428194687
2025-03-11 19:00:00;115.1184661502;85.2734557445;1.6825960925;30.1861233452
2025-03-11 20:00:00;118.108246578;95.4386517632;1.148449987;30.5371960176
2025-03-11 21:00:00;115.1166959975;87.0798090289;0;20.1171544108
2025-03-11 22:00:00;67.6387646157;55.5963682688;0;30.017963373
2025-03-11 23:00:00;71.0879177261;46.4016046351;0;23.2809921371
2025-03-12 00:00:00;35.5859100594;39.6798322204;0;13.721692649
2025-03-12 01:00:00;26.1278261981;21.0890468539;0;36.7672546606
2025-03-12 02:00:00;33.2055311189;27.5353915818;0;22.9447880375
2025-03-12 03:00:00;30.6439163427;24.7677047182;0;22.3795308587
2025-03-12 04:00:00;30.3658205124;26.9759327771;0;25.5913308237
2025-03-12 05:00:00;33.8807679388;23.4282053983;0;30.3959481558
2025-03-12 06:00:00;92.5294656469;61.626987414;0.5489348172;28.0515832548
2025-03-12 07:00:00;101.2261200508;70.5754833456;0.9593823969;19.4150486511
2025-03-12 08:00:00;100.3527775171;63.0561328819;1.4031701121;11.3573402153
2025-03-12 09:00:00;100.3247263967;74.5525705383;1.8834629678;13.9062876936
2025-03-12 10:00:00;68.0902784258;57.0178175006;2.2647168707;16.5802542158
2025-03-12 11:00:00;65.9861295483;51.7724982762;2.704035944;25.1772391703
2025-03-12 12:00:00;70.6865089877;51.701473444;3.2314347486;16.5895796793
2025-03-12 13:00:00;57.2962442729;25.281213109;3.7702724756;25.3261028256
2025-03-12 14:00:00;55.2331076903;44.9834638898;3.5967893883;20.1133516232
2025-03-12 15:00:00;52.6820069112;38.876159083;3.1420488372;17.5125527068
2025-03-12 16:00:00;57.7859810595;42.5105728821;3.0339877962;18.6925641081
2025-03-12 17:00:00;56.1544993951;31.7519000895;1.8291528475;19.0825476894
2025-03-12 18:00:00;120;98.8282757406;2.0145444687;22.9276911238
2025-03-12 19:00:00;120;86.2547440084;1.1619575919;34.4151727432
2025-03-12 20:00:00;120;97.504828782;0.8987228389;27.9162830591
2025-03-12 21:00:00;114.028793859;94.7899934734;0;33.2143415512
2025-03-12 22:00:00;72.1221366901;59.7106298372;0;19.435319187
2025-03-12 23:00:00;67.0437786274;56.3456442973;0;22.9581460396
2025-03-13 00:00:00;27.8576613062;21.1275050544;0;23.1758779395
2025-03-13 01:00:00;31.4208151886;29.4814991663;0;30.5251148066
2025-03-13 02:00:00;38.1586976655;21.7049909258;0;25.7607233022
2025-03-13 03:00:00;31.6740926638;32.0160127467;0;33.4636032219
2025-03-13 04:00:00;40.3940712247;36.1501702376;0;21.7134611699
2025-03-13 05:00:00;35.8194785747;31.0035966001;0;28.6048370834
2025-03-13 06:00:00;93.4086601909;60.6270454712;0.0329872447;33.1599752419
2025-03-13 07:00:00;100.4022852764;60.1046326866;0.0537022613;8.2129025413
2025-03-13 08:00:00;97.1863528208;63.1618134687;0.0976211684;25.9866818809
2025-03-13 09:00:00;90.9855500983;69.3852994468;0.1175256469;15.7782369957
2025-03-13 10:00:00;78.8136623698;57.1948892378;0.1611174631;8.3838207357
2025-03-13 11:00:00;71.6167052136;42.4562618102;0.1883929452;17.6513510776
2025-03-13 12:00:00;70.5336333736;44.429100596;0.2224591938;17.1222027307
2025-03-13 13:00:00;54.2326450768;49.4817800693;0.2295033366;19.404684649
2025-03-13 14:00:00;63.3904642957;49.6460032898;0.2046892874;24.7192135568
2025-03-13 15:00:00;60.4102815145;37.7154001444;0.2313600362;23.512044208
2025-03-13 16:00:00;60.9141139027;34.9974015646;0.1816331111;21.2855242371
2025-03-13 17:00:00;55.7986510456;38.9897862155;0.1372494632;22.0396985384
2025-03-13 18:00:00;120;85.6670211697;0.1179123041;19.2934298147
2025-03-13 19:00:00;120;94.6939496454;0.100050352;36.7759431769
2025-03-13 20:00:00;116.9055821083;107.2911034661;0.0664430057;16.0514398531
2025-03-13 21:00:00;113.5386285543;80.0019150508;0;26.3595941396
2025-03-13 22:00:00;73.0652292767;61.5232468787;0;25.8843999153
2025-03-13 23:00:00;63.3689892365;54.3666212047;0;30.6489840134
2025-03-14 00:00:00;34.0984418206;32.2110332751;0;22.2119130836
2025-03-14 01:00:00;31.4017678488;25.8556824546;0;15.8792863503
2025-03-14 02:00:00;38.8983642689;28.8158293374;0;29.2543462666
2025-03-14 03:00:00;31.6465733119;19.0800348639;0;30.1298849581
2025-03-14 04:00:00;38.3970991944;27.2745758203;0;38.6339859471
2025-03-14 05:00:00;31.1004283207;27.8582410709;0;19.2102895817
2025-03-14 06:00:00;99.854948377;72.9908843387;0.4444928795;36.2770307433
2025-03-14 07:00:00;104.6265258015;65.8987433855;0.7037036621;26.8870544509
2025-03-14 08:00:00;90.5487767316;61.4103718093;1.0371447727;15.2952559917
2025-03-14 09:00:00;96.669149602;60.4673981096;1.6967898959;11.4392718757
2025-03-14 10:00:00;82.9482625123;59.627831053;1.925405301;15.1719159979
2025-03-14 11:00:00;70.8783913617;56.127514178;2.3311551748;16.9495440306
2025-03-14 12:00:00;70.8567888567;55.007088804;2.7641713739;19.2710582479
2025-03-14 13:00:00;61.738863297;39.3074217802;2.7703180062;16.7920459763
2025-03-14 14:00:00;58.3754819223;44.6434018979;2.6620541037;27.3669556312
2025-03-14 15:00:00;50.5081010583;36.2142840717;2.5135761315;14.2148774027
2025-03-14 16:00:00;63.2859112207;53.6665914739;2.240714054;11.1375087517
2025-03-14 17:00:00;49.1773501715;37.8848541877;1.8627556752;25.1575378888
2025-03-14 18:00:00;118.1244375699;84.8293770121;1.5397472867;8.4998527768
2025-03-14 19:00:00;120;96.2945304616;1.0689600055;24.0426718975
2025-03-14 20:00:00;118.3955590711;94.011371834;0.7902554846;45.0826982063
2025-03-14 21:00:00;116.8783657839;93.3622007208;0;25.2593272582
2025-03-14 22:00:00;74.5354292139;61.1605679057;0;18.2367769381
2025-03-14 23:00:00;66.7487250999;45.239514049;0;24.9720600096
2025-03-15 00:00:00;24.4999842618;19.4157199413;0;27.6542278225
2025-03-15 01:00:00;31.2353129437;23.5010641841;0;29.1349094289
2025-03-15 02:00:00;29.1768451571;19.9070792178;0;32.6474497173
2025-03-15 03:00:00;24.4034709862;31.5765002583;0;20.7335943123
2025-03-15 04:00:00;32.86628643;20.6366989818;0;39.8269981463
2025-03-15 05:00:00;32.0901942251;26.9952216777;0;29.7263701498
2025-03-15 06:00:00;79.0150329292;55.3225648039;0.4081591373;33.0993278467
2025-03-15 07:00:00;79.3229364763;62.0879513071;0.6484613566;14.1668099822
2025-03-15 08:00:00;82.7506978429;64.3098063619;0.7744965696;22.2107026993
2025-03-15 09:00:00;85.9905568928;64.1419045755;1.3707286151;15.7259717539
2025-03-15 10:00:00;58.2653784324;46.5100643518;1.6852947756;17.9721111141
2025-03-15 11:00:00;62.4840460965;40.75338287;2.135951599;12.8855363393
2025-03-15 12:00:00;62.0813488548;40.4537886049;1.7220631418;12.6173736788
2025-03-15 13:00:00;52.9468393821;35.9564357471;2.7845741251;22.9803774079
2025-03-15 14:00:00;49.1668479593;43.8403192713;2.3593086683;17.4325252224
2025-03-15 15:00:00;44.8844917516;37.5183512494;2.4401054983;15.4217505666
2025-03-15 16:00:00;46.9087103755;43.3878234158;1.8134677675;16.4542524584
2025-03-15 17:00:00;50.5327971609;45.7737067261;1.7202280139;23.0330601907
2025-03-15 18:00:00;109.9130028326;83.50417802;1.16948253;16.5235899696
2025-03-15 19:00:00;99.5518248255;80.532175164;0.8844511075;24.4674741218
2025-03-15 20:00:00;105.3514566257;84.0684251127;0.7952930497;25.3036723547
2025-03-15 21:00:00;100.2536591018;79.8190170639;0;13.1253691618
2025-03-15 22:00:00;60.0350572794;51.5393087318;0;15.9375707578
2025-03-15 23:00:00;66.3572332496;55.4851113943;0;27.3282681398
2025-03-16 00:00:00;33.4393166164;27.6669986883;0;22.7414996701
2025-03-16 01:00:00;24.4141532727;24.9642770792;0;35.2431942024
2025-03-16 02:00:00;27.4238623928;20.1063436014;0;34.6165058238
2025-03-16 03:00:00;35.65299605;31.9043382518;0;32.8905725939
2025-03-16 04:00:00;30.6384511918;18.8549024584;0;40.5613022089
2025-03-16 05:00:00;24.8302194617;28.0914823739;0;27.2991799866
2025-03-16 06:00:00;77.0909983005;56.8719747738;0.345302344;32.4007042924
2025-03-16 07:00:00;83.9420051551;56.5020911197;0.5758361368;14.283152255
2025-03-16 08:00:00;85.2511305684;60.7433666125;0.8821330167;26.982143173
2025-03-16 09:00:00;80.8566331596;57.6225929144;1.1546336381;25.0220092904
2025-03-16 10:00:00;70.7836253314;51.2067500471;1.443190499;16.77664699
2025-03-16 11:00:00;63.3533988627;47.2664023906;1.7703431039;18.3435697727
2025-03-16 12:00:00;58.5490484138;44.5822654225;2.3239222379;22.4111972943
2025-03-16 13:00:00;45.4082504729;37.9487930332;2.0652978254;18.7969444916
2025-03-16 14:00:00;44.6919483184;37.2956746941;2.1082421293;16.3113229337
2025-03-16 15:00:00;50.5883236315;33.0886584703;2.1129832224;23.7787262001
2025-03-16 16:00:00;46.8794309872;37.0128808072;1.8722520034;19.8974751919
2025-03-16 17:00:00;56.6107745822;44.9088540543;1.5614496441;20.4075685005
2025-03-16 18:00:00;108.5062584918;87.5922797455;1.1673431226;15.4446354635
2025-03-16 19:00:00;104.7566548424;90.3572918579;0.7210872052;14.3161577123
2025-03-16 20:00:00;96.6023726003;81.9412376757;0.6891160296;26.5716789059
2025-03-16 21:00:00;98.8828704522;74.2381024132;0;30.7669251412
2025-03-16 22:00:00;65.295262093;56.6364880053;0;23.6740509381
2025-03-16 23:00:00;57.1109153281;40.9202254013;0;34.1006145713
2025-03-17 00:00:00;38.6523994529;29.9278337612;0;22.8712507588
2025-03-17 01:00:00;35.738479304;28.6251215885;0;20.4371610735
2025-03-17 02:00:00;33.835492132;30.9495263531;0;27.2891621394
2025-03-17 03:00:00;30.4400139921;26.6530232967;0;27.182564637
2025-03-17 04:00:00;33.1786643544;33.986697206;0;33.098416708
2025-03-17 05:00:00;34.4561774472;29.3314116491;0;22.3782650076
2025-03-17 06:00:00;100.5037894432;61.6874104742;0.2185148548;37.2487598945
2025-03-17 07:00:00;91.871554198;59.8795981149;0.5046928232;24.8423646205
2025-03-17 08:00:00;94.6746886094;68.4111712919;0.6387550965;16.4904303026
2025-03-17 09:00:00;96.0590684945;55.4940193021;0.9504214612;21.8563826562
2025-03-17 10:00:00;73.9375759102;45.4335447598;1.2592238355;12.2548333574
2025-03-17 11:00:00;66.8674337818;49.0362268014;1.5180371128;21.1299243559
2025-03-17 12:00:00;65.0309592326;53.6506945711;1.7336533879;21.0135789839
2025-03-17 13:00:00;61.5374459332;53.6537783611;2.0156718609;23.6228910418
2025-03-17 14:00:00;51.6738317332;39.3248262784;1.8499793636;19.3533736721
2025-03-17 15:00:00;64.2870114669;54.965061443;1.6442899454;5.0794657964
2025-03-17 16:00:00;57.8029353118;44.6859440195;1.5941357587;16.3119434268
2025-03-17 17:00:00;51.5407128803;31.5964095082;1.3437077548;16.3887418894
2025-03-17 18:00:00;117.8381090127;93.2675048871;0.8573439038;14.6773465436
2025-03-17 19:00:00;120;91.304690095;0.7468891701;25.7435115362
2025-03-17 20:00:00;117.602845106;98.0792628674;0.5365758054;22.363663605
2025-03-17 21:00:00;120;94.3196074372;0;19.8303780899
2025-03-17 22:00:00;74.2858759463;56.3870092775;0;18.3678672583
2025-03-17 23:00:00;70.0456667914;41.8818568465;0;20.5117042483
2025-03-18 00:00:00;29.4466883998;24.7505800763;0;35.3923363196
2025-03-18 01:00:00;32.3180199557;12.2532575176;0;23.0741271923
2025-03-18 02:00:00;40.0302285579;27.4611027562;0;24.0836630631
2025-03-18 03:00:00;41.2462374979;32.5401322685;0;24.4861405818
2025-03-18 04:00:00;24.5737801611;18.8588131144;0;29.9847976885
2025-03-18 05:00:00;38.5730735352;35.4027537062;0;30.7951000475
2025-03-18 06:00:00;97.1448592392;73.9926212605;0.2398229491;6.6019412803
2025-03-18 07:00:00;100.177116573;61.4644342822;0.5183716245;20.8213331695
2025-03-18 08:00:00;93.5419973458;61.9713085349;0.5820904881;22.5409503584
2025-03-18 09:00:00;88.0620087242;67.354632833;0.8220776142;12.230886211
2025-03-18 10:00:00;73.7070954367;53.3684032174;1.0282325513;12.5538364098
2025-03-18 11:00:00;66.842498212;41.036005047;1.2592664876;14.7184042116
2025-03-18 12:00:00;64.8295799461;47.5064513634;1.3001702995;13.4506626299
2025-03-18 13:00:00;52.672940352;36.0268387881;1.3423013982;20.4327373743
2025-03-18 14:00:00;61.309858594;53.2672846145;1.7105932091;9.9334365345
2025-03-18 15:00:00;59.2332826703;48.8582869453;1.3285952501;13.9416779779
2025-03-18 16:00:00;62.1268436716;44.1021615956;1.1579491351;26.79519912
2025-03-18 17:00:00;61.6165852184;47.3694967707;0.863047219;14.8593658347
2025-03-18 18:00:00;118.1057989594;84.7984404724;0.7609145581;25.3644525923
2025-03-18 19:00:00;119.6828689176;89.0598168292;0.4882477516;27.0879734712
2025-03-18 20:00:00;117.6985311205;102.6521697905;0.5396762923;13.6252330737
2025-03-18 21:00:00;119.0535250221;93.3837546671;0;28.8293741224
2025-03-18 22:00:00;66.7242495668;64.1316581555;0;24.1461214725
2025-03-18 23:00:00;72.8340752102;53.7191083159;0;22.0451799691
2025-03-19 00:00:00;38.5610920492;37.4127845244;0;29.2242093063
2025-03-19 01:00:00;30.0482900446;13.182795483;0;30.8054057276
2025-03-19 02:00:00;39.4887620831;28.670523745;0;32.4091965395
2025-03-19 03:00:00;34.2338954129;36.8466711574;0;35.6494404387
2025-03-19 04:00:00;34.8079040726;33.3201362725;0;30.3476062863
2025-03-19 05:00:00;26.0756158405;33.868194063;0;18.0673248286
2025-03-19 06:00:00;88.045449417;60.5683112517;0.3015727396;24.2770235298
2025-03-19 07:00:00;96.8266534425;61.9721890341;0.2869101444;28.679455644
2025-03-19 08:00:00;99.7319243709;61.2307665574;0.6777468889;19.5153231353
2025-03-19 09:00:00;93.1569178136;56.7010712662;0.7586142237;26.3094369803
2025-03-19 10:00:00;78.7115199101;60.3620513319;0.8472444869;22.2867687172
2025-03-19 11:00:00;74.5033092417;56.5790471645;0.8427041929;17.5214932242
2025-03-19 12:00:00;67.1085617248;48.9377590396;1.4123164161;17.767701924
2025-03-19 13:00:00;58.843900133;47.7249003163;1.1293026117;19.1001860228
2025-03-19 14:00:00;69.851262233;52.1939617082;1.1032995361;10.9017850977
2025-03-19 15:00:00;53.1135431187;47.2371870313;1.2912056223;19.3634413569
2025-03-19 16:00:00;61.0822958564;51.2260788923;1.2589043846;25.1108523092
2025-03-19 17:00:00;57.252730644;37.5871141884;0.9839728231;16.3867340067
2025-03-19 18:00:00;120;98.0036123894;0.7251857143;21.2617193873
2025-03-19 19:00:00;120;87.340170069;0.5451323718;30.060497238
2025-03-19 20:00:00;118.2619331008;94.0747827359;0.4102354168;19.1476449148
2025-03-19 21:00:00;120;101.2235420081;0;21.9877560651
2025-03-19 22:00:00;81.1915126317;60.7671954631;0;18.4770444491
2025-03-19 23:00:00;71.4943336756;49.2409720165;0;19.6898875233
2025-03-20 00:00:00;37.3135452877;29.5974021047;0;18.6088133752
2025-03-20 01:00:00;31.124562728;27.6898730193;0;21.2649640487
2025-03-20 02:00:00;33.8682130846;25.0316223009;0;37.1810337011
2025-03-20 03:00:00;32.9865082768;20.1898137331;0;21.1618581806
2025-03-20 04:00:00;37.3677578594;28.661222112;0;28.3102267694
2025-03-20 05:00:00;39.2025879049;20.2482751961;0;23.9926225779
2025-03-20 06:00:00;95.8406763629;62.7974477701;0.2424274973;35.5304296741
2025-03-20 07:00:00;103.2354259897;66.5603207488;0.3039382395;21.8628418764
2025-03-20 08:00:00;103.2193366709;68.5091307916;0.4178331287;20.0224333124
2025-03-20 09:00:00;100.1449650282;64.3947958609;0.5547086413;17.7257507068
2025-03-20 10:00:00;68.9909729952;41.537378624;0.6583725206;15.5144476455
2025-03-20 11:00:00;68.5598627126;48.397165752;0.8444512351;11.5593529029
2025-03-20 12:00:00;67.6573762918;54.8181648031;0.8468957879;24.4659125176
2025-03-20 13:00:00;63.073824306;54.8365113865;1.0374607253;15.561543387
2025-03-20 14:00:00;53.3496200562;56.050685773;0.9629867501;22.3969788755
2025-03-20 15:00:00;61.8483464334;56.1639342045;0.8940451877;24.2983654456
2025-03-20 16:00:00;53.9375849247;34.9554022492;0.8812967733;16.543130461
2025-03-20 17:00:00;62.5085345292;43.9413441757;0.8300498706;24.1948577899
2025-03-20 18:00:00;120;94.0338946445;0.63318142;22.879947263
2025-03-20 19:00:00;120;96.6354207237;0.2838569921;35.3678424645
2025-03-20 20:00:00;120;98.0813541577;0.2022726746;21.8003467831
2025-03-20 21:00:00;120;113.4100500735;0;16.758683648
2025-03-20 22:00:00;77.8867766202;59.7060343359;0;21.5771767022
2025-03-20 23:00:00;71.9594311409;47.2970778968;0;25.9879554632
2025-03-21 00:00:00;28.6243543565;155.2260066847;0;27.7547822938
2025-03-21 01:00:00;29.1025694079;165.2289998936;0;24.6658696203
2025-03-21 02:00:00;24.4481047735;198.5889164603;0;14.2993414214
2025-03-21 03:00:00;28.962426905;198.1428123046;0;30.5743662666
2025-03-21 04:00:00;34.1486296151;188.0193177276;0;40.8458432191
2025-03-21 05:00:00;31.3204793417;176.0524131391;0;30.5317462517
2025-03-21 06:00:00;95.6765181946;189.0389899396;0.2216788159;31.5226336067
2025-03-21 07:00:00;98.704347802;177.6743475607;0.1481762816;18.7630219346
2025-03-21 08:00:00;95.1188347532;150.1754252336;0.3119854234;18.0432739137
2025-03-21 09:00:00;91.4388988126;175.0773536972;0.4950006507;20.2370833361
2025-03-21 10:00:00;71.1882948068;179.9461723006;0.5016233903;18.0364088073
2025-03-21 11:00:00;67.3846391204;163.2874178752;0.7069470575;15.1309232836
2025-03-21 12:00:00;70.2093070744;160.1646782121;0.6848014377;13.147654337
2025-03-21 13:00:00;64.9407015989;163.6904547403;0.7944629442;17.9577189773
2025-03-21 14:00:00;57.6809313906;181.1813874759;0.8681549104;20.6535273307
2025-03-21 15:00:00;66.8675142491;157.3032057468;0.6640839786;17.6364388944
2025-03-21 16:00:00;65.3405672003;186.0164150665;0.7337549961;20.6545287941
2025-03-21 17:00:00;56.2913313704;171.1337410481;0.5775199228;21.2520529778
2025-03-21 18:00:00;114.9999430511;167.6673929603;0.4951956791;23.1384346622
2025-03-21 19:00:00;119.7635062714;190.361564584;0.3478692061;32.5169109435
2025-03-21 20:00:00;120;175.3031624718;0.3359065075;25.1011452907
2025-03-21 21:00:00;117.794140922;168.9200280595;0;16.5713017801
2025-03-21 22:00:00;75.514252653;193.907735778;0;22.4967891604
2025-03-21 23:00:00;76.865826262;168.41258161;0;24.8922063283
2025-03-22 00:00:00;26.5168845734;21.839828055;0;14.760006756
2025-03-22 01:00:00;26.9577701027;28.5444265277;0;36.7505667194
2025-03-22 02:00:00;33.2069791446;12.9920454707;0;28.2509210367
2025-03-22 03:00:00;30.6833139734;22.8463002004;0;29.8807244481
2025-03-22 04:00:00;26.9127231306;25.7265246368;0;36.5927657048
2025-03-22 05:00:00;28.4151879835;23.5513632566;0;22.9823475359
2025-03-22 06:00:00;81.2616971512;45.4292730072;0.1249275239;31.1948596041
2025-03-22 07:00:00;74.5371902262;58.2202474181;0.1436229706;15.9183817317
2025-03-22 08:00:00;85.0244291177;52.0199070949;0.2687364994;15.6146632991
2025-03-22 09:00:00;79.4249202883;56.1461680752;0.3974102165;13.2081437135
2025-03-22 10:00:00;47.7200533468;39.1865513807;0.4583849463;23.1835693018
2025-03-22 11:00:00;60.1393569965;45.8375265782;0.5514502038;14.8314032656
2025-03-22 12:00:00;56.9097056888;50.6442235139;0.5650358974;19.2301421296
2025-03-22 13:00:00;57.1803468269;44.0637568582;0.6082268094;10.1446801421
2025-03-22 14:00:00;46.9461443674;40.2940416512;0.5490504611;24.7291809221
2025-03-22 15:00:00;44.6412518255;36.1399155802;0.7611613719;24.1191738198
2025-03-22 16:00:00;51.8663439764;44.4917202104;0.4486938097;19.5610837455
2025-03-22 17:00:00;46.6086338055;46.3605532982;0.3990437248;18.0125152497
2025-03-22 18:00:00;99.4037410175;81.3902514793;0.296473793;21.0055284046
2025-03-22 19:00:00;105.2040501458;87.7126546072;0.3305466493;38.6004654612
2025-03-22 20:00:00;98.2291910376;89.1074141061;0.1543794396;13.7292063299
2025-03-22 21:00:00;96.3535624612;86.0306550674;0;29.351984024
2025-03-22 22:00:00;68.0137673633;57.5142608847;0;18.956428364
2025-03-22 23:00:00;62.8545206731;52.8424617804;0;24.4296575862
2025-03-23 00:00:00;28.8110582175;26.9610636341;0;35.3444584789
2025-03-23 01:00:00;29.9843525563;32.2454690073;0;33.6447557763
2025-03-23 02:00:00;32.2763896115;29.9215294729;0;37.5808753641
2025-03-23 03:00:00;34.3800185233;29.6742261034;0;26.9957176684
2025-03-23 04:00:00;26.5981111891;27.5509907389;0;47.3741950547
2025-03-23 05:00:00;31.6476593668;28.4548573769;0;20.7788678275
2025-03-23 06:00:00;79.4237260981;57.1521904346;0.2345434312;42.7639636845
2025-03-23 07:00:00;80.8534792907;56.2938887745;0.1018071593;20.7621193066
2025-03-23 08:00:00;82.4270127946;56.8313241808;0.2744345923;15.9897014164
2025-03-23 09:00:00;81.6738413123;68.1297183159;0.2530385;23.7515275527
2025-03-23 10:00:00;63.6504722106;50.8606288402;0.6477424675;13.8079129055
2025-03-23 11:00:00;62.5323106843;43.5129729805;0.402569892;22.8321325495
2025-03-23 12:00:00;53.5536597261;40.6864857281;0.6222709139;14.5656892132
2025-03-23 13:00:00;43.5484798751;42.4112942456;0.6929014268;29.4172029855
2025-03-23 14:00:00;47.9949592255;34.5679697908;0.670831251;20.2804946476
2025-03-23 15:00:00;57.8874979879;35.4437183053;0.5725971305;23.4018072479
2025-03-23 16:00:00;45.8265210606;28.9515404843;0.5086957921;28.3138930707
2025-03-23 17:00:00;48.7216821136;28.9792078751;0.4369171249;21.2815497528
2025-03-23 18:00:00;100.6538114925;73.7872929395;0.3220995483;25.9934097285
2025-03-23 19:00:00;100.5741688854;74.7245769088;0.3431484921;21.0774403985
2025-03-23 20:00:00;103.8694474614;91.2644595355;0.3911576876;39.2599959804
2025-03-23 21:00:00;109.3708663567;85.8130461409;0;48.8742329113
2025-03-23 22:00:00;62.3922789677;52.0882887969;0;57.5835145831
2025-03-23 23:00:00;56.7245318419;34.5165256276;0;34.6844222869
2025-03-24 00:00:00;46.3936951859;32.3877926575;0;32.5049425114
2025-03-24 01:00:00;34.3577418817;17.8509231261;0;15.0663239896
2025-03-24 02:00:00;31.4066680836;23.2454972154;0;37.355563312
2025-03-24 03:00:00;40.3585960734;42.6208456542;0;32.4236453589
2025-03-24 04:00:00;31.8933446066;30.4973550712;0;23.8689784056
2025-03-24 05:00:00;41.4872738348;29.351677491;0;35.5528410714
2025-03-24 06:00:00;93.0098738069;67.4978699371;0.0186969228;25.4266602308
2025-03-24 07:00:00;103.3629031164;66.6661150162;0;14.4269146951
2025-03-24 08:00:00;97.8324808555;61.6563659888;0.1355777726;18.2286093315
2025-03-24 09:00:00;102.7375014134;79.8103225022;0.4013429709;11.9613312657
2025-03-24 10:00:00;80.3162704638;49.7238513297;0.1860476214;20.4537174458
2025-03-24 11:00:00;66.6615919673;47.4145285111;0.4330989392;11.9913285778
2025-03-24 12:00:00;77.4992979681;57.3919055571;0.4763924443;12.015502679
2025-03-24 13:00:00;52.833536409;36.0675556894;0.3199578003;14.6850984151
2025-03-24 14:00:00;54.4612743803;45.9581051409;0.4097635059;22.6170583767
2025-03-24 15:00:00;55.5582614098;41.2561689287;0.472448109;16.0770224912
2025-03-24 16:00:00;61.4399688417;50.5918502819;0.2716393755;12.6022762238
2025-03-24 17:00:00;59.3221754251;48.7150823631;0.2340551581;16.1297474494
2025-03-24 18:00:00;119.2478876213;92.5201913739;0.1484317508;18.8556631224
2025-03-24 19:00:00;120;105.3198701009;0.0614597981;17.2233873486
2025-03-24 20:00:00;120;92.3859786217;0.0460929704;17.4023485997
2025-03-24 21:00:00;120;103.1109165657;0;37.3381328682
2025-03-24 22:00:00;76.6820755349;72.6365050949;0;19.1809756351
2025-03-24 23:00:00;79.9484814321;66.8767779076;0;22.4650753424
2025-03-25 00:00:00;33.9607598329;28.5477122078;0;24.616732412
2025-03-25 01:00:00;31.7119901793;21.6694808324;0;24.2499997607
2025-03-25 02:00:00;36.8178030902;40.9907400509;0;31.315683436
2025-03-25 03:00:00;28.9077438357;22.9799818177;0;33.5301562406
2025-03-25 04:00:00;31.0027219144;21.1181853908;0;25.0320021694
2025-03-25 05:00:00;38.5541047677;29.0147429286;0;18.7264829962
2025-03-25 06:00:00;96.5097970037;58.6769930527;0;35.7412481191
2025-03-25 07:00:00;91.6315086277;66.3336096077;0.0696451588;15.8755102173
2025-03-25 08:00:00;90.3642608962;58.3460879329;0.0357679574;23.2982661597
2025-03-25 09:00:00;97.2875997476;65.1714375291;0.1517861642;7.133073505
2025-03-25 10:00:00;77.0023154341;60.7788022834;0.0464106769;17.057614573
2025-03-25 11:00:00;76.9422370167;58.2014208456;0.2325938524;24.063790851
2025-03-25 12:00:00;72.3627432808;52.61989142;0.3002507671;14.8268501372
2025-03-25 13:00:00;68.3015765674;51.1043484766;0.0891334696;17.9040616974
2025-03-25 14:00:00;58.7897925347;44.690930871;0.2785568466;20.3754066355
2025-03-25 15:00:00;58.6379298762;42.2127072338;0.3317819696;16.3230691802
2025-03-25 16:00:00;47.7080225876;38.6491146407;0.1093521523;17.4933836577
2025-03-25 17:00:00;57.2483509102;46.9046250673;0.3046881195;17.371273084
2025-03-25 18:00:00;120;96.5059397432;0.1666048121;15.997552534
2025-03-25 19:00:00;120;100.6560827592;0.0409648674;31.8891230424
2025-03-25 20:00:00;116.2639441485;86.3077518701;0.0624569552;27.2066875249
2025-03-25 21:00:00;120;91.6895373586;0;25.9232215303
2025-03-25 22:00:00;76.5747366632;60.2978265432;0;29.3259359909
2025-03-25 23:00:00;71.9142177072;48.3760550403;0;22.7824984935
2025-03-26 00:00:00;23.8336544274;33.4134641868;0;21.8270348905
2025-03-26 01:00:00;35.2212214843;32.5875628458;0;22.9880109169
2025-03-26 02:00:00;37.5348542945;22.6812279828;0;27.0776742063
2025-03-26 03:00:00;29.8450134586;28.4310763686;0;19.8985568314
2025-03-26 04:00:00;32.9647210973;24.7180281461;0;23.6806421104
2025-03-26 05:00:00;28.9086842966;21.491291093;0;23.5733565701
2025-03-26 06:00:00;85.640113328;49.2292164529;0.0716006409;41.4412117164
2025-03-26 07:00:00;101.8272971496;75.4005051835;0.0477973823;4.9781168892
2025-03-26 08:00:00;97.1889088945;58.1030636193;0.1037982849;15.5101380757
2025-03-26 09:00:00;104.3953147818;69.4686367686;0.0093101761;23.2454087892
2025-03-26 10:00:00;75.824782836;48.6567377661;0.1200768322;16.7340348613
2025-03-26 11:00:00;70.372889045;55.7968784041;0.0154000956;19.298121121
2025-03-26 12:00:00;71.592520002;49.9820877288;0.1367083812;16.644644668
2025-03-26 13:00:00;61.8951590688;45.8549036194;0.0826846651;15.7851142879
2025-03-26 14:00:00;63.6983361858;47.5553397836;0.096154881;8.3271329166
2025-03-26 15:00:00;60.7993786487;47.5819507512;0.2444939202;19.9190636946
2025-03-26 16:00:00;64.3225299642;48.1135619718;0.215802065;15.272280152
2025-03-26 17:00:00;58.0123514953;44.2820842534;0.155259016;15.1551526372
2025-03-26 18:00:00;115.5128540395;88.5715588984;0;16.582482621
2025-03-26 19:00:00;119.708358359;83.5555780375;0.0353851296;34.9848393923
2025-03-26 20:00:00;120;86.7728327684;0.138764767;39.0039370647
2025-03-26 21:00:00;114.5930907237;94.6517287951;0;25.6817931601
2025-03-26 22:00:00;65.9515835938;56.4105074836;0;21.5287266536
2025-03-26 23:00:00;73.9800713066;49.3033129722;0;17.190019643
2025-03-27 00:00:00;32.3301192199;17.9185666261;0;30.2020686232
2025-03-27 01:00:00;33.4124409756;16.0431997885;0;39.0856309802
2025-03-27 02:00:00;32.5401080554;22.5289991919;0;25.3635592505
2025-03-27 03:00:00;41.001429109;37.1716670222;0;10.9560776105
2025-03-27 04:00:00;39.8366502729;26.6820618397;0;31.5640355827
2025-03-27 05:00:00;28.5906334459;27.3811873248;0;33.6954304439
2025-03-27 06:00:00;94.9423640107;61.3712211658;0.0258244474;16.316840176
2025-03-27 07:00:00;101.1649526754;72.2262948009;0.2079844139;16.9368685107
2025-03-27 08:00:00;100.0486465365;65.5977339428;0.0641125982;18.0510272353
2025-03-27 09:00:00;97.1533726391;58.8504778279;0.0599873214;15.9247018202
2025-03-27 10:00:00;66.9482491798;48.0432911203;0.0325682525;13.0143653308
2025-03-27 11:00:00;68.9960198945;61.307065062;0.0797973341;20.3410968359
2025-03-27 12:00:00;69.7419960482;61.8414279813;0.0661189052;14.5853501766
2025-03-27 13:00:00;60.6776829085;49.159820858;0.1400161661;11.8980257847
2025-03-27 14:00:00;67.0979806146;49.1617575169;0.1599036573;9.2282786578
2025-03-27 15:00:00;56.3402473619;44.7965188992;0.0154373353;24.8900027151
2025-03-27 16:00:00;54.8140498045;44.2305474031;0;21.8422478104
2025-03-27 17:00:00;58.9425692728;44.5504899328;0;19.3409205681
2025-03-27 18:00:00;120;100.3867251919;0.0852626983;16.8416856663
2025-03-27 19:00:00;113.4890266496;91.2196007173;0;21.1138944411
2025-03-27 20:00:00;120;97.0420186558;0;17.7881185579
2025-03-27 21:00:00;119.2258588705;86.5757858167;0;21.7072412578
2025-03-27 22:00:00;68.7630100918;58.1668195381;0;11.4353967053
2025-03-27 23:00:00;64.8665983118;52.8438235558;0;19.8543290113
2025-03-28 00:00:00;37.3871447764;29.0099378654;0;24.9143529309
2025-03-28 01:00:00;33.4375309174;28.6524971121;0;31.1331616024
2025-03-28 02:00:00;34.9759759684;26.1852160657;0;26.7446458717
2025-03-28 03:00:00;30.1541484614;18.7765173925;0;32.3828634688
2025-03-28 04:00:00;32.7718691418;24.7866098038;0;36.125774631
2025-03-28 05:00:00;32.0181856874;19.8247141687;0;34.1607211753
2025-03-28 06:00:00;97.0181344817;58.6993039998;0.0369536149;30.1919147785
2025-03-28 07:00:00;94.4578179872;71.9460403996;0.2085274545;16.2566445772
2025-03-28 08:00:00;90.5669891328;60.3113434147;0.0127365516;12.2342812243
2025-03-28 09:00:00;109.7490523098;68.5699815807;0.0851519001;19.2069350127
2025-03-28 10:00:00;66.0302834789;58.1882552379;0.0297520754;23.0151532753
2025-03-28 11:00:00;72.9821681232;57.5945646066;0.0200802772;17.5948381706
2025-03-28 12:00:00;64.191477364;45.1606878694;0.1052445863;23.9775851118
2025-03-28 13:00:00;50.5262886952;43.1887513589;0.0105421695;11.6978625406
2025-03-28 14:00:00;59.9532213733;44.3253585428;0.0551555182;13.4536958077
2025-03-28 15:00:00;60.2976563049;41.1419248785;0.0574542922;22.9529706031
2025-03-28 16:00:00;65.1897476186;51.0540446832;0;20.1594367774
2025-03-28 17:00:00;61.3109629445;43.7676027453;0.1025691146;25.1209112322
2025-03-28 18:00:00;119.3258517656;94.4962808442;0.0040758576;18.8368623119
2025-03-28 19:00:00;115.7267989017;97.7564089915;0;19.0371210712
2025-03-28 20:00:00;120;104.1189863941;0.0520082806;23.0145971367
2025-03-28 21:00:00;120;94.286243658;0;14.9968791127
2025-03-28 22:00:00;66.5571199421;61.8913592801;0;17.4530453542
2025-03-28 23:00:00;72.3364393689;44.7382007934;0;30.2235873527
2025-03-29 00:00:00;30.6482350419;28.0529317015;0;32.8945131219
2025-03-29 01:00:00;28.4445585453;26.1237832896;0;29.4531424193
2025-03-29 02:00:00;33.4733271861;30.087486422;0;15.3842224202
2025-03-29 03:00:00;33.7427991226;25.6117410799;0;24.5831658927
2025-03-29 04:00:00;29.1428143599;38.3804433207;0;18.7330720205
2025-03-29 05:00:00;28.7360883939;19.4955019409;0;34.9449968896
2025-03-29 06:00:00;89.1414092867;67.148174242;0;23.0621177463
2025-03-29 07:00:00;86.5938712203;54.4636634418;0.003923727;11.8038693685
2025-03-29 08:00:00;82.7217179592;61.2276443214;0.001699202;16.3222613535
2025-03-29 09:00:00;75.0646555288;57.5774003464;0.0901913143;13.6086975162
2025-03-29 10:00:00;62.4075726319;46.850491536;0.0422383981;22.2113222681
2025-03-29 11:00:00;64.0009477456;45.0355728774;0.0031394473;13.2253016568
2025-03-29 12:00:00;48.4642248257;40.3976855449;0.0712475046;10.5341497025
2025-03-29 13:00:00;51.2247226453;42.8038578622;0.1174185623;8.728332225
2025-03-29 14:00:00;48.2161961873;49.605915638;0.0508267828;18.7563573089
2025-03-29 15:00:00;49.0974658673;34.2921206053;0.0066544103;16.2464597272
2025-03-29 16:00:00;46.0080958405;34.7479318038;0;12.1496069447
2025-03-29 17:00:00;49.4244583211;40.8650138057;0;24.5214790595
2025-03-29 18:00:00;110.1965823486;86.1636752866;0;22.0548775435
2025-03-29 19:00:00;101.9238270112;81.4184979855;0;24.1309224448
2025-03-29 20:00:00;108.2777012704;91.999929149;0;32.5914505431
2025-03-29 21:00:00;100.3041297709;63.6816079884;0;28.327660478
2025-03-29 22:00:00;64.2739750204;53.7173784438;0;19.3030270794
2025-03-29 23:00:00;60.8670235038;35.494898608;0;17.9884863825
2025-03-30 00:00:00;31.5841117296;18.6658536369;0;32.5217267743
2025-03-30 01:00:00;30.0321896524;39.6632939251;0;29.6757975594
2025-03-30 02:00:00;32.887313546;30.3438994861;0;28.1461015109
2025-03-30 03:00:00;21;31.4322073624;0;21.2863697985
2025-03-30 04:00:00;23.6107860894;24.6505831747;0;31.1039821099
2025-03-30 05:00:00;31.876862241;31.1766769209;0;21.9006191427
2025-03-30 06:00:00;73.3057285327;41.7049159562;0.0046517442;26.3118743425
2025-03-30 07:00:00;80.1140395249;62.5973953389;0.0425608931;22.0603621225
2025-03-30 08:00:00;82.2571173406;53.2110826479;0;13.5237674493
2025-03-30 09:00:00;78.775020506;53.2514194525;0.0392889882;9.8294997021
2025-03-30 10:00:00;57.8267120318;47.6939945907;0.0056315745;11.937312838
2025-03-30 11:00:00;62.1608582447;48.4173487693;0;20.2271287724
2025-03-30 12:00:00;65.480565645;49.0703558306;0;17.2318472711
2025-03-30 13:00:00;45.8442597377;29.4043727997;0;18.2912519957
2025-03-30 14:00:00;47.5695200705;39.2600791651;0;16.4947099709
2025-03-30 15:00:00;46.8666075733;43.717559249;0.048641662;21.1935545283
2025-03-30 16:00:00;39.2610730699;30.949373232;0.123031363;14.8881404235
2025-03-30 17:00:00;50.7949850097;48.079560777;0.0979745695;20.344489604
2025-03-30 18:00:00;108.2707937628;81.7087784379;0;15.4449890227
2025-03-30 19:00:00;108.6394583395;86.948276846;0.1195279523;18.8469228476
2025-03-30 20:00:00;100.1461152126;90.3408781373;0.0120788694;20.4274845223
2025-03-30 21:00:00;98.4319226883;75.7713113038;0;22.0196376523
2025-03-30 22:00:00;61.0359633081;61.09426566;0;24.0036180704
2025-03-30 23:00:00;64.6704699335;59.3939082295;0;25.7306719372
2025-03-31 00:00:00;35.0443195562;30.4221780472;0;2.1041024076
2025-03-31 01:00:00;35.6493634002;25.3693290635;0;21.554178538
2025-03-31 02:00:00;39.4857317136;25.6446241797;0;24.36348099
2025-03-31 03:00:00;31.0213780222;33.1081529464;0;37.1692047469
2025-03-31 04:00:00;33.3576271487;35.1560604293;0;19.7153056856
2025-03-31 05:00:00;41.7032173417;39.8610754393;0;28.1064661457
2025-03-31 06:00:00;96.9576633828;64.5282402895;0;37.1014722887
2025-03-31 07:00:00;92.1402970899;70.023534481;0;10.8854166044
2025-03-31 08:00:00;94.8312110036;64.5376093718;0;17.8004059185
2025-03-31 09:00:00;93.6215041062;59.1833295402;0;12.9542968376
2025-03-31 10:00:00;74.0522167132;60.2728124358;0.0254733928;14.1600566737
2025-03-31 11:00:00;68.4132235614;60.2786997081;0.0271277993;12.9508979698
2025-03-31 12:00:00;73.6646392154;47.2507890701;0.0164271727;13.2395526874
2025-03-31 13:00:00;56.4335274145;36.3272542145;0.0521822902;31.7696129517
2025-03-31 14:00:00;50.1906174752;39.9229869736;0.1124789386;22.8962361647
2025-03-31 15:00:00;61.1256099394;51.4151525087;0.0921478219;24.1122218921
2025-03-31 16:00:00;60.4139074649;38.6783399887;0;21.2304016057
2025-03-31 17:00:00;62.0757310686;48.4277122548;0;11.3134914091
2025-03-31 18:00:00;116.9715575138;88.7700164879;0.0839666682;20.77178496
2025-03-31 19:00:00;116.4920498609;95.4002315106;0;30.8263707779
2025-03-31 20:00:00;120;90.88741877;0;19.1207609555
2025-03-31 21:00:00;120;102.7740762133;0;30.1725063241
2025-03-31 22:00:00;72.4952411203;61.0939469957;0;28.5865610779
2025-03-31 23:00:00;74.3556180098;46.6484505326;0;35.5607449614
2025-04-01 00:00:00;32.9443532159;27.4022490315;0;24.2011218175
2025-04-01 01:00:00;27.4451604474;14.1956640422;0;19.6082678479
2025-04-01 02:00:00;38.744930182;26.543067714;0;24.5804990737
2025-04-01 03:00:00;38.4793618717;31.060754904;0;36.7222075639
2025-04-01 04:00:00;37.5899809091;19.284196615;0;14.6710860899
2025-04-01 05:00:00;33.5727433233;12.5765581987;0;13.0498724058
2025-04-01 06:00:00;100.6474132377;53.3705209402;0;27.6275707617
2025-04-01 07:00:00;101.9825888771;76.9917571703;0;14.4201197495
2025-04-01 08:00:00;105.2513748712;70.2583870812;0.0651730854;16.2455001402
2025-04-01 09:00:00;102.4090282598;65.6900026598;0.0906061146;20.0460373595
2025-04-01 10:00:00;72.8201911043;58.5283027521;0;13.9743107975
2025-04-01 11:00:00;66.6458559422;47.3573198415;0;8.6218638074
2025-04-01 12:00:00;73.2334579312;53.9953391027;0.0087304236;24.5015701172
2025-04-01 13:00:00;60.9737612744;46.4096661591;0.087155743;14.2005107401
2025-04-01 14:00:00;63.009796982;44.5855656793;0;13.9082084597
2025-04-01 15:00:00;65.91167636;50.1022548668;0.067098773;24.1361774411
2025-04-01 16:00:00;59.3909856888;49.8250073069;0.0450445065;17.0982365569
2025-04-01 17:00:00;69.2736053472;49.4624659325;0.0847019124;18.6167581278
2025-04-01 18:00:00;112.0832084098;86.2596729629;0.0394401313;21.1997165939
2025-04-01 19:00:00;120;92.73016802;0;30.9097893679
2025-04-01 20:00:00;116.4066582352;78.0246065783;0.1107471607;22.2937159448
2025-04-01 21:00:00;111.4175010014;89.2916472807;0;33.5630499911
2025-04-01 22:00:00;71.6250108983;55.5885455188;0;11.3349251594
2025-04-01 23:00:00;65.9757184487;51.8354220387;0;28.9410083294
2025-04-02 00:00:00;33.7077762161;27.0290157431;0;21.3721293489
2025-04-02 01:00:00;34.5906633737;27.7463168587;0;36.3290234557
2025-04-02 02:00:00;39.4676380993;34.255203997;0;28.009834604
2025-04-02 03:00:00;27.6500686509;20.0909244618;0;22.4988823366
2025-04-02 04:00:00;38.5222050027;31.5846954505;0;31.5316285153
2025-04-02 05:00:00;34.8755637836;29.058149571;0;33.089310603
2025-04-02 06:00:00;102.7043592107;67.1894571065;0.007550176;31.3899783779
2025-04-02 07:00:00;96.1316577318;60.3653032456;0.0291524107;12.0516886011
2025-04-02 08:00:00;92.079437379;67.1089583042;0;14.2657230275
2025-04-02 09:00:00;92.5957910515;67.9135065078;0.0268580363;16.2130454408
2025-04-02 10:00:00;66.8052699731;50.057557632;0.0092370383;16.0621639294
2025-04-02 11:00:00;74.7685672027;47.1593270172;0.0826883741;19.2715823104
2025-04-02 12:00:00;79.2645526146;53.6511258404;0.2463127664;8.0543251191
2025-04-02 13:00:00;57.3480543922;43.4631168215;0.0066781482;20.5170777805
2025-04-02 14:00:00;62.7214451043;51.1387588434;0;17.5618360498
2025-04-02 15:00:00;53.0348470005;32.2833727215;0.2270697142;14.9653517006
2025-04-02 16:00:00;60.7017818835;42.6404164818;0.0797781647;15.4198451825
2025-04-02 17:00:00;62.8988680357;44.6647499755;0.0264954363;17.9189581669
2025-04-02 18:00:00;113.4834385113;90.9935900849;0.1455129914;1.888313419
2025-04-02 19:00:00;119.0825243896;85.9742982808;0;20.0762451009
2025-04-02 20:00:00;120;95.3072358366;0.177417551;19.0140688815
2025-04-02 21:00:00;106.7980320875;83.1288329273;0;27.5869218146
2025-04-02 22:00:00;78.6279422922;60.6377290645;0;19.4418487668
2025-04-02 23:00:00;74.2099607061;52.317606837;0;23.0351540875
2025-04-03 00:00:00;37.7008661838;25.3517913153;0;37.5271199315
2025-04-03 01:00:00;32.6183550127;29.2536693843;0;33.8170829527
2025-04-03 02:00:00;26.723340602;19.69641849;0;33.1936023987
2025-04-03 03:00:00;36.8788750725;29.5564666164;0;23.6995942108
2025-04-03 04:00:00;34.1039353047;22.3559643893;0;30.7611706617
2025-04-03 05:00:00;34.6201113185;24.1814986738;0;25.5005259411
2025-04-03 06:00:00;103.0791428176;70.6602515663;0.0888265058;25.7565033075
2025-04-03 07:00:00;101.6141988166;69.998671955;0.0145449004;17.9149618692
2025-04-03 08:00:00;106.8304797611;69.2430848926;0.2505399151;13.8251882735
2025-04-03 09:00:00;98.8772554142;65.1570657596;0.0580950105;22.3160913971
2025-04-03 10:00:00;69.5907275681;42.2201306219;0.1961833684;15.6000069777
2025-04-03 11:00:00;71.8533077271;60.404976239;0.1889746889;18.7627340713
2025-04-03 12:00:00;74.5716687146;57.3897577447;0.2911442456;22.1641380145
2025-04-03 13:00:00;64.5306739506;51.4808795287;0.3239866208;23.8487612828
2025-04-03 14:00:00;53.3576668337;32.5741088327;0.201626057;12.2810655409
2025-04-03 15:00:00;59.9977388835;41.679509907;0.1267315128;21.0676779199
2025-04-03 16:00:00;67.2022570718;47.1144439341;0.2018290539;22.9911782629
2025-04-03 17:00:00;58.8783796956;32.9059228485;0.082598509;23.1861886113
2025-04-03 18:00:00;120;103.0167463255;0.2676231842;13.6822495107
2025-04-03 19:00:00;120;104.5657979822;0.0888780845;20.3718910502
2025-04-03 20:00:00;120;108.8023126384;0.024352089;30.4366343758
2025-04-03 21:00:00;116.3560775628;85.7167193819;0;19.7337003528
2025-04-03 22:00:00;69.0768760229;60.9512315465;0;22.5495014548
2025-04-03 23:00:00;72.7924070527;59.4451917564;0;33.9791599834
2025-04-04 00:00:00;27.6206575239;23.8700268955;0;26.8043705135
2025-04-04 01:00:00;33.3018228367;23.9170157837;0;22.1994691925
2025-04-04 02:00:00;35.6536005253;17.3601084406;0;21.176429679
2025-04-04 03:00:00;42.5465157977;38.3058866456;0;29.3850999984
2025-04-04 04:00:00;36.3278874182;28.9631616939;0;18.0869579796
2025-04-04 05:00:00;37.3291836854;24.7614755886;0;25.4510850053
2025-04-04 06:00:00;103.5318894889;70.5904524226;0.0675484228;29.3885670639
2025-04-04 07:00:00;93.9507890272;65.0086657707;0;21.5637389184
2025-04-04 08:00:00;97.5488761965;67.2677232717;0.0411989181;18.9935728565
2025-04-04 09:00:00;109.2061048403;71.7921374318;0.2585884716;13.3713981107
2025-04-04 10:00:00;72.4252611322;61.8884967347;0.1561736702;21.072452366
2025-04-04 11:00:00;77.8052495024;54.7414243872;0.1680177865;15.0583195992
2025-04-04 12:00:00;77.1181315802;65.1208767748;0.3282257599;11.2487059895
2025-04-04 13:00:00;53.374580896;45.1324618271;0.3985497245;18.1732203782
2025-04-04 14:00:00;61.4232493573;47.8191216713;0.361209657;25.8176894323
2025-04-04 15:00:00;60.6864562357;45.0257533854;0.3649773546;19.7744626999
2025-04-04 16:00:00;61.510907156;52.067088979;0.191227058;19.0494336425
2025-04-04 17:00:00;56.6325864517;43.6833237607;0.0949803591;26.7626427432
2025-04-04 18:00:00;114.9738621964;86.0582704927;0.2826620511;12.19463396
2025-04-04 19:00:00;117.8579549999;87.4460879996;0.093113654;16.568497025
2025-04-04 20:00:00;119.5599225131;97.0723736567;0.0616713263;14.5526922193
2025-04-04 21:00:00;120;91.9754550149;0;26.690312711
2025-04-04 22:00:00;80.9592098217;67.5648635761;0;25.4319578728
2025-04-04 23:00:00;79.0660014409;61.3465007757;0;33.8324421743
2025-04-05 00:00:00;33.8708334485;29.029037046;0;28.8366790936
2025-04-05 01:00:00;25.4804688197;21.2010504448;0;24.435672221
2025-04-05 02:00:00;28.1599672125;33.8282650865;0;27.1943330525
2025-04-05 03:00:00;30.9446672359;29.0806637982;0;27.9820206951
2025-04-05 04:00:00;27.1540243287;32.1574603999;0;15.8216253881
2025-04-05 05:00:00;32.5974254364;11.9573454553;0;45.6002867277
2025-04-05 06:00:00;86.3154517164;61.2117483692;0.1810273726;30.7149371032
2025-04-05 07:00:00;85.4865695108;64.7237616347;0.1603072939;17.1655527161
2025-04-05 08:00:00;87.6863699498;70.9815502137;0.204971967;18.817502216
2025-04-05 09:00:00;79.0026037676;47.133737849;0.4035136727;19.2017774157
2025-04-05 10:00:00;65.5651773404;55.9297562657;0.2442469103;15.7361999674
2025-04-05 11:00:00;58.2370436464;54.6090979899;0.4309437142;13.735509204
2025-04-05 12:00:00;57.1332363851;31.6928058255;0.4087738046;18.7534340658
2025-04-05 13:00:00;52.9090627471;44.1778675703;0.4517696198;20.8622729402
2025-04-05 14:00:00;55.9859711732;47.0938748791;0.5525597117;15.1749501693
2025-04-05 15:00:00;52.710600832;38.9067872815;0.4448396151;25.7776684573
2025-04-05 16:00:00;50.6081582503;37.1202291149;0.3997801903;20.4229337653
2025-04-05 17:00:00;51.9102323607;44.6540959444;0.3815289557;22.4991537475
2025-04-05 18:00:00;105.3930014179;80.5041260723;0.2011172668;25.6486871389
2025-04-05 19:00:00;99.712301254;79.1954388828;0.1013641719;24.5977939448
2025-04-05 20:00:00;99.1872896343;84.8846996557;0.0322241576;26.4023946606
2025-04-05 21:00:00;104.4243638289;93.7870581983;0;29.4180332035
2025-04-05 22:00:00;61.7268039329;58.7766533752;0;20.0306860243
2025-04-05 23:00:00;61.4184438746;46.6026312633;0;24.7945012601
2025-04-06 00:00:00;33.0424572614;23.7368351291;0;28.1001432268
2025-04-06 01:00:00;29.0303547773;19.6924169663;0;20.7330464968
2025-04-06 02:00:00;32.5334063186;32.3423123555;0;43.0310042139
2025-04-06 03:00:00;29.349359547;25.0197265256;0;17.6595727944
2025-04-06 04:00:00;38.2051153292;36.9025799091;0;18.4032900585
2025-04-06 05:00:00;30.3632117703;23.0325030392;0;36.1965262996
2025-04-06 06:00:00;93.6912352538;59.3480719355;0;32.103235226
2025-04-06 07:00:00;84.7420356618;62.1054076656;0.3202770641;12.1541384621
2025-04-06 08:00:00;82.1964362343;57.274321743;0.1384026116;18.8288386612
2025-04-06 09:00:00;79.1104676087;48.5412318648;0.2921062149;22.3457381369
2025-04-06 10:00:00;54.9379890432;53.6520498659;0.3756543624;16.2233226895
2025-04-06 11:00:00;56.9694973467;39.3896734306;0.5044302372;26.9677398861
2025-04-06 12:00:00;57.4727592352;50.1675146894;0.608986326;9.3011905321
2025-04-06 13:00:00;52.3441797805;45.9294265571;0.6476326292;22.3795638314
2025-04-06 14:00:00;48.1997455189;30.8764924625;0.5321485551;24.6333616557
2025-04-06 15:00:00;51.4086614252;34.2892633066;0.5303576119;23.3213166501
2025-04-06 16:00:00;56.3363923194;41.5822995745;0.5024440974;18.0971577077
2025-04-06 17:00:00;50.1723521063;34.8086752994;0.3779041363;17.6867115808
2025-04-06 18:00:00;114.2411845205;100.7893260618;0.4383941509;21.1891289713
2025-04-06 19:00:00;99.5938299659;78.8118636482;0.265937277;29.5211774095
2025-04-06 20:00:00;104.2073534097;88.5357985081;0.2145707166;28.2137378913
2025-04-06 21:00:00;102.4580712211;84.9155103213;0;30.8961853352
2025-04-06 22:00:00;65.6452673537;59.8856702571;0;18.274700075
2025-04-06 23:00:00;51.3519252898;40.5624922631;0;23.1242357689
2025-04-07 00:00:00;28.1337541389;33.1689346731;0;20.8974928947
2025-04-07 01:00:00;34.1447122392;22.6409830679;0;24.680253527
2025-04-07 02:00:00;41.6089726847;41.1074768594;0;34.2503557624
2025-04-07 03:00:00;35.6440611934;20.4154167732;0;28.0545790078
2025-04-07 04:00:00;28.545809396;28.9818642503;0;45.1201017245
2025-04-07 05:00:00;29.2405232731;16.8507396634;0;28.6379529497
2025-04-07 06:00:00;106.1191815033;68.5336676062;0.1832196674;27.7247790665
2025-04-07 07:00:00;95.7956212459;65.9715901087;0.2955188333;16.8253676777
2025-04-07 08:00:00;94.3473926645;61.8894008353;0.307867539;13.7768107401
2025-04-07 09:00:00;105.2389043633;69.6126705191;0.2972643066;16.1532863352
2025-04-07 10:00:00;77.5554824055;46.6606665444;0.5468831758;21.011465057
2025-04-07 11:00:00;78.7388142751;49.9906650469;0.5689892223;16.857278515
2025-04-07 12:00:00;68.7303574192;53.5864183741;0.661506647;13.1390198821
2025-04-07 13:00:00;53.3499795157;42.1171937811;0.7960960441;14.6996241186
2025-04-07 14:00:00;60.8122041024;41.7868530661;0.8482495683;16.9697996364
2025-04-07 15:00:00;61.7210224991;54.223084181;0.7054977077;19.4750924189
2025-04-07 16:00:00;61.853663017;38.6786453943;0.6458044148;24.8279254796
2025-04-07 17:00:00;66.8647826107;47.41990054;0.6510853353;12.7137863928
2025-04-07 18:00:00;112.198048095;86.3236945809;0.4202711168;17.5930598827
2025-04-07 19:00:00;120;100.1913977515;0.5015204635;25.4723941488
2025-04-07 20:00:00;115.0651873013;91.9141716779;0.2468816964;13.3148100095
2025-04-07 21:00:00;120;96.3612685562;0;19.4618240893
2025-04-07 22:00:00;70.86824071;50.5476673036;0;20.4065784985
2025-04-07 23:00:00;69.3426727989;55.7343740931;0;19.693098518
2025-04-08 00:00:00;31.9178549628;24.9292007744;0;28.7128636327
2025-04-08 01:00:00;28.1571712406;26.1160429208;0;26.2987197478
2025-04-08 02:00:00;34.8443473733;23.5150948445;0;23.5949920263
2025-04-08 03:00:00;31.1853868861;20.3379283496;0;30.329875275
2025-04-08 04:00:00;38.2007591831;37.7440518409;0;39.2009050245
2025-04-08 05:00:00;37.5426695087;17.8142963686;0;38.6267819359
2025-04-08 06:00:00;106.2798191222;65.1024190071;0.0227312057;14.2282305395
2025-04-08 07:00:00;100.3315860601;76.6810979057;0.3136439266;18.8107317295
2025-04-08 08:00:00;101.026162336;72.2296831273;0.3991534439;15.7074600704
2025-04-08 09:00:00;104.9835615374;68.5258370858;0.6070797525;17.0767489149
2025-04-08 10:00:00;70.250352156;58.8073435295;0.7008743149;14.8022423288
2025-04-08 11:00:00;66.3776723304;51.7115295528;0.7693783842;16.922358219
2025-04-08 12:00:00;73.9752575542;54.6368076556;0.7864273617;17.0613457011
2025-04-08 13:00:00;53.8688446286;43.4586606574;0.9246864033;16.4030238469
2025-04-08 14:00:00;71.3134192683;54.6930311972;0.8733666276;14.8810988662
2025-04-08 15:00:00;66.8204375545;52.2989205353;0.8379293446;17.0275673635
2025-04-08 16:00:00;70.00858874;63.9941855748;0.8275411352;20.3021561704
2025-04-08 17:00:00;60.5517066351;44.2817077225;0.7806121671;22.0509742376
2025-04-08 18:00:00;120;94.7629575497;0.5354732546;23.2705280271
2025-04-08 19:00:00;117.9323605562;85.4494050139;0.2729901282;21.6121294318
2025-04-08 20:00:00;120;96.2015986076;0.2889448104;26.4084487931
2025-04-08 21:00:00;114.5300555458;101.0833201345;0;30.5921453327
2025-04-08 22:00:00;61.6309149355;60.4466553984;0;31.8441404984
2025-04-08 23:00:00;69.5166365004;47.0719499003;0;24.2959587169
2025-04-09 00:00:00;18.6875559681;25.6220018314;0;25.9707725957
2025-04-09 01:00:00;27.451889523;23.1663928777;0;28.802531861
2025-04-09 02:00:00;28.4610119562;26.4431195287;0;19.5879761001
2025-04-09 03:00:00;18.8445467102;26.3271346242;0;26.1585381909
2025-04-09 04:00:00;26.8955329657;27.3311080325;0;32.6060725678
2025-04-09 05:00:00;25.8787023621;23.3068148872;0;31.9007079326
2025-04-09 06:00:00;60.8893620167;65.4926166752;0.2965092486;25.6317231761
2025-04-09 07:00:00;64.4134674604;65.5605022665;0.2621895474;17.3911756497
2025-04-09 08:00:00;63.8461007732;56.4485274839;0.4417404784;13.0931136336
2025-04-09 09:00:00;67.8143385546;56.2914150474;0.6196170815;19.394197103
2025-04-09 10:00:00;44.8908573677;46.3484804423;0.731303415;16.1725589719
2025-04-09 11:00:00;48.2667620213;43.0996281098;1.0097241824;15.35559735
2025-04-09 12:00:00;46.5127544713;39.9673289902;1.0748973923;15.0019268268
2025-04-09 13:00:00;41.4677432979;53.4627547452;1.1941800986;18.9397958539
2025-04-09 14:00:00;39.4057820047;44.5088617909;1.073369009;17.0877974783
2025-04-09 15:00:00;38.454314764;42.3533376738;1.047414194;22.4084073879
2025-04-09 16:00:00;39.4162256335;43.9604114211;1.0156522563;17.3408060143
2025-04-09 17:00:00;46.1367408823;43.2663181479;0.7642686279;26.905446441
2025-04-09 18:00:00;78.4283416467;95.0513600285;0.756599134;26.2908765309
2025-04-09 19:00:00;76.5636559234;90.5210684264;0.4204909569;19.2259335226
2025-04-09 20:00:00;79.6739430669;91.1658297256;0.3289469578;25.1712911168
2025-04-09 21:00:00;79.2451239542;90.2663875742;0;20.7158288792
2025-04-09 22:00:00;44.3337734331;51.3328652159;0;22.7198384551
2025-04-09 23:00:00;55.2293751681;54.6336879086;0;37.1252649315
2025-04-10 00:00:00;33.1413957158;25.6048829098;0;25.4674610569
2025-04-10 01:00:00;33.0271384281;24.1154651571;0;30.0734013688
2025-04-10 02:00:00;35.4468100545;28.1749851513;0;31.3224536659
2025-04-10 03:00:00;42.5130764324;31.5442303641;0;20.6872937247
2025-04-10 04:00:00;27.1686970016;27.0831469236;0;21.6910718069
2025-04-10 05:00:00;35.9694872933;34.4870865825;0;19.2706547609
2025-04-10 06:00:00;108.2495273172;75.5771362484;0.316344923;21.4781186106
2025-04-10 07:00:00;99.4360816524;73.9684804469;0.2609413479;4.758951365
2025-04-10 08:00:00;93.2977996822;58.7983144064;0.4038995131;18.8069677256
2025-04-10 09:00:00;96.0740167508;61.9443120327;0.6225518971;25.0542334004
2025-04-10 10:00:00;74.1360733257;57.226811776;1.0570977062;17.1650382567
2025-04-10 11:00:00;79.1937195622;60.5723985711;1.1023507261;10.692324154
2025-04-10 12:00:00;71.678090642;48.0516004897;1.5742701944;13.8932888979
2025-04-10 13:00:00;64.0991847066;51.3851602018;1.3283099897;17.0967128587
2025-04-10 14:00:00;53.9200918965;36.5736881313;1.4116425714;14.399244098
2025-04-10 15:00:00;53.882518955;44.4921845724;1.4680424097;23.4651954685
2025-04-10 16:00:00;58.2066485191;43.8750819287;1.3383505337;23.2241667842
2025-04-10 17:00:00;66.8503808666;41.1755117396;1.121011264;13.7336155128
2025-04-10 18:00:00;120;91.7098456138;0.8412737007;22.8129184769
2025-04-10 19:00:00;120;107.1682943867;0.6266892202;34.3076365073
2025-04-10 20:00:00;120;95.0859700748;0.4218127625;36.6400733469
2025-04-10 21:00:00;120;109.7210647943;0;42.615737672
2025-04-10 22:00:00;70.4591088254;52.7707119687;0;19.2308508628
2025-04-10 23:00:00;76.30238493;57.403912424;0;42.3612827294
2025-04-11 00:00:00;31.019049306;10.7888018123;0;25.2450948309
2025-04-11 01:00:00;43.682748245;32.4242442215;0;23.5952831908
2025-04-11 02:00:00;31.156261324;29.5676806266;0;29.962571688
2025-04-11 03:00:00;30.7872694295;31.0009357278;0;23.6673259493
2025-04-11 04:00:00;37.231535454;23.9924932092;0;30.460936172
2025-04-11 05:00:00;35.1170692348;34.679658573;0;18.5569762703
2025-04-11 06:00:00;100.4088926104;64.1542112965;0.3487257558;26.0445481456
2025-04-11 07:00:00;99.9609688619;66.3919940753;0.3995782218;21.9598318987
2025-04-11 08:00:00;94.0312918876;61.8422279337;0.5800846103;16.3815957047
2025-04-11 09:00:00;106.1981719631;64.3080463896;0.88207932;17.2069496295
2025-04-11 10:00:00;77.2869825132;64.3748139443;1.1175339229;18.5932073905
2025-04-11 11:00:00;79.3813173674;56.202209871;1.3170584404;21.4823751008
2025-04-11 12:00:00;70.8885535857;58.4813331623;1.6348436509;9.7417595408
2025-04-11 13:00:00;62.3043914401;52.6154099844;1.7744269524;22.2216970414
2025-04-11 14:00:00;61.3181935689;40.2747652697;1.6601041835;18.0887438938
2025-04-11 15:00:00;65.5060473068;55.5604938232;1.7316160502;20.1961564481
2025-04-11 16:00:00;65.6511520821;51.1088190576;1.2417898573;24.5261402156
2025-04-11 17:00:00;61.2987641022;40.1617580898;1.1154062409;13.6000887949
2025-04-11 18:00:00;113.1692199067;92.91484779;0.8250034909;14.4800440409
2025-04-11 19:00:00;120;94.1321689253;0.4962175916;12.8664002424
2025-04-11 20:00:00;120;105.5512965343;0.4370586242;21.5056410594
2025-04-11 21:00:00;117.2620333137;96.3998690471;0;33.2192537283
2025-04-11 22:00:00;75.0954822089;63.7026434188;0;24.1765001743
2025-04-11 23:00:00;66.4661216186;56.7426887421;0;16.57634133
2025-04-12 00:00:00;34.7490888036;18.416311796;0;0.9337576042
2025-04-12 01:00:00;23.3795471507;21.455793809;0;0.6674768943
2025-04-12 02:00:00;29.0062447858;24.2860014053;0;0.7638400542
2025-04-12 03:00:00;31.1000450232;39.1329506168;0;1.1661122399
2025-04-12 04:00:00;34.6747787039;21.73532582;0;0.7509038247
2025-04-12 05:00:00;30.479451044;14.862706937;0;1.3584304943
2025-04-12 06:00:00;86.458051477;50.8561743069;0.3251833176;1.043906074
2025-04-12 07:00:00;83.4739674577;63.9659582684;0.6398150528;0.6513272143
2025-04-12 08:00:00;83.4558817665;55.0436750878;0.8052258329;0.5933033361
2025-04-12 09:00:00;83.9853661723;57.6466020113;0.9471088059;0.7608893961
2025-04-12 10:00:00;60.9122782655;50.3185993464;1.5211280266;0.7625333473
2025-04-12 11:00:00;54.1734728154;41.1584404868;1.7539090615;0.6910961756
2025-04-12 12:00:00;58.3055831877;45.5541432574;1.8948919011;0.727720586
2025-04-12 13:00:00;51.9456858761;44.0479313066;1.8924283521;0.7045152883
2025-04-12 14:00:00;49.7231545754;36.7805950348;1.7794154962;0.8448065508
2025-04-12 15:00:00;50.1430582213;38.8871496887;1.756664541;0.6811198972
2025-04-12 16:00:00;49.3891075786;40.8088623439;1.7369995489;0.7443770098
2025-04-12 17:00:00;46.9580063238;43.319620828;1.5243595009;0.6928808245
2025-04-12 18:00:00;103.2194506078;78.5863954256;1.1590010578;0.6589236504
2025-04-12 19:00:00;104.0576553324;65.5333502567;0.7156529444;0.7917347703
2025-04-12 20:00:00;105.4615423146;88.1139545915;0.4291696787;1.0683615339
2025-04-12 21:00:00;107.2086007323;90.3797550566;0;1.2699285194
2025-04-12 22:00:00;60.9505626003;55.2448199655;0;1.2365688545
2025-04-12 23:00:00;57.1295902587;45.5370899854;0;0.6560392502
2025-04-13 00:00:00;23.7086308204;21.3971986963;0;36.9490323146
2025-04-13 01:00:00;41.6884674332;34.3021095387;0;25.7204117858
2025-04-13 02:00:00;24.9158323638;30.1906276128;0;32.139555089
2025-04-13 03:00:00;27.6661874943;26.0422343021;0;21.612395773
2025-04-13 04:00:00;32.3265013613;41.3746513308;0;28.9348221645
2025-04-13 05:00:00;31.623872743;16.621415218;0;30.1345771248
2025-04-13 06:00:00;86.007269141;60.8948991145;0.3983929403;17.5719135613
2025-04-13 07:00:00;81.6711467116;50.3418466268;0.4581111964;19.3153120561
2025-04-13 08:00:00;84.7368848424;64.1347590227;0.8982464024;22.4072084324
2025-04-13 09:00:00;83.9394200136;49.330018311;1.1783394918;16.0337640997
2025-04-13 10:00:00;60.4054389894;37.2923226656;1.4740135905;22.4668658268
2025-04-13 11:00:00;62.9143739813;43.3145121808;1.6112410146;15.9707014691
2025-04-13 12:00:00;66.5591751037;50.4052771455;2.1787494011;20.3267812344
2025-04-13 13:00:00;50.7834574473;37.2506016185;2.1327962887;8.7112331817
2025-04-13 14:00:00;50.8133962614;35.8232036077;2.0192324935;31.3879686029
2025-04-13 15:00:00;55.6900831097;41.2879389799;1.6118850867;26.8729151858
2025-04-13 16:00:00;55.209480072;41.2177553493;1.842790679;18.1682653661
2025-04-13 17:00:00;58.0110724371;53.7087560991;1.7481765524;9.9165305529
2025-04-13 18:00:00;97.6136808505;83.4056980261;1.3508933066;20.9685557625
2025-04-13 19:00:00;109.5897532299;85.7598706561;0.8358252848;16.0704796125
2025-04-13 20:00:00;108.2238271099;98.4515321101;0.5514093808;27.9455585004
2025-04-13 21:00:00;101.5312811157;84.418586012;0;27.7362722622
2025-04-13 22:00:00;62.9421757744;50.6092842472;0;19.2299242141
2025-04-13 23:00:00;66.5400780083;49.6926990947;0;32.1964002476
2025-04-14 00:00:00;31.1097236584;28.7438872798;0;33.7341636442
2025-04-14 01:00:00;36.8324697402;24.1947300758;0;34.9292746665
2025-04-14 02:00:00;38.7620303504;23.3774794351;0;28.1413712543
2025-04-14 03:00:00;30.0213507782;26.4408799916;0;18.1424989628
2025-04-14 04:00:00;34.2006531936;24.8423765024;0;34.9436577758
2025-04-14 05:00:00;36.1952965045;37.4015412214;0;26.1812393594
2025-04-14 06:00:00;95.576578384;69.6247836324;0.4805401093;18.3232161068
2025-04-14 07:00:00;95.2029807631;60.8359958094;0.6063201042;22.5421411133
2025-04-14 08:00:00;98.5514694506;68.858944329;1.0225452775;25.6899651951
2025-04-14 09:00:00;102.7665488851;76.8204912527;1.4482883711;16.6737830586
2025-04-14 10:00:00;76.3286806246;45.517615012;1.9242414432;25.9414717843
2025-04-14 11:00:00;69.5555203379;44.5500327205;2.096681905;17.2321217474
2025-04-14 12:00:00;76.3666331023;54.5188223643;2.3560171423;15.2450810233
2025-04-14 13:00:00;56.8065023566;43.8442540914;2.3704346972;16.5574506817
2025-04-14 14:00:00;53.3224672584;40.63836233;2.3808575438;27.6998258338
2025-04-14 15:00:00;58.9160852797;42.988257732;2.3516476011;15.8219176588
2025-04-14 16:00:00;65.6215935215;46.1371336919;2.1757344881;23.2684437922
2025-04-14 17:00:00;63.520053834;49.6752610445;1.880316238;16.9077823585
2025-04-14 18:00:00;119.9929268668;101.3052982373;1.2769687465;17.3935520337
2025-04-14 19:00:00;118.1248253238;89.2323255681;1.117817011;31.7802030262
2025-04-14 20:00:00;118.2460703875;107.5783280533;0.6645010512;22.8702690664
2025-04-14 21:00:00;120;106.2733953996;0;22.7138491554
2025-04-14 22:00:00;68.6239089329;67.1305562481;0;32.4281268911
2025-04-14 23:00:00;71.8653945658;54.6358966475;0;35.3633384462
2025-04-15 00:00:00;33.8956569547;39.0293525503;0;32.7734094321
2025-04-15 01:00:00;28.7858844678;23.8430504783;0;23.6042888614
2025-04-15 02:00:00;31.0927024018;21.0734343888;0;24.6215056688
2025-04-15 03:00:00;36.7130000925;25.4733695617;0;28.7883021364
2025-04-15 04:00:00;34.9085228106;21.6072689448;0;30.4889273654
2025-04-15 05:00:00;33.4762914705;28.1937179745;0;21.2539282433
2025-04-15 06:00:00;95.1238286134;65.7237417367;0.5009455504;33.3262419479
2025-04-15 07:00:00;106.3210762974;72.4046081847;0.7187502571;17.2966815994
2025-04-15 08:00:00;95.4543456162;65.5833382946;0.9130656536;9.6709183657
2025-04-15 09:00:00;100.357419715;68.9090710217;1.6577866195;13.0018865478
2025-04-15 10:00:00;71.2860281654;62.227587463;2.1052287711;14.8003367914
2025-04-15 11:00:00;73.6446958786;56.7026808561;2.3440619608;16.6261922728
2025-04-15 12:00:00;75.5406829004;58.9910918854;2.7318897541;24.9332144965
2025-04-15 13:00:00;54.4433779;43.1280305299;3.0119710413;20.9334811451
2025-04-15 14:00:00;60.5797594527;36.0862041578;2.5309963879;15.6042871556
2025-04-15 15:00:00;65.9678114718;37.5355451943;2.6023181741;20.8468438343
2025-04-15 16:00:00;68.5362910721;62.5346813724;2.5504063782;18.0180310897
2025-04-15 17:00:00;60.0244696718;41.9460132568;1.7885527428;21.3611575665
2025-04-15 18:00:00;120;90.4877901842;1.5846471323;22.6246700248
2025-04-15 19:00:00;120;101.3806987046;1.0098168953;33.0811809728
2025-04-15 20:00:00;120;100.6221042344;0.81584159;25.2477394148
2025-04-15 21:00:00;117.2222194384;95.3445049224;0;35.8101774225
2025-04-15 22:00:00;70.6960135327;71.2837179355;0;31.1683618779
2025-04-15 23:00:00;77.7859116397;64.1581882518;0;20.9093809928
2025-04-16 00:00:00;30.3393913492;19.6606909009;0;44.056757098
2025-04-16 01:00:00;39.7838288154;35.8624109585;0;30.6985148281
2025-04-16 02:00:00;36.3934082713;26.5449374495;0;22.4536862818
2025-04-16 03:00:00;37.2188018725;27.3780218437;0;40.1054437654
2025-04-16 04:00:00;33.7337563187;19.7157603689;0;43.119709246
2025-04-16 05:00:00;32.0548468153;16.1803282696;0;28.1443002506
2025-04-16 06:00:00;105.8664568972;70.2674290924;0.5631033516;24.8053802696
2025-04-16 07:00:00;98.1771713959;61.0042645076;0.7473571955;16.2933977057
2025-04-16 08:00:00;97.4382813138;71.6016696423;1.3942390867;20.0696249654
2025-04-16 09:00:00;98.9268723529;64.9990676699;1.640816199;22.4667297758
2025-04-16 10:00:00;74.396716466;55.0797899419;2.0933009975;19.4556067961
2025-04-16 11:00:00;68.8894037985;58.4634776473;2.7433419715;17.4601761592
2025-04-16 12:00:00;70.9861951448;42.0753674224;3.3406645439;23.4038839668
2025-04-16 13:00:00;57.8672863914;39.713883402;2.9921743827;18.311396213
2025-04-16 14:00:00;64.4521920947;48.341558752;3.2729147927;24.9848309269
2025-04-16 15:00:00;56.661599168;45.247221197;3.1644799237;18.4344286117
2025-04-16 16:00:00;52.7474753641;47.6014498016;2.8497305739;22.0055922174
2025-04-16 17:00:00;51.7965051909;45.8740195806;2.2699898017;19.3010413596
2025-04-16 18:00:00;113.383289394;90.4680835194;1.6920770234;19.5876458633
2025-04-16 19:00:00;120;99.9592812215;1.1909579487;23.1310596841
2025-04-16 20:00:00;120;95.2341675763;0.8834592515;34.1278853496
2025-04-16 21:00:00;120;87.0166031657;0;20.860873833
2025-04-16 22:00:00;75.9423116408;64.0248171126;0;20.8142222972
2025-04-16 23:00:00;73.7809445015;53.2080075612;0;39.0836803816
2025-04-17 00:00:00;34.5744327694;29.9073765862;0;35.5190825206
2025-04-17 01:00:00;39.6113175386;25.5681036456;0;11.5229080546
2025-04-17 02:00:00;35.5679302188;20.7006762977;0;24.5083556084
2025-04-17 03:00:00;41.2068872611;30.2595042688;0;15.6123967771
2025-04-17 04:00:00;37.7046833582;41.3510503714;0;21.7581329048
2025-04-17 05:00:00;32.1308653737;22.7811235162;0;6.1470682384
2025-04-17 06:00:00;97.1087598376;72.4521213248;0.5471474995;27.5642402034
2025-04-17 07:00:00;96.072271316;75.3497446003;0.7465754973;12.2360843383
2025-04-17 08:00:00;104.8248290438;70.5849740133;1.4761174928;17.3815016996
2025-04-17 09:00:00;97.5231336567;62.6165661092;2.0905062;10.1674685156
2025-04-17 10:00:00;69.9787696231;53.9866755307;2.0300424221;17.4799988734
2025-04-17 11:00:00;75.0108983938;54.9677134371;2.7755764569;15.3486682234
2025-04-17 12:00:00;73.1346452301;46.9993157903;3.591001915;23.5552799305
2025-04-17 13:00:00;62.0104726472;41.7460889829;4.2416991947;27.0286504151
2025-04-17 14:00:00;69.1890769081;52.6565149897;3.6482539663;23.9018487828
2025-04-17 15:00:00;64.7937329673;53.4924882132;3.222255272;18.3478329925
2025-04-17 16:00:00;60.806461835;42.9865538572;2.9753056066;29.8957837078
2025-04-17 17:00:00;54.3470091117;42.1112697658;2.7785735424;12.2221017285
2025-04-17 18:00:00;117.7501687626;97.3265448527;1.8487806508;12.9687078339
2025-04-17 19:00:00;120;94.9794478004;1.33511286;25.149502168
2025-04-17 20:00:00;114.7303153215;87.4025638642;0.9416640542;40.1627256587
2025-04-17 21:00:00;120;95.9398139563;0;24.3881501794
2025-04-17 22:00:00;73.6367717406;58.4942120179;0;24.5107675287
2025-04-17 23:00:00;73.7917149782;69.2468429276;0;16.4277624774
2025-04-18 00:00:00;31.931480186;24.658290034;0;35.5040016417
2025-04-18 01:00:00;37.1667034598;36.6403403788;0;35.556021337
2025-04-18 02:00:00;29.720375425;35.0412780049;0;34.3780336702
2025-04-18 03:00:00;44.6734002053;31.7833924726;0;24.1968982174
2025-04-18 04:00:00;40.8594644252;33.2218708737;0;23.6406698248
2025-04-18 05:00:00;39.3607175577;31.1293619763;0;19.4311282457
2025-04-18 06:00:00;93.1434256188;53.4103836486;0.6272606533;29.3157865488
2025-04-18 07:00:00;100.3247158619;58.8457692196;1.1003371999;12.5748522522
2025-04-18 08:00:00;104.8412449359;70.9416592258;1.7914865719;12.1570281951
2025-04-18 09:00:00;102.0693304419;66.3139428042;2.2230249646;15.4033681801
2025-04-18 10:00:00;69.1032761378;61.8836754094;2.7263290811;15.1214047153
2025-04-18 11:00:00;70.6873452097;49.9720357088;3.2779859152;14.9111240519
2025-04-18 12:00:00;71.5790544876;63.3007254666;3.3276166916;19.2372317759
2025-04-18 13:00:00;58.0035023353;41.0437297311;4.3345408905;20.4968069515
2025-04-18 14:00:00;67.5984773512;60.8495820003;4.023307999;18.6516444442
2025-04-18 15:00:00;52.0744134658;43.6509407196;3.7483181754;21.019221305
2025-04-18 16:00:00;63.670608719;50.7969126381;4.2137115264;15.1172755134
2025-04-18 17:00:00;54.9036074033;39.1995790587;2.8490055018;20.6286142055
2025-04-18 18:00:00;115.6743683065;94.7463049225;2.0366841091;20.8563621106
2025-04-18 19:00:00;110.9561998491;98.7140304659;1.5313458854;16.1317795146
2025-04-18 20:00:00;117.5292550598;90.806682723;1.1897555873;32.275107152
2025-04-18 21:00:00;120;96.8839929017;0;20.1477645095
2025-04-18 22:00:00;74.8044761997;62.2750118382;0;26.4257966051
2025-04-18 23:00:00;68.2201401471;58.7297392132;0;33.3651241446
2025-04-19 00:00:00;34.5771645347;32.2858124782;0;35.5812838525
2025-04-19 01:00:00;35.5408691861;36.7079617763;0;29.1425459922
2025-04-19 02:00:00;30.4682091647;27.5392823922;0;26.2759742181
2025-04-19 03:00:00;39.1563712117;29.6697609677;0;35.7390129807
2025-04-19 04:00:00;33.6970385608;29.3660865079;0;33.7682834483
2025-04-19 05:00:00;33.0719362828;33.4912578355;0;24.4276918738
2025-04-19 06:00:00;80.3556055365;54.8966713465;0.7868203446;23.1525137627
2025-04-19 07:00:00;86.7941029041;69.1362899995;1.066010415;8.3547598619
2025-04-19 08:00:00;84.946370468;61.3950167379;1.8815973816;18.0043222519
2025-04-19 09:00:00;86.3100402308;45.5626263828;2.2676135102;16.978293582
2025-04-19 10:00:00;58.9599720029;49.6699492731;3.5370907873;22.2611785805
2025-04-19 11:00:00;62.6170522687;38.9584872523;4.0310789726;18.8929299553
2025-04-19 12:00:00;58.3647305381;49.1016487305;4.0540618249;23.1195101621
2025-04-19 13:00:00;41.4134116244;40.3076063213;4.934367176;16.6999213821
2025-04-19 14:00:00;55.5678766328;44.1516468945;4.4999883953;25.9812805584
2025-04-19 15:00:00;44.3147556566;39.7451907775;4.4913644539;17.5516852538
2025-04-19 16:00:00;51.5578451658;46.7023061214;3.8543665804;24.1581222192
2025-04-19 17:00:00;52.5740156568;38.5195060227;2.8678174735;12.8498986829
2025-04-19 18:00:00;107.3705457199;90.4459439422;2.2723270785;21.4151457874
2025-04-19 19:00:00;104.6271563173;91.5296404004;1.8971238192;13.1020882085
2025-04-19 20:00:00;107.1214637872;95.9395486186;1.1723541932;24.2683477835
2025-04-19 21:00:00;108.0203639625;79.0694589746;0;28.8679410505
2025-04-19 22:00:00;65.34794896;60.2069458209;0;22.6181234456
2025-04-19 23:00:00;69.8410933163;45.0866120759;0;19.1759019158
2025-04-20 00:00:00;31.0538736817;19.3892278382;0;35.2362816084
2025-04-20 01:00:00;30.2882198026;27.5983657724;0;28.3318460546
2025-04-20 02:00:00;25.9197196559;25.9332682765;0;25.5244435379
2025-04-20 03:00:00;31.9617584575;33.0875628678;0;29.388753868
2025-04-20 04:00:00;33.0032239641;23.5292273327;0;48.2554325299
2025-04-20 05:00:00;29.1346356707;23.9474143896;0;37.4712832208
2025-04-20 06:00:00;86.4612480152;60.0790164167;0.8233000565;37.5372374301
2025-04-20 07:00:00;82.6941688754;52.7319311528;1.2239109783;19.3505990627
2025-04-20 08:00:00;87.0299586808;56.0002090475;1.9934457043;18.1767882042
2025-04-20 09:00:00;88.1172021595;68.3127573003;3.0702563772;6.9972820338
2025-04-20 10:00:00;66.1141942101;45.5974923927;3.0949350598;14.4883437514
2025-04-20 11:00:00;62.6006682774;53.9101002543;4.0897095476;15.3539132642
2025-04-20 12:00:00;57.3905121275;47.8995682192;5.147840244;9.2710364578
2025-04-20 13:00:00;48.3466986046;29.6167451116;4.8922218955;14.4679641743
2025-04-20 14:00:00;53.778515299;45.3673079787;5.1017751497;10.2769815931
2025-04-20 15:00:00;62.1199627173;49.3529021517;4.2321763557;20.1638314242
2025-04-20 16:00:00;49.5670638696;41.4916398581;4.2216619688;24.5261805052
2025-04-20 17:00:00;53.1515768942;40.0557045989;3.3332690673;25.9920640265
2025-04-20 18:00:00;103.4483781743;77.3001199474;2.8432328013;22.4700268209
2025-04-20 19:00:00;101.5677629838;90.0305124779;2.1112586973;19.8713176533
2025-04-20 20:00:00;102.9071932969;82.7847489566;1.5996949925;13.5324180363
2025-04-20 21:00:00;96.5794907878;73.9115789368;0;14.6788911629
2025-04-20 22:00:00;68.1608265929;62.755636528;0;17.871583131
2025-04-20 23:00:00;52.0347826717;36.4275940958;0;20.3590801273
2025-04-21 00:00:00;33.7966716605;192.9500141472;0;28.1129806365
2025-04-21 01:00:00;29.6823231682;175.2099349231;0;21.8581370193
2025-04-21 02:00:00;31.0041877282;160.4003548728;0;31.7639470272
2025-04-21 03:00:00;41.1782506661;180.6409094056;0;27.582053416
2025-04-21 04:00:00;35.8887001524;164.2661763135;0;29.3596380021
2025-04-21 05:00:00;30.639615981;157.3577566088;0;37.6297657011
2025-04-21 06:00:00;96.8875694299;154.3264685699;0.9833741975;20.6424216264
2025-04-21 07:00:00;96.0957310342;162.0848667899;1.4890846777;19.4085657436
2025-04-21 08:00:00;99.3444410018;186.8277321001;2.1444065674;17.508086653
2025-04-21 09:00:00;100.3184091077;191.8999611188;2.80463015;16.1046685301
2025-04-21 10:00:00;82.2478838741;193.0860422991;3.8062724529;21.4578315427
2025-04-21 11:00:00;65.0944439476;163.5074136855;4.3645537708;21.4304136665
2025-04-21 12:00:00;73.5611419782;183.0486466473;5.1336589876;13.4121286193
2025-04-21 13:00:00;59.3864432124;161.5177029957;5.960450732;19.5642373595
2025-04-21 14:00:00;65.0659662036;181.1381056984;4.9578942072;21.9387544668
2025-04-21 15:00:00;62.4031793606;194.3605496521;5.5273079577;19.0987028712
2025-04-21 16:00:00;63.4631277654;152.0446841301;4.9412146762;23.4956046773
2025-04-21 17:00:00;62.3593856659;199.2612833863;3.670916695;21.9386536966
2025-04-21 18:00:00;115.8060399362;191.3543938729;2.3962506899;29.8885312037
2025-04-21 19:00:00;120;188.0831058147;2.0088933835;16.271875244
2025-04-21 20:00:00;120;184.5681446856;1.6018415286;25.5475178363
2025-04-21 21:00:00;120;188.5136944457;0;20.3684805767
2025-04-21 22:00:00;79.4060231619;199.729767802;0;30.3343844297
2025-04-21 23:00:00;75.5973353475;188.5095648556;0;15.699378135
2025-04-22 00:00:00;41.6629223706;31.9247909286;0;0.9091021819
2025-04-22 01:00:00;36.6978346252;26.4348428412;0;0.7048803269
2025-04-22 02:00:00;34.012692906;32.2623192495;0;0.6831033041
2025-04-22 03:00:00;34.9687389549;29.4154329692;0;0.5341065426
2025-04-22 04:00:00;34.8911595955;26.2024742826;0;0.7393870125
2025-04-22 05:00:00;32.6611956027;14.5257067385;0;1.0635062026
2025-04-22 06:00:00;106.92271729;72.1731053307;1.0200997811;0.831396607
2025-04-22 07:00:00;100.9125466171;66.0766383971;1.4563169802;0.5807728958
2025-04-22 08:00:00;100.0055406136;66.7097177867;2.2100421413;0.7109113287
2025-04-22 09:00:00;101.3264516195;61.0497305367;3.3595815968;0.5351004077
2025-04-22 10:00:00;87.1562584296;69.05712991;4.2187577997;0.4318699126
2025-04-22 11:00:00;68.6541542555;54.9787998236;4.7823495074;0.560639191
2025-04-22 12:00:00;69.9442398015;59.3989080701;5.3625864655;0.4336900894
2025-04-22 13:00:00;54.6181913417;48.9762388381;5.6967126975;0.5118099005
2025-04-22 14:00:00;59.7840643472;48.8842058885;5.4470503415;0.3631284061
2025-04-22 15:00:00;61.9355939152;38.7775453306;6.2386736331;0.7212849633
2025-04-22 16:00:00;58.7368095877;55.4651915357;4.749824418;0.5291485482
2025-04-22 17:00:00;58.4019903285;38.4785477895;4.435544667;0.6123278341
2025-04-22 18:00:00;120;93.3105806548;3.5310019532;0.4339838296
2025-04-22 19:00:00;117.7405147883;96.1814899689;2.4869759196;0.8350657083
2025-04-22 20:00:00;120;99.6287244265;1.5282017333;0.6095635159
2025-04-22 21:00:00;120;100.728106587;0;0.7263220868
2025-04-22 22:00:00;76.7935502183;62.2047739346;0;0.9182491747
2025-04-22 23:00:00;77.7114731665;50.7456346335;0;0.901858893
2025-04-23 00:00:00;39.8981661082;45.3837964025;0;34.7760135812
2025-04-23 01:00:00;36.2842599769;28.9117824012;0;19.511335413
2025-04-23 02:00:00;34.2976486392;25.0623777595;0;61.1322055692
2025-04-23 03:00:00;31.5363944374;20.9266498883;0;50.2311664563
2025-04-23 04:00:00;33.25123152;27.9893342599;0;41.2863362076
2025-04-23 05:00:00;32.6549483593;28.0689212985;0;28.3839826457
2025-04-23 06:00:00;102.9066141535;68.4058015382;1.5286488793;33.9755639762
2025-04-23 07:00:00;101.1746101794;70.6905946647;2.2891005237;18.1307642244
2025-04-23 08:00:00;102.7494990659;79.2792165656;3.0958229186;27.6104539196
2025-04-23 09:00:00;94.3925728312;60.7032116652;4.6796076327;22.3580662183
2025-04-23 10:00:00;80.2159391918;56.9358028695;5.3043313851;16.8679949887
2025-04-23 11:00:00;71.851654841;47.9287282546;7.7358390258;18.5119149981
2025-04-23 12:00:00;68.8229916234;51.4299394146;7.7076913417;26.8621198718
2025-04-23 13:00:00;58.8760754856;40.2578140651;8.6586700491;34.2698304987
2025-04-23 14:00:00;72.0295023939;47.8455046425;8.7146587257;33.8306563213
2025-04-23 15:00:00;59.1078295281;35.3733704889;7.8394334836;29.1106846711
2025-04-23 16:00:00;59.3896213057;45.2458946682;7.3961811755;22.9320833446
2025-04-23 17:00:00;59.9880843645;48.6941311266;5.63424787;4.6415604428
2025-04-23 18:00:00;119.3312082746;104.637227663;4.8791852691;26.2964951095
2025-04-23 19:00:00;116.4833577039;94.1561661293;2.977749565;31.4573548632
2025-04-23 20:00:00;120;91.3789450471;2.3167285408;32.5731135752
2025-04-23 21:00:00;120;88.9011341339;0;31.8958042897
2025-04-23 22:00:00;75.1873684324;57.3675708918;0;21.0367978032
2025-04-23 23:00:00;68.7728226677;41.7360218452;0;35.8573981909
2025-04-24 00:00:00;33.473568363;37.925467854;0;34.6594756696
2025-04-24 01:00:00;32.5412516347;27.8954184798;0;35.0345053192
2025-04-24 02:00:00;35.2613525422;23.9121825932;0;37.0116060391
2025-04-24 03:00:00;41.0101574572;24.6789966907;0;34.4487401172
2025-04-24 04:00:00;34.3531523531;22.4282621934;0;26.8611156798
2025-04-24 05:00:00;34.6264280253;23.8934749611;0;29.3990447421
2025-04-24 06:00:00;107.6444015118;78.8999854669;1.3889813118;30.6108854131
2025-04-24 07:00:00;103.5879267897;69.3589003176;1.713367739;18.4409405083
2025-04-24 08:00:00;102.2283655966;59.7752936888;2.562866663;22.438797089
2025-04-24 09:00:00;108.456592096;85.8028700147;3.8561191177;20.8470995202
2025-04-24 10:00:00;76.0004005169;46.5743088258;4.8241551141;27.2833809304
2025-04-24 11:00:00;64.8568777315;43.5692126814;5.8975410492;27.8630719318
2025-04-24 12:00:00;77.5432457808;62.6024567338;6.7548441527;18.3150145671
2025-04-24 13:00:00;53.7078368349;45.1201456549;7.2710583978;0.8555306709
2025-04-24 14:00:00;62.9058990506;43.1306932298;7.5339947302;27.4283622781
2025-04-24 15:00:00;53.1600288084;33.8229046227;6.713569694;18.120077687
2025-04-24 16:00:00;58.7710255452;38.6918684196;5.6259059388;16.7525041734
2025-04-24 17:00:00;59.2348445087;39.2109251763;5.0117219858;18.8634538914
2025-04-24 18:00:00;116.5344640175;91.9016088575;4.2667936997;18.6110138993
2025-04-24 19:00:00;118.4301660126;93.4005952968;2.6810376363;31.0592075553
2025-04-24 20:00:00;120;96.7535919359;1.717212054;16.434856114
2025-04-24 21:00:00;116.7872118953;92.048558842;0;19.6787442252
2025-04-24 22:00:00;76.2493838282;58.1888232449;0;29.2470017007
2025-04-24 23:00:00;69.4508264921;51.6005365878;0;31.1310881775
2025-04-25 00:00:00;34.1804800599;34.6734050918;0;34.999112653
2025-04-25 01:00:00;36.4905048521;27.8148791066;0;24.2270538166
2025-04-25 02:00:00;30.5488502789;24.8135985077;0;22.7851065527
2025-04-25 03:00:00;29.1304862056;25.9175226238;0;26.3413948087
2025-04-25 04:00:00;37.2466798313;35.4143471284;0;31.9703657628
2025-04-25 05:00:00;40.0870899507;24.1934430939;0;41.3627314132
2025-04-25 06:00:00;99.3161491554;76.1383219468;0.1051861916;14.72311812
2025-04-25 07:00:00;97.6140336636;68.8180676182;0.148219342;17.0983457782
2025-04-25 08:00:00;100.3724809877;68.3022961283;0.1799061925;12.0676139351
2025-04-25 09:00:00;99.9216013775;75.1320481412;0.3178135761;10.6218273112
2025-04-25 10:00:00;74.9095177405;46.0316720538;0.3658048633;22.4717245008
2025-04-25 11:00:00;62.4393533559;49.3735863014;0.4576484739;20.5609911037
2025-04-25 12:00:00;69.0054869971;52.4293559578;0.5362402333;20.1303235148
2025-04-25 13:00:00;57.085178115;37.1974235311;0.5645310552;25.974576043
2025-04-25 14:00:00;61.5676179177;48.5364563968;0.5876164029;18.5810463482
2025-04-25 15:00:00;61.7251640657;47.6181436074;0.5041682918;18.8295552844
2025-04-25 16:00:00;63.7515257885;45.0719970049;0.4799100674;32.6500480832
2025-04-25 17:00:00;62.0478314609;51.3253552897;0.3742365377;19.8116670687
2025-04-25 18:00:00;114.1466921833;86.3290616093;0.3152274502;24.9933760053
2025-04-25 19:00:00;120;99.542324639;0.2284749033;27.1887723193
2025-04-25 20:00:00;120;97.7087243762;0.1384607788;14.602505607
2025-04-25 21:00:00;114.3381121949;87.4756380991;0;13.2698636592
2025-04-25 22:00:00;75.313630132;67.3690935935;0;23.2162658983
2025-04-25 23:00:00;71.1370465737;49.3199966327;0;34.3125546954
2025-04-26 00:00:00;30.6248879514;16.2907583762;0;36.3941141202
2025-04-26 01:00:00;34.7398962584;16.32254158;0;37.3501653481
2025-04-26 02:00:00;39.5854691984;35.1530555211;0;22.9003981098
2025-04-26 03:00:00;33.3807496731;18.8057183644;0;42.6842638139
2025-04-26 04:00:00;31.327206308;27.9557836553;0;23.0687743189
2025-04-26 05:00:00;28.4708047426;25.4084999203;0;32.0201906918
2025-04-26 06:00:00;84.9977774003;56.2203223332;1.5182132574;30.3239034864
2025-04-26 07:00:00;90.2971440008;73.9371341007;2.0707292017;17.4486204442
2025-04-26 08:00:00;83.9769810754;59.2187618723;3.3513569439;24.346052261
2025-04-26 09:00:00;80.1906635497;61.1205015832;4.429044374;15.0259748998
2025-04-26 10:00:00;54.9075234658;44.3181481854;6.3371033948;12.0868287528
2025-04-26 11:00:00;64.5048432639;46.1216118915;6.5448943503;18.33273973
2025-04-26 12:00:00;63.3089244259;46.8065257103;7.3403095841;16.4181874556
2025-04-26 13:00:00;48.2985197708;45.7653087039;8.0258652958;39.2510178124
2025-04-26 14:00:00;55.8221701162;48.6926467831;7.8433881285;24.8811374265
2025-04-26 15:00:00;49.3071106607;50.6288566064;8.0345845062;19.1039340897
2025-04-26 16:00:00;50.5992081373;41.3428465911;5.8023377858;15.662819526
2025-04-26 17:00:00;51.1301179507;35.3882120568;5.0589739701;11.2778255198
2025-04-26 18:00:00;104.5809257614;81.4965351878;3.9350724764;15.8271815269
2025-04-26 19:00:00;107.2216058969;77.8315392827;3.3871795891;28.1485974666
2025-04-26 20:00:00;111.3420312577;91.6634333437;2.4595655446;37.1260878055
2025-04-26 21:00:00;101.0190445595;77.0277049605;0;35.035335617
2025-04-26 22:00:00;64.3944684837;38.2833803093;0;28.9294708569
2025-04-26 23:00:00;62.9708418738;61.4230103081;0;25.151673844
2025-04-27 00:00:00;23.7757116982;21.9596553444;0;32.7117740185
2025-04-27 01:00:00;26.2789086251;23.901450717;0;26.6775668722
2025-04-27 02:00:00;23.4115465457;34.5114108207;0;43.8196423659
2025-04-27 03:00:00;24.9137554043;19.0788802307;0;29.2021150638
2025-04-27 04:00:00;25.7351696201;33.6309145861;0;29.9902691608
2025-04-27 05:00:00;21.4815037176;22.6550195612;0;13.6720963043
2025-04-27 06:00:00;66.2646131904;50.8704039996;1.4866679342;29.1542623916
2025-04-27 07:00:00;64.3474389646;68.080102023;2.2906385101;22.2370949514
2025-04-27 08:00:00;64.7591505283;64.1895311736;3.3974219774;13.4819694675
2025-04-27 09:00:00;64.0989817644;63.4903622912;5.0470760631;14.9394763602
2025-04-27 10:00:00;49.8321792852;49.4420694342;5.4895375359;22.0358357302
2025-04-27 11:00:00;48.4746240962;50.4328197622;7.2886500335;11.6017775134
2025-04-27 12:00:00;49.5653769678;39.3541040689;8.7368569891;23.2546614527
2025-04-27 13:00:00;39.6131201756;40.5737571969;8.9731182845;18.6018501507
2025-04-27 14:00:00;34.082291737;30.3279948747;8.7581179967;19.3720012204
2025-04-27 15:00:00;39.7835337863;31.9189041894;8.7536162477;15.4277401451
2025-04-27 16:00:00;39.895675342;42.4714680106;5.6055222904;23.4841809781
2025-04-27 17:00:00;40.5198633547;46.6147877884;6.2509849345;34.651256238
2025-04-27 18:00:00;80.1836189931;80.3035566628;4.3762123876;25.6483234389
2025-04-27 19:00:00;78.0859787929;79.9676574609;2.8837065917;21.6259945391
2025-04-27 20:00:00;84.4306825275;78.8049842787;2.4169597639;35.4186882463
2025-04-27 21:00:00;81.2995520025;83.9771911593;0;25.4026512867
2025-04-27 22:00:00;48.7869633314;59.5810562487;0;37.0660575237
2025-04-27 23:00:00;47.2088572532;49.7289716974;0;33.1500682644
2025-04-28 00:00:00;35.0273011036;32.2947045252;0;8.1667180065
2025-04-28 01:00:00;33.0327952539;23.4167786016;0;23.1505337027
2025-04-28 02:00:00;30.6982031684;21.1559067774;0;38.2070091047
2025-04-28 03:00:00;37.1863717931;33.4407335037;0;32.0813205378
2025-04-28 04:00:00;32.3405389226;31.662353782;0;22.9984878764
2025-04-28 05:00:00;35.7923609836;27.3034040858;0;26.0134415574
2025-04-28 06:00:00;101.5759491842;66.0100154996;1.7812906643;16.1792483623
2025-04-28 07:00:00;97.0882209654;72.9017611038;2.4584180695;18.1359118291
2025-04-28 08:00:00;94.3113928309;61.3896752224;3.892450954;28.7953144685
2025-04-28 09:00:00;110.6462634479;77.4218210191;5.581130962;22.2776493578
2025-04-28 10:00:00;71.4841851974;49.8446016816;7.0153105808;28.7013217701
2025-04-28 11:00:00;76.6645358529;47.5530130259;8.6611834671;22.6368029579
2025-04-28 12:00:00;82.5867446123;66.7220182223;9.1912270221;23.3094640148
2025-04-28 13:00:00;64.4788837268;47.101579451;9.2914202438;32.3146696646
2025-04-28 14:00:00;59.5723062263;40.0493067466;8.0520655097;23.6772603198
2025-04-28 15:00:00;60.6222751221;36.7255955856;8.5053343326;20.6238478017
2025-04-28 16:00:00;57.1775663772;35.0678084714;7.1401367138;27.2223841842
2025-04-28 17:00:00;64.8919327873;44.6835632683;7.4500077451;29.5006234229
2025-04-28 18:00:00;120;107.3364385826;4.8739469286;19.0403886061
2025-04-28 19:00:00;117.6850838178;88.8325410566;3.6523945436;22.8002331629
2025-04-28 20:00:00;115.3102133681;99.0478381503;2.5954195232;28.7841607578
2025-04-28 21:00:00;114.0544481805;88.5636186343;0;33.6012267634
2025-04-28 22:00:00;78.2984716563;58.4425677044;0;33.3688881645
2025-04-28 23:00:00;74.4008377195;50.6336029899;0;17.9139291873
2025-04-29 00:00:00;36.0261335954;19.5627133993;0;46.0737642657
2025-04-29 01:00:00;31.3554343655;20.971224932;0;26.178025649
2025-04-29 02:00:00;28.472939217;19.9389556547;0;29.1092662348
2025-04-29 03:00:00;39.3904642681;18.8240068748;0;24.1400342392
2025-04-29 04:00:00;35.2478788484;35.5683972733;0;52.2053093965
2025-04-29 05:00:00;39.1412591522;30.8530255174;0;33.0617706668
2025-04-29 06:00:00;98.0031760824;61.9110188804;1.719983074;24.542811235
2025-04-29 07:00:00;98.6741948581;67.7655633718;3.0146901798;22.7450135721
2025-04-29 08:00:00;102.9497169465;63.7832763822;3.6701662417;22.3017604848
2025-04-29 09:00:00;103.0354415102;53.0029460068;5.3616993791;17.8272128866
2025-04-29 10:00:00;77.4564516659;72.1706892688;6.3763607311;22.6359777757
2025-04-29 11:00:00;72.5390007248;53.2930885673;7.313545187;14.8457879111
2025-04-29 12:00:00;76.6328689332;50.6922449798;8.8123362922;16.400056583
2025-04-29 13:00:00;65.9221195645;36.9739279431;9.8341889429;10.8555552299
2025-04-29 14:00:00;60.4596979173;36.3488729162;9.5246628481;14.5995778232
2025-04-29 15:00:00;58.6204743329;53.1314194621;8.7525518236;31.6843826793
2025-04-29 16:00:00;66.9735361848;57.0168356369;7.2570940864;30.7776422916
2025-04-29 17:00:00;57.9861661689;48.1394632731;6.7339485396;22.1815070116
2025-04-29 18:00:00;120;88.3548532855;4.6439706112;30.8949540808
2025-04-29 19:00:00;119.7370996027;102.4019997873;4.097429742;26.9347853706
2025-04-29 20:00:00;111.7129547258;90.8522033077;2.6722100155;26.350234366
2025-04-29 21:00:00;120;101.0390088277;0;28.4540008104
2025-04-29 22:00:00;61.4570650308;57.4738934003;0;27.1813619197
2025-04-29 23:00:00;64.9388300634;38.5986621327;0;26.5481385874
2025-04-30 00:00:00;20.5367581311;21.1018750795;0;0.6215378564
2025-04-30 01:00:00;20.5361190229;25.6975050033;0;0.501510162
2025-04-30 02:00:00;17.6609038265;29.7349095729;0;0.5694651188
2025-04-30 03:00:00;19.5998533548;19.2071978201;0;0.6080014421
2025-04-30 04:00:00;15;23.8778649418;0;0.5302765868
2025-04-30 05:00:00;20.9802550377;28.6324756383;0;0.366118085
2025-04-30 06:00:00;55.3384244881;72.6339601934;1.6134440189;0.3198846418
2025-04-30 07:00:00;54.6092382344;71.1935168043;2.7588255397;0.3008078514
2025-04-30 08:00:00;54.7733704614;61.2770315679;3.8682179989;0.2776035336
2025-04-30 09:00:00;55.9396323639;76.9914491593;5.7693896463;0.2963568195
2025-04-30 10:00:00;40.4557686991;45.5358814062;7.9982257199;0.288856493
2025-04-30 11:00:00;35.9005719036;53.6777851159;7.4062017088;0.4773428199
2025-04-30 12:00:00;45.9492818682;55.0597541587;9.9643416489;0.1935722745
2025-04-30 13:00:00;36.3941785799;49.7427669122;10.3756269454;0.1700290591
2025-04-30 14:00:00;30.2575309186;43.0020940195;11.0747473;0.3664727691
2025-04-30 15:00:00;32.5776667168;45.5108515075;10.0418844843;0.3065159176
2025-04-30 16:00:00;32.8470132457;48.5137977456;8.1891479708;0.3650932051
2025-04-30 17:00:00;36.0931132147;50.0811683764;7.0392185923;0.3877475042
2025-04-30 18:00:00;60.5022783295;91.4761767773;5.267483268;0.4469787727
2025-04-30 19:00:00;64.6010224847;95.5219690164;4.470178271;0.2711083488
2025-04-30 20:00:00;61.4863964414;80.9554932088;2.8336237234;0.37448339
2025-04-30 21:00:00;65.1291164421;94.2564710255;0;0.4816618216
2025-04-30 22:00:00;39.3606392684;57.7472472754;0;0.5188245767
2025-04-30 23:00:00;40.7238624697;44.9956972105;0;0.6735852348
2025-05-01 00:00:00;32.3405183244;24.0724958859;0;39.3120653378
2025-05-01 01:00:00;31.6828478587;27.0640210075;0;31.2802752672
2025-05-01 02:00:00;37.8509082328;30.9434716565;0;24.6672104639
2025-05-01 03:00:00;37.1084804542;35.2551232029;0;27.254424917
2025-05-01 04:00:00;37.5437456624;36.9939855278;0;27.0290336207
2025-05-01 05:00:00;34.2664027127;28.9351747128;0;36.9285271343
2025-05-01 06:00:00;97.1770513664;68.0227598973;2.2374940702;33.7694427874
2025-05-01 07:00:00;99.2150388173;67.9758672208;2.9933991978;12.7383956206
2025-05-01 08:00:00;102.0051043017;73.2000345191;4.1285756601;16.9637341295
2025-05-01 09:00:00;89.9543663321;64.3317139154;5.2576983939;23.215244804
2025-05-01 10:00:00;75.6484099265;53.2142723682;6.5731679604;20.7122341234
2025-05-01 11:00:00;75.2660280828;66.0706174136;8.0910845327;21.7449859834
2025-05-01 12:00:00;74.1545853172;49.1476036575;10.7233034764;20.8610165951
2025-05-01 13:00:00;60.2655114681;52.6826601251;11.6309066258;31.2429131689
2025-05-01 14:00:00;49.3898846298;30.4274274414;9.7623442099;23.522252715
2025-05-01 15:00:00;58.9580821826;48.8816100132;11.2506960138;20.0679935907
2025-05-01 16:00:00;68.9898960664;58.5448849247;8.9072260655;17.1264522726
2025-05-01 17:00:00;60.9954776966;33.6851302515;7.771391989;23.5975853196
2025-05-01 18:00:00;118.617195726;94.6788528533;6.7536747526;8.6585886095
2025-05-01 19:00:00;120;97.7885958691;4.6906184456;27.2419686184
2025-05-01 20:00:00;120;96.1735813971;2.9433774575;27.0881079618
2025-05-01 21:00:00;120;98.7401041003;0;18.8161530926
2025-05-01 22:00:00;72.8449455056;63.6262036184;0;21.9304044954
2025-05-01 23:00:00;75.7870444506;46.5825485106;0;34.3381717233
2025-05-02 00:00:00;42.6070066969;45.4797330346;0;33.8673977792
2025-05-02 01:00:00;39.5902066819;26.8037552167;0;32.835349072
2025-05-02 02:00:00;45.5934290558;35.3333096361;0;34.4728720739
2025-05-02 03:00:00;32.1066114719;22.2065467068;0;32.7620161108
2025-05-02 04:00:00;42.6049308682;17.1290984932;0;41.9697966795
2025-05-02 05:00:00;31.5040467048;20.2244308974;0;33.0085868747
2025-05-02 06:00:00;101.3399225522;59.4635532953;1.9141182689;20.3473345976
2025-05-02 07:00:00;103.0450192734;75.1509940723;2.6427078307;27.0419535593
2025-05-02 08:00:00;97.4503775283;62.1399876878;4.3774573047;20.9910853364
2025-05-02 09:00:00;100.1447141405;64.3765128809;6.2412902819;16.382080483
2025-05-02 10:00:00;77.9712311299;48.8846987512;7.5078881401;13.1921258734
2025-05-02 11:00:00;70.6779371265;51.1068364433;9.7295295912;21.1139190313
2025-05-02 12:00:00;81.3863817368;52.2585702798;11.2105012866;18.6495258503
2025-05-02 13:00:00;54.7061119961;46.8209141178;11.6472416993;31.2352389799
2025-05-02 14:00:00;69.6654082997;51.7339149788;11.2438423429;20.4760412175
2025-05-02 15:00:00;65.442764414;44.3251796083;11.2923306104;17.7220246665
2025-05-02 16:00:00;60.5330317139;49.5565630771;10.1804196419;27.434039817
2025-05-02 17:00:00;59.1247898568;43.8920925634;7.4405752832;27.5992654783
2025-05-02 18:00:00;117.7183728174;92.1739347726;7.0651059668;23.359417448
2025-05-02 19:00:00;119.3889196188;83.7528512598;4.6080432451;33.6913617179
2025-05-02 20:00:00;119.781768623;92.8884758771;3.1970498414;28.5469469276
2025-05-02 21:00:00;120;99.2546764403;0;30.5033766944
2025-05-02 22:00:00;82.7330996206;76.1798581702;0;37.211781376
2025-05-02 23:00:00;74.7713658118;48.1400427384;0;33.3236473313
2025-05-03 00:00:00;26.194671804;38.8116237117;0;30.9504671437
2025-05-03 01:00:00;27.5442328171;27.7465350523;0;43.2445808117
2025-05-03 02:00:00;29.1760914692;17.0908566104;0;13.211202224
2025-05-03 03:00:00;25.3644505262;18.9949363642;0;48.8979158546
2025-05-03 04:00:00;24.6947636905;34.4139084651;0;18.5347753362
2025-05-03 05:00:00;39.4370724557;37.5428205364;0;27.2515091528
2025-05-03 06:00:00;85.5815544376;58.700904617;2.3069336362;31.9875307624
2025-05-03 07:00:00;80.4706944693;57.463758818;3.4445535217;18.6807780618
2025-05-03 08:00:00;87.8945096375;53.2049661901;5.2951566204;24.2696728713
2025-05-03 09:00:00;78.9172360093;63.6954256542;6.8793145095;14.2627807085
2025-05-03 10:00:00;57.2952909627;37.3129942726;8.2118067621;20.6549993627
2025-05-03 11:00:00;58.6136543734;49.1446057873;10.7168674616;16.5878655083
2025-05-03 12:00:00;69.6726549421;58.0496712022;10.7225673649;20.821635633
2025-05-03 13:00:00;50.0931606858;39.1231913972;12.6727775988;22.2563570376
2025-05-03 14:00:00;40.2434395407;39.117896809;12.5302657393;23.1483012501
2025-05-03 15:00:00;56.6764176811;53.8315062401;11.6059675424;19.5124932544
2025-05-03 16:00:00;49.8524048431;40.6338283739;10.3085400191;19.7379333276
2025-05-03 17:00:00;42.9087849554;34.0142485032;7.3349101542;24.2474067802
2025-05-03 18:00:00;104.7871662678;82.7058200173;6.4296380552;27.960032977
2025-05-03 19:00:00;108.5567594983;81.5378517068;4.9565456638;24.7358777871
2025-05-03 20:00:00;108.030463213;81.3313092466;3.4247084531;22.769001617
2025-05-03 21:00:00;114.3051093699;92.1740759254;0;33.547136301
2025-05-03 22:00:00;58.3898897966;51.6348976134;0;28.8499581428
2025-05-03 23:00:00;62.4375857194;47.6446063592;0;35.1253448568
2025-05-04 00:00:00;26.8519382464;16.5462277622;0;25.2359223115
2025-05-04 01:00:00;23.0601319762;25.3576503163;0;18.1106122094
2025-05-04 02:00:00;33.9848731754;33.4765611625;0;28.276375428
2025-05-04 03:00:00;32.0847130612;19.7464179883;0;26.3732146736
2025-05-04 04:00:00;31.2765530236;25.8185809694;0;31.9809004536
2025-05-04 05:00:00;31.9205558697;15.1868544437;0;27.4294604287
2025-05-04 06:00:00;81.1275168992;47.8523421416;2.1187986169;38.6671280817
2025-05-04 07:00:00;79.6865168434;60.9761387937;3.9376818901;18.1640231237
2025-05-04 08:00:00;84.3815579111;56.6794410917;4.8420028794;20.3104436062
2025-05-04 09:00:00;89.4375960472;72.086126125;7.662484892;20.3454815249
2025-05-04 10:00:00;69.4579556618;52.5176893104;9.4427270364;20.528110427
2025-05-04 11:00:00;65.8010557329;51.0796939355;10.4443151362;19.4560167787
2025-05-04 12:00:00;62.3528934727;39.0932451394;14.2526545134;22.0727295108
2025-05-04 13:00:00;52.4403681425;38.1355443827;12.0164592763;18.2939589208
2025-05-04 14:00:00;51.2785128272;34.4197244099;14.261944115;30.8258735785
2025-05-04 15:00:00;46.6095954316;30.5038906167;13.4791555124;21.4860239407
2025-05-04 16:00:00;51.3372536622;44.119289523;10.4228226432;15.3486630453
2025-05-04 17:00:00;45.2196197811;41.3719070445;10.1478135177;23.9101735768
2025-05-04 18:00:00;105.644333403;86.8275232476;6.9687354221;17.97695857
2025-05-04 19:00:00;113.5651539181;83.5762959014;5.3226596213;34.2448847699
2025-05-04 20:00:00;109.9055474229;87.3163159303;3.6500911393;45.5802742216
2025-05-04 21:00:00;102.0486445914;70.6693612032;0;23.5874764451
2025-05-04 22:00:00;61.8956777389;62.6577729841;0;31.8008473421
2025-05-04 23:00:00;58.4669151494;36.9277032403;0;16.4752284993
2025-05-05 00:00:00;34.7706436701;20.4621258844;0;36.6740342675
2025-05-05 01:00:00;39.7369408012;31.021617789;0;25.6434371504
2025-05-05 02:00:00;37.9904913493;30.5527100229;0;27.7915502206
2025-05-05 03:00:00;46.2306039902;33.2467073875;0;23.8683836155
2025-05-05 04:00:00;40.4181039382;23.2103754462;0;38.9651479506
2025-05-05 05:00:00;35.9699573417;34.3112189577;0;41.2307945799
2025-05-05 06:00:00;102.7690565553;57.9422253567;2.4109196445;33.1290765367
2025-05-05 07:00:00;98.8108873879;58.0279410975;4.0195052519;15.491230711
2025-05-05 08:00:00;94.6481125598;63.0433447063;5.8407359722;27.6149152896
2025-05-05 09:00:00;105.597876274;62.9126650242;6.456741456;16.054527098
2025-05-05 10:00:00;78.3943729;62.9065027054;10.6447362287;9.080438888
2025-05-05 11:00:00;72.7691672881;44.550894093;10.08042624;22.0265725792
2025-05-05 12:00:00;75.08662207;62.4858224075;14.2631612946;14.3037968741
2025-05-05 13:00:00;66.504152388;53.5546512349;15.2886992817;28.7537970142
2025-05-05 14:00:00;64.7285074627;54.4599980094;12.8005472777;20.8587276332
2025-05-05 15:00:00;54.3359704142;52.2241410912;12.7418745244;26.5353010247
2025-05-05 16:00:00;62.0162161415;45.4920225128;10.5983177608;31.1336588949
2025-05-05 17:00:00;60.1655841801;38.9767407094;9.4732108076;16.0878330947
2025-05-05 18:00:00;120;96.5517237119;7.3218252867;19.7935638491
2025-05-05 19:00:00;120;92.8997944971;5.8346603063;29.0820907787
2025-05-05 20:00:00;120;92.084070555;4.1703409287;41.0372252514
2025-05-05 21:00:00;114.9694754758;91.5703352263;0;24.7637797299
2025-05-05 22:00:00;70.3254093505;58.9944074221;0;25.237169079
2025-05-05 23:00:00;78.8672822164;50.422816539;0;33.1862321302
2025-05-06 00:00:00;32.3831795211;25.0117023862;0;28.4578836471
2025-05-06 01:00:00;28.199137276;28.2223546549;0;34.5252688384
2025-05-06 02:00:00;37.4422698844;35.2382057645;0;20.3572069544
2025-05-06 03:00:00;32.5831027089;15.5739465926;0;51.6676880452
2025-05-06 04:00:00;43.0996441565;30.4075020466;0;22.0518918951
2025-05-06 05:00:00;36.3784161831;27.5062298673;0;30.5819831905
2025-05-06 06:00:00;100.4260619636;59.6409630084;0.0779967454;32.9870692493
2025-05-06 07:00:00;98.0432976614;64.863901585;0.1037829127;29.4958518963
2025-05-06 08:00:00;106.8636541764;72.3208698641;0.1554677105;13.3451910286
2025-05-06 09:00:00;101.3183902432;70.2878841489;0.1870109714;29.850120108
2025-05-06 10:00:00;72.0029235486;51.5821708144;0.2596087853;23.7315041435
2025-05-06 11:00:00;70.2677947005;44.7362609661;0.360564743;22.0349841799
2025-05-06 12:00:00;73.5105426347;64.1964693186;0.4283189709;15.0423624855
2025-05-06 13:00:00;56.5098987164;47.040727447;0.3638883895;26.6040283218
2025-05-06 14:00:00;65.5392579711;50.8503069258;0.3846217103;19.0692980327
2025-05-06 15:00:00;52.7717702404;45.7127040012;0.3784949667;30.6519527012
2025-05-06 16:00:00;60.2814963561;46.2801908002;0.3422299517;17.6284099081
2025-05-06 17:00:00;63.6549104364;54.2734517539;0.259525903;22.6214059073
2025-05-06 18:00:00;120;95.1092742555;0.2234481948;20.0483002985
2025-05-06 19:00:00;116.7722266214;91.609740035;0.1521205284;22.5419237043
2025-05-06 20:00:00;120;98.6359456218;0.1085445425;35.4786005793
2025-05-06 21:00:00;116.0128227523;100.0849733207;0;33.9381723987
2025-05-06 22:00:00;73.740440426;71.1143245817;0;38.9782590918
2025-05-06 23:00:00;76.7744584542;58.4353712522;0;16.6128688453
2025-05-07 00:00:00;37.1208281452;31.1088665387;0;42.5203114228
2025-05-07 01:00:00;32.0000450861;28.8989738183;0;54.6217198549
2025-05-07 02:00:00;40.426445962;36.3393626769;0;29.7930964014
2025-05-07 03:00:00;35.4278462091;34.536467519;0;49.4974537005
2025-05-07 04:00:00;38.3811999867;27.8885576865;0;31.3756300464
2025-05-07 05:00:00;41.9186751675;39.54398269;0;22.0620438799
2025-05-07 06:00:00;104.7127641693;71.3090227275;2.821558199;31.0190292334
2025-05-07 07:00:00;104.7245040284;73.4444679408;4.1892772201;25.4317499288
2025-05-07 08:00:00;100.5509813842;76.0328106499;5.8795471741;15.928576883
2025-05-07 09:00:00;103.256629744;73.4884459554;8.2540757768;17.126751934
2025-05-07 10:00:00;74.7866258604;58.1269077669;10.6166171308;23.1412492202
2025-05-07 11:00:00;68.3834811699;46.8088430699;12.5154857503;20.1665432876
2025-05-07 12:00:00;75.1877883412;61.6003120255;14.3119314581;23.0963299407
2025-05-07 13:00:00;62.0498254892;49.1493021575;17.5466802304;24.9074704813
2025-05-07 14:00:00;63.5229831893;46.5413562082;16.2551608177;26.3286039093
2025-05-07 15:00:00;60.320214674;51.1018181798;14.2690416777;20.9688360624
2025-05-07 16:00:00;57.469651057;58.2220344835;13.6163598503;24.8716265035
2025-05-07 17:00:00;63.8504784367;39.8945573784;10.406659492;18.0590949741
2025-05-07 18:00:00;114.0902747074;84.0225157675;9.1085918262;31.0823035891
2025-05-07 19:00:00;120;113.9518034829;6.2723880005;25.4336842209
2025-05-07 20:00:00;118.9586187246;94.4332585087;4.1511829445;38.7570215749
2025-05-07 21:00:00;120;95.6048906443;0;28.4613992962
2025-05-07 22:00:00;76.3389529647;63.6600703772;0;31.7531310324
2025-05-07 23:00:00;76.4835374767;61.3090431234;0;26.4864055427
2025-05-08 00:00:00;28.6879334496;41.1491918605;0;25.3048665402
2025-05-08 01:00:00;38.7367524119;26.2297560199;0;19.1248156936
2025-05-08 02:00:00;36.3925550271;28.1167360161;0;24.9713522389
2025-05-08 03:00:00;32.1696865689;24.1100478033;0;31.1738784955
2025-05-08 04:00:00;31.6548615202;30.08157349;0;35.7174521838
2025-05-08 05:00:00;33.5251239302;33.5475904386;0;42.488869207
2025-05-08 06:00:00;93.8146298754;72.9726039096;2.9428927536;30.1405815764
2025-05-08 07:00:00;107.4091707246;76.291249256;3.8474273057;15.8649019947
2025-05-08 08:00:00;106.3466484283;86.2749895932;5.8254492728;13.0117282771
2025-05-08 09:00:00;101.6916183695;64.3327957093;7.9154278328;22.7950211189
2025-05-08 10:00:00;72.8014327253;46.1876215455;11.3653898042;27.390243338
2025-05-08 11:00:00;72.9197396531;59.8451293658;15.4329169058;26.7956261151
2025-05-08 12:00:00;77.2180212766;54.1648764747;18.1006535571;23.9646187241
2025-05-08 13:00:00;68.7908257135;40.3135451293;17.1841292191;27.5349456791
2025-05-08 14:00:00;58.3138193375;40.4450924004;17.0046675637;33.8217734628
2025-05-08 15:00:00;55.8514674739;43.3050940642;13.1460119242;25.7157515967
2025-05-08 16:00:00;67.8449881469;44.4444497981;12.9658336331;27.5799792084
2025-05-08 17:00:00;52.8384810216;34.4421490903;10.5287117195;21.8402652679
2025-05-08 18:00:00;115.4616113629;89.8105634457;8.3166415935;15.6592247866
2025-05-08 19:00:00;118.8891394837;86.342158913;6.3164630133;25.3093730783
2025-05-08 20:00:00;112.9780493949;92.3540500674;4.2342376009;30.4587094373
2025-05-08 21:00:00;120;85.1942152355;0;30.9925358947
2025-05-08 22:00:00;77.6627993161;64.6993234088;0;45.2303212877
2025-05-08 23:00:00;71.2201560764;53.9405505435;0;31.1489324132
2025-05-09 00:00:00;40.7757784853;29.1829674774;0;44.3612387798
2025-05-09 01:00:00;41.5393308768;37.4968054421;0;30.5366229791
2025-05-09 02:00:00;34.5082470317;19.1351364206;0;31.5936614994
2025-05-09 03:00:00;32.9895081499;22.9154565506;0;22.8793419351
2025-05-09 04:00:00;45.1857240738;30.9383687737;0;27.9047564285
2025-05-09 05:00:00;38.2627431483;33.0810701399;0;38.7774808458
2025-05-09 06:00:00;100.7835008023;68.1793542174;2.5096837823;34.3281923867
2025-05-09 07:00:00;105.7659966238;82.9324828297;4.8946942998;25.4043068992
2025-05-09 08:00:00;100.9887277214;62.7612921104;6.1430014811;21.4896171479
2025-05-09 09:00:00;97.3547472273;57.1755622062;9.3605077104;18.7466185514
2025-05-09 10:00:00;74.1457488201;62.2366491989;13.7502470425;31.5992636053
2025-05-09 11:00:00;78.4589741909;46.1195205557;13.1792630578;20.0754409773
2025-05-09 12:00:00;64.8201948494;50.8167953956;12.8566828693;26.5353206344
2025-05-09 13:00:00;59.5663865875;37.9973895808;16.7666951656;21.5787122362
2025-05-09 14:00:00;67.0862832086;35.0602555543;18.6706421307;28.2392330497
2025-05-09 15:00:00;58.55911711;40.4045408296;18.6451102232;29.5488784727
2025-05-09 16:00:00;67.8200134369;53.8707301365;12.8262812844;25.2345419318
2025-05-09 17:00:00;67.2288721021;41.8768325087;12.2620290488;9.866686209
2025-05-09 18:00:00;119.7051189803;96.6250480832;8.8428150787;24.0938466617
2025-05-09 19:00:00;117.441573128;95.1127020953;6.6627256032;40.3230413611
2025-05-09 20:00:00;118.7068850663;84.2678664534;5.5953678446;34.9035830931
2025-05-09 21:00:00;120;99.8853411037;0;34.2741829999
2025-05-09 22:00:00;82.2199399091;78.8709628638;0;17.5597417863
2025-05-09 23:00:00;74.3492892711;56.8565227422;0;25.2829052556
2025-05-10 00:00:00;27.2633090177;23.1406661005;0;38.1729852001
2025-05-10 01:00:00;30.5266846601;27.4652419909;0;38.1645537788
2025-05-10 02:00:00;31.0972211698;20.7295731058;0;45.1242938038
2025-05-10 03:00:00;24.4048856808;31.6805869408;0;33.3597854912
2025-05-10 04:00:00;30.3601857115;31.5721471504;0;38.1251015486
2025-05-10 05:00:00;35.9508194617;28.6155416847;0;34.7550589444
2025-05-10 06:00:00;75.9979702824;55.0171508956;2.7496954288;26.0730142382
2025-05-10 07:00:00;87.814703191;55.193493527;4.9391313778;9.0559402258
2025-05-10 08:00:00;90.2816662132;53.3567442942;7.306950874;23.00582472
2025-05-10 09:00:00;81.572567295;54.2494902273;10.4634587556;21.6711550051
2025-05-10 10:00:00;69.7575974228;49.5620149107;12.458482047;17.5584522763
2025-05-10 11:00:00;59.0272897299;50.6593939091;15.2783816858;12.3612655255
2025-05-10 12:00:00;64.1186784893;51.7957531888;16.3668895057;24.0376309619
2025-05-10 13:00:00;49.7726950115;39.3610393191;18.3732397695;22.6185888254
2025-05-10 14:00:00;49.7716884852;45.1211904871;17.4921859718;27.6025360255
2025-05-10 15:00:00;48.3753262785;30.9971312999;17.7364621814;35.5205312144
2025-05-10 16:00:00;54.2967617563;48.2470221825;14.4700181118;11.2579836417
2025-05-10 17:00:00;54.9727966522;36.9494605625;12.7345085416;19.9916374986
2025-05-10 18:00:00;105.7664442868;91.3438683201;9.60467367;22.9610978066
2025-05-10 19:00:00;99.9364872234;78.5314344096;7.6779176118;42.482227605
2025-05-10 20:00:00;107.8706099348;74.0657259929;4.8209625962;18.4077112082
2025-05-10 21:00:00;107.9554088022;88.6529330649;0;46.2285306761
2025-05-10 22:00:00;61.1585889597;59.0528610271;0;32.2100771211
2025-05-10 23:00:00;70.5363473033;47.7537541894;0;30.4043764481
2025-05-11 00:00:00;22.9623183079;22.7781131509;0;33.2388229797
2025-05-11 01:00:00;21;24.1733498217;0;31.1563083169
2025-05-11 02:00:00;26.7112429514;12.8010707616;0;44.1336393768
2025-05-11 03:00:00;33.1969104034;12.8723620488;0;25.6287352392
2025-05-11 04:00:00;25.2486991315;32.5303421006;0;37.9901954691
2025-05-11 05:00:00;25.5856308666;20.1588959195;0;31.6116346011
2025-05-11 06:00:00;88.3433510336;71.4702041938;2.8079435959;28.3073553065
2025-05-11 07:00:00;86.1452206734;66.7390937267;5.5794877154;34.5471074314
2025-05-11 08:00:00;85.7605291142;68.3799237655;6.8394157431;23.1803820097
2025-05-11 09:00:00;87.5801851584;55.8371528344;9.5515312387;24.1991468431
2025-05-11 10:00:00;60.1969479759;34.5073373929;12.324565047;26.9505003687
2025-05-11 11:00:00;60.4048879324;38.3134439325;17.3265439714;13.52645555
2025-05-11 12:00:00;65.7543229922;44.1954241287;14.6664297952;30.1739744321
2025-05-11 13:00:00;45.0816063745;21.9605666315;23.5559694296;9.1249082623
2025-05-11 14:00:00;41.4913575792;30.8518825385;20.4202068535;19.7745562081
2025-05-11 15:00:00;49.1838181067;36.8026369185;18.0044987156;21.67007592
2025-05-11 16:00:00;55.3225266888;33.3961522411;15.5415790448;28.0393056361
2025-05-11 17:00:00;52.2836155335;33.5332312417;13.2368875542;25.8177810911
2025-05-11 18:00:00;109.8750055446;85.2098345443;10.4988354268;23.458389886
2025-05-11 19:00:00;96.9438693791;79.6363050336;7.7543141798;31.3789421832
2025-05-11 20:00:00;107.4369294135;79.9539992632;5.2931260167;23.7779282058
2025-05-11 21:00:00;108.9595840469;88.8178291739;0;19.6926147694
2025-05-11 22:00:00;56.0317278639;51.2003790202;0;37.1897783784
2025-05-11 23:00:00;65.9895754231;47.8134134807;0;36.9316536266
2025-05-12 00:00:00;34.4742306351;22.365162238;0;49.3311389401
2025-05-12 01:00:00;48.7970808266;26.6969222828;0;28.3556759045
2025-05-12 02:00:00;25.1785033594;34.6914472827;0;41.4544099443
2025-05-12 03:00:00;41.1370803239;34.3806827853;0;32.8282145902
2025-05-12 04:00:00;33.202354235;31.8845350664;0;45.8505328251
2025-05-12 05:00:00;27.6988829544;23.8365039966;0;44.361964906
2025-05-12 06:00:00;97.1482103057;63.610668085;3.4460069225;37.2001012129
2025-05-12 07:00:00;100.7681650377;70.6184921147;5.2156422368;19.4010559557
2025-05-12 08:00:00;104.1881084648;57.9467632701;7.617129274;26.2937073405
2025-05-12 09:00:00;107.2683477483;63.9054054269;10.3745920288;24.629312229
2025-05-12 10:00:00;80.100650238;50.8915374319;14.7596398056;17.5729783434
2025-05-12 11:00:00;69.3579122456;47.05403015;17.0980917052;14.1630800634
2025-05-12 12:00:00;78.787872454;49.5717455985;14.1454593588;19.6713492948
2025-05-12 13:00:00;62.5542250894;46.4273851601;20.7224362762;34.1046366728
2025-05-12 14:00:00;57.8477291882;42.5050167755;19.9960357186;31.8233736517
2025-05-12 15:00:00;59.8398451117;52.5132356728;18.4687003775;17.8559625395
2025-05-12 16:00:00;57.5991508148;57.9534918899;15.8156585386;17.5132107098
2025-05-12 17:00:00;60.960358321;36.4654133218;14.7491849275;32.6160796415
2025-05-12 18:00:00;116.7165395297;92.3708873184;11.3377944691;17.7118345128
2025-05-12 19:00:00;115.3740266705;90.3424814405;7.2337018113;35.8499433019
2025-05-12 20:00:00;120;94.7621778781;5.4718701824;26.9030184011
2025-05-12 21:00:00;120;87.8046994622;0;44.6568094604
2025-05-12 22:00:00;72.8579448384;57.0147088219;0;25.675871623
2025-05-12 23:00:00;79.8565622065;56.4144626761;0;40.8909166522
2025-05-13 00:00:00;33.7873566747;20.9802588662;0;37.3553171887
2025-05-13 01:00:00;33.5968088609;27.4766534318;0;37.9563805277
2025-05-13 02:00:00;37.9314947345;28.4029901999;0;18.1176410021
2025-05-13 03:00:00;34.3633791817;29.0691565926;0;16.0413402831
2025-05-13 04:00:00;35.3408840946;21.9264567645;0;33.7363743356
2025-05-13 05:00:00;23.6173211962;25.6702651834;0;37.9091711773
2025-05-13 06:00:00;99.5499680685;61.4226695526;3.2959356106;25.6613558251
2025-05-13 07:00:00;91.2524031186;63.6255185315;4.9241962692;15.592323193
2025-05-13 08:00:00;93.9805072677;71.4424365577;7.6497439171;24.4302526351
2025-05-13 09:00:00;93.4658334128;64.4110348937;11.7673146775;24.4376535257
2025-05-13 10:00:00;68.976964437;51.1919219269;15.2121258903;20.6854165955
2025-05-13 11:00:00;71.1987462596;54.9013745124;17.7491364369;25.6017179477
2025-05-13 12:00:00;71.479371858;42.25111635;20.4400796458;15.1343562515
2025-05-13 13:00:00;63.7547289424;56.120539658;21.4146337553;22.7696208634
2025-05-13 14:00:00;61.7662356869;37.661016615;19.5100146078;35.2902675558
2025-05-13 15:00:00;52.2106555936;44.5900511717;19.9869650131;25.4205537885
2025-05-13 16:00:00;61.1403163922;48.8533735362;18.141030794;25.7829016176
2025-05-13 17:00:00;62.1976391329;38.8486158989;14.9872945963;39.4021538256
2025-05-13 18:00:00;118.5214506769;98.8032300803;12.0548576547;16.2499822401
2025-05-13 19:00:00;119.7260131039;95.0407925328;8.5098741369;38.5329525505
2025-05-13 20:00:00;120;103.8153350734;5.6907266545;45.5026129607
2025-05-13 21:00:00;120;97.0920801649;0;29.5248892008
2025-05-13 22:00:00;66.5816286843;56.6132377429;0;39.0406840523
2025-05-13 23:00:00;72.569161954;48.9445947105;0;24.2454681133
2025-05-14 00:00:00;41.7285658538;20.6108708991;0;29.8880066621
2025-05-14 01:00:00;41.3160292999;28.3753201899;0;39.5554845255
2025-05-14 02:00:00;38.7702695876;27.1325574246;0;43.28645006
2025-05-14 03:00:00;37.3567644904;29.4790641611;0;46.1944529909
2025-05-14 04:00:00;42.3869097804;21.6403179393;0;50.2419714271
2025-05-14 05:00:00;43.5713694198;30.2231473857;0;35.4744009509
2025-05-14 06:00:00;98.8452824873;68.311686981;4.0479731095;46.8500348513
2025-05-14 07:00:00;95.0636964387;68.4955603884;5.7629438746;19.7969914161
2025-05-14 08:00:00;98.2098270042;54.4459753029;7.8100405244;26.5321891144
2025-05-14 09:00:00;113.3612722455;78.2763757487;11.335520392;22.7727068685
2025-05-14 10:00:00;66.5700032829;46.3085227233;13.8686473744;24.061886953
2025-05-14 11:00:00;71.5146806973;49.2356528528;16.8280073429;23.9418933681
2025-05-14 12:00:00;67.2749966389;34.3286581061;19.92436871;12.9643484026
2025-05-14 13:00:00;61.2965264039;53.7979256304;20.0971948565;18.1597120163
2025-05-14 14:00:00;55.3229793909;42.0068296429;20.9288145956;25.9054686693
2025-05-14 15:00:00;60.2457094182;35.5005794958;17.1037878998;14.6036597611
2025-05-14 16:00:00;51.9596608009;41.2110844946;18.092399601;30.506648063
2025-05-14 17:00:00;63.5143820138;47.6519510904;14.7489046883;30.7614054133
2025-05-14 18:00:00;120;103.9576227249;10.7345869248;27.323887602
2025-05-14 19:00:00;118.2722537007;90.4125577458;8.8460262612;23.3724583918
2025-05-14 20:00:00;119.3919149682;91.6755666687;6.2083693029;43.6793772437
2025-05-14 21:00:00;119.2646674617;87.7318193711;0;49.0139016907
2025-05-14 22:00:00;74.4462048637;66.5250071148;0;33.6685976446
2025-05-14 23:00:00;73.4603436838;47.0024010311;0;36.6193844815
2025-05-15 00:00:00;38.3778746564;23.5326182212;0;38.3062667411
2025-05-15 01:00:00;40.470024471;29.3500881499;0;41.3023143149
2025-05-15 02:00:00;31.2580278692;18.151206895;0;35.3770735294
2025-05-15 03:00:00;33.529370153;36.2083554704;0;36.1519486225
2025-05-15 04:00:00;38.9786358906;40.369461642;0;44.7242778288
2025-05-15 05:00:00;28.5238376542;20.8073653749;0;57.8515685423
2025-05-15 06:00:00;90.5053498862;53.4885391517;3.3866698599;23.7029413263
2025-05-15 07:00:00;100.3920174425;69.3285889986;5.6522167152;21.3123771621
2025-05-15 08:00:00;101.6071545043;65.3129721379;8.2194302109;15.4230486396
2025-05-15 09:00:00;96.1232448087;71.0059027949;11.0710916892;30.5887083877
2025-05-15 10:00:00;70.9887669973;45.7115469592;16.3913843129;18.6652760122
2025-05-15 11:00:00;70.171831293;53.435446622;18.2539079196;13.9858435438
2025-05-15 12:00:00;69.6915331638;49.672364535;20.565572971;25.3711584137
2025-05-15 13:00:00;63.8229784768;41.0370715258;18.7798682547;36.658676876
2025-05-15 14:00:00;55.3900040926;41.9949258686;23.5021136958;29.7618502773
2025-05-15 15:00:00;59.5073944076;48.6134508859;18.9272105016;26.833909869
2025-05-15 16:00:00;56.6282345302;42.1966690863;18.6303116058;28.1379732331
2025-05-15 17:00:00;54.1534468925;40.6510530901;15.7124641732;34.5560834413
2025-05-15 18:00:00;120;90.7160441989;13.2743370172;19.9480349603
2025-05-15 19:00:00;117.6607865002;98.126238214;7.8412953639;31.9026409727
2025-05-15 20:00:00;120;100.1388854039;4.5654354056;29.1059934217
2025-05-15 21:00:00;113.2136585409;87.1533838271;0;23.2379175168
2025-05-15 22:00:00;70.253969199;59.680168056;0;30.126008164
2025-05-15 23:00:00;76.995092204;61.7997548122;0;41.9093067263
2025-05-16 00:00:00;46.5429065779;3.1649564205;0;42.0787703577
2025-05-16 01:00:00;26.0072127368;5.1688688692;0;42.7948108141
2025-05-16 02:00:00;33.9951999478;3.5582156435;0;38.2075314176
2025-05-16 03:00:00;36.7554477182;3.4319406747;0;41.6799836119
2025-05-16 04:00:00;32.127734337;2.6539552536;0;29.4808305803
2025-05-16 05:00:00;38.723033968;5.4043793431;0;34.0058715367
2025-05-16 06:00:00;95.4168630529;4.4411539445;4.1064371373;38.6270530898
2025-05-16 07:00:00;100.0094745418;1.9632478413;7.1708311241;23.6489978779
2025-05-16 08:00:00;96.9678365006;0.129662609;10.0237861183;23.8849175044
2025-05-16 09:00:00;104.8045999441;1.5092954061;12.6744552398;21.3498917908
2025-05-16 10:00:00;70.5067297895;0.428346015;15.3763355157;20.0280511225
2025-05-16 11:00:00;71.9669379698;4.3159883364;20.5533862144;39.5729959788
2025-05-16 12:00:00;77.8059707219;2.2509685391;20.1735230657;27.1280354376
2025-05-16 13:00:00;56.0408010783;4.2045533252;24.1758777732;28.4653379499
2025-05-16 14:00:00;60.9763502997;3.2944987337;24.2301162267;24.2962633063
2025-05-16 15:00:00;52.4655704977;5.3801481069;23.7329895286;22.8900701714
2025-05-16 16:00:00;55.7712744804;7.2386682879;23.5691588473;24.9568067451
2025-05-16 17:00:00;62.3865657858;4.7931393813;16.508336738;27.6892681379
2025-05-16 18:00:00;115.5418612071;0.6196806094;11.9578226952;13.6714485237
2025-05-16 19:00:00;117.5494218068;0.1751048141;9.1012055678;20.1570849287
2025-05-16 20:00:00;120;2.1323116628;5.3809016695;27.890379792
2025-05-16 21:00:00;117.3936623648;4.2496751122;0;34.8898641973
2025-05-16 22:00:00;77.2531593826;0.4490502863;0;31.1877586067
2025-05-16 23:00:00;74.5208525968;3.2773380484;0;45.4301333501
2025-05-17 00:00:00;31.9605740037;16.2273243218;0;23.4483432938
2025-05-17 01:00:00;35.5843451943;28.5470733043;0;30.2571772542
2025-05-17 02:00:00;31.4392037818;26.363826792;0;51.4127903426
2025-05-17 03:00:00;36.9248128071;24.1278215635;0;38.4762394695
2025-05-17 04:00:00;34.1006802737;32.8473163435;0;45.4962343653
2025-05-17 05:00:00;27.6444640657;21.0019282638;0;56.3598405612
2025-05-17 06:00:00;89.6249908824;56.9837843344;3.9759941672;30.7931005986
2025-05-17 07:00:00;84.9932216388;61.8371381811;6.3070330349;21.7980218685
2025-05-17 08:00:00;82.0297658558;47.654655684;9.0895428624;20.8306249122
2025-05-17 09:00:00;85.0585601737;64.3911008571;13.1256811551;11.4302536219
2025-05-17 10:00:00;66.9223391183;45.6878164643;15.5552487345;20.6184394546
2025-05-17 11:00:00;63.9645713327;51.5274221638;21.8858940472;27.2766148097
2025-05-17 12:00:00;70.1176361551;56.8074762769;22.7592705772;25.3739672199
2025-05-17 13:00:00;55.861777851;44.5870148872;24.208690799;30.1147111305
2025-05-17 14:00:00;53.3266104908;34.9392849688;23.5912111216;23.6303387578
2025-05-17 15:00:00;46.3550839681;28.5916703006;23.0414510323;21.8010072764
2025-05-17 16:00:00;50.1635940274;28.8799611641;21.4103980757;34.3535949913
2025-05-17 17:00:00;51.2948789694;45.8924934231;15.4956919107;22.836194641
2025-05-17 18:00:00;108.8296224364;84.5218238225;12.2848899523;27.9958241553
2025-05-17 19:00:00;108.5627793667;81.247419349;9.2567946981;34.8986569058
2025-05-17 20:00:00;106.457712527;82.0512625829;5.8184686062;45.7821921335
2025-05-17 21:00:00;106.2363553002;89.9741823803;0;41.672271752
2025-05-17 22:00:00;65.1589244364;62.2979478821;0;22.6721723464
2025-05-17 23:00:00;58.0532303932;46.6444982318;0;23.5750004807
2025-05-18 00:00:00;37.6298211866;32.0557031529;0;43.1087297499
2025-05-18 01:00:00;21;25.8578664601;0;37.0527945487
2025-05-18 02:00:00;36.5493426698;30.0849554716;0;33.3732367849
2025-05-18 03:00:00;29.7966651221;25.4929353302;0;47.2202676113
2025-05-18 04:00:00;34.5116091642;26.8900349229;0;39.4233697569
2025-05-18 05:00:00;31.6372819543;30.0497417036;0;38.1523762763
2025-05-18 06:00:00;85.308441799;59.6219955273;4.0888327076;45.0003055994
2025-05-18 07:00:00;86.245432092;54.1634994175;6.5188911722;20.4761988664
2025-05-18 08:00:00;87.3920312508;62.257329777;10.5503563435;31.4553187885
2025-05-18 09:00:00;82.2715482303;58.3962621539;13.7609380423;18.1436008763
2025-05-18 10:00:00;66.5325612998;51.0390244405;17.5739052862;26.3059511406
2025-05-18 11:00:00;56.9958474063;40.8397594354;22.2958744396;30.6945068571
2025-05-18 12:00:00;61.8519776325;50.0186878476;23.3943860428;14.8150714199
2025-05-18 13:00:00;54.7001690029;40.0162141011;25.9664648519;24.0982957445
2025-05-18 14:00:00;55.415883452;44.5391892056;24.9719859119;33.8883765651
2025-05-18 15:00:00;53.0118541609;36.1692693996;24.1564988987;33.9874750119
2025-05-18 16:00:00;49.1680383729;35.3165564846;19.9016813243;25.2307596451
2025-05-18 17:00:00;54.9734893464;45.1232283626;13.929414418;21.5192984514
2025-05-18 18:00:00;102.6144606114;78.7394915427;13.3330539154;32.6608023652
2025-05-18 19:00:00;113.5079495193;100.5143430719;10.9829280524;43.9210649823
2025-05-18 20:00:00;105.2455896487;87.058114792;7.2792452474;24.024274267
2025-05-18 21:00:00;98.6982930635;80.0530669585;0;23.6917000089
2025-05-18 22:00:00;56.4998896064;55.7218940894;0;35.8012955263
2025-05-18 23:00:00;62.0723615784;42.3188738722;0;39.2253348398
2025-05-19 00:00:00;35.4572237664;33.1533858554;0;35.2219157205
2025-05-19 01:00:00;43.6914651277;36.5451616569;0;44.533036783
2025-05-19 02:00:00;30.1547630262;32.7199997337;0;31.3097687675
2025-05-19 03:00:00;35.0055899423;25.7813853476;0;17.9425405905
2025-05-19 04:00:00;30.0606137136;17.6518742661;0;34.0338844305
2025-05-19 05:00:00;32.611063206;22.3244066577;0;38.6699518346
2025-05-19 06:00:00;106.7025675898;68.2335742568;4.8947146716;35.4429882867
2025-05-19 07:00:00;94.0111804503;73.9678017168;7.7335064779;16.2250155997
2025-05-19 08:00:00;101.7663843628;81.5212623831;10.3122133633;12.4731365347
2025-05-19 09:00:00;100.8927765701;69.1780414368;14.2167855624;19.9053383869
2025-05-19 10:00:00;73.2972486723;51.1070528874;17.0830489974;27.966718016
2025-05-19 11:00:00;75.7434848952;49.9040566143;21.1290817768;30.0140717271
2025-05-19 12:00:00;68.1859283721;52.4694436665;25.7735339496;29.6230123403
2025-05-19 13:00:00;68.0001346942;60.9174612674;28.6660090458;21.2121863411
2025-05-19 14:00:00;69.2084881371;59.5097443647;25.8560079441;18.9618079358
2025-05-19 15:00:00;60.758654549;50.3403277645;23.6788369149;29.9562629937
2025-05-19 16:00:00;71.4506609968;56.2641713034;21.6781235126;30.8787097103
2025-05-19 17:00:00;58.7510577171;47.75673575;18.8353812603;29.313619895
2025-05-19 18:00:00;120;94.8688009853;12.379218478;13.2301705474
2025-05-19 19:00:00;120;93.0607918789;8.3586322347;26.8361924801
2025-05-19 20:00:00;117.934479929;91.239329154;6.7276041961;34.0070574215
2025-05-19 21:00:00;113.783029235;91.3146271998;0;38.4345404547
2025-05-19 22:00:00;66.1532932956;48.1137042305;0;40.8335988446
2025-05-19 23:00:00;82.6797396284;55.9823554984;0;35.4969321187
2025-05-20 00:00:00;32.4204695709;20.7546600293;0;41.6663438097
2025-05-20 01:00:00;33.9652650634;32.7076572619;0;39.3003706044
2025-05-20 02:00:00;29.7936421464;20.996937204;0;45.080206385
2025-05-20 03:00:00;39.0686072558;31.0139883938;0;41.4939537662
2025-05-20 04:00:00;31.2840611323;21.0949282514;0;39.1163426186
2025-05-20 05:00:00;32.5903968743;35.7272795417;0;35.9019141873
2025-05-20 06:00:00;100.4007232175;56.0056354551;4.2540524303;39.2659849348
2025-05-20 07:00:00;94.2646746576;66.3647907512;7.0050549607;25.8876731673
2025-05-20 08:00:00;98.2492611174;57.9105148101;10.4985771041;24.6343532298
2025-05-20 09:00:00;105.3628244829;66.1933288745;13.9949843117;25.2886813849
2025-05-20 10:00:00;75.2793057864;52.94869419;20.8126366338;30.841302069
2025-05-20 11:00:00;73.9396013136;52.763010718;23.0793062274;24.621010101
2025-05-20 12:00:00;74.3190521902;52.9677867172;26.0987177683;19.3439320904
2025-05-20 13:00:00;58.7506928995;42.7917853289;28.480224029;32.8895262212
2025-05-20 14:00:00;69.4844862702;45.2583667398;24.658091012;17.7378099079
2025-05-20 15:00:00;56.8470937439;40.7800347316;27.6047158447;19.6557453025
2025-05-20 16:00:00;61.4509685602;44.2255238352;22.3550671612;29.2005414345
2025-05-20 17:00:00;61.0194158799;45.0676615318;19.6461612759;30.4164837875
2025-05-20 18:00:00;120;96.0858023398;13.2763324227;18.553696887
2025-05-20 19:00:00;120;100.4371192478;9.3035875787;31.3207261025
2025-05-20 20:00:00;119.8559153798;93.4908936148;7.779656413;29.3874909953
2025-05-20 21:00:00;120;95.6462412433;0;30.4214255217
2025-05-20 22:00:00;74.8305673902;60.1666517879;0;42.805988113
2025-05-20 23:00:00;63.1275235476;39.3726591387;0;40.7530357533
2025-05-21 00:00:00;27.6222750773;25.6010013163;0;38.7195378009
2025-05-21 01:00:00;32.0499416802;33.2539295093;0;33.5952932421
2025-05-21 02:00:00;32.2455342447;29.2392353452;0;25.7783193597
2025-05-21 03:00:00;29.3759573896;18.931909046;0;52.7187884449
2025-05-21 04:00:00;38.1458498596;33.2814858855;0;44.6646533205
2025-05-21 05:00:00;34.782261183;25.4584965524;0;32.032193872
2025-05-21 06:00:00;98.0111499725;68.6759392224;0.3322824332;45.9046269214
2025-05-21 07:00:00;93.3245767005;60.9703981728;0.4635510948;22.9335034051
2025-05-21 08:00:00;98.7768235467;68.201467763;0.6763463706;21.6677944472
2025-05-21 09:00:00;87.1571940338;55.8234597796;1.0830394168;25.8831365618
2025-05-21 10:00:00;72.5621531782;48.2535041912;1.1543903858;19.0160593799
2025-05-21 11:00:00;73.5797830865;41.6321581781;1.7411220992;21.3372121499
2025-05-21 12:00:00;74.3840740063;54.492248096;1.6181519032;24.0521424691
2025-05-21 13:00:00;53.4160892117;41.6702429555;1.9510578993;23.8333720826
2025-05-21 14:00:00;61.4662224625;46.0948377689;1.8074563617;31.7893139714
2025-05-21 15:00:00;55.768106433;41.45718668;1.8279381331;39.9593473672
2025-05-21 16:00:00;56.798432902;37.3544868725;1.4719040308;22.0982550272
2025-05-21 17:00:00;63.6852383836;52.1776971616;1.2591700026;15.8969180679
2025-05-21 18:00:00;120;105.7022907242;0.9968349638;13.6050867251
2025-05-21 19:00:00;120;87.9183308921;0.6686395965;33.6978151405
2025-05-21 20:00:00;116.3230704361;93.7631833893;0.5292141666;29.2098018484
2025-05-21 21:00:00;120;98.8691958766;0;36.8345322272
2025-05-21 22:00:00;77.5210877856;61.9660794932;0;36.1757007139
2025-05-21 23:00:00;76.0899456233;52.4305895202;0;20.9808253583
2025-05-22 00:00:00;47.0869697417;37.4589584068;0;21.4867818887
2025-05-22 01:00:00;31.5239427547;16.1654150083;0;42.2429625431
2025-05-22 02:00:00;35.8780034753;20.9680174011;0;40.6646834555
2025-05-22 03:00:00;41.713092606;24.8091478935;0;35.145806038
2025-05-22 04:00:00;41.4306783822;20.555168184;0;23.0378803022
2025-05-22 05:00:00;25.9676111463;30.8715415929;0;43.968284203
2025-05-22 06:00:00;98.8827888848;52.5597562411;4.8551558233;51.839877989
2025-05-22 07:00:00;105.5782416213;71.8506939091;7.6983624903;25.2398687603
2025-05-22 08:00:00;111.9057916318;78.4331959979;10.5020928623;18.5997362957
2025-05-22 09:00:00;102.0649796519;65.8571203578;12.3984132743;23.862642561
2025-05-22 10:00:00;71.5805388096;46.7395313462;19.7186468911;15.53978677
2025-05-22 11:00:00;68.6945094453;48.9834661067;28.8163752727;29.841699071
2025-05-22 12:00:00;83.2202687401;56.0330712894;29.0884758396;24.0826643735
2025-05-22 13:00:00;63.6842734985;51.7709672099;29.0908272505;15.3623813716
2025-05-22 14:00:00;56.5886351884;25.4012424052;28.5229593569;25.4634618321
2025-05-22 15:00:00;59.4907327109;36.995376635;27.4196685638;30.7221149811
2025-05-22 16:00:00;61.8007756851;47.6730780045;25.2115856287;25.2406278985
2025-05-22 17:00:00;62.8520663019;45.6360287736;18.1330375018;25.6340199256
2025-05-22 18:00:00;115.951716041;94.9260955534;16.9854753646;19.1051924995
2025-05-22 19:00:00;117.2361431184;91.5314510909;12.0626956531;40.4135232483
2025-05-22 20:00:00;112.5617944693;87.1965258702;8.2923207196;29.6607800709
2025-05-22 21:00:00;120;96.0003313089;0;16.3153112666
2025-05-22 22:00:00;71.6986405308;75.1802971717;0;32.1140826344
2025-05-22 23:00:00;75.3343710526;61.4565875132;0;44.0827774027
2025-05-23 00:00:00;41.1119531895;164.6655318261;0;42.9807502685
2025-05-23 01:00:00;35.7012055416;176.3895702774;0;68.2585341318
2025-05-23 02:00:00;34.2034227591;152.672253475;0;52.6865895725
2025-05-23 03:00:00;35.5844365469;199.5943530969;0;51.6134623701
2025-05-23 04:00:00;34.9961611182;171.2025067582;0;46.0562130775
2025-05-23 05:00:00;40.3195323913;196.3683292019;0;46.771300514
2025-05-23 06:00:00;100.2135458579;186.213573033;7.0873142457;44.449963881
2025-05-23 07:00:00;96.3649684809;164.4971458432;10.6216855636;26.3927150278
2025-05-23 08:00:00;103.530093825;161.1026309087;16.2608392732;32.3392638667
2025-05-23 09:00:00;104.3519526726;199.7837716881;22.0891852156;21.870639515
2025-05-23 10:00:00;67.1510919811;188.6063177527;26.313905299;20.8709365481
2025-05-23 11:00:00;80.0711072832;162.4830737075;31.1668569836;20.5333219922
2025-05-23 12:00:00;74.8147827812;153.3722524089;37.3168549721;43.1511255287
2025-05-23 13:00:00;61.6276979438;184.8458272651;44.2853368491;37.7247755909
2025-05-23 14:00:00;64.8827940103;165.1508228406;35.4965991221;35.8440863894
2025-05-23 15:00:00;57.8015894086;161.0665406314;32.6695726403;24.5024717007
2025-05-23 16:00:00;64.646723482;186.7468707575;33.0963952699;38.4991941137
2025-05-23 17:00:00;58.6574935543;183.9630661327;27.191172187;32.3378335058
2025-05-23 18:00:00;113.3627219413;174.070633738;21.3831168442;35.091952432
2025-05-23 19:00:00;115.510096744;197.1327966385;15.7313867461;32.3692584258
2025-05-23 20:00:00;120;183.9819183029;10.4156771685;44.5411532243
2025-05-23 21:00:00;115.74539247;194.670978031;0;38.2875683735
2025-05-23 22:00:00;80.4189223561;159.5276471175;0;34.6283891689
2025-05-23 23:00:00;78.5253553422;164.832295504;0;50.6848386271
2025-05-24 00:00:00;36.0004762471;29.5525727308;0;24.7489859725
2025-05-24 01:00:00;30.5615036085;20.7394671212;0;45.8814693579
2025-05-24 02:00:00;31.1603772778;22.3329481059;0;47.0846969378
2025-05-24 03:00:00;24.6282966559;35.0491144362;0;31.3633187688
2025-05-24 04:00:00;34.4810257957;17.4200073331;0;31.9595077242
2025-05-24 05:00:00;31.7092505477;30.1706203345;0;37.9631161389
2025-05-24 06:00:00;85.909111351;54.9192717135;6.0670482282;43.0395931375
2025-05-24 07:00:00;90.9536391887;58.6623593009;7.3207956903;23.201049373
2025-05-24 08:00:00;80.6294026094;48.9151293821;11.4065687841;26.7375680715
2025-05-24 09:00:00;82.7885990627;60.4294221465;16.5597181425;34.754909204
2025-05-24 10:00:00;63.0496961748;44.5669974963;18.6217790668;21.0609778137
2025-05-24 11:00:00;57.3702177033;40.6811869946;25.4979884715;13.7791068949
2025-05-24 12:00:00;60.7354823321;43.5806722586;33.2004715478;29.1037876352
2025-05-24 13:00:00;52.9096716703;36.956917956;31.2474364704;39.9868834588
2025-05-24 14:00:00;49.2270018021;24.4990161694;31.7710545612;30.9068087378
2025-05-24 15:00:00;56.581849867;38.7000123138;26.3509244131;20.49012997
2025-05-24 16:00:00;43.8922369951;39.6333367409;24.586603385;27.2716673122
2025-05-24 17:00:00;55.7438681043;32.5244325831;20.7966602998;20.2736033853
2025-05-24 18:00:00;108.1081296831;77.6172893842;16.2732395016;32.6663813999
2025-05-24 19:00:00;102.5730664025;78.8269563118;13.4688110211;23.9604337805
2025-05-24 20:00:00;100.9729564894;75.5823620051;8.7706988041;33.4693238133
2025-05-24 21:00:00;95.7715232689;77.5124497768;0;27.0989938704
2025-05-24 22:00:00;58.001389472;45.1226062113;0;37.3315782495
2025-05-24 23:00:00;66.2919719754;45.6437223875;0;32.8703568389
2025-05-25 00:00:00;29.7476142317;24.165321368;0;42.4451907063
2025-05-25 01:00:00;35.2334139618;31.0577879172;0;40.8760260155
2025-05-25 02:00:00;27.2105801822;32.6314016195;0;30.6222449519
2025-05-25 03:00:00;33.1819777205;24.2005443605;0;47.0193596095
2025-05-25 04:00:00;26.7712562906;35.9191618145;0;40.1533272154
2025-05-25 05:00:00;25.6549124721;24.060378009;0;30.6032417954
2025-05-25 06:00:00;82.7971996318;59.7365805613;5.105026955;63.4216915673
2025-05-25 07:00:00;80.2869228081;67.1166313746;8.8496248181;27.2942907563
2025-05-25 08:00:00;76.3365724384;54.1393733065;13.1304048948;23.4548559921
2025-05-25 09:00:00;82.4588559558;47.4458637608;18.8334688423;33.0183117689
2025-05-25 10:00:00;62.0009134557;44.2848466503;24.9634240784;35.6195021141
2025-05-25 11:00:00;67.2295678335;43.8089765151;24.5607981449;23.5030928023
2025-05-25 12:00:00;65.7375796289;44.5520529781;28.3259510935;26.5075353817
2025-05-25 13:00:00;56.1330394647;53.0664505938;29.000477052;21.4260123381
2025-05-25 14:00:00;53.8849038109;31.9962793782;31.6408040129;27.4071623147
2025-05-25 15:00:00;52.1400524834;40.2055518331;31.420990336;27.038183537
2025-05-25 16:00:00;45.113042989;29.2223371255;28.8430489643;29.7690038328
2025-05-25 17:00:00;51.3177199589;36.4740325912;22.0266259848;30.8213367623
2025-05-25 18:00:00;107.7221621343;88.3434932417;16.8175964586;32.4365976131
2025-05-25 19:00:00;111.5950609085;88.182658686;12.7804178359;38.7574852531
2025-05-25 20:00:00;108.1248885741;84.044328507;8.0986600383;25.5105515693
2025-05-25 21:00:00;110.618315592;83.6066790694;0;28.0007838379
2025-05-25 22:00:00;56.8779635706;53.2881867005;0;31.58656041
2025-05-25 23:00:00;60.0530747641;54.6754307905;0;34.0026323879
2025-05-26 00:00:00;36.5420141513;21.7492228014;0;51.8945436426
2025-05-26 01:00:00;39.8342230482;41.6381195935;0;29.1495873892
2025-05-26 02:00:00;33.9564070336;33.9296281598;0;37.4260010215
2025-05-26 03:00:00;34.2389291237;34.282181632;0;50.8900522544
2025-05-26 04:00:00;37.7020673169;30.4205974464;0;38.0171749597
2025-05-26 05:00:00;29.5435172177;31.2770469728;0;45.8288613375
2025-05-26 06:00:00;105.7764829805;62.9504059904;6.7552333464;39.6645528809
2025-05-26 07:00:00;94.5870500873;59.6032121327;7.8113082911;26.2419754065
2025-05-26 08:00:00;89.9095101003;65.4455354484;13.2356309969;23.2504980328
2025-05-26 09:00:00;98.5884640446;66.5807852055;20.7135507119;28.7712598816
2025-05-26 10:00:00;80.6129360404;54.6921893173;22.9033972952;15.1340966845
2025-05-26 11:00:00;75.6089109662;37.015216345;27.1919653545;22.4192473678
2025-05-26 12:00:00;76.3497793232;49.3449815996;30.3935057531;26.4872669569
2025-05-26 13:00:00;60.3694624968;35.4654195331;32.8254764306;32.6072444868
2025-05-26 14:00:00;59.4975278287;44.2506889678;36.9640697064;39.5064156999
2025-05-26 15:00:00;53.2311344033;38.3119566577;25.7517956538;25.9564736042
2025-05-26 16:00:00;50.0159884059;32.6562873728;30.9990132459;39.4095305697
2025-05-26 17:00:00;61.0664520894;60.1624524864;20.2832869279;24.028969957
2025-05-26 18:00:00;120;101.7049441167;17.4471865685;38.3246925124
2025-05-26 19:00:00;120;98.7962217882;12.5949810099;44.5476711704
2025-05-26 20:00:00;120;108.0498575106;9.3862966375;28.5416025958
2025-05-26 21:00:00;120;102.3780884593;0;39.8276859215
2025-05-26 22:00:00;74.4493227112;58.0859837328;0;36.5146752229
2025-05-26 23:00:00;72.4179239283;45.3865810917;0;42.7733113752
2025-05-27 00:00:00;30.8898771238;30.8803484078;0;39.2334451109
2025-05-27 01:00:00;43.6731952826;19.1788060223;0;38.3610990057
2025-05-27 02:00:00;36.9427037555;26.6581574034;0;55.7752781384
2025-05-27 03:00:00;30.3270310276;11.7051310214;0;40.5273037852
2025-05-27 04:00:00;29.3029842442;24.5847879414;0;50.1378851491
2025-05-27 05:00:00;40.2120255204;34.8777239419;0;39.2118387097
2025-05-27 06:00:00;93.7768156975;62.8362570274;5.2105230265;58.8664838229
2025-05-27 07:00:00;106.7875570401;76.2684725199;9.5953701713;20.7036930055
2025-05-27 08:00:00;86.0412207445;70.473139502;15.6437137477;21.1037913418
2025-05-27 09:00:00;104.8469817214;67.3318035705;16.395430398;34.4339043696
2025-05-27 10:00:00;75.0875041488;68.8181199724;23.9875876251;22.1583845233
2025-05-27 11:00:00;73.4301524023;51.2769723306;26.9925685501;34.9110792315
2025-05-27 12:00:00;72.1069145408;54.8285301421;33.3973798113;30.4904782059
2025-05-27 13:00:00;68.6303489008;43.6352591097;34.4326307098;27.9624125064
2025-05-27 14:00:00;63.3038294449;54.9835581238;32.6156228273;15.9011755237
2025-05-27 15:00:00;56.0576483421;46.5597963268;33.5575343278;28.9465081563
2025-05-27 16:00:00;52.38696978;47.103099323;32.6161949337;29.8260139528
2025-05-27 17:00:00;60.9199020413;43.4485624893;23.2681135388;37.574697425
2025-05-27 18:00:00;119.9951798991;83.6563087612;19.4618845;40.637771149
2025-05-27 19:00:00;113.1605938318;90.7576778253;12.0704415179;30.9933422365
2025-05-27 20:00:00;119.7507291353;81.3770329975;8.5452314912;44.8881128347
2025-05-27 21:00:00;117.4172941512;88.6967936483;0;44.5535953849
2025-05-27 22:00:00;72.9382828059;61.9773400426;0;47.433305598
2025-05-27 23:00:00;76.163133751;67.1055312363;0;42.05999904
2025-05-28 00:00:00;41.2519311729;33.2406478497;0;21.6101568063
2025-05-28 01:00:00;38.625187073;29.7270189095;0;40.3799906918
2025-05-28 02:00:00;31.2887030351;25.4737233501;0;29.8738937201
2025-05-28 03:00:00;36.1953044891;19.6520416609;0;39.8844192506
2025-05-28 04:00:00;34.8191684561;26.7862096935;0;52.3054929107
2025-05-28 05:00:00;28.5406061135;24.9042497318;0;45.2174387506
2025-05-28 06:00:00;100.135877956;59.1216024294;6.3959246534;54.0709239486
2025-05-28 07:00:00;106.6988559456;62.9540077644;10.6787803031;27.3611308125
2025-05-28 08:00:00;98.4897501438;63.0731539622;14.2836718971;17.025575085
2025-05-28 09:00:00;91.1700083662;62.5176432603;18.5079719452;9.3214169398
2025-05-28 10:00:00;72.9565818387;47.7515086449;24.3737921346;26.1452171905
2025-05-28 11:00:00;67.3586679233;41.0948817523;26.4609058301;23.859310111
2025-05-28 12:00:00;76.7065975997;54.0851414382;34.9281592539;19.0508685173
2025-05-28 13:00:00;62.4205364783;47.5863131629;37.96907133;16.9053827211
2025-05-28 14:00:00;59.2895487749;43.1204443536;34.1829738805;24.0067277698
2025-05-28 15:00:00;58.5684048192;38.4905840356;32.0640842654;27.9787511125
2025-05-28 16:00:00;59.1035896583;45.448920678;30.027461768;34.3043337918
2025-05-28 17:00:00;60.0958792401;41.9554359558;23.5235643428;30.7955339128
2025-05-28 18:00:00;116.524942404;81.7396372731;18.8829707498;41.2314719851
2025-05-28 19:00:00;113.7551111355;94.5147395626;16.2215236385;28.0218179164
2025-05-28 20:00:00;120;97.0974288513;9.3568174302;46.1396338743
2025-05-28 21:00:00;118.2656956058;91.0673934198;0;38.2582727063
2025-05-28 22:00:00;73.5720667875;52.0715128808;0;44.3777301889
2025-05-28 23:00:00;74.1041415989;47.7874803218;0;33.684883375
2025-05-29 00:00:00;21.936108785;38.8523991925;0;53.8572709819
2025-05-29 01:00:00;17.8282099602;15.2132323783;0;45.6119208397
2025-05-29 02:00:00;16.4495475553;23.3762028023;0;35.2616919982
2025-05-29 03:00:00;19.4350921723;25.2843715729;0;42.3491795046
2025-05-29 04:00:00;22.138480494;29.6651285954;0;39.9329697826
2025-05-29 05:00:00;19.0526611253;15.7666889216;0;47.6715559918
2025-05-29 06:00:00;58.9775545484;65.6601774103;6.1715391931;29.9485607611
2025-05-29 07:00:00;65.7942688635;60.8033677894;9.3309894318;25.2991039168
2025-05-29 08:00:00;54.8843093946;61.0030753094;15.1706840341;28.0048310978
2025-05-29 09:00:00;57.8787579348;59.1095567434;19.2869819408;25.6965281467
2025-05-29 10:00:00;49.6005443099;49.4321483254;23.8238348389;34.0681954256
2025-05-29 11:00:00;44.2695780455;54.3804868865;33.5157990556;30.4178283246
2025-05-29 12:00:00;42.4532664306;46.3209261852;38.2484831676;25.4384550419
2025-05-29 13:00:00;39.8216550348;48.0168753188;34.8066539775;31.344553568
2025-05-29 14:00:00;36.7636354114;45.6394833962;31.1032217441;31.9316212022
2025-05-29 15:00:00;35.6554297344;48.7551951799;37.116138286;32.7317137042
2025-05-29 16:00:00;37.1402476278;36.9065178746;28.6515347324;16.1628656641
2025-05-29 17:00:00;34.8046502032;46.9175138624;26.7187272204;27.492424616
2025-05-29 18:00:00;70.4382324401;90.2314557972;16.4862093736;18.6992999857
2025-05-29 19:00:00;72.9205229505;88.1275207107;15.3406763548;50.4460864475
2025-05-29 20:00:00;70.4560666633;82.3487150586;8.8872648777;37.6476219477
2025-05-29 21:00:00;73.2324848987;96.7611161198;0;36.3813623109
2025-05-29 22:00:00;45.3653334895;56.2802486928;0;46.8001351172
2025-05-29 23:00:00;46.7347458657;56.1671156828;0;42.265461284
2025-05-30 00:00:00;39.5307242174;41.4826387921;0;30.8284659073
2025-05-30 01:00:00;32.6292475253;31.6633983947;0;42.1847935013
2025-05-30 02:00:00;36.7024275183;36.3389670651;0;39.3475440823
2025-05-30 03:00:00;36.6714172905;24.5687282494;0;24.215862208
2025-05-30 04:00:00;35.9302460038;32.4094268417;0;35.5349072826
2025-05-30 05:00:00;32.2974944333;18.8249283089;0;40.9754862829
2025-05-30 06:00:00;93.5038595976;60.6362975912;6.9290074022;41.7118974775
2025-05-30 07:00:00;100.3891732544;77.7947332685;10.1506899269;16.2192398926
2025-05-30 08:00:00;90.4492832238;56.8150108949;13.6264961195;33.1865687433
2025-05-30 09:00:00;96.9248873071;70.8741409184;19.5074336927;25.1099033322
2025-05-30 10:00:00;61.1687839948;49.855054728;27.3126960123;26.0095556618
2025-05-30 11:00:00;66.6463126601;52.8179249185;31.4952378881;28.3485396889
2025-05-30 12:00:00;68.7130208422;40.0562587378;37.043522713;20.6909253871
2025-05-30 13:00:00;64.8603619054;47.3767526635;43.6277920096;33.4920208568
2025-05-30 14:00:00;63.0215890808;43.388357215;32.9572030946;27.3034767555
2025-05-30 15:00:00;57.4323968937;47.5517746199;39.9675006777;23.3239046491
2025-05-30 16:00:00;63.2072670491;34.127584399;31.4913939788;34.3720294694
2025-05-30 17:00:00;63.9194063062;46.697341604;24.0294882681;41.2730169059
2025-05-30 18:00:00;119.2770081823;92.5940307871;18.0180741423;35.5097494176
2025-05-30 19:00:00;113.770298351;74.9382294538;14.5291246353;47.5700714905
2025-05-30 20:00:00;119.0643946047;86.5031513935;10.8866897705;33.6206794765
2025-05-30 21:00:00;119.5594841767;82.8682992554;0;23.2138781294
2025-05-30 22:00:00;67.1140788065;52.14055043;0;53.050462035
2025-05-30 23:00:00;74.3118341334;54.0127238184;0;58.5039647892
2025-05-31 00:00:00;39.7145351278;25.1917497158;0;60.1670068382
2025-05-31 01:00:00;40.6591959659;26.6312503141;0;39.7749374035
2025-05-31 02:00:00;39.7094539091;19.5359066092;0;30.8863617634
2025-05-31 03:00:00;42.2874616956;33.4537340233;0;31.8519292466
2025-05-31 04:00:00;37.0895321246;25.3785009802;0;25.1430158278
2025-05-31 05:00:00;39.2684391711;25.1209818303;0;42.2542922465
2025-05-31 06:00:00;102.8629221534;59.4537407693;6.672034012;60.8494717213
2025-05-31 07:00:00;101.7951805461;49.4423500424;11.7025440477;25.1292841646
2025-05-31 08:00:00;112.7879557158;61.2608335771;13.4271192991;28.020954213
2025-05-31 09:00:00;93.4522181251;53.0215298637;20.7430971856;35.0111695224
2025-05-31 10:00:00;82.6742088879;43.0507127185;23.9892981493;23.4200646849
2025-05-31 11:00:00;74.1138127671;44.8288364369;33.0941510388;39.3093113923
2025-05-31 12:00:00;73.3734484024;43.0769955114;39.0260019226;39.0264066463
2025-05-31 13:00:00;65.4194212544;36.8737441507;37.4849902624;29.3976719792
2025-05-31 14:00:00;55.4075020861;32.987794689;30.7091756026;26.0055364406
2025-05-31 15:00:00;59.2585434792;37.5394423802;37.0204932895;35.6918679714
2025-05-31 16:00:00;59.0692087883;39.824649353;33.2822319145;27.7532576023
2025-05-31 17:00:00;62.6581434323;37.8343687517;27.5227420833;21.6058574793
2025-05-31 18:00:00;120;84.8587942886;22.8158787915;40.1293847332
2025-05-31 19:00:00;120;89.152122669;13.8890637955;50.9619466434
2025-05-31 20:00:00;120;76.1175030615;11.0085185911;40.5971621881
2025-05-31 21:00:00;120;68.9511012094;0;26.7403713716
2025-05-31 22:00:00;80.7735923138;63.3125087519;0;27.066071002
2025-05-31 23:00:00;82.570746958;45.283834354;0;40.1254693681
2025-06-01 00:00:00;32.4434334108;26.9020329824;0;38.4123109954
2025-06-01 01:00:00;27.0384892811;31.4264534327;0;40.1548278876
2025-06-01 02:00:00;28.9015699703;23.6547080772;0;55.1137436424
2025-06-01 03:00:00;26.6327640535;24.1069372537;0;51.9444733981
2025-06-01 04:00:00;28.1088118598;18.2462655632;0;59.0226506673
2025-06-01 05:00:00;24.555157371;27.2383752029;0;33.0265306752
2025-06-01 06:00:00;82.138006222;59.3025809239;7.598974718;40.1317963135
2025-06-01 07:00:00;75.8919482185;49.3247507368;9.2156898368;31.3365856018
2025-06-01 08:00:00;81.7539504253;50.1985805311;16.0329156761;29.2893725205
2025-06-01 09:00:00;77.0359383184;68.0931249264;20.506108476;36.4292032487
2025-06-01 10:00:00;61.9840905676;43.4537484428;27.2580807068;29.1080184281
2025-06-01 11:00:00;57.9960289153;36.6162572467;34.0158816506;38.508190045
2025-06-01 12:00:00;62.361028505;47.8222034266;36.0401976352;29.8947685832
2025-06-01 13:00:00;55.1199607272;38.5406941824;37.7626530277;38.8884771268
2025-06-01 14:00:00;57.4053586621;34.1590602542;40.029699191;28.2434167536
2025-06-01 15:00:00;38.876826799;33.4913235478;34.2400514419;30.8384734476
2025-06-01 16:00:00;46.4989740272;29.5175538183;30.2205011196;37.7267546159
2025-06-01 17:00:00;48.8889601026;45.1494066119;28.9282181023;43.1199037685
2025-06-01 18:00:00;106.3271700819;85.3930057541;19.404180587;36.3308454006
2025-06-01 19:00:00;96.8290996305;74.4791847563;16.4664673393;38.6868549547
2025-06-01 20:00:00;99.8362790686;78.0732395382;11.1421160012;53.1124083614
2025-06-01 21:00:00;104.8423023112;89.8859581394;0;17.8579849324
2025-06-01 22:00:00;61.4354140264;56.0358449843;0;25.460815267
2025-06-01 23:00:00;62.7526997684;57.8458736819;0;46.2409106594
2025-06-02 00:00:00;36.3215467554;34.303739835;0;44.5373106839
2025-06-02 01:00:00;35.8486809334;29.7840406446;0;51.099067124
2025-06-02 02:00:00;35.1964549092;21.2705888323;0;45.0953896874
2025-06-02 03:00:00;34.5758349643;25.3636571222;0;50.7155289425
2025-06-02 04:00:00;37.3164398881;31.4107806546;0;35.344818496
2025-06-02 05:00:00;24.2480539848;19.0202057356;0;50.7104294968
2025-06-02 06:00:00;104.732849983;75.1745341204;6.1501590224;55.4139977762
2025-06-02 07:00:00;87.8631800627;53.2875254361;10.4523120523;34.7538128351
2025-06-02 08:00:00;92.9271211156;57.2929162068;17.6156893592;40.0329306783
2025-06-02 09:00:00;96.7629257067;60.4829489858;20.2530956119;28.2534571829
2025-06-02 10:00:00;75.4267699786;55.9917692823;27.1721552921;28.4519234186
2025-06-02 11:00:00;58.9213109601;37.7852836849;35.2988672379;16.4885291103
2025-06-02 12:00:00;72.273452511;38.4133101882;40.9904288561;23.0907979086
2025-06-02 13:00:00;63.2741209846;50.360427077;40.2344857265;29.5669448753
2025-06-02 14:00:00;64.1836748294;41.1031453733;39.0980182511;39.2239924021
2025-06-02 15:00:00;56.570359844;33.73137608;42.9622174343;26.3211198387
2025-06-02 16:00:00;58.354584516;36.1548997746;38.776012008;37.2514258841
2025-06-02 17:00:00;56.9356767272;51.1658757907;30.4305355628;31.0539477297
2025-06-02 18:00:00;118.2329640591;86.7342104125;22.1282502441;29.6905427974
2025-06-02 19:00:00;115.3567805217;87.5668743782;15.039894385;42.4280723325
2025-06-02 20:00:00;115.9983652689;86.9424223195;10.3171498077;36.0367379339
2025-06-02 21:00:00;120;87.0544777586;0;35.6584718365
2025-06-02 22:00:00;72.9922811484;58.3716685165;0;22.9192609454
2025-06-02 23:00:00;74.6121512529;44.4800974887;0;37.4667081464
2025-06-03 00:00:00;35.2421381065;32.9873276348;0;39.4838178757
2025-06-03 01:00:00;37.448597058;28.984780975;0;39.0798656954
2025-06-03 02:00:00;38.2310363445;43.0389694028;0;49.5435890424
2025-06-03 03:00:00;26.4413485635;19.6112133028;0;52.2553724543
2025-06-03 04:00:00;30.434679926;19.2158543122;0;47.4720695647
2025-06-03 05:00:00;33.2378815441;34.4595173585;0;56.0330337288
2025-06-03 06:00:00;97.5588134096;69.9495140956;7.6417482825;51.3235849161
2025-06-03 07:00:00;94.6454546921;65.7776705133;11.7411434796;24.9347732149
2025-06-03 08:00:00;101.7649687937;60.3746846203;18.3834450894;23.8054558618
2025-06-03 09:00:00;106.5706299316;79.4895255328;23.7694865793;29.025877287
2025-06-03 10:00:00;73.1458755058;49.783671243;25.5225379289;30.7820715956
2025-06-03 11:00:00;72.6876813506;46.1801862529;37.9388999124;36.3282226507
2025-06-03 12:00:00;76.1306998537;57.7242898143;36.4872307992;34.937297089
2025-06-03 13:00:00;51.235510023;37.1257417219;40.9141496427;27.1557471407
2025-06-03 14:00:00;59.7598991534;34.6284553541;43.0556588237;30.6063627701
2025-06-03 15:00:00;64.037450136;43.6408334454;45.984137818;36.6760122558
2025-06-03 16:00:00;56.737595934;34.599910307;43.7002233511;39.7930293532
2025-06-03 17:00:00;54.1122663119;20.7263858911;30.4191396846;38.7799217066
2025-06-03 18:00:00;119.1638747546;85.8988493966;22.2626671035;30.9057406485
2025-06-03 19:00:00;119.7269155506;89.0548901228;17.2368031816;27.7211987236
2025-06-03 20:00:00;115.9110647314;82.9430538028;12.1676372351;30.2963464611
2025-06-03 21:00:00;120;102.2893148113;0;43.1331026195
2025-06-03 22:00:00;70.1540129912;54.5978035587;0;43.8356486431
2025-06-03 23:00:00;67.1166796243;51.5383067302;0;29.2894206579
2025-06-04 00:00:00;33.8105768037;18.753541798;0;45.8638030943
2025-06-04 01:00:00;38.3172456092;33.4629623226;0;52.5162334755
2025-06-04 02:00:00;34.31023686;19.5579861935;0;32.3039512754
2025-06-04 03:00:00;36.4170453798;12.6860225411;0;57.8886282066
2025-06-04 04:00:00;30.3100750651;32.1139720938;0;41.0773491623
2025-06-04 05:00:00;40.9264707484;23.750718653;0;59.6192316463
2025-06-04 06:00:00;100.0626935978;76.3551226439;7.3432916003;39.3092639612
2025-06-04 07:00:00;102.2496510321;71.2876113509;13.3493988312;20.2301272815
2025-06-04 08:00:00;99.1782168183;70.414279137;17.2966650718;24.0979866803
2025-06-04 09:00:00;101.2469721419;72.4740512947;24.1388475762;26.5676758951
2025-06-04 10:00:00;68.2850089606;48.2143347304;31.3959447732;24.5719167717
2025-06-04 11:00:00;70.002398604;48.773664657;37.1679204219;25.7454190294
2025-06-04 12:00:00;78.2729081591;59.6420318274;43.477099712;29.4872597134
2025-06-04 13:00:00;66.5719599954;46.2111870807;41.2286845876;30.3921071097
2025-06-04 14:00:00;54.3913260339;34.3377207133;41.4332239975;31.2260993731
2025-06-04 15:00:00;60.676933538;46.8679381125;37.1567915081;18.183520035
2025-06-04 16:00:00;57.6138741304;27.853879314;37.2194504074;34.8600703421
2025-06-04 17:00:00;56.4164796205;48.4126249432;31.6654379236;31.0428102386
2025-06-04 18:00:00;120;99.4093496706;24.064616603;44.5329362871
2025-06-04 19:00:00;120;102.5724540805;19.2592368747;31.2336971916
2025-06-04 20:00:00;120;101.5907801787;11.6677380803;22.3677496121
2025-06-04 21:00:00;118.5621939754;90.7659830085;0;47.1303461214
2025-06-04 22:00:00;74.5306207888;61.4982589002;0;44.3590914835
2025-06-04 23:00:00;70.593852698;43.1389094058;0;30.5308566499
2025-06-05 00:00:00;36.0379324843;38.8081826795;0;28.3171845496
2025-06-05 01:00:00;40.4675137831;25.515043409;0;63.4767407404
2025-06-05 02:00:00;24.8361996642;25.3155033797;0;62.0634746469
2025-06-05 03:00:00;37.7710534745;31.3694758445;0;17.3387098407
2025-06-05 04:00:00;27.257670984;16.5214616005;0;40.6003884978
2025-06-05 05:00:00;39.7108928285;17.491582391;0;64.9302313076
2025-06-05 06:00:00;94.5391664383;62.6519661675;8.1538014013;40.3958889501
2025-06-05 07:00:00;91.9262604835;59.3424048596;10.9405860723;24.1374611442
2025-06-05 08:00:00;100.5344932047;65.8179627882;16.9016171749;25.5670670431
2025-06-05 09:00:00;99.0445469669;71.7526444844;25.1665820914;19.8023820849
2025-06-05 10:00:00;67.6204951988;49.0181349198;32.6905945525;15.7864818554
2025-06-05 11:00:00;66.4783373548;50.0964050852;36.0558319726;34.7512650425
2025-06-05 12:00:00;71.2731695684;51.8390313883;41.6009298758;14.8362136313
2025-06-05 13:00:00;54.053972276;36.5845080762;39.130700909;34.081369523
2025-06-05 14:00:00;54.6957351736;32.2104802816;43.266936432;39.2113674094
2025-06-05 15:00:00;59.9926571086;43.8993584127;44.8209228431;20.4521183346
2025-06-05 16:00:00;55.1259411976;40.2419522726;38.6233097228;24.6805852432
2025-06-05 17:00:00;61.3917903569;48.0195275726;31.8373092425;41.8321005173
2025-06-05 18:00:00;120;94.7403703851;23.9349782881;36.3732715148
2025-06-05 19:00:00;119.3315006329;89.5822112194;17.451608475;34.8993073395
2025-06-05 20:00:00;120;89.81140542;11.3542802687;53.6713630218
2025-06-05 21:00:00;120;92.2446832753;0;53.7155889152
2025-06-05 22:00:00;66.7726312339;65.6730575798;0;44.0436197302
2025-06-05 23:00:00;77.4773946404;61.0820426199;0;31.9809039536
2025-06-06 00:00:00;38.9525830761;21.7044765527;0;41.5606001929
2025-06-06 01:00:00;37.9781519117;32.8325513769;0;49.6702238472
2025-06-06 02:00:00;39.9465892137;18.25329315;0;44.1661845552
2025-06-06 03:00:00;35.3963112323;32.1759623014;0;57.2321452236
2025-06-06 04:00:00;31.5105411552;21.8596839146;0;28.6247326066
2025-06-06 05:00:00;39.0593036959;31.9468816733;0;29.036225345
2025-06-06 06:00:00;102.3710536472;54.8400142645;8.3885085216;48.4475191783
2025-06-06 07:00:00;102.2471762512;60.4709449006;12.7188668179;24.393380915
2025-06-06 08:00:00;97.473523065;67.4935849496;18.6075963014;23.4512553824
2025-06-06 09:00:00;94.0503883833;58.7808521224;23.4405959559;15.5181222314
2025-06-06 10:00:00;72.8785779144;45.1846748316;26.0078430057;27.9468588069
2025-06-06 11:00:00;76.2574828499;59.4956891689;41.2270699359;27.444169051
2025-06-06 12:00:00;76.6270308253;64.2592534973;41.3016854222;32.354431344
2025-06-06 13:00:00;57.4559972372;45.8376633888;42.5612243674;33.0050560909
2025-06-06 14:00:00;60.8087178416;35.2564396918;48.2529686437;31.3704998708
2025-06-06 15:00:00;53.5000374389;48.0637995494;41.5999936122;41.9933984245
2025-06-06 16:00:00;63.8218152726;35.2270216812;41.1142286538;21.8000033655
2025-06-06 17:00:00;55.8646504038;37.8910627414;32.9715219901;36.7970593864
2025-06-06 18:00:00;120;95.1085035321;25.8085536162;18.8905607401
2025-06-06 19:00:00;114.8281294017;100.1827439114;15.9465440861;32.9730736567
2025-06-06 20:00:00;120;101.1648447218;13.4974657183;29.069507067
2025-06-06 21:00:00;120;90.1932467913;0;49.8714076245
2025-06-06 22:00:00;68.5013381406;52.715079386;0;41.0342718719
2025-06-06 23:00:00;75.1285514858;58.3128657081;0;41.5756156016
2025-06-07 00:00:00;27.3433723869;21.76644329;0;33.8900494438
2025-06-07 01:00:00;33.3729976685;27.3863448809;0;43.3432413422
2025-06-07 02:00:00;28.7664983608;16.5066878002;0;37.9108877377
2025-06-07 03:00:00;22.2552879347;27.3348323568;0;51.3452462418
2025-06-07 04:00:00;25.5791269178;27.817494218;0;35.2446109409
2025-06-07 05:00:00;28.0631338109;15.8044726832;0;62.4301157813
2025-06-07 06:00:00;88.1612079909;66.1316722316;8.3208292947;27.2269006477
2025-06-07 07:00:00;86.0595037214;62.159661749;12.2507843262;22.443943193
2025-06-07 08:00:00;89.3117337395;63.4925920074;18.5780927111;39.8996577577
2025-06-07 09:00:00;89.4457158562;57.6472016226;21.537830187;25.0540285939
2025-06-07 10:00:00;58.1593894174;43.2404557205;33.289648562;18.8711711239
2025-06-07 11:00:00;59.7175771691;42.5344671517;35.6817149616;29.6518523707
2025-06-07 12:00:00;58.7150083785;40.7928124634;39.293088147;24.7711249618
2025-06-07 13:00:00;46.8246756412;35.8944277839;41.1905638947;25.9439447242
2025-06-07 14:00:00;41.559747173;38.9680762959;51.0778517717;23.8120978731
2025-06-07 15:00:00;49.7801086339;40.9493480973;41.8430163816;55.4965582586
2025-06-07 16:00:00;44.0614281933;25.7614234583;43.6547546066;30.7350008247
2025-06-07 17:00:00;49.6926998981;43.661925088;30.8540302724;17.0090894133
2025-06-07 18:00:00;112.9639153731;93.1184369454;21.6761647263;45.0450878544
2025-06-07 19:00:00;101.1508937966;77.299898933;16.7267868796;48.6102659279
2025-06-07 20:00:00;104.3194297554;84.7601755278;13.8717591386;34.0881608436
2025-06-07 21:00:00;107.5228644662;88.0594159964;0;32.3312956439
2025-06-07 22:00:00;61.8270788519;48.1768039489;0;49.2681114871
2025-06-07 23:00:00;61.8819468838;42.7827698471;0;39.5652771133
2025-06-08 00:00:00;28.3691890484;30.0315008967;0;24.5560089407
2025-06-08 01:00:00;28.9565491122;19.9138805683;0;68.5197668457
2025-06-08 02:00:00;25.6799526502;30.319746857;0;42.2208416435
2025-06-08 03:00:00;33.80720254;32.829447523;0;65.0664732015
2025-06-08 04:00:00;22.1632875452;30.1122940286;0;62.4956170544
2025-06-08 05:00:00;34.3698975227;38.9333294519;0;35.5074488083
2025-06-08 06:00:00;75.5695556306;50.2489767643;8.2537759866;59.5919640632
2025-06-08 07:00:00;86.2179310953;59.8843845937;12.3773354988;23.7877513795
2025-06-08 08:00:00;80.294019494;57.5830402352;19.0761961628;15.1547037239
2025-06-08 09:00:00;76.3427892653;51.905127821;26.7779532453;25.3992267342
2025-06-08 10:00:00;63.0839926743;47.1496113235;36.0115862535;31.2402905153
2025-06-08 11:00:00;64.6566026793;34.344927953;44.4944448987;25.1282955226
2025-06-08 12:00:00;58.505794855;42.391527724;43.8825729563;26.2342866236
2025-06-08 13:00:00;53.0153714452;28.8134376754;42.9947412062;42.6291572177
2025-06-08 14:00:00;39.4897437502;24.1269939999;46.5061441895;34.0340487456
2025-06-08 15:00:00;43.8299406723;37.2615638642;46.1238277867;26.1623028463
2025-06-08 16:00:00;55.5884641633;37.9698272323;36.7995606077;38.9697708086
2025-06-08 17:00:00;48.7661122423;40.2569626705;30.5253823479;34.7897490048
2025-06-08 18:00:00;94.9152879834;74.8557761276;26.4525533431;12.2527329868
2025-06-08 19:00:00;100.1503501404;84.1293776963;18.7617700066;47.1877336893
2025-06-08 20:00:00;99.139945826;75.8766008562;12.9791132869;46.7985383062
2025-06-08 21:00:00;102.5484201608;69.2090873766;0;42.8376890811
2025-06-08 22:00:00;58.8087693443;52.3881950613;0;52.1250832537
2025-06-08 23:00:00;61.2823415517;32.0020277918;0;35.4583766071
2025-06-09 00:00:00;33.6647551591;17.0023567215;0;51.8949240469
2025-06-09 01:00:00;40.096179039;25.0034374671;0;29.1162146397
2025-06-09 02:00:00;35.8878210901;20.7332727465;0;52.739682198
2025-06-09 03:00:00;36.0368746417;22.4737140123;0;71.2403080343
2025-06-09 04:00:00;39.2205594489;23.2001182494;0;35.962575564
2025-06-09 05:00:00;32.2278930144;17.3517022594;0;38.7754711048
2025-06-09 06:00:00;91.1778245484;70.0774724015;8.047066813;39.3712687699
2025-06-09 07:00:00;102.2876395044;63.2457096883;13.0241103524;29.6542310175
2025-06-09 08:00:00;97.46756091;51.4996144775;17.8783687238;21.0879995809
2025-06-09 09:00:00;97.4833534791;61.324400488;28.2671586638;31.7454594373
2025-06-09 10:00:00;68.8547201358;40.0715539998;36.6889282308;34.801301015
2025-06-09 11:00:00;68.9288557837;41.8245634806;34.8340535082;32.5575393571
2025-06-09 12:00:00;75.5149553071;55.6220307462;42.8684231995;16.0232331553
2025-06-09 13:00:00;63.5598717438;40.2726965994;43.3969181137;41.84404507
2025-06-09 14:00:00;62.6561259781;35.3536903573;46.735475823;41.3598578582
2025-06-09 15:00:00;62.6972478767;45.0783315153;46.0031057773;40.461803028
2025-06-09 16:00:00;61.6895535699;49.6541867557;36.130602335;36.6308841669
2025-06-09 17:00:00;59.7207729376;45.2837019952;31.3839474883;35.3521250346
2025-06-09 18:00:00;119.2107914206;75.4385771038;24.2685321749;42.1558479916
2025-06-09 19:00:00;120;86.2671155505;19.6259317951;63.798055517
2025-06-09 20:00:00;118.3182560828;91.470810494;13.3422880316;32.8166879476
2025-06-09 21:00:00;120;91.2687038741;0;54.6929666998
2025-06-09 22:00:00;68.0866462919;56.0552353059;0;42.1526412298
2025-06-09 23:00:00;68.7378591168;42.8455188664;0;41.684607288
2025-06-10 00:00:00;32.8601549041;18.2088330666;0;29.7956647836
2025-06-10 01:00:00;30.3051277641;36.5031255482;0;44.9354773459
2025-06-10 02:00:00;37.5131836741;28.7401724811;0;36.3180845798
2025-06-10 03:00:00;27.8566963275;28.2865495927;0;42.7696856758
2025-06-10 04:00:00;34.3693837646;27.1163525363;0;35.0974397919
2025-06-10 05:00:00;34.5191368952;26.9606331548;0;42.9504580773
2025-06-10 06:00:00;88.562336456;58.7127840152;8.2703039413;43.4681003142
2025-06-10 07:00:00;94.7263273661;56.3352844804;13.7865129428;29.7301539192
2025-06-10 08:00:00;97.8615824797;56.1989968511;18.9144210674;17.3097622732
2025-06-10 09:00:00;98.6402105283;67.4517587745;26.447779452;18.5378769693
2025-06-10 10:00:00;70.6763184801;48.9906198851;39.3614234825;31.6544155638
2025-06-10 11:00:00;74.641697839;55.7903310407;46.3634696068;23.2409943018
2025-06-10 12:00:00;71.1037777613;51.9581781232;42.5154168997;36.8258669935
2025-06-10 13:00:00;59.0995222034;35.3396898375;53.861323168;35.7732502841
2025-06-10 14:00:00;60.1705265095;47.370925475;53.7872336189;39.0031563051
2025-06-10 15:00:00;63.2095824283;47.1133023085;43.0898012854;45.809631887
2025-06-10 16:00:00;55.9973530882;43.5307069928;44.6159083989;31.2438370649
2025-06-10 17:00:00;56.8473856727;53.8786964171;38.9850672609;29.0021116996
2025-06-10 18:00:00;116.9899657872;100.9887648556;24.6074532903;41.2462747636
2025-06-10 19:00:00;118.5051102774;93.7496124346;18.3276470642;49.0883156397
2025-06-10 20:00:00;120;99.1735836856;14.7009582803;41.502820765
2025-06-10 21:00:00;120;99.5130092437;0;58.6887225613
2025-06-10 22:00:00;66.5057970656;53.5349458748;0;41.2316193861
2025-06-10 23:00:00;68.8936895737;45.2620456022;0;43.8987625643
2025-06-11 00:00:00;35.5446386115;30.8635836461;0;49.1544017029
2025-06-11 01:00:00;29.7879010881;19.6128988468;0;37.470743641
2025-06-11 02:00:00;30.6031559186;27.8675929444;0;49.8433654677
2025-06-11 03:00:00;39.9195046;28.9426279699;0;65.968622155
2025-06-11 04:00:00;31.1069957741;19.1563076114;0;54.3341608019
2025-06-11 05:00:00;38.1631867744;28.2803108787;0;49.2746928375
2025-06-11 06:00:00;102.2114506256;74.2078753247;9.1837225961;46.9175793715
2025-06-11 07:00:00;93.2619168624;62.5530986645;14.5358516757;31.7636494351
2025-06-11 08:00:00;92.5576647682;61.5639597116;20.8078030198;34.8359626598
2025-06-11 09:00:00;95.3199018835;64.1056011132;28.5518770474;33.8052970518
2025-06-11 10:00:00;66.5855474615;49.1683890416;31.7776836988;26.9030099159
2025-06-11 11:00:00;72.0290246578;46.1515090074;46.4745777346;31.7190173556
2025-06-11 12:00:00;70.5589386012;48.9013171912;53.137905896;32.8569855632
2025-06-11 13:00:00;60.5679202419;35.5954691087;50.7759992283;25.6083004605
2025-06-11 14:00:00;65.2315557235;38.9645744442;51.5453138138;35.6659721039
2025-06-11 15:00:00;62.6239925839;40.2060463292;42.6394630443;15.7330271564
2025-06-11 16:00:00;61.1468891598;44.5889880575;44.6458854376;38.3553454325
2025-06-11 17:00:00;50.0980923121;36.9900755725;37.1771307545;39.8767927389
2025-06-11 18:00:00;120;91.0702325185;27.5487681193;40.6229564347
2025-06-11 19:00:00;120;100.3735192005;22.0778701201;39.6594263689
2025-06-11 20:00:00;106.4526486766;84.3652046132;13.5495820656;47.4054221139
2025-06-11 21:00:00;120;91.5546127437;0;59.6709275667
2025-06-11 22:00:00;70.7672586181;52.2020763602;0;59.5588874363
2025-06-11 23:00:00;67.6602946909;43.0918302254;0;43.684543599
2025-06-12 00:00:00;37.415454442;18.838839624;0;51.1338467438
2025-06-12 01:00:00;41.5040523671;29.8072767734;0;63.1361118517
2025-06-12 02:00:00;37.2989140942;23.6242386735;0;30.8730946471
2025-06-12 03:00:00;32.1400120337;22.3727610953;0;45.4217838281
2025-06-12 04:00:00;29.5647616045;22.2797735099;0;65.9113734389
2025-06-12 05:00:00;34.4612001664;31.8069921402;0;61.459651516
2025-06-12 06:00:00;100.3402639874;70.4112635196;9.6166746426;53.9743929729
2025-06-12 07:00:00;94.6692635536;63.4941187373;13.0884142041;18.4865719369
2025-06-12 08:00:00;95.1042787093;70.4304894536;20.6958768136;29.2777513389
2025-06-12 09:00:00;109.110003296;58.3278260208;27.9459953189;25.2752759971
2025-06-12 10:00:00;76.2246853856;62.3338232934;37.0468955745;32.1013160502
2025-06-12 11:00:00;76.5463306815;55.597598158;42.5982222005;23.6488687302
2025-06-12 12:00:00;64.7994650515;45.1990233451;49.2173858159;22.0451017553
2025-06-12 13:00:00;55.6682773005;34.033252527;56.4475761496;16.7335755155
2025-06-12 14:00:00;59.1866937348;37.1695819066;51.0984548208;45.1542014184
2025-06-12 15:00:00;54.3455073468;42.21607817;43.3475853803;31.1320505622
2025-06-12 16:00:00;66.0524142023;48.0890832649;50.0398408087;35.9478397542
2025-06-12 17:00:00;65.197031737;48.5654423408;40.4127572257;34.5696088234
2025-06-12 18:00:00;117.5990459818;85.9667867403;25.4113561928;25.3586043241
2025-06-12 19:00:00;120;91.5844760402;21.8790292915;30.4733894771
2025-06-12 20:00:00;119.9808655648;93.4007130103;13.6774777369;33.2945493338
2025-06-12 21:00:00;120;105.4727790942;0;36.4314225577
2025-06-12 22:00:00;72.0218392161;60.1498759691;0;48.5474075669
2025-06-12 23:00:00;73.9636190052;60.9381496668;0;35.6248289286
2025-06-13 00:00:00;40.0520019152;27.9207055661;0;71.735336077
2025-06-13 01:00:00;39.5017865041;27.9813064165;0;62.7555828747
2025-06-13 02:00:00;36.0507307275;30.4472651114;0;60.0243366582
2025-06-13 03:00:00;33.1173049924;32.96765873;0;48.4395765294
2025-06-13 04:00:00;36.0660335799;17.8072902252;0;68.8365834314
2025-06-13 05:00:00;30.0796076565;17.4990206655;0;47.2118819095
2025-06-13 06:00:00;96.9410988813;61.3661782982;9.6132153042;49.5430715039
2025-06-13 07:00:00;91.2646132502;79.9123339579;14.9250952605;31.2330997353
2025-06-13 08:00:00;88.2425297661;57.0524648061;20.8186282106;35.216643786
2025-06-13 09:00:00;96.4834175851;62.0770921217;27.1812023061;34.730430873
2025-06-13 10:00:00;76.9351233679;55.6798225223;35.1790603368;26.4013035772
2025-06-13 11:00:00;75.420993747;56.5893854039;41.6232323329;25.967869087
2025-06-13 12:00:00;70.8862675291;48.2491912104;47.5088258975;34.7528625035
2025-06-13 13:00:00;66.6155143583;50.9886812843;53.8870452148;41.2032963941
2025-06-13 14:00:00;56.1932844577;31.881863211;51.0759254096;31.5160904335
2025-06-13 15:00:00;50.1238137384;31.5995824933;53.6728037349;21.0839484593
2025-06-13 16:00:00;48.9346048926;41.9340764534;50.259326827;33.141726029
2025-06-13 17:00:00;53.4387014839;38.0264869514;35.5081911958;40.4018972294
2025-06-13 18:00:00;120;84.4524050953;29.5549168022;50.7296520034
2025-06-13 19:00:00;117.1433879244;81.876720277;22.0646183862;31.4809326498
2025-06-13 20:00:00;120;88.0948357389;15.1324822561;40.1474596764
2025-06-13 21:00:00;120;97.7064003189;0;40.5650385603
2025-06-13 22:00:00;66.3044365282;58.1934387393;0;60.1724545564
2025-06-13 23:00:00;73.4081216529;49.1714352344;0;44.5474185965
2025-06-14 00:00:00;32.425333827;28.1819858619;0;39.0112697831
2025-06-14 01:00:00;26.1266790519;20.9273727588;0;57.5038053501
2025-06-14 02:00:00;36.0939491636;34.6693623898;0;45.3522233612
2025-06-14 03:00:00;28.70531825;40.2103303766;0;35.0118365134
2025-06-14 04:00:00;28.2731115859;22.2926328562;0;39.1948458556
2025-06-14 05:00:00;39.5022594829;30.290942366;0;72.3297373377
2025-06-14 06:00:00;83.4741232738;57.7655895832;9.688002393;55.3028219807
2025-06-14 07:00:00;85.2854804067;58.4203296185;15.8005808826;31.0893999261
2025-06-14 08:00:00;87.218691125;62.3129939433;22.5375889145;28.382513058
2025-06-14 09:00:00;78.1945399356;55.7004023309;26.7240998882;32.484938286
2025-06-14 10:00:00;65.5279496366;42.0362072771;40.7335404213;32.3947760597
2025-06-14 11:00:00;57.6452311824;47.8120186243;49.200677141;32.4850895498
2025-06-14 12:00:00;57.4529494478;41.1269141061;48.8778067161;31.1430226982
2025-06-14 13:00:00;48.0707957078;31.1590017065;55.5820690011;42.990831848
2025-06-14 14:00:00;46.495503826;47.55894209;58.4431595817;35.5234680979
2025-06-14 15:00:00;52.9944995302;36.8861597894;51.1848366474;26.684391985
2025-06-14 16:00:00;50.4972435314;37.597356625;49.8831106972;29.9118484172
2025-06-14 17:00:00;47.0842857174;36.3350666633;45.2876866842;17.8449920245
2025-06-14 18:00:00;105.3748638156;78.9895933846;27.7958707237;53.2159812773
2025-06-14 19:00:00;101.1012701982;80.1321816583;19.3028532118;55.2053139221
2025-06-14 20:00:00;100.8632744998;74.0710511853;15.2769480483;35.9872064522
2025-06-14 21:00:00;102.5586686485;84.5748229883;0;42.2110387063
2025-06-14 22:00:00;61.9893263004;43.7216552008;0;38.1804770299
2025-06-14 23:00:00;61.6580691221;35.6045453787;0;62.9227843902
2025-06-15 00:00:00;28.3653786799;35.9812573826;0;32.8848316736
2025-06-15 01:00:00;33.8120004335;18.2224686376;0;52.4408569799
2025-06-15 02:00:00;28.9992263201;12.2643325998;0;49.5985714662
2025-06-15 03:00:00;27.0525698013;15.9202885902;0;61.5202399236
2025-06-15 04:00:00;23.3939025805;34.4609738199;0;49.6561632546
2025-06-15 05:00:00;34.4243031645;16.7466226756;0;28.5726410842
2025-06-15 06:00:00;81.0410979273;48.7416332626;10.4135097845;47.7811975711
2025-06-15 07:00:00;81.9342681977;47.5617760303;14.9669076613;23.1546966103
2025-06-15 08:00:00;85.6914557051;55.5640182421;24.765911744;31.1976510954
2025-06-15 09:00:00;78.8370145422;49.9399180433;27.0778442572;41.5566254418
2025-06-15 10:00:00;53.6167103202;36.3435735594;41.0970021569;17.2872281814
2025-06-15 11:00:00;60.1155200983;53.2568578018;44.6922779447;24.46956446
2025-06-15 12:00:00;61.1873339227;34.3381178967;60.5434104928;26.3624918253
2025-06-15 13:00:00;48.0267683175;32.8705099245;65.6860973183;32.2824229524
2025-06-15 14:00:00;55.8414082166;40.0232176981;53.1803843889;42.2905307809
2025-06-15 15:00:00;38.0218395605;22.9072119548;50.8827160136;34.1389340828
2025-06-15 16:00:00;54.2498439858;40.4186295219;50.1987076218;39.3969810777
2025-06-15 17:00:00;52.7697805419;35.7285621008;37.7325618414;30.1042333195
2025-06-15 18:00:00;104.2246467302;82.2926500097;30.2151692949;37.7386083001
2025-06-15 19:00:00;87.1576212579;67.2941073353;22.2315537327;54.8056711942
2025-06-15 20:00:00;107.9466777553;71.630044629;12.9067609599;37.4834872203
2025-06-15 21:00:00;97.5502247327;84.4823543733;0;54.8465132307
2025-06-15 22:00:00;57.5168930356;63.0485940307;0;46.4843902311
2025-06-15 23:00:00;59.0338399468;41.2109857209;0;57.876004035
2025-06-16 00:00:00;35.4053981821;21.380043931;0;48.9157141474
2025-06-16 01:00:00;36.449443216;35.8756639293;0;56.4189000954
2025-06-16 02:00:00;37.5897995206;39.0780029206;0;50.9865709485
2025-06-16 03:00:00;37.2433578215;26.5926757436;0;50.2705116278
2025-06-16 04:00:00;34.7101894451;24.7523821449;0;54.8438147731
2025-06-16 05:00:00;35.4436689919;25.7370395272;0;58.4221397124
2025-06-16 06:00:00;90.8669870152;50.7364299099;10.0506780891;35.4183650233
2025-06-16 07:00:00;92.3957581058;59.1371090117;14.7241466113;41.9825400122
2025-06-16 08:00:00;99.804949743;76.515693163;21.7801428473;16.5371441118
2025-06-16 09:00:00;99.5428214267;63.6103378711;34.5719275134;25.6145368405
2025-06-16 10:00:00;74.1511314263;43.8900433946;35.7950159013;30.1773208903
2025-06-16 11:00:00;68.5791586249;48.7318585597;51.1250967205;34.0917191618
2025-06-16 12:00:00;74.9912486461;44.574370838;53.1797619284;43.0838556874
2025-06-16 13:00:00;53.2277616741;37.4448281548;56.6058689801;19.305698186
2025-06-16 14:00:00;63.3014808547;34.6848588885;61.5628711562;31.4801957221
2025-06-16 15:00:00;57.2794431047;34.0849401025;55.8733982313;16.8850182636
2025-06-16 16:00:00;66.0321285388;48.674793032;50.1934991841;36.3416760966
2025-06-16 17:00:00;51.606872296;37.2734706857;42.8775896914;38.5056293025
2025-06-16 18:00:00;120;90.1884723293;30.1711293302;50.3963142624
2025-06-16 19:00:00;118.3734105188;90.0871609134;21.5640735078;47.7566375042
2025-06-16 20:00:00;118.2923433479;85.4035175729;14.2311636834;58.4583914001
2025-06-16 21:00:00;120;87.6319569122;0;53.124981607
2025-06-16 22:00:00;67.7571789447;64.8505262942;0;41.3141589892
2025-06-16 23:00:00;70.5685535465;55.2334046515;0;30.0291895678
2025-06-17 00:00:00;30.1904180174;23.6305558876;0;55.6169337219
2025-06-17 01:00:00;30.3549503217;26.0858638032;0;32.6272563525
2025-06-17 02:00:00;35.7007229875;25.6665976357;0;68.8895959009
2025-06-17 03:00:00;29.4526914822;26.926206812;0;49.9308123846
2025-06-17 04:00:00;30.0528621536;18.1741273375;0;67.5882298087
2025-06-17 05:00:00;27.3321755873;29.4275255891;0;45.791713518
2025-06-17 06:00:00;93.3416085031;62.9686827865;9.6005173693;55.5369037698
2025-06-17 07:00:00;101.5115056967;64.647961417;19.6770452037;32.8576772702
2025-06-17 08:00:00;91.8025951825;57.651889408;25.4713466483;30.8719159168
2025-06-17 09:00:00;92.3169468696;65.9282178408;28.2401715531;27.8462361744
2025-06-17 10:00:00;71.6421211814;47.5221831417;36.354170909;34.2869900238
2025-06-17 11:00:00;69.1008884701;42.5344111322;50.9301871333;23.9940045106
2025-06-17 12:00:00;80.7961673723;50.593673572;58.0021957515;21.7828164094
2025-06-17 13:00:00;57.6181845108;42.6589053472;61.7506776869;47.7456980949
2025-06-17 14:00:00;59.8580429098;30.1913913746;57.9467016181;43.0496638996
2025-06-17 15:00:00;62.5965198835;39.8407839596;55.0115932722;37.0275115278
2025-06-17 16:00:00;62.5101607482;47.6901806277;50.3260703494;51.591666741
2025-06-17 17:00:00;59.3993544689;40.3287623484;40.9347335597;33.9889422993
2025-06-17 18:00:00;119.2749263099;91.192391513;26.0409595235;48.4731207345
2025-06-17 19:00:00;120;102.8623052862;22.738873265;48.8910531119
2025-06-17 20:00:00;119.5510787611;97.0808470598;14.8364619856;34.8366634481
2025-06-17 21:00:00;118.0123945301;86.5566841829;0;68.4736608191
2025-06-17 22:00:00;67.8631519749;55.7849124639;0;58.4353442438
2025-06-17 23:00:00;62.9988580101;50.7333973891;0;45.4182737357
2025-06-18 00:00:00;37.1436862705;32.4809882782;0;62.1278630129
2025-06-18 01:00:00;22.8801075985;23.6357932721;0;47.2650995996
2025-06-18 02:00:00;33.4206626014;24.5809697178;0;63.4681278183
2025-06-18 03:00:00;32.5245425313;28.5996377132;0;21.1455953268
2025-06-18 04:00:00;43.5262587505;39.6144594733;0;39.1679007013
2025-06-18 05:00:00;25.2039848563;29.4789373217;0;65.4409900371
2025-06-18 06:00:00;91.3854762365;64.2677362104;10.6446883519;49.2897071378
2025-06-18 07:00:00;94.8280069639;55.9888105191;20.1418820528;33.1791166809
2025-06-18 08:00:00;94.5515590093;61.1946890913;24.3520520672;20.9222633848
2025-06-18 09:00:00;92.9674903693;58.4723662237;31.5236840461;46.1141083764
2025-06-18 10:00:00;70.2783851786;55.1870615875;44.580348919;40.9305900249
2025-06-18 11:00:00;64.974798491;42.5322671269;52.0148659348;29.959986047
2025-06-18 12:00:00;72.2501987264;55.1924809795;58.6563948901;28.3512338815
2025-06-18 13:00:00;47.7973416031;29.1556327261;63.3419503044;46.2718584823
2025-06-18 14:00:00;58.128063541;34.3223271976;70.3479338938;55.0381314619
2025-06-18 15:00:00;55.5424205183;40.5996827354;51.6150325356;45.5741002753
2025-06-18 16:00:00;62.8173213849;50.3901552474;51.9785840209;56.7799689767
2025-06-18 17:00:00;66.1429254603;44.3583606706;38.4416329957;28.3140608141
2025-06-18 18:00:00;118.5102652406;74.5875941703;33.7717029726;29.2613239314
2025-06-18 19:00:00;120;86.3736057889;21.9179445062;33.2504503001
2025-06-18 20:00:00;118.5774767372;91.3790080961;15.7160414616;52.5391135257
2025-06-18 21:00:00;115.6524306459;80.3015731188;0;49.3908893895
2025-06-18 22:00:00;78.4993971158;59.4982402487;0;45.5164275437
2025-06-18 23:00:00;72.9863247723;50.1629404114;0;56.8860424879
2025-06-19 00:00:00;33.4020466643;9.8369353102;0;69.4647424581
2025-06-19 01:00:00;36.4743719505;25.987863017;0;32.849470372
2025-06-19 02:00:00;34.6160409707;19.6084396008;0;45.1788256235
2025-06-19 03:00:00;33.0705859768;15.7006618703;0;63.9925468449
2025-06-19 04:00:00;27.4131165897;19.3732211992;0;46.8945360916
2025-06-19 05:00:00;32.1646579954;19.1166417063;0;42.5072290162
2025-06-19 06:00:00;98.0735115724;65.496167304;10.4635365927;66.6264365699
2025-06-19 07:00:00;94.7163907513;70.5003993158;17.8938109482;21.5908663766
2025-06-19 08:00:00;99.329328092;62.6374122384;25.9245171185;29.4602834269
2025-06-19 09:00:00;96.9953097743;59.362860279;29.7196042825;34.4804195378
2025-06-19 10:00:00;66.5625331938;43.1697778269;42.5709423303;27.2917167769
2025-06-19 11:00:00;64.5778728149;36.8058499941;48.2234549873;38.1008955115
2025-06-19 12:00:00;69.8068433755;39.0870379627;52.1002643025;27.3310904467
2025-06-19 13:00:00;55.7777608378;27.0568311115;60.5986718077;50.2636344082
2025-06-19 14:00:00;59.6502369976;32.0851070623;60.1474213042;36.0043948263
2025-06-19 15:00:00;54.9051693899;46.1220714072;69.1799327338;43.411265048
2025-06-19 16:00:00;55.3675233884;33.4837106929;52.8965039674;44.1059706926
2025-06-19 17:00:00;62.8756025835;26.0108137609;37.7134837798;31.3411022099
2025-06-19 18:00:00;120;88.9536891734;31.5177968675;18.089429402
2025-06-19 19:00:00;116.8377282056;78.0911162909;26.1233761438;52.1043150093
2025-06-19 20:00:00;120;90.9675325933;19.3712071367;48.657573775
2025-06-19 21:00:00;120;95.4918034511;0;54.4351043313
2025-06-19 22:00:00;71.8361867224;60.6191301779;0;45.0871849559
2025-06-19 23:00:00;73.1824252676;50.9024870347;0;42.650891289
2025-06-20 00:00:00;29.931673644;19.9293863867;0;80.5725297591
2025-06-20 01:00:00;37.9356162555;20.1987150726;0;33.8952720978
2025-06-20 02:00:00;43.7481892305;29.6172853127;0;63.4814145123
2025-06-20 03:00:00;29.7551246671;30.3575095876;0;45.933965787
2025-06-20 04:00:00;27.9982061737;34.9338459837;0;49.1365419844
2025-06-20 05:00:00;34.1066691556;24.6621677621;0;49.3869808652
2025-06-20 06:00:00;99.0343835466;64.0805117638;9.5485932956;42.8653647275
2025-06-20 07:00:00;94.6833572981;65.5264006634;14.3908427304;36.7795709201
2025-06-20 08:00:00;90.3551820401;67.7096833531;28.3338105549;43.3725298353
2025-06-20 09:00:00;94.6059820943;58.2610368212;34.7356949636;35.9652418929
2025-06-20 10:00:00;73.0748733442;53.2021141506;40.2488205913;33.015363544
2025-06-20 11:00:00;68.5518148955;41.2373098625;54.4049715633;24.2467707309
2025-06-20 12:00:00;73.1161056966;50.3994127689;46.6542154429;36.3418829525
2025-06-20 13:00:00;63.2690802975;46.2571733646;62.9502414046;57.7888698347
2025-06-20 14:00:00;59.1089195799;31.8559467827;64.5837149416;33.9739585614
2025-06-20 15:00:00;57.9021167932;35.849644596;63.4917654864;34.0181805355
2025-06-20 16:00:00;61.7599294275;48.0249549577;47.9416145991;32.2806183
2025-06-20 17:00:00;54.1754280405;42.0275428858;43.5498463726;32.9534214238
2025-06-20 18:00:00;115.5095692763;95.7844912507;31.1918505853;11.7777132736
2025-06-20 19:00:00;118.6061882457;93.8964557108;25.1485284724;53.1636506748
2025-06-20 20:00:00;117.5923059812;88.0446079222;15.7250053645;38.0705141908
2025-06-20 21:00:00;116.1907246391;104.3483165383;0;28.8413430606
2025-06-20 22:00:00;78.6205662542;64.6459330935;0;57.3654710902
2025-06-20 23:00:00;80.1574275595;37.1832072059;0;35.2166494847
2025-06-21 00:00:00;28.4083273098;22.3305932359;0;49.5888088314
2025-06-21 01:00:00;30.4127352739;19.9491134176;0;74.0371112892
2025-06-21 02:00:00;29.1547073097;29.666131063;0;35.0893990207
2025-06-21 03:00:00;34.9837465805;24.7796624404;0;33.4183159773
2025-06-21 04:00:00;35.8754050283;33.0621315229;0;57.8231827695
2025-06-21 05:00:00;22.0023129059;26.1639385529;0;69.7442946927
2025-06-21 06:00:00;82.2596264347;50.1229100006;10.7921502366;32.8529451775
2025-06-21 07:00:00;74.2368817992;50.2857222785;15.902783396;35.8184638807
2025-06-21 08:00:00;88.0298025448;53.3403935133;26.4509338383;37.2268413514
2025-06-21 09:00:00;82.0986939703;56.5525353432;36.72407481;15.7719563453
2025-06-21 10:00:00;55.4456104532;33.9614718881;43.2961586198;38.9943387841
2025-06-21 11:00:00;58.0647371301;39.8370657894;53.3869490843;39.6290442378
2025-06-21 12:00:00;57.8502857136;38.2856575297;53.3215836638;29.9717500814
2025-06-21 13:00:00;51.0302443895;33.2729565803;62.6614081419;49.796186812
2025-06-21 14:00:00;53.3558428653;47.7717663492;63.9427076863;48.6974551348
2025-06-21 15:00:00;43.5003033326;27.8801595772;72.9558252813;38.9006384284
2025-06-21 16:00:00;56.9416314006;27.8854799677;48.4894557601;33.6429618435
2025-06-21 17:00:00;55.8928416317;45.280356099;49.2928275209;28.6998642845
2025-06-21 18:00:00;97.1455162388;80.8376970793;37.1045749967;37.5668728046
2025-06-21 19:00:00;101.4120803676;65.2216933291;25.7057460078;55.703244074
2025-06-21 20:00:00;108.7831107415;79.1553198903;19.7103715619;44.8065810648
2025-06-21 21:00:00;106.632605933;87.9455370842;0;21.9716276528
2025-06-21 22:00:00;57.6353397406;52.4309248829;0;64.2231813937
2025-06-21 23:00:00;62.8152125413;44.7972057364;0;51.076879755
2025-06-22 00:00:00;43.4873923127;167.5800392334;0;49.5208054303
2025-06-22 01:00:00;30.4732199183;180.6960926467;0;66.4379690108
2025-06-22 02:00:00;27.1530828685;166.846150808;0;75.5680046884
2025-06-22 03:00:00;30.7758893344;198.5032721628;0;16.3878868369
2025-06-22 04:00:00;31.1094844297;195.0069866413;0;60.6534618392
2025-06-22 05:00:00;27.6395846745;178.3810113731;0;35.1992227376
2025-06-22 06:00:00;81.9523661027;189.0636877247;11.7158164089;61.5404605992
2025-06-22 07:00:00;74.3202485287;195.4843471486;18.1698520664;33.8779686745
2025-06-22 08:00:00;76.9701508959;162.1800131828;25.5298177289;38.0454863535
2025-06-22 09:00:00;83.3771547902;178.9740928464;38.4743531053;28.7307342981
2025-06-22 10:00:00;51.1393711412;174.0858159626;48.9445144813;17.4543545314
2025-06-22 11:00:00;63.1005441371;188.5795677421;51.5604790254;29.131888555
2025-06-22 12:00:00;49.9823738274;168.9541260667;55.0130789239;36.1670734045
2025-06-22 13:00:00;40.780947706;185.4489819854;64.4077559508;48.0216450492
2025-06-22 14:00:00;46.3265039672;170.1496544506;61.2805622694;27.0792999885
2025-06-22 15:00:00;49.8627956036;155.5537432322;61.1916582022;48.133365376
2025-06-22 16:00:00;54.535594525;155.3560715804;59.6504666375;32.096130575
2025-06-22 17:00:00;48.8312107451;155.9528162277;43.351256374;41.7698170014
2025-06-22 18:00:00;99.7843253878;151.6259937966;34.9239921502;33.4172528879
2025-06-22 19:00:00;103.5019322378;176.6486585798;25.7577841415;51.4847180816
2025-06-22 20:00:00;96.9747719298;183.5951340992;18.8172875179;60.2215842741
2025-06-22 21:00:00;101.5211848389;156.3364200913;0;34.1369138621
2025-06-22 22:00:00;53.6387818123;180.5929000111;0;40.87210306
2025-06-22 23:00:00;59.4079472991;179.8870039129;0;51.5190885718
2025-06-23 00:00:00;32.530614821;18.51577101;0;88.4255496759
2025-06-23 01:00:00;29.4956726408;22.6292488295;0;43.3289930457
2025-06-23 02:00:00;33.8575611517;19.6063290506;0;83.4328171381
2025-06-23 03:00:00;33.8283517265;21.8363432008;0;82.9395442172
2025-06-23 04:00:00;38.4044213428;35.763069394;0;53.9081303918
2025-06-23 05:00:00;25.8895279735;20.6810280174;0;51.1338935832
2025-06-23 06:00:00;94.2141220149;59.9484583722;9.5135329877;45.6927486367
2025-06-23 07:00:00;91.1351613008;65.0892924735;17.0919802516;32.5861259537
2025-06-23 08:00:00;98.4702713613;56.3173999358;26.5790749316;21.4927060348
2025-06-23 09:00:00;97.9489463929;57.9298658635;39.1552990926;32.5195207994
2025-06-23 10:00:00;72.2652158774;43.0793750743;44.0671844664;45.5572888324
2025-06-23 11:00:00;66.8125069133;45.7774347109;47.025863514;28.0867999567
2025-06-23 12:00:00;73.9643741979;45.8905562653;65.8085626039;31.1562923243
2025-06-23 13:00:00;50.8058746328;33.9734810516;63.3513690575;22.2280219346
2025-06-23 14:00:00;49.882565646;30.211070831;60.3916550278;42.2934707188
2025-06-23 15:00:00;51.9500443126;29.049335092;59.5683649829;41.2339211559
2025-06-23 16:00:00;57.5408271657;42.7014260863;54.5158095687;39.2925553638
2025-06-23 17:00:00;60.7297036166;39.6963561026;43.6530773381;36.5800738882
2025-06-23 18:00:00;105.7407814913;84.9865494291;29.4218479547;35.8458867868
2025-06-23 19:00:00;120;86.0020476369;28.013034319;55.9665734991
2025-06-23 20:00:00;119.7229325072;86.2906484604;19.7960110321;49.3688256088
2025-06-23 21:00:00;112.0779520602;85.1001186431;0;53.6427237077
2025-06-23 22:00:00;70.4340179409;57.9968350907;0;52.3996831126
2025-06-23 23:00:00;74.8961209407;55.2222849113;0;63.6932528367
2025-06-24 00:00:00;35.743206389;165.3641472783;0;65.2348409309
2025-06-24 01:00:00;37.9915506016;165.7546427983;0;58.4821510758
2025-06-24 02:00:00;26.8976119878;177.9470294941;0;76.9711006395
2025-06-24 03:00:00;31.182698262;180.2518060328;0;61.6540257185
2025-06-24 04:00:00;28.8846067827;171.980853496;0;73.993763931
2025-06-24 05:00:00;40.7748327428;194.1885741756;0;64.2577608564
2025-06-24 06:00:00;97.2490576492;171.3348059357;12.4360345086;30.1009714083
2025-06-24 07:00:00;107.1834680038;163.6711823499;16.6408895602;44.3951877738
2025-06-24 08:00:00;92.2676819532;150.3990939172;26.207320142;34.6065304393
2025-06-24 09:00:00;91.110890901;198.5284639079;36.3890380687;33.0404653689
2025-06-24 10:00:00;69.1987237665;191.2156641571;48.9882742776;35.8298179476
2025-06-24 11:00:00;76.0440511366;180.7779792343;59.4048739041;30.5881645859
2025-06-24 12:00:00;68.193905038;191.5271126952;60.1451026069;35.3752281372
2025-06-24 13:00:00;58.136172224;190.5144615125;68.4653407216;33.2756237531
2025-06-24 14:00:00;58.0113111965;196.5925390113;70.5074655089;51.4959850842
2025-06-24 15:00:00;57.7539384589;169.303384168;71.3400275658;37.9454451182
2025-06-24 16:00:00;54.6404099614;177.7426121043;59.5680257991;35.319073294
2025-06-24 17:00:00;56.9583932279;154.931401186;49.699837598;30.0238528765
2025-06-24 18:00:00;118.0919443608;198.2657712859;36.6521893356;41.6787006021
2025-06-24 19:00:00;118.8683650984;199.2563534641;29.6422820009;52.5616953871
2025-06-24 20:00:00;120;189.4542123966;18.9072340991;55.0888793283
2025-06-24 21:00:00;120;172.7060491574;0;37.3175744052
2025-06-24 22:00:00;66.0594872081;174.8283375457;0;30.1129109196
2025-06-24 23:00:00;68.0774723286;171.7683466494;0;58.0660860145
2025-06-25 00:00:00;29.2631092969;17.5904580358;0;77.2412034518
2025-06-25 01:00:00;33.8176197572;13.8509771046;0;41.8783998356
2025-06-25 02:00:00;30.5530902809;29.026498103;0;78.7171126645
2025-06-25 03:00:00;34.0547485916;27.9460860986;0;60.3310943523
2025-06-25 04:00:00;37.9419839367;26.0871535567;0;56.2332553933
2025-06-25 05:00:00;21.6094202536;30.6122654836;0;50.7339733501
2025-06-25 06:00:00;96.3981104092;57.2577913004;11.2123644259;36.8343058442
2025-06-25 07:00:00;92.1142591859;55.3953271101;20.7447751665;42.1458497488
2025-06-25 08:00:00;96.2570011119;51.4801673296;28.6519394398;27.2458313214
2025-06-25 09:00:00;90.1509884361;63.8641827818;35.7769887417;27.2103390498
2025-06-25 10:00:00;75.0845001268;44.3194962372;45.7996876738;42.1813207238
2025-06-25 11:00:00;73.8110884606;49.320314398;58.8116968248;17.8885962392
2025-06-25 12:00:00;72.2589103479;53.59693563;67.5100558426;20.9253719917
2025-06-25 13:00:00;61.0289537964;48.1537998335;70.3900504555;39.2541350069
2025-06-25 14:00:00;54.1041459639;35.6598944459;71.022123856;42.3241708549
2025-06-25 15:00:00;54.6711311701;38.1341094655;73.9509565327;44.2115305003
2025-06-25 16:00:00;60.8454009699;35.1244941382;62.3733653194;36.4577085469
2025-06-25 17:00:00;54.0046569238;45.9207720152;48.3529642207;64.3778641206
2025-06-25 18:00:00;120;92.2868964139;39.8848281577;37.1862899992
2025-06-25 19:00:00;117.2127163117;88.8099571193;24.8952749432;47.7742683861
2025-06-25 20:00:00;120;89.3897615961;19.2445858335;40.5977545195
2025-06-25 21:00:00;120;104.4242303886;0;52.2699530995
2025-06-25 22:00:00;66.5233205862;56.8669238938;0;58.4940004437
2025-06-25 23:00:00;70.0107535583;52.396828025;0;65.9546379105
2025-06-26 00:00:00;37.6485463471;4.1013768727;0;35.6985994353
2025-06-26 01:00:00;37.1854703562;5.2935722749;0;53.3762969644
2025-06-26 02:00:00;31.4295532102;2.3219537852;0;63.2254335931
2025-06-26 03:00:00;30.5794351374;1.1492934154;0;65.2210551736
2025-06-26 04:00:00;31.8556104098;5.7046145848;0;56.9670925415
2025-06-26 05:00:00;39.4200820539;9.3259799678;0;64.5864330466
2025-06-26 06:00:00;92.7399492631;1.3774927662;14.0392562877;45.3717313181
2025-06-26 07:00:00;94.3474462329;7.0481472423;18.6636605299;47.4150307622
2025-06-26 08:00:00;92.0753864976;4.3789668738;25.7634433469;42.5925949928
2025-06-26 09:00:00;97.1708941583;2.9397658973;35.8054057811;22.6506787827
2025-06-26 10:00:00;70.2593068817;8.5310921839;44.2771893705;24.9525798232
2025-06-26 11:00:00;65.0439920641;4.5649169454;54.8354949525;25.1929972121
2025-06-26 12:00:00;65.1997356994;5.8331201407;64.3339278425;39.9082159234
2025-06-26 13:00:00;48.3474784609;4.4305628694;62.6391671768;27.024959503
2025-06-26 14:00:00;53.6002571694;0.8124958167;70.663179497;36.5171188212
2025-06-26 15:00:00;60.9139596268;5.949046869;71.084686781;44.337434907
2025-06-26 16:00:00;63.2981259315;4.1884097504;54.2597958732;39.1532403255
2025-06-26 17:00:00;60.4262161449;0.8675660607;54.4009225257;42.388479953
2025-06-26 18:00:00;120;5.9581173442;39.3197320509;29.2039088821
2025-06-26 19:00:00;117.863039798;0.0987093204;29.9161856256;58.7987230393
2025-06-26 20:00:00;120;2.0852038825;17.9953575744;43.3395271633
2025-06-26 21:00:00;119.7206590248;7.8106953691;0;47.0325395034
2025-06-26 22:00:00;77.6794645865;0.3792742486;0;54.2287511061
2025-06-26 23:00:00;69.1164402987;6.4668209806;0;52.5056379051
2025-06-27 00:00:00;38.8764570178;28.6803767235;0;57.7599267436
2025-06-27 01:00:00;36.7664340091;33.9772487683;0;46.6412745189
2025-06-27 02:00:00;36.1424154289;19.670992948;0;53.1160080114
2025-06-27 03:00:00;23.7812096764;21.067720324;0;57.4470623435
2025-06-27 04:00:00;37.0142736679;25.1092294147;0;37.6778423163
2025-06-27 05:00:00;32.2591347359;27.215389377;0;50.7765535013
2025-06-27 06:00:00;91.8067858176;63.8863959349;13.3400964949;62.9804490057
2025-06-27 07:00:00;87.1313463572;50.1181815683;17.6500679994;23.4476903325
2025-06-27 08:00:00;93.7793129397;60.4295259733;30.1427859259;44.4103266472
2025-06-27 09:00:00;93.9554372282;65.1218639699;38.9898413838;45.3837953335
2025-06-27 10:00:00;63.5523326337;32.4916940955;51.570830724;23.7257491593
2025-06-27 11:00:00;62.7860805039;41.1541956633;53.9673451613;46.141737692
2025-06-27 12:00:00;71.6056289425;39.427482773;62.6678777421;33.2128555126
2025-06-27 13:00:00;61.1442074914;35.4739996631;75.2879126736;44.3961334879
2025-06-27 14:00:00;58.0778074962;23.7949662297;66.4033452117;35.2007774246
2025-06-27 15:00:00;62.4002903252;48.3920164263;70.0027157439;49.4655279258
2025-06-27 16:00:00;56.832801972;36.2837463785;53.0545309629;44.2713349933
2025-06-27 17:00:00;56.9769536668;34.4942714378;52.7360135184;32.0105943747
2025-06-27 18:00:00;114.0664426738;88.9617279785;34.6687735673;28.4833440596
2025-06-27 19:00:00;111.1719799042;78.8854951778;29.3820321721;32.8091765218
2025-06-27 20:00:00;120;87.5831392042;20.3074102562;54.1020800708
2025-06-27 21:00:00;120;102.5256801456;0;59.0696403263
2025-06-27 22:00:00;63.1495347298;64.1449742774;0;60.0836714053
2025-06-27 23:00:00;70.1167248671;45.391353724;0;50.1500041948
2025-06-28 00:00:00;29.5497916;30.9325156807;0;41.1935429795
2025-06-28 01:00:00;28.7670338708;26.251749016;0;48.0748941318
2025-06-28 02:00:00;28.1594196848;14.0377319718;0;74.654671299
2025-06-28 03:00:00;31.7157111614;19.2329173914;0;50.935780436
2025-06-28 04:00:00;33.6817898646;34.5453444599;0;60.0358211271
2025-06-28 05:00:00;31.8107602606;16.8022778762;0;42.3722009534
2025-06-28 06:00:00;78.4643013475;65.6215890429;12.0006019336;62.8346807457
2025-06-28 07:00:00;78.2991138062;49.9782433928;20.6006578808;30.7957104477
2025-06-28 08:00:00;83.2222984584;64.1787397122;29.236960469;43.874439234
2025-06-28 09:00:00;81.0921362538;51.2872193759;37.4590493703;41.4997205883
2025-06-28 10:00:00;58.6445781079;45.601427982;46.2095558775;30.4651651927
2025-06-28 11:00:00;58.155919685;48.3600346848;51.1116336724;33.6734927077
2025-06-28 12:00:00;59.8711928174;48.2275243163;70.6261391007;29.9834465589
2025-06-28 13:00:00;45.8653271716;29.2976321588;63.9799933972;26.1736862126
2025-06-28 14:00:00;51.669820948;29.8566625968;73.6932331321;31.8737401581
2025-06-28 15:00:00;43.1315327419;29.4855422461;67.2563381277;42.5808868195
2025-06-28 16:00:00;46.1213419762;23.9670911868;63.9255565898;43.8694261831
2025-06-28 17:00:00;50.7228736997;36.8731133744;49.0505802;42.0771091534
2025-06-28 18:00:00;94.5978198802;68.0904414795;38.1148138628;37.5100843917
2025-06-28 19:00:00;92.6172540984;76.6693536876;30.3171060006;64.3296567405
2025-06-28 20:00:00;99.9796420797;73.3762307241;20.2117491492;52.9906195809
2025-06-28 21:00:00;92.0617308453;62.0143107624;0;61.3327831361
2025-06-28 22:00:00;52.472859531;57.0649081197;0;29.0310861415
2025-06-28 23:00:00;61.7221490575;48.6561615267;0;1.011939545
2025-06-29 00:00:00;29.0784663408;23.4157853481;0;62.6503999071
2025-06-29 01:00:00;35.7846912737;34.1989462077;0;37.6628023143
2025-06-29 02:00:00;24.5783354658;28.9058853829;0;55.3928938478
2025-06-29 03:00:00;29.5772143547;19.1839688894;0;54.081830775
2025-06-29 04:00:00;31.7981304894;20.2974315799;0;81.7157338103
2025-06-29 05:00:00;24.7326828144;16.4612715244;0;64.3499495868
2025-06-29 06:00:00;83.4830558729;45.9804709675;13.2586945333;60.9256882669
2025-06-29 07:00:00;81.1381822769;57.6666299644;20.7808002684;42.4445973819
2025-06-29 08:00:00;71.5983354126;51.2035940862;25.5619053903;38.3335663245
2025-06-29 09:00:00;78.6702892197;56.7155149478;42.2437639317;31.0838843865
2025-06-29 10:00:00;59.9294007902;47.7734933855;53.6515609161;44.502201288
2025-06-29 11:00:00;55.5373404461;43.3650964332;56.6755128021;25.3619426278
2025-06-29 12:00:00;51.5332034022;40.0450387775;68.5426388199;37.9364940706
2025-06-29 13:00:00;49.1218941167;21.5362342118;74.1823369942;25.1067542325
2025-06-29 14:00:00;57.8194228404;35.8364221346;73.6156446368;43.0378752413
2025-06-29 15:00:00;46.127401118;37.1004216807;71.7748371686;42.9257314577
2025-06-29 16:00:00;54.9304148799;28.3829456688;68.7577783697;58.1127076726
2025-06-29 17:00:00;44.4835298662;33.2297443786;55.5717612286;24.9285797659
2025-06-29 18:00:00;100.4576144859;80.4525991745;35.6507132097;34.7984175372
2025-06-29 19:00:00;102.9595105173;79.7711403127;30.5921216671;63.4785574398
2025-06-29 20:00:00;99.4497976315;78.1748936937;22.1582521332;57.0636133873
2025-06-29 21:00:00;98.1478487084;80.6235142341;0;55.0232652382
2025-06-29 22:00:00;61.4601693231;54.8527204802;0;40.0648638098
2025-06-29 23:00:00;66.7041434957;38.6220646871;0;44.8733534932
2025-06-30 00:00:00;33.9652070154;27.3791536868;0;77.4197172218
2025-06-30 01:00:00;30.2902950601;25.3567119081;0;58.2819164222
2025-06-30 02:00:00;31.7586838468;15.3058869247;0;64.5827382261
2025-06-30 03:00:00;43.9512502599;38.8135177743;0;57.3419770359
2025-06-30 04:00:00;33.219647878;29.3180968362;0;41.5792216887
2025-06-30 05:00:00;29.9377042109;14.3483632117;0;72.8257810404
2025-06-30 06:00:00;88.0640366545;52.0190150507;13.5612715045;66.470210099
2025-06-30 07:00:00;85.0002873552;51.9716260968;22.1518324617;55.8448202888
2025-06-30 08:00:00;94.852971511;58.5844112168;34.4155460801;26.431005435
2025-06-30 09:00:00;96.1627312464;62.745611529;43.8361255515;42.710312227
2025-06-30 10:00:00;67.1899988992;39.6781035677;53.0635841996;23.8098621825
2025-06-30 11:00:00;68.9077648279;51.396185607;68.0020506542;36.818846048
2025-06-30 12:00:00;63.7080540172;47.2675918656;71.9352827167;44.0736000661
2025-06-30 13:00:00;57.4524545159;42.5831673914;75.8420520941;19.9194491985
2025-06-30 14:00:00;59.0210053667;38.869476462;73.5692117082;39.2121125373
2025-06-30 15:00:00;54.4460372219;41.5047928416;80.0051079363;35.5102526533
2025-06-30 16:00:00;64.4613134373;41.3079499007;58.6464095158;34.0766588985
2025-06-30 17:00:00;53.0872979538;31.5651105114;58.4037730903;45.30972133
2025-06-30 18:00:00;118.7341975665;94.693026922;42.1381185345;52.9089147494
2025-06-30 19:00:00;120;92.5405084185;26.3250634207;51.3674575996
2025-06-30 20:00:00;117.1107500977;83.8222344555;20.9728807192;55.8677830244
2025-06-30 21:00:00;116.6104071634;86.8612945809;0;54.6565332384
2025-06-30 22:00:00;62.545234032;49.0252981993;0;53.1619573266
2025-06-30 23:00:00;75.0831684398;64.6014787254;0;38.6666267448
2025-07-01 00:00:00;31.7730172731;23.3453542998;0;76.0957493568
2025-07-01 01:00:00;34.9556810928;26.5855765125;0;63.9815316904
2025-07-01 02:00:00;35.5647788759;30.1817159356;0;65.4664631585
2025-07-01 03:00:00;29.7101934665;16.853606701;0;47.570456722
2025-07-01 04:00:00;31.6486579613;31.2389904893;0;52.7437014843
2025-07-01 05:00:00;38.5427072589;24.2066424411;0;56.9605733939
2025-07-01 06:00:00;87.9893749857;70.0056652534;11.1294268469;36.7318516499
2025-07-01 07:00:00;102.5923958179;65.6252501577;21.7550719655;20.6635217834
2025-07-01 08:00:00;89.6648369478;65.1955657354;32.279791408;30.3812984543
2025-07-01 09:00:00;87.7089359266;41.7683046661;39.2507267882;40.4206720677
2025-07-01 10:00:00;69.4204639542;39.2933231049;53.4289826482;29.9130602166
2025-07-01 11:00:00;78.7626405507;48.6328186104;73.7935622375;26.6448522188
2025-07-01 12:00:00;60.225726651;28.0835446689;69.3882159048;28.4691996549
2025-07-01 13:00:00;56.0946570677;40.9411445967;70.4568793614;36.9610276488
2025-07-01 14:00:00;58.8724203786;39.6432142294;86.1023000308;38.0192209726
2025-07-01 15:00:00;56.8806526144;29.1249129118;83.6678280652;64.2894282236
2025-07-01 16:00:00;58.447875316;37.9391862723;63.8357682894;52.7057885714
2025-07-01 17:00:00;53.4980789312;40.5879088104;57.1870714523;52.3945715112
2025-07-01 18:00:00;114.5097072952;71.7599701294;45.6251452834;53.8940751277
2025-07-01 19:00:00;116.5405536897;80.5656008687;28.3543961815;40.235197489
2025-07-01 20:00:00;112.1239592063;84.1666000842;19.9139367299;37.2382664955
2025-07-01 21:00:00;117.0073667954;91.0443220056;0;38.7866368895
2025-07-01 22:00:00;67.0757195396;54.6441290286;0;71.5168600194
2025-07-01 23:00:00;66.7098700279;52.6441445421;0;46.2899461236
2025-07-02 00:00:00;33.9040344364;29.3363095146;0;41.3162529584
2025-07-02 01:00:00;24.2687878603;27.9609591616;0;53.6474980309
2025-07-02 02:00:00;31.4308501145;15.9838055022;0;56.5394193033
2025-07-02 03:00:00;42.889847525;30.4642263943;0;64.1606749508
2025-07-02 04:00:00;27.5742619913;21.323253484;0;63.8981910099
2025-07-02 05:00:00;38.2465078139;37.0350520371;0;47.6772193307
2025-07-02 06:00:00;93.0606340901;60.388677944;14.9382553604;70.4324669272
2025-07-02 07:00:00;90.101371406;55.7611374941;23.9020579036;30.3107872777
2025-07-02 08:00:00;86.8717940781;62.2642932184;32.0261632778;34.6661705999
2025-07-02 09:00:00;93.4432503898;63.2120657466;38.9400082916;42.2695603856
2025-07-02 10:00:00;75.2137981356;44.0143138239;62.3357064623;30.2870867715
2025-07-02 11:00:00;66.9220610061;42.2171359122;62.1220432963;30.9406864895
2025-07-02 12:00:00;68.3091847482;41.7637310082;71.5452513307;41.4118084161
2025-07-02 13:00:00;61.1495947921;47.1058278451;80.4009378681;33.0630993617
2025-07-02 14:00:00;58.1368445273;38.4492245739;87.9876929992;38.039411436
2025-07-02 15:00:00;49.5276849575;36.7777718547;78.5387906842;47.9357625449
2025-07-02 16:00:00;57.0479184376;33.3514818195;67.0311540669;63.7014840516
2025-07-02 17:00:00;63.4079830642;43.6196291404;55.779135766;48.4583121994
2025-07-02 18:00:00;116.7896165934;94.5522698755;42.0341447255;47.0613544948
2025-07-02 19:00:00;104.6191494998;76.1149327983;32.0145389576;61.2942895012
2025-07-02 20:00:00;118.7028193946;91.314515548;16.800408351;39.5949192087
2025-07-02 21:00:00;116.0627979545;80.7411810019;0;55.6772512131
2025-07-02 22:00:00;60.4425862968;47.4048509148;0;53.7107259626
2025-07-02 23:00:00;61.1170747542;41.383011254;0;58.4639271948
2025-07-03 00:00:00;36.7732271524;2.094816021;0;62.4343330012
2025-07-03 01:00:00;29.0895226524;4.0164140897;0;66.4261127682
2025-07-03 02:00:00;28.3015112943;1.9326569061;0;55.9433098402
2025-07-03 03:00:00;32.2248714834;1.3518618205;0;61.5561872923
2025-07-03 04:00:00;29.4863315152;3.6406328443;0;42.0450226835
2025-07-03 05:00:00;32.8354638326;6.0699969265;0;55.8153006265
2025-07-03 06:00:00;91.6984132211;1.4639918209;13.493387543;81.7617972831
2025-07-03 07:00:00;87.2106732432;0.4434327386;21.8202005381;39.3015509175
2025-07-03 08:00:00;90.3102632601;0.3463281806;28.2788494783;36.2099825128
2025-07-03 09:00:00;94.6030432995;2.6738425244;43.8884990289;53.6552611125
2025-07-03 10:00:00;68.7091211963;1.9013229052;53.7703094569;24.016643093
2025-07-03 11:00:00;68.1517488444;5.3925536029;75.1981670293;26.3042188338
2025-07-03 12:00:00;77.2387191005;4.5572018705;84.1200742297;51.9861963651
2025-07-03 13:00:00;59.7650772102;3.2476661434;76.5724917777;42.9550503533
2025-07-03 14:00:00;60.3113940377;8.3354283415;78.5766037954;39.8916443894
2025-07-03 15:00:00;55.7285505109;5.04946993;74.2754912288;29.7354129578
2025-07-03 16:00:00;57.4660617026;0.9152999208;63.5554465043;47.2201833134
2025-07-03 17:00:00;54.5354583931;2.9576435407;55.5173701126;48.247500559
2025-07-03 18:00:00;120;9.733392662;39.9901789912;30.8470949188
2025-07-03 19:00:00;116.2040171236;9.7697732076;28.3296780852;52.6857678113
2025-07-03 20:00:00;117.7015165622;2.5467163555;22.4733502514;50.0207116598
2025-07-03 21:00:00;117.4235675517;1.6723612879;0;58.0946719685
2025-07-03 22:00:00;68.4387390489;4.9568814622;0;39.3226294324
2025-07-03 23:00:00;81.7423363174;4.8146491817;0;71.6898033211
2025-07-04 00:00:00;29.3082408872;25.0631223757;0;75.2218017467
2025-07-04 01:00:00;29.2673257502;25.5734121584;0;55.6505886425
2025-07-04 02:00:00;35.4314629965;20.8813276488;0;57.8962579235
2025-07-04 03:00:00;29.62976714;27.9826698769;0;59.1203631287
2025-07-04 04:00:00;30.9966990098;27.7664774523;0;49.2982348599
2025-07-04 05:00:00;27.4191783458;24.802496229;0;54.4225462681
2025-07-04 06:00:00;94.6167509997;58.5221098612;14.7505391793;57.0722213481
2025-07-04 07:00:00;94.6738979625;58.6972998327;20.351114601;51.5327754496
2025-07-04 08:00:00;90.9863760927;57.3818926078;33.9138611317;45.4158112541
2025-07-04 09:00:00;95.6214154605;53.3068998122;41.0707857168;45.305971236
2025-07-04 10:00:00;60.00449271;39.9810003698;56.6671836336;40.1210896949
2025-07-04 11:00:00;65.185214965;48.3759570259;71.3936027563;26.4663502032
2025-07-04 12:00:00;67.6011489338;48.6772914958;75.7131451857;36.3437972442
2025-07-04 13:00:00;51.0714414904;30.288294792;83.753469045;53.2407954136
2025-07-04 14:00:00;48.4775040581;39.5269434496;77.4747712576;29.3677720273
2025-07-04 15:00:00;54.9611808838;47.0102195025;74.7240703613;49.6638877079
2025-07-04 16:00:00;59.4698031183;35.5670480695;65.8934174065;67.723876029
2025-07-04 17:00:00;62.1162004879;44.8951560102;52.2249410816;54.2190464096
2025-07-04 18:00:00;113.9806299785;70.3593175761;42.6446376896;57.9917285619
2025-07-04 19:00:00;119.7428967223;81.414092332;27.7262996217;58.0940143007
2025-07-04 20:00:00;119.3078646243;88.9402404511;20.8960332115;68.4172435526
2025-07-04 21:00:00;120;87.6282973518;0;45.2009887262
2025-07-04 22:00:00;66.7901956352;67.478204574;0;66.0475598051
2025-07-04 23:00:00;60.2728030434;46.1322228019;0;64.0991885236
2025-07-05 00:00:00;37.3934285679;28.9795256028;0;66.2230407713
2025-07-05 01:00:00;31.3767147717;21.9020728161;0;82.0628124487
2025-07-05 02:00:00;32.9879846029;17.7749205687;0;53.4305218693
2025-07-05 03:00:00;35.3319159897;20.3555316797;0;58.8601104549
2025-07-05 04:00:00;35.1226120719;24.7330022422;0;63.2213439252
2025-07-05 05:00:00;37.7895923058;20.7397958059;0;45.8536752366
2025-07-05 06:00:00;99.8723681998;57.0639745572;13.9397964534;65.250835063
2025-07-05 07:00:00;93.9282986745;57.0562100781;21.6410991701;21.1276212682
2025-07-05 08:00:00;98.1657939487;52.3593688402;31.5253722003;46.7456778025
2025-07-05 09:00:00;96.0516813125;40.2280405592;43.7218582818;37.480584624
2025-07-05 10:00:00;76.0132474552;51.8048933425;58.5827093072;32.2240309963
2025-07-05 11:00:00;69.7739185309;36.6746684814;72.8151539024;29.3205239225
2025-07-05 12:00:00;70.3826236924;54.0907298972;73.1067414998;34.8759146276
2025-07-05 13:00:00;56.1682075895;34.2237134652;74.1872520436;50.6606223216
2025-07-05 14:00:00;57.3457734033;29.6098229037;75.245583126;49.1421766353
2025-07-05 15:00:00;53.8975343174;32.9819642256;74.1096246227;35.5994565366
2025-07-05 16:00:00;53.3474211597;18.5642025946;66.1380305516;34.0812162337
2025-07-05 17:00:00;62.552293304;40.779619058;52.9433727691;50.321740071
2025-07-05 18:00:00;115.1057794291;87.6304408006;39.3829645363;35.4178160938
2025-07-05 19:00:00;119.3468853746;60.9794101098;30.9734220777;56.4052735897
2025-07-05 20:00:00;120;76.4074864613;22.4145736834;57.2922852408
2025-07-05 21:00:00;119.1604819335;74.9796509442;0;59.9084851168
2025-07-05 22:00:00;75.4207013218;56.6153029071;0;67.497084427
2025-07-05 23:00:00;67.5400667459;53.8543838865;0;38.0262944159
2025-07-06 00:00:00;25.2697637714;27.3456924417;0;32.5266715653
2025-07-06 01:00:00;22.8232836529;36.6437227713;0;53.4504695663
2025-07-06 02:00:00;35.9072583117;25.5558658813;0;90.3393022648
2025-07-06 03:00:00;24.8840796826;24.0820358814;0;93.7751171889
2025-07-06 04:00:00;33.3623396556;25.2025243329;0;90.8009815307
2025-07-06 05:00:00;25.5002383794;30.7649076572;0;59.2815173466
2025-07-06 06:00:00;83.5551065319;53.9047918503;15.1756795947;34.5361018532
2025-07-06 07:00:00;87.5574011619;64.4249246737;21.435990341;15.4809575251
2025-07-06 08:00:00;70.0374936325;40.6448493039;31.5663622138;31.6349839364
2025-07-06 09:00:00;72.7454749474;46.9182137621;41.3123818922;35.521333487
2025-07-06 10:00:00;60.761752563;36.1578530955;57.1495624518;49.5236530758
2025-07-06 11:00:00;59.591352331;39.6408478151;64.418602092;45.479823715
2025-07-06 12:00:00;60.7788075223;37.1096382734;81.9017372992;39.4965738385
2025-07-06 13:00:00;44.5286493364;37.8407343116;71.4519467353;33.9011487153
2025-07-06 14:00:00;56.0544530378;31.5965950245;80.9634389321;33.1279491171
2025-07-06 15:00:00;47.6417719133;20.9752104592;80.1975583357;46.3706164971
2025-07-06 16:00:00;41.6342177174;20.2314666786;70.1257249392;51.1985454196
2025-07-06 17:00:00;45.971381063;37.0040433861;69.6371648723;47.8721506953
2025-07-06 18:00:00;92.5550475934;65.6306350983;45.8690060987;32.3233177022
2025-07-06 19:00:00;105.1303347399;80.8580024083;30.0227609167;65.1766629764
2025-07-06 20:00:00;94.9996079438;70.820988008;22.2651702197;62.0268164684
2025-07-06 21:00:00;100.1872743078;84.4527348532;0;41.0530710058
2025-07-06 22:00:00;55.1646300234;47.7865416393;0;45.0660518205
2025-07-06 23:00:00;54.5134162819;55.8242018735;0;65.7068073643
2025-07-07 00:00:00;23.4762207257;34.840236726;0;59.1410894816
2025-07-07 01:00:00;34.764150255;22.2238016087;0;87.7835406064
2025-07-07 02:00:00;37.9186801783;24.004829376;0;70.6950529761
2025-07-07 03:00:00;27.9505104254;42.4830838456;0;55.1812176549
2025-07-07 04:00:00;25.118833524;16.7670547454;0;62.6639914441
2025-07-07 05:00:00;35.6872867338;25.6843149588;0;63.8197853441
2025-07-07 06:00:00;84.368219373;56.0725164737;12.6170186097;51.3841318338
2025-07-07 07:00:00;97.2642036558;63.9065601087;22.6315538926;29.094664139
2025-07-07 08:00:00;87.7065273907;46.6110532224;30.9336588793;44.3042161937
2025-07-07 09:00:00;86.8114881013;58.2563633552;48.6177121495;45.660121904
2025-07-07 10:00:00;69.0128099781;39.2520863157;55.6095575288;43.3843893279
2025-07-07 11:00:00;63.2231023005;48.9744486505;69.5070929245;51.9743843304
2025-07-07 12:00:00;64.7127292172;33.3456431838;75.462150236;32.5890916642
2025-07-07 13:00:00;57.5468595995;35.0746402947;96.4051453641;62.3843470079
2025-07-07 14:00:00;45.0229353853;17.2807394166;82.4571331264;34.07204561
2025-07-07 15:00:00;63.3448275092;27.3316996356;91.1602550228;32.8432794485
2025-07-07 16:00:00;56.1503214986;32.8678510257;74.7323338514;24.627570338
2025-07-07 17:00:00;50.1355938467;30.3647946487;60.4099761102;39.0758121388
2025-07-07 18:00:00;111.0802776432;92.0418320297;46.6366129523;38.4389480106
2025-07-07 19:00:00;120;87.9836226416;34.1865298428;63.9762203112
2025-07-07 20:00:00;118.3626200128;96.3224511323;19.265680545;59.9893646432
2025-07-07 21:00:00;120;91.8125871894;0;39.6786218887
2025-07-07 22:00:00;64.8223862814;58.7721964161;0;50.9904858602
2025-07-07 23:00:00;69.2293563502;44.0218305981;0;51.291065424
2025-07-08 00:00:00;33.9121063786;22.0814840209;0;35.2288458965
2025-07-08 01:00:00;35.1212545267;15.7661852379;0;47.8223531993
2025-07-08 02:00:00;37.065315831;29.4781278977;0;51.1508996826
2025-07-08 03:00:00;28.7648631993;23.4083239463;0;86.0696090312
2025-07-08 04:00:00;31.4787845707;28.4196690873;0;66.3933420286
2025-07-08 05:00:00;29.2468769205;23.8585336386;0;73.8496014035
2025-07-08 06:00:00;91.3267153048;72.6131652088;14.5940518074;39.6220688803
2025-07-08 07:00:00;94.7064162541;62.0675698465;24.6826935158;49.3663815386
2025-07-08 08:00:00;84.1203089837;60.4251738585;33.5071185081;50.3822527688
2025-07-08 09:00:00;96.5556407974;61.0417743398;40.8099594432;19.0239479682
2025-07-08 10:00:00;62.608781992;36.6582838535;58.7902594815;31.3130295616
2025-07-08 11:00:00;66.3519351125;46.2583729652;80.9215165999;42.728246843
2025-07-08 12:00:00;73.3328402135;44.6798938792;88.7444997612;44.1407749258
2025-07-08 13:00:00;57.2969616902;42.0037284211;85.4733550679;36.8292735015
2025-07-08 14:00:00;57.3488027265;38.4178749769;92.4377609626;40.9650925366
2025-07-08 15:00:00;50.5081007555;28.8981288557;78.3290351823;37.7286722
2025-07-08 16:00:00;51.1225312481;41.0419044906;61.5060965016;45.5768388646
2025-07-08 17:00:00;60.0565717443;33.9843909063;54.671494225;57.6269775418
2025-07-08 18:00:00;112.7406899639;87.9099761749;51.7274214135;35.8030958466
2025-07-08 19:00:00;113.1647324887;90.7973112841;32.9013637366;71.2925159828
2025-07-08 20:00:00;119.7296165483;88.0281450975;22.6693679783;45.8810099908
2025-07-08 21:00:00;110.6672249644;93.1188572814;0;44.9407427116
2025-07-08 22:00:00;68.9466596491;58.8545668501;0;68.6946740033
2025-07-08 23:00:00;67.9281845189;51.5050142218;0;70.167931053
2025-07-09 00:00:00;31.9000608075;18.2797302714;0;77.4960997617
2025-07-09 01:00:00;29.5791862304;25.7131649685;0;42.8772737296
2025-07-09 02:00:00;29.3027982573;15.1643522939;0;56.4526640989
2025-07-09 03:00:00;27.0595078368;32.6452771464;0;77.0420990902
2025-07-09 04:00:00;34.084139191;13.0845204276;0;64.5593206408
2025-07-09 05:00:00;28.905475212;22.0668109279;0;46.7446359059
2025-07-09 06:00:00;95.7084083255;55.181068456;14.7833947331;71.2168743279
2025-07-09 07:00:00;90.3385598431;63.6683041799;27.0333364469;31.4864702483
2025-07-09 08:00:00;86.5860303279;66.7063280276;38.5736546596;55.5368127916
2025-07-09 09:00:00;90.2788950606;60.2124091628;54.9365896372;53.1437573079
2025-07-09 10:00:00;65.7254357516;60.730397114;59.1442129136;44.1273276985
2025-07-09 11:00:00;72.1152585005;36.7729416422;73.9699281902;51.3818187906
2025-07-09 12:00:00;65.9137922961;34.751274529;71.9474885487;38.9584240564
2025-07-09 13:00:00;54.443964241;28.171423603;97.4621199393;53.2859471783
2025-07-09 14:00:00;62.0388711311;39.175449936;79.0203484456;61.2505178501
2025-07-09 15:00:00;57.974113903;30.6613386613;83.3024026002;47.4721195631
2025-07-09 16:00:00;63.1690880284;36.7312170964;65.9175887779;41.8735737919
2025-07-09 17:00:00;61.3526134747;45.6243105635;57.0842863014;25.666351355
2025-07-09 18:00:00;111.1315902652;75.6664870053;43.5301715026;43.7974352405
2025-07-09 19:00:00;119.5786007576;80.7744609482;32.4737397024;69.3441371186
2025-07-09 20:00:00;120;87.4499732574;22.4478862829;71.101097585
2025-07-09 21:00:00;120;90.3404207597;0;64.7571852598
2025-07-09 22:00:00;72.0207250738;66.0959788223;0;49.7241524606
2025-07-09 23:00:00;71.9281466248;45.9504892394;0;29.0863059636
2025-07-10 00:00:00;30.4692010653;19.5257663996;0;56.4525704718
2025-07-10 01:00:00;28.0629563822;26.9184023969;0;59.5269716802
2025-07-10 02:00:00;30.2461978268;28.3681425444;0;59.3887051944
2025-07-10 03:00:00;24.3396252554;31.1088024967;0;74.3924051008
2025-07-10 04:00:00;37.8737546812;27.9668195955;0;96.4129979052
2025-07-10 05:00:00;30.5563574444;24.0752313943;0;66.4188614619
2025-07-10 06:00:00;96.9441236456;65.599415819;14.6917357786;60.9381805899
2025-07-10 07:00:00;85.5913872674;55.1771125371;25.3854509836;36.152268991
2025-07-10 08:00:00;96.0049475094;60.259072213;31.5664771802;39.8595853756
2025-07-10 09:00:00;88.906172403;46.8265039899;48.1647356219;30.6525464501
2025-07-10 10:00:00;61.6326891862;45.8333373003;66.6939915107;39.8191283059
2025-07-10 11:00:00;74.7343827584;48.5671662338;70.2960319569;43.0143025777
2025-07-10 12:00:00;72.3952540357;50.2831966957;78.295398398;40.6839687707
2025-07-10 13:00:00;56.5050254939;18.6933501449;86.7927858803;50.2592298923
2025-07-10 14:00:00;55.7046800861;34.2137896273;96.7687227562;49.9909465086
2025-07-10 15:00:00;57.5297546877;32.8604744329;84.3560831958;25.1220871343
2025-07-10 16:00:00;56.4277882037;45.525510241;70.1903666746;52.2811735081
2025-07-10 17:00:00;51.9867178093;39.1895001935;63.1250282593;37.5346396415
2025-07-10 18:00:00;112.999683992;86.666479511;43.1559920974;32.7447030924
2025-07-10 19:00:00;120;89.5806274116;36.5146181774;41.9754785621
2025-07-10 20:00:00;120;95.8611677116;24.5768102895;64.271087808
2025-07-10 21:00:00;120;87.3073986383;0;54.7596571479
2025-07-10 22:00:00;69.5643592544;59.0896097207;0;33.6034712011
2025-07-10 23:00:00;65.8924808765;42.1423448605;0;64.9161295674
2025-07-11 00:00:00;28.1578258104;38.1040616848;0;41.5812707507
2025-07-11 01:00:00;28.454391486;31.7857954401;0;67.2315182839
2025-07-11 02:00:00;29.2599578688;29.2482412135;0;68.8340615064
2025-07-11 03:00:00;41.4299005193;19.0125197963;0;79.3427388406
2025-07-11 04:00:00;39.8779326666;31.4901666867;0;93.8957053385
2025-07-11 05:00:00;35.1079150876;28.112066909;0;42.798178094
2025-07-11 06:00:00;86.5930069272;63.4940661301;15.2002057281;64.1086059369
2025-07-11 07:00:00;94.9345178913;64.08900509;22.5176335239;36.2838311145
2025-07-11 08:00:00;89.8419895928;58.1498555911;32.627839296;43.2029835004
2025-07-11 09:00:00;81.2272237472;53.7866930359;50.0557451937;41.0779771647
2025-07-11 10:00:00;68.5412775341;33.695561602;67.6956699192;35.5412225892
2025-07-11 11:00:00;63.460715982;36.9690925053;70.5563460168;34.6802717593
2025-07-11 12:00:00;63.6130842349;43.218409211;87.3354502862;28.0976453228
2025-07-11 13:00:00;54.2892679171;41.5697615065;74.7063940707;56.7027015646
2025-07-11 14:00:00;53.1736505099;30.4927537942;85.4852158847;50.6928509838
2025-07-11 15:00:00;55.2619482022;34.4600669947;84.0367406532;55.9058702565
2025-07-11 16:00:00;55.0456164131;26.9162599296;68.9363232087;41.9439279355
2025-07-11 17:00:00;46.9749629703;41.8514987558;57.0179590118;38.0055576058
2025-07-11 18:00:00;120;97.3392866023;45.4375843032;33.2141191382
2025-07-11 19:00:00;110.1570125231;85.3785742203;35.9399070835;63.7107159138
2025-07-11 20:00:00;110.2964150432;86.6084133829;23.7751792426;43.2669095699
2025-07-11 21:00:00;113.1037181433;93.878965048;0;85.4851013133
2025-07-11 22:00:00;66.7618178526;52.5296545678;0;39.3519756589
2025-07-11 23:00:00;73.8147338415;44.6982442879;0;62.4645776243
2025-07-12 00:00:00;31.2124055342;28.506677702;0;91.144063045
2025-07-12 01:00:00;32.5490946785;29.7224754032;0;75.299203772
2025-07-12 02:00:00;31.2354128441;16.354726784;0;68.3667686914
2025-07-12 03:00:00;31.0415771212;21.3545951876;0;49.6339013923
2025-07-12 04:00:00;31.3937827639;35.2594104078;0;42.8673293439
2025-07-12 05:00:00;21.3026963584;24.7841074904;0;78.098274649
2025-07-12 06:00:00;75.4053291517;53.0733406944;12.9720470944;90.1501220425
2025-07-12 07:00:00;81.7601373311;48.1143624316;20.3216134776;34.9832389798
2025-07-12 08:00:00;94.2704518822;65.5133451672;33.880272998;28.1046557202
2025-07-12 09:00:00;71.1105721371;39.9486087296;50.4539364458;15.1462946333
2025-07-12 10:00:00;58.3638315716;28.6508268233;48.7592423158;29.6596955276
2025-07-12 11:00:00;53.8902621497;40.2634154447;72.3706430524;38.1777996077
2025-07-12 12:00:00;65.6744053177;49.3038585697;81.8254673814;55.0034303211
2025-07-12 13:00:00;40.3329540349;23.9119195779;101.0303613217;53.5580484825
2025-07-12 14:00:00;49.2372041649;28.2433644229;88.130101911;49.3399050855
2025-07-12 15:00:00;40.0925265107;37.2522768834;88.0389523947;41.2576610063
2025-07-12 16:00:00;44.9914264522;29.466798225;76.2362781544;39.1597990179
2025-07-12 17:00:00;46.2705664701;31.0581242901;51.8437295825;61.953274863
2025-07-12 18:00:00;101.4135654847;85.7882248595;51.6630248163;48.144002129
2025-07-12 19:00:00;91.7527021992;69.9124353342;36.2226705848;27.9588784201
2025-07-12 20:00:00;99.5851766367;72.5071131556;25.4688669944;49.0166198321
2025-07-12 21:00:00;96.6844526722;81.6457235086;0;46.2953452212
2025-07-12 22:00:00;57.6875419884;46.1158585355;0;50.8920732981
2025-07-12 23:00:00;60.7724689662;41.7457954615;0;67.2361710313
2025-07-13 00:00:00;29.1107074533;15.2303566147;0;64.2448629168
2025-07-13 01:00:00;40.427921646;26.0512474202;0;64.7495633273
2025-07-13 02:00:00;32.969267185;22.1467965427;0;87.6964730094
2025-07-13 03:00:00;41.9703601303;32.0024319248;0;54.5234166202
2025-07-13 04:00:00;37.8540916594;27.0891361329;0;96.785962746
2025-07-13 05:00:00;34.9123373267;27.0127942262;0;54.938563743
2025-07-13 06:00:00;88.5363950279;50.7338820317;21.0493007738;67.4903680496
2025-07-13 07:00:00;96.1779129957;53.5315002075;20.6728173982;36.8262323292
2025-07-13 08:00:00;98.5442271985;57.0950476999;41.0777692191;40.8331014877
2025-07-13 09:00:00;88.845524682;41.5920649243;48.2044692729;44.01358924
2025-07-13 10:00:00;61.5425704305;20.4480022884;64.8088505695;43.9070680124
2025-07-13 11:00:00;71.4219372193;46.1095703641;76.1395960667;32.1529985832
2025-07-13 12:00:00;59.8365989967;37.5693530926;83.6538847404;28.4909957394
2025-07-13 13:00:00;48.5808453211;24.1604844207;87.9754383593;75.1323378297
2025-07-13 14:00:00;49.8936776834;33.8354009463;94.6073636821;40.6211745446
2025-07-13 15:00:00;53.393216038;24.9408576264;76.0826487722;54.2908641856
2025-07-13 16:00:00;48.414211273;24.2431975057;81.0064424435;27.6393592307
2025-07-13 17:00:00;45.1567981869;22.1998387464;61.2432476696;42.9823173942
2025-07-13 18:00:00;109.6454847567;73.0737483541;44.8785357567;44.7431766506
2025-07-13 19:00:00;119.2583027869;64.5747767549;34.7976904604;66.4396120451
2025-07-13 20:00:00;108.9096224236;68.1251933383;27.3043507507;18.9767852941
2025-07-13 21:00:00;113.9448198063;76.0108278987;0;61.8842410721
2025-07-13 22:00:00;78.1938633193;48.774600087;0;42.3380061489
2025-07-13 23:00:00;67.4026158456;36.2549629905;0;64.2342343488
2025-07-14 00:00:00;33.0434981014;5.7278356769;0;49.3033524499
2025-07-14 01:00:00;27.2449285654;4.7319838107;0;52.3118980564
2025-07-14 02:00:00;41.2377454892;9.6230604469;0;61.9915852626
2025-07-14 03:00:00;29.0662834464;9.017092986;0;49.037173397
2025-07-14 04:00:00;30.4756375675;7.9760392943;0;58.6326818703
2025-07-14 05:00:00;37.4288726984;0.5699418452;0;46.6907402571
2025-07-14 06:00:00;89.4378189584;4.0202884228;15.5385141778;36.0471752817
2025-07-14 07:00:00;90.4711225822;6.9604222219;25.8643475107;50.0869607118
2025-07-14 08:00:00;88.9880256166;0.2966074356;34.4440642902;26.9896098101
2025-07-14 09:00:00;89.0188773589;2.3581379175;53.0353812452;38.142666079
2025-07-14 10:00:00;68.4214763439;8.8750719012;67.7268253597;47.4411929753
2025-07-14 11:00:00;69.2424616465;1.297807673;88.9004322168;33.7880854645
2025-07-14 12:00:00;63.8595993547;0.5137350434;86.5262620093;31.6897472785
2025-07-14 13:00:00;51.55615236;5.8058575628;98.4159989619;49.2151132509
2025-07-14 14:00:00;52.2624020128;9.4646461543;94.1517125534;59.599030488
2025-07-14 15:00:00;48.6978713487;8.3462473991;96.8567820195;32.9637059918
2025-07-14 16:00:00;47.8465782493;9.7477250472;72.9932012872;44.8320483776
2025-07-14 17:00:00;56.3407665751;7.535231537;68.0324322342;26.405406644
2025-07-14 18:00:00;117.9807099395;4.3736977408;49.2246392478;42.0016613718
2025-07-14 19:00:00;117.6767326444;9.4661643959;36.3954720505;60.4013892785
2025-07-14 20:00:00;103.0380680961;4.2663327845;25.3278871392;47.0935553093
2025-07-14 21:00:00;112.6542359335;3.5009461634;0;53.0470395521
2025-07-14 22:00:00;61.794803495;4.4819591777;0;38.8048490671
2025-07-14 23:00:00;67.4010357653;8.1397395438;0;61.0433112799
2025-07-15 00:00:00;29.5384619586;19.6019977718;0;84.7671595721
2025-07-15 01:00:00;34.0822713713;37.4269382536;0;48.6712322171
2025-07-15 02:00:00;31.3324788864;28.4135803536;0;56.6265496288
2025-07-15 03:00:00;22.8866592661;33.8205588381;0;75.4927092829
2025-07-15 04:00:00;27.0667813656;26.8013117746;0;87.3894076579
2025-07-15 05:00:00;31.4447008099;24.8189984114;0;42.0308604011
2025-07-15 06:00:00;90.4386110467;52.0596956524;16.7803995547;64.2367238862
2025-07-15 07:00:00;83.7075684805;56.4915007584;25.2390237989;43.0883058995
2025-07-15 08:00:00;83.1190454492;54.0175488773;37.7039317642;39.2133216535
2025-07-15 09:00:00;90.2862181343;58.1048076624;57.0613052003;15.323475302
2025-07-15 10:00:00;60.2708327092;37.86489093;70.1836825509;45.2809758207
2025-07-15 11:00:00;59.0785031671;24.5431376746;83.9276145695;55.5245363553
2025-07-15 12:00:00;64.5842032796;48.3056340984;85.6791393469;41.4136266618
2025-07-15 13:00:00;52.666438911;34.1053615241;87.9208274659;34.8449265681
2025-07-15 14:00:00;50.911644174;23.611219526;101.8883555658;40.924272552
2025-07-15 15:00:00;51.6976300167;34.0867460462;95.1514747816;67.7195618153
2025-07-15 16:00:00;54.9267070765;29.0236257463;87.716310771;57.6266068306
2025-07-15 17:00:00;51.6237132554;37.6280105263;61.91165047;54.4584581646
2025-07-15 18:00:00;113.7970292415;89.0854841018;49.7344862615;51.1297740164
2025-07-15 19:00:00;111.7667842315;90.0218893863;32.2055355997;50.3834524678
2025-07-15 20:00:00;114.2333183432;84.629291891;24.67602243;57.3333939597
2025-07-15 21:00:00;117.4308176885;87.0698126709;0;59.1841594165
2025-07-15 22:00:00;70.3639508906;53.6638230652;0;68.6530920869
2025-07-15 23:00:00;72.3842827062;43.6695135233;0;83.1296050736
2025-07-16 00:00:00;35.106467593;24.2608415197;0;86.4835315249
2025-07-16 01:00:00;32.4083154489;24.3318506953;0;43.6041442465
2025-07-16 02:00:00;29.3843641876;17.7658574268;0;71.3719946379
2025-07-16 03:00:00;29.5898824043;15.3351231428;0;80.0361389067
2025-07-16 04:00:00;27.384808678;21.664826126;0;78.0439553416
2025-07-16 05:00:00;31.3551883667;21.655098869;0;56.9551601118
2025-07-16 06:00:00;92.947727806;49.1349657678;17.9905694901;116.8263147818
2025-07-16 07:00:00;86.5439799389;62.9001549222;24.8437670328;27.6051331662
2025-07-16 08:00:00;89.6420037878;69.1640977203;39.4727126011;29.5708674007
2025-07-16 09:00:00;86.7613541226;61.0788525108;50.5409124661;42.920523485
2025-07-16 10:00:00;67.3617075997;37.7939615483;67.6085834269;62.0126356287
2025-07-16 11:00:00;63.9473878861;41.6071354906;72.1922869679;32.0749081114
2025-07-16 12:00:00;63.091815543;49.0571707772;90.6888446403;37.8573288784
2025-07-16 13:00:00;51.6648274677;26.127620173;72.9399504274;60.0530080247
2025-07-16 14:00:00;56.9896570772;40.2531385782;94.450523331;47.0997683744
2025-07-16 15:00:00;54.2893052709;26.6936203872;78.3256589617;43.3534237556
2025-07-16 16:00:00;52.7967798099;43.3583570269;87.1599886239;54.0012075236
2025-07-16 17:00:00;55.9009978564;33.7720249932;69.9986518094;50.5343148687
2025-07-16 18:00:00;111.3340322112;94.5779114082;53.2391688076;59.4988196896
2025-07-16 19:00:00;118.2686857114;95.4073151849;42.1177276483;80.4679983669
2025-07-16 20:00:00;108.8169574982;80.7584637725;23.8477846627;65.4971091136
2025-07-16 21:00:00;112.3579833821;81.3676987109;0;65.2648913141
2025-07-16 22:00:00;60.0981696164;52.1073401854;0;64.084488211
2025-07-16 23:00:00;64.8586783504;43.7338623722;0;68.2667436725
2025-07-17 00:00:00;23.692190049;20.4479361441;0;69.044367906
2025-07-17 01:00:00;34.6089741402;15.2701280385;0;68.0946584017
2025-07-17 02:00:00;34.6998167402;20.9538410692;0;88.47909665
2025-07-17 03:00:00;34.7793155704;17.0916551307;0;93.9187987335
2025-07-17 04:00:00;31.3804759495;28.4539019182;0;42.4370382518
2025-07-17 05:00:00;27.2911329675;28.8498894241;0;68.275641258
2025-07-17 06:00:00;85.9832665923;60.5050664916;19.2336528004;56.3791317808
2025-07-17 07:00:00;96.470573685;64.597584776;28.0852302812;37.6862035207
2025-07-17 08:00:00;96.0453464036;56.0888704738;37.3081763102;44.9750172372
2025-07-17 09:00:00;90.1362976428;57.6813334941;56.7000527577;47.7018280555
2025-07-17 10:00:00;63.930746424;46.9035606613;60.8341180911;39.7175551172
2025-07-17 11:00:00;72.4099049795;43.6095433666;75.194723344;21.31679929
2025-07-17 12:00:00;63.1258353511;41.26469851;86.7825841348;31.0043440671
2025-07-17 13:00:00;55.6140710842;33.2668440344;92.9980536428;58.3583351749
2025-07-17 14:00:00;60.6680575221;50.0845716304;88.8994974901;15.012074337
2025-07-17 15:00:00;50.8207263993;35.8779784902;100.1499892058;61.8257189428
2025-07-17 16:00:00;58.3157557832;40.5376981728;78.8377948046;53.8857291879
2025-07-17 17:00:00;56.9267732291;25.8602733948;68.6230425422;63.3601973882
2025-07-17 18:00:00;112.7406748556;84.6044242518;49.6062298307;45.3068903254
2025-07-17 19:00:00;108.4480480995;82.3929823273;32.4891434895;29.7063044122
2025-07-17 20:00:00;109.6585203752;80.5565363887;26.7007807251;67.8892342503
2025-07-17 21:00:00;114.2210291234;76.3007256305;0;80.8268285246
2025-07-17 22:00:00;59.8460840004;43.3336087389;0;75.4646107611
2025-07-17 23:00:00;66.839446943;46.6489426076;0;51.1396781655
2025-07-18 00:00:00;33.6006518838;31.2799577828;0;70.1083804702
2025-07-18 01:00:00;35.5994132332;22.6878078632;0;59.4791889059
2025-07-18 02:00:00;24.8733156205;21.3264388789;0;54.5654793087
2025-07-18 03:00:00;37.0890352928;36.1304885823;0;85.0096839308
2025-07-18 04:00:00;38.7950581794;26.7320150004;0;48.0763292371
2025-07-18 05:00:00;33.0116045103;24.5358706276;0;53.2865747407
2025-07-18 06:00:00;84.6879079317;55.4138524993;14.4723120614;49.6804361624
2025-07-18 07:00:00;87.8826347505;50.6072459202;26.3182574943;25.8328801131
2025-07-18 08:00:00;89.1449389451;61.1578603125;34.2893788405;42.6790387877
2025-07-18 09:00:00;90.5762123374;52.1279610483;60.9961565821;53.1273464985
2025-07-18 10:00:00;66.180761898;42.4684588964;72.5040498593;39.2690603108
2025-07-18 11:00:00;67.3470880541;46.2228551658;82.2031373225;25.6733357724
2025-07-18 12:00:00;65.6734845031;51.3724530389;101.7048799136;49.8175450409
2025-07-18 13:00:00;55.6361860179;25.6727889278;91.6670016708;68.2767438849
2025-07-18 14:00:00;52.3708486973;38.0933008466;102.5990273707;40.2735957305
2025-07-18 15:00:00;52.9213638661;38.8710536952;93.8433755773;42.2872776022
2025-07-18 16:00:00;51.8510908254;29.1461055481;83.2352045667;54.2263062062
2025-07-18 17:00:00;63.0708719978;42.5053370087;74.4556258404;67.5102653351
2025-07-18 18:00:00;119.2239617229;97.5428840259;55.7131071649;41.791568216
2025-07-18 19:00:00;115.1352320402;81.7206532809;39.3936220878;41.1856382111
2025-07-18 20:00:00;118.6002986728;88.9583400825;22.9600243502;71.5067816769
2025-07-18 21:00:00;116.2294842105;89.9875145581;0;74.0952054072
2025-07-18 22:00:00;66.8975651289;58.8552369679;0;61.8526614302
2025-07-18 23:00:00;59.3067738765;47.354578463;0;53.1406971569
2025-07-19 00:00:00;28.8202623594;22.8187602603;0;86.3178118195
2025-07-19 01:00:00;28.4923294859;25.3851362889;0;78.2580138201
2025-07-19 02:00:00;24.9011617211;18.180091751;0;55.8511058049
2025-07-19 03:00:00;23.3122697643;23.7851924482;0;69.9804752266
2025-07-19 04:00:00;32.2172370596;22.5043457509;0;45.7704197472
2025-07-19 05:00:00;31.4602694507;15.4919886236;0;80.9862111809
2025-07-19 06:00:00;69.9468660944;43.7666555745;15.9679172834;64.5997904367
2025-07-19 07:00:00;71.8436992257;50.6307668931;26.5261149636;36.960950486
2025-07-19 08:00:00;80.4256527339;55.2685456857;39.2690612619;41.1382811075
2025-07-19 09:00:00;71.2505181938;39.2824276816;48.459416765;41.8971654095
2025-07-19 10:00:00;56.2312094462;30.1224282474;81.6066591284;50.7594247071
2025-07-19 11:00:00;54.6086120304;38.6770511853;92.5263934611;47.6086708527
2025-07-19 12:00:00;57.7412499983;39.2697355391;98.0071280317;39.8572505356
2025-07-19 13:00:00;41.7413608785;31.3296953955;100.107172891;57.6313097476
2025-07-19 14:00:00;45.9992209644;37.0231486484;97.8438127943;53.2405372948
2025-07-19 15:00:00;46.3530969135;33.6714511293;86.3825435195;43.2313370161
2025-07-19 16:00:00;46.6296589435;28.0891053647;83.0276964688;46.8835278115
2025-07-19 17:00:00;45.9496776763;31.7888213041;69.8189469527;46.599165348
2025-07-19 18:00:00;96.4884325735;82.0858820871;47.9839482698;54.5050796575
2025-07-19 19:00:00;104.8006571251;94.7314152066;40.0199442211;56.5098499053
2025-07-19 20:00:00;106.4635306263;83.1460704898;26.456355911;56.1460789493
2025-07-19 21:00:00;92.0612179973;73.1600948982;0;92.8421908278
2025-07-19 22:00:00;45.0305209669;44.227711782;0;76.836071641
2025-07-19 23:00:00;58.1423432318;42.4182012734;0;50.3878639538
2025-07-20 00:00:00;30.8381360696;29.6273317828;0;79.5809944342
2025-07-20 01:00:00;34.7746883663;31.1335381737;0;71.701296098
2025-07-20 02:00:00;31.2819865487;25.1797850427;0;76.4577819095
2025-07-20 03:00:00;30.2637177279;20.9018231657;0;72.0319377036
2025-07-20 04:00:00;35.0800796814;14.9946987008;0;90.3527135951
2025-07-20 05:00:00;35.7095126479;29.7097505904;0;75.6581169871
2025-07-20 06:00:00;68.7673011459;47.2549847221;14.8334991932;68.5598212283
2025-07-20 07:00:00;71.3320935683;43.3411498653;25.2464431279;52.6713262028
2025-07-20 08:00:00;74.5316530936;42.469302513;38.1433454019;44.2214021673
2025-07-20 09:00:00;75.449790718;52.2107428583;62.0626110664;43.053458487
2025-07-20 10:00:00;54.3006916427;26.0675043316;72.3171333739;45.0647963961
2025-07-20 11:00:00;57.2715483582;39.2555728727;74.5903891158;40.8066276482
2025-07-20 12:00:00;59.8000876097;42.2707191709;98.3119476933;41.8808649822
2025-07-20 13:00:00;53.2252070797;37.5446122671;88.2661384777;41.5984296244
2025-07-20 14:00:00;48.0781219885;27.7619722084;109.460875044;39.5939787078
2025-07-20 15:00:00;41.6375118284;20.4594029716;91.0656752903;36.57884177
2025-07-20 16:00:00;44.8098203681;34.1050301686;82.887184962;31.7842638242
2025-07-20 17:00:00;45.1339282958;37.9705358311;76.57778976;38.0273201816
2025-07-20 18:00:00;97.0119078429;69.6388178393;48.3675989477;46.6247418132
2025-07-20 19:00:00;96.4427829134;75.3900800109;35.0394865229;64.2924859743
2025-07-20 20:00:00;103.922811693;88.0291637662;25.8467940886;58.4257235137
2025-07-20 21:00:00;92.6192176543;77.7180455063;0;25.7647771906
2025-07-20 22:00:00;57.0489934597;44.6634458879;0;87.3491943668
2025-07-20 23:00:00;65.9138173476;50.8838439791;0;79.7009701498
2025-07-21 00:00:00;28.2766373042;17.8968285508;0;77.9634267383
2025-07-21 01:00:00;31.563237473;13.7766354047;0;103.5971873584
2025-07-21 02:00:00;26.6581060852;28.6935252484;0;53.006698308
2025-07-21 03:00:00;31.2794593886;19.0078273032;0;103.2488135023
2025-07-21 04:00:00;27.3990911736;21.9076878073;0;53.2197684787
2025-07-21 05:00:00;35.6206724059;21.5887141889;0;74.332970012
2025-07-21 06:00:00;89.3397837729;55.6635264264;19.1841641572;47.8075719543
2025-07-21 07:00:00;84.4675612374;64.2551623441;24.0995125836;42.2424043767
2025-07-21 08:00:00;92.4594035474;69.5397679169;30.8723818769;46.1510178515
2025-07-21 09:00:00;89.4853460822;67.6139460401;52.5899538343;40.4601501684
2025-07-21 10:00:00;69.857821178;50.5008450651;73.147514208;49.5991755378
2025-07-21 11:00:00;60.4056548547;40.6398905254;92.6168938262;43.1296187954
2025-07-21 12:00:00;67.2298465356;33.5030496494;92.2063001036;36.5909730112
2025-07-21 13:00:00;57.496818193;34.7695678974;98.5749609875;42.1444488982
2025-07-21 14:00:00;52.111581861;43.8649965667;111.3392530667;59.0568845834
2025-07-21 15:00:00;48.3512682957;29.4141689171;81.431413721;41.0773462324
2025-07-21 16:00:00;53.8295468379;42.8424430145;81.8763616297;60.3395528644
2025-07-21 17:00:00;59.5432993891;37.7275259917;71.1225403588;64.1119550546
2025-07-21 18:00:00;116.850247622;71.0202858553;56.5198600213;28.6179513643
2025-07-21 19:00:00;109.8556331777;83.5359276012;38.2883516902;81.012580384
2025-07-21 20:00:00;106.0096766704;84.4177795194;27.5096475097;95.6511829652
2025-07-21 21:00:00;109.8432523925;83.5661353826;0;67.1090466735
2025-07-21 22:00:00;63.4619872522;59.8993383142;0;72.5869901769
2025-07-21 23:00:00;67.5791472053;35.5704278723;0;79.4986656626
2025-07-22 00:00:00;30.3517037399;14.9154982095;0;65.7828012839
2025-07-22 01:00:00;27.4345215502;23.7971149259;0;73.8678487096
2025-07-22 02:00:00;35.7933943057;29.9131730394;0;47.4368746727
2025-07-22 03:00:00;31.4561269065;31.4817176884;0;73.0969829404
2025-07-22 04:00:00;32.7835809403;27.4585712203;0;79.4461008383
2025-07-22 05:00:00;23.0617760494;15.0523302713;0;79.7649198751
2025-07-22 06:00:00;77.5387027565;50.7674729845;14.3518329362;89.4660345873
2025-07-22 07:00:00;81.9789386582;58.4502148047;26.2918115955;34.1782585619
2025-07-22 08:00:00;86.2854492594;44.7849088024;41.8458522608;36.7448663157
2025-07-22 09:00:00;91.0414967539;56.0946150106;50.8566803943;62.4762217868
2025-07-22 10:00:00;54.8583100892;34.329949354;71.2049452352;40.7959695768
2025-07-22 11:00:00;72.5662552957;40.8496855706;88.5422855842;44.5088483498
2025-07-22 12:00:00;66.1659681265;44.025342803;94.2139447623;41.6789155704
2025-07-22 13:00:00;59.9950116399;30.177988708;104.5222100718;39.2950522508
2025-07-22 14:00:00;49.8868188005;32.5694772301;95.1741556001;69.5263320326
2025-07-22 15:00:00;56.1410538754;38.6666177504;95.2673932201;42.9296577821
2025-07-22 16:00:00;54.2570658565;41.6336546617;89.6593755817;35.5167178872
2025-07-22 17:00:00;57.5532725804;30.8574133631;71.7605063139;43.8811644247
2025-07-22 18:00:00;110.4453071891;74.4139973694;52.6041794618;24.7058469535
2025-07-22 19:00:00;113.6268367839;85.8777745169;41.1051315596;53.2307640614
2025-07-22 20:00:00;116.4572472778;85.717800542;29.3399188753;48.1942924586
2025-07-22 21:00:00;108.5670750208;99.9221008055;0;73.3981347915
2025-07-22 22:00:00;66.4885200522;58.8463477483;0;52.8790393001
2025-07-22 23:00:00;56.9030409385;40.1153714097;0;77.6959907285
2025-07-23 00:00:00;33.8993720202;22.1514395588;0;96.0213119534
2025-07-23 01:00:00;39.53408988;19.3561888468;0;85.0414170087
2025-07-23 02:00:00;25.1381462195;26.3443400623;0;67.3158209238
2025-07-23 03:00:00;30.3268927625;22.2691660992;0;73.6568354066
2025-07-23 04:00:00;34.7002742885;26.2389113614;0;44.022394705
2025-07-23 05:00:00;30.879487065;23.8803609436;0;68.7673756981
2025-07-23 06:00:00;88.9612371401;59.350595566;15.1513416915;55.8424953453
2025-07-23 07:00:00;86.4587916716;45.545722802;30.6730849488;50.0979954855
2025-07-23 08:00:00;86.2916040195;58.9693902229;39.7433017886;70.1446156036
2025-07-23 09:00:00;87.8281654673;49.9983056983;57.7245648217;48.0222348641
2025-07-23 10:00:00;65.4137382684;42.1805072828;78.5453644549;21.4386141008
2025-07-23 11:00:00;59.9097311917;46.6114371462;76.9745823284;38.8330632697
2025-07-23 12:00:00;64.9291179321;50.9877872577;92.4141972872;43.9953499181
2025-07-23 13:00:00;60.7885834482;26.7166964303;101.8861113259;50.8904714786
2025-07-23 14:00:00;51.8440786529;33.0865316465;97.7543752449;40.7036733223
2025-07-23 15:00:00;48.1625333011;30.765771982;111.5731864249;52.8568646852
2025-07-23 16:00:00;53.0488084181;26.1017829946;80.5361543729;34.3328018352
2025-07-23 17:00:00;50.5144230695;39.1103036657;68.4941606623;38.0380327279
2025-07-23 18:00:00;105.1878232341;77.6563448171;56.737139711;57.843444499
2025-07-23 19:00:00;111.8366195258;84.9477027417;36.9141141401;47.7734006481
2025-07-23 20:00:00;108.0140922808;74.5177095207;27.1816970909;72.6479006989
2025-07-23 21:00:00;108.3991476972;87.3746387071;0;42.1097452248
2025-07-23 22:00:00;65.9166400805;57.5910825674;0;92.2835986417
2025-07-23 23:00:00;58.3269311897;43.058462239;0;51.6376358641
2025-07-24 00:00:00;22.8147242222;19.8582461463;0;67.6356407995
2025-07-24 01:00:00;33.6707125236;21.565159507;0;77.5630141083
2025-07-24 02:00:00;21.9630364451;24.6314169483;0;61.5159549075
2025-07-24 03:00:00;26.2567380195;22.8401808771;0;74.210056553
2025-07-24 04:00:00;22.5525097391;27.5121446741;0;81.9464673428
2025-07-24 05:00:00;28.4641735475;18.7876563534;0;88.8465653572
2025-07-24 06:00:00;89.91436476;49.0014963872;18.7920390866;85.8176338592
2025-07-24 07:00:00;88.4936211649;60.0682660201;27.6289570487;41.13864265
2025-07-24 08:00:00;98.7515306482;59.8367604725;40.9911093227;41.4092188873
2025-07-24 09:00:00;92.8792206757;61.4824240847;54.059476868;68.2290429052
2025-07-24 10:00:00;60.863364971;39.3986147824;63.7012683232;53.1926947739
2025-07-24 11:00:00;59.666827775;42.2264780523;89.6807613493;33.0788210507
2025-07-24 12:00:00;77.2336710311;39.6855952087;112.9820070511;44.0594558716
2025-07-24 13:00:00;58.3678867731;36.5159241016;105.6176229529;45.9473356557
2025-07-24 14:00:00;56.23847598;29.9936641646;107.3629195765;48.4523957893
2025-07-24 15:00:00;53.9231459022;26.6818803289;104.5631212613;34.7345942133
2025-07-24 16:00:00;54.8171598009;30.384813615;78.5530296376;44.984722119
2025-07-24 17:00:00;46.9169830076;25.7836915819;82.355445988;72.8611004206
2025-07-24 18:00:00;111.6293017604;88.7058765158;57.3636539073;57.4091605092
2025-07-24 19:00:00;111.2431667831;81.0554464494;46.6912673503;24.3215119287
2025-07-24 20:00:00;106.8540007006;70.741919495;26.7202511654;84.0902422146
2025-07-24 21:00:00;108.4992564535;82.5583766659;0;82.0415688084
2025-07-24 22:00:00;71.8718690672;59.3947841747;0;58.6859895939
2025-07-24 23:00:00;64.4902881554;41.1396686143;0;76.0392676662
2025-07-25 00:00:00;39.885544585;27.5773439437;0;56.6347925609
2025-07-25 01:00:00;22.7322162594;29.0382269673;0;63.6522591444
2025-07-25 02:00:00;28.2156878855;25.0748818393;0;99.1558792176
2025-07-25 03:00:00;23.6025202429;26.4714435973;0;67.2322940662
2025-07-25 04:00:00;25.122872681;17.593005779;0;38.4153585644
2025-07-25 05:00:00;26.8383480481;40.0598357308;0;70.9908773254
2025-07-25 06:00:00;89.1762899166;63.054018503;21.2229324807;70.7152382048
2025-07-25 07:00:00;88.958114366;60.0752053156;30.4764662194;56.2456444504
2025-07-25 08:00:00;84.7005901578;47.6009700057;43.6010646862;43.4345768471
2025-07-25 09:00:00;77.7322985881;55.7471862383;58.1390763323;38.7179951401
2025-07-25 10:00:00;71.5301653758;41.6382128155;71.8231285363;54.5868247682
2025-07-25 11:00:00;63.5946062249;38.0668100627;96.8821358477;44.5863926689
2025-07-25 12:00:00;59.8572416808;27.405944788;101.2867258928;35.1643147816
2025-07-25 13:00:00;54.6793113874;25.9341139267;89.8433029222;65.0724386713
2025-07-25 14:00:00;54.3621261399;36.1637984459;97.0925977908;52.937328248
2025-07-25 15:00:00;51.9900787801;38.3072858597;98.6728525724;50.5296368065
2025-07-25 16:00:00;54.110512443;37.9492702548;90.5848103295;52.7384706553
2025-07-25 17:00:00;48.2444885908;36.7123525041;72.9483599586;36.9774671104
2025-07-25 18:00:00;114.0538535395;83.1298611815;62.6359948347;43.8320356201
2025-07-25 19:00:00;106.1483438188;76.3082153928;35.2364803118;64.9773329493
2025-07-25 20:00:00;107.9091822963;82.4099153688;29.0265436674;61.7598357929
2025-07-25 21:00:00;113.5538539179;89.785383824;0;85.5704424145
2025-07-25 22:00:00;70.2983627897;57.4189374501;0;68.4476409078
2025-07-25 23:00:00;72.0165330033;55.3510901094;0;78.7941051781
2025-07-26 00:00:00;34.7510920731;23.7177427473;0;72.7897951051
2025-07-26 01:00:00;28.5416751729;15.610570178;0;91.7959368372
2025-07-26 02:00:00;23.065351189;22.1476507323;0;79.8362635913
2025-07-26 03:00:00;36.3227501352;26.4254365027;0;72.8628705744
2025-07-26 04:00:00;36.1681319501;25.2492012297;0;72.3780723608
2025-07-26 05:00:00;26.9761073099;31.3664387991;0;55.2915761024
2025-07-26 06:00:00;77.9801598744;54.9656980957;16.0041915942;81.8221808558
2025-07-26 07:00:00;72.3400091315;40.0097190494;30.7693456474;43.1335890638
2025-07-26 08:00:00;80.59055518;61.9794949362;41.8851725197;38.1033945486
2025-07-26 09:00:00;71.5179182233;28.9338938441;59.6226148448;55.6240938802
2025-07-26 10:00:00;63.3425376971;54.8361440813;68.9514362822;29.9530768643
2025-07-26 11:00:00;57.9761493673;34.6544306996;98.4912854149;38.9693359317
2025-07-26 12:00:00;62.5275587042;35.9703893878;109.6796967827;54.7663553037
2025-07-26 13:00:00;42.6534180392;25.4931560409;112.8031107586;54.8432374467
2025-07-26 14:00:00;46.5631389726;31.0542753223;106.6552689258;50.2252483003
2025-07-26 15:00:00;40.37874936;25.1002490177;105.9388531816;54.0233014389
2025-07-26 16:00:00;48.5384573871;30.3383089397;84.2934261799;53.113517622
2025-07-26 17:00:00;48.7861926504;40.9103257629;79.14020991;31.5591569084
2025-07-26 18:00:00;104.0176191371;79.8031961417;65.2983372905;46.394909729
2025-07-26 19:00:00;95.4001905927;62.840183661;45.8188281687;91.7701752639
2025-07-26 20:00:00;96.4894354165;78.2185129343;27.3133701503;54.5843902169
2025-07-26 21:00:00;91.1122748109;75.0736403217;0;60.1564779748
2025-07-26 22:00:00;56.87481408;46.1242936536;0;56.507583911
2025-07-26 23:00:00;52.729096464;43.1177375859;0;63.9355317846
2025-07-27 00:00:00;30.5213734148;22.5685513102;0;62.4449964972
2025-07-27 01:00:00;30.785320477;21.1427839498;0;81.9972575996
2025-07-27 02:00:00;28.4146280699;20.9040517001;0;76.7078265882
2025-07-27 03:00:00;30.2832529344;7.3385918787;0;87.2387707809
2025-07-27 04:00:00;28.3111717363;20.6060798831;0;53.8954019874
2025-07-27 05:00:00;28.2912099373;27.2661221406;0;66.8819552023
2025-07-27 06:00:00;78.483000781;50.9038700062;19.4732955806;68.9766489732
2025-07-27 07:00:00;74.4273712374;41.9615423492;26.2807859151;48.8573938058
2025-07-27 08:00:00;75.1998080741;55.5810046748;44.6035985971;35.1632115331
2025-07-27 09:00:00;67.0801383888;41.1885154242;60.3979116019;53.901495916
2025-07-27 10:00:00;56.1965698801;29.1890307403;63.6570203666;56.87047337
2025-07-27 11:00:00;56.6779129748;50.3959909517;81.8993558734;33.0178428587
2025-07-27 12:00:00;52.4984835848;26.9484922877;99.995901564;38.4785438228
2025-07-27 13:00:00;54.0001396989;38.566555948;106.2906819802;44.3663789736
2025-07-27 14:00:00;34.3159834669;15.5671599295;98.3739322258;84.8469286462
2025-07-27 15:00:00;48.1471582667;30.8187901386;105.4972334864;45.6716484362
2025-07-27 16:00:00;47.825127778;23.5070572484;92.1077408149;72.6328452391
2025-07-27 17:00:00;47.0546293497;24.795086801;73.6907456646;34.9674872539
2025-07-27 18:00:00;93.7779694869;74.1892626654;54.7716306488;38.5108559411
2025-07-27 19:00:00;95.4630692633;74.0156092524;46.2288135369;54.4984388872
2025-07-27 20:00:00;96.8918019695;80.6562598094;33.1953174329;51.8818263452
2025-07-27 21:00:00;89.7185181843;70.695231856;0;61.3852752297
2025-07-27 22:00:00;55.6373876867;62.0830042929;0;54.1337282879
2025-07-27 23:00:00;53.4660815978;41.1591125822;0;52.3151913183
2025-07-28 00:00:00;25.3828719156;24.707233572;0;94.8902419239
2025-07-28 01:00:00;33.5320946024;14.8499617228;0;96.0918351287
2025-07-28 02:00:00;27.7652078056;17.8529469549;0;91.0424525722
2025-07-28 03:00:00;23.5644656802;25.1249326865;0;83.2190919428
2025-07-28 04:00:00;27.8788317435;21.9774657847;0;75.2861273474
2025-07-28 05:00:00;26.7097846752;24.2598654902;0;64.4372219995
2025-07-28 06:00:00;91.6910347858;54.4118723517;18.3826772271;56.0467560308
2025-07-28 07:00:00;87.7522483769;57.7281715853;28.1669308369;48.1544594711
2025-07-28 08:00:00;93.2836016;60.8034214278;44.7864649725;31.1946905209
2025-07-28 09:00:00;84.0633762039;46.9264456392;57.2141516603;33.1781469941
2025-07-28 10:00:00;68.2934238569;46.3520873041;74.7872486924;56.8727932413
2025-07-28 11:00:00;77.13796255;35.2039187636;96.6261617938;65.1255661126
2025-07-28 12:00:00;65.9618055354;42.0126504442;87.5845085263;48.4888748593
2025-07-28 13:00:00;56.8854694082;43.0365377963;121.6474547517;65.7533991501
2025-07-28 14:00:00;56.1288790168;37.997866384;110.6818007912;48.3404103258
2025-07-28 15:00:00;46.6087105544;34.322636166;99.9718185692;34.2814923711
2025-07-28 16:00:00;55.6442273664;28.8645352634;90.576743579;59.3887214449
2025-07-28 17:00:00;54.3871029707;45.2134367115;75.4033455015;58.8365466986
2025-07-28 18:00:00;108.5972358303;88.4046614534;50.7436314165;52.428922763
2025-07-28 19:00:00;105.7879353716;72.6272524035;48.2467701894;62.2094511466
2025-07-28 20:00:00;112.889023637;79.4613842608;29.7153105385;82.1520067068
2025-07-28 21:00:00;105.3902822273;89.7959023881;0;49.9027754128
2025-07-28 22:00:00;73.9610646544;71.8113199218;0;53.4117598041
2025-07-28 23:00:00;64.873420309;38.4838481306;0;49.5323707913
2025-07-29 00:00:00;24.7129183395;16.4401108647;0;75.6270752832
2025-07-29 01:00:00;27.9048168021;22.9024849634;0;53.9132416347
2025-07-29 02:00:00;28.9661955323;10.2902623699;0;61.3862242244
2025-07-29 03:00:00;41.0734949972;28.9917422633;0;60.9879366095
2025-07-29 04:00:00;26.2371497939;29.9607113617;0;69.2291620411
2025-07-29 05:00:00;29.69482237;15.5771309561;0;46.5174491088
2025-07-29 06:00:00;84.4105724812;54.6127420101;20.0015361189;75.6683979203
2025-07-29 07:00:00;89.0774633307;53.2979414759;32.1961903834;58.2875184515
2025-07-29 08:00:00;84.4823247839;64.3801275595;39.97518701;45.9374081847
2025-07-29 09:00:00;81.7050451479;47.0857674673;61.7541055471;61.5534910834
2025-07-29 10:00:00;63.3067745001;48.6834095569;74.7641596062;59.2505291056
2025-07-29 11:00:00;62.8383278142;34.5607666479;98.3987673037;53.0715083903
2025-07-29 12:00:00;61.5205004099;43.3439590548;86.6552984869;45.2619749205
2025-07-29 13:00:00;50.4383534759;32.0390195788;110.2800810095;52.1293432612
2025-07-29 14:00:00;58.1941311814;33.6646597692;105.8004901925;61.7361664617
2025-07-29 15:00:00;51.4241691268;26.839179008;108.037566378;46.7619200103
2025-07-29 16:00:00;47.7594256098;33.6007401253;95.6213590093;27.4413404453
2025-07-29 17:00:00;50.7834782539;30.2172439053;72.0749731337;58.2138467783
2025-07-29 18:00:00;109.7205106495;77.5451989938;56.1103970493;37.179737414
2025-07-29 19:00:00;103.4627868175;86.310470506;43.1460038519;50.6172105723
2025-07-29 20:00:00;116.792901002;89.5931294423;27.7725557507;66.6522682986
2025-07-29 21:00:00;113.3801078307;90.2434879956;0;65.0635533704
2025-07-29 22:00:00;70.6213774555;57.2816997058;0;43.1203435775
2025-07-29 23:00:00;65.9501766739;44.2293849919;0;69.4059794995
2025-07-30 00:00:00;21;19.9571555703;0;92.5230737603
2025-07-30 01:00:00;37.0397075785;29.3332124433;0;53.5012470154
2025-07-30 02:00:00;26.244648235;24.9569909266;0;98.2304964084
2025-07-30 03:00:00;26.6108655056;24.0911360033;0;45.4559295801
2025-07-30 04:00:00;30.8341690014;15.8229819645;0;113.9705428516
2025-07-30 05:00:00;36.3327401637;30.7181309872;0;66.8610306137
2025-07-30 06:00:00;91.3383410459;57.7399597321;20.8237007069;77.2360934998
2025-07-30 07:00:00;90.6768139839;51.5384338966;29.3244940807;23.563839913
2025-07-30 08:00:00;85.1953272051;42.668288729;33.7409069302;44.0192946708
2025-07-30 09:00:00;85.1243150757;55.3746899512;58.2917267645;47.2679620559
2025-07-30 10:00:00;65.5681582132;37.1498010358;70.7509406826;43.7507203249
2025-07-30 11:00:00;63.4260929215;43.1998949184;80.9284464222;38.4194957933
2025-07-30 12:00:00;68.0133422903;37.8541635972;95.0270130966;34.1327375669
2025-07-30 13:00:00;56.4533725796;33.4846026459;113.2524391942;66.9100121393
2025-07-30 14:00:00;55.3788790347;30.0442319448;124.2030748737;52.5679670596
2025-07-30 15:00:00;41.3510173215;34.7929686033;108.1101636096;72.2599912769
2025-07-30 16:00:00;53.293790726;39.7189591908;88.5588949519;45.3000491064
2025-07-30 17:00:00;52.2280006261;42.0012116674;79.9760863606;46.4957981969
2025-07-30 18:00:00;109.9418013868;79.7836677631;57.8866075954;62.8028062728
2025-07-30 19:00:00;105.7912253054;84.9512765937;41.5224018614;39.8572553624
2025-07-30 20:00:00;103.224149582;79.4339749204;27.4264906074;46.7238252252
2025-07-30 21:00:00;111.2698093387;92.1595710295;0;85.473125845
2025-07-30 22:00:00;62.4080557775;53.376383848;0;47.4201784849
2025-07-30 23:00:00;66.597530179;39.509057843;0;36.5695098815
2025-07-31 00:00:00;27.0244582222;8.4072700446;0;110.0166800652
2025-07-31 01:00:00;36.415170804;37.2859820503;0;48.8578344849
2025-07-31 02:00:00;34.5483647133;27.4388536498;0;78.4392591954
2025-07-31 03:00:00;31.3792949102;26.3782250741;0;76.282724687
2025-07-31 04:00:00;29.0837750615;34.6000652824;0;22.297029523
2025-07-31 05:00:00;33.8794128718;14.8307231722;0;69.9762266896
2025-07-31 06:00:00;88.1326596266;53.4554301602;16.9393194075;83.3939490406
2025-07-31 07:00:00;87.4398233037;55.2587007729;29.5605218781;48.9778760611
2025-07-31 08:00:00;91.059088801;61.7012347651;44.9565085311;55.1554809894
2025-07-31 09:00:00;92.7856071528;54.0019891514;60.2119365032;40.6339989067
2025-07-31 10:00:00;58.2012955133;29.9038101832;75.3231024794;53.0069038001
2025-07-31 11:00:00;59.1104173604;30.6361884578;86.8737199;37.2388859806
2025-07-31 12:00:00;60.3259725788;44.3570666144;111.6806440218;29.1274217844
2025-07-31 13:00:00;45.8117108469;25.2035630212;101.4214761136;35.4614471826
2025-07-31 14:00:00;52.2902531712;28.8240764645;120.4050998642;33.3042893388
2025-07-31 15:00:00;55.2731455848;36.9343164474;97.9596957039;65.739937691
2025-07-31 16:00:00;52.476239209;30.2302601626;88.327178549;32.6158256785
2025-07-31 17:00:00;50.169074149;22.6513145223;68.773063166;56.0874788603
2025-07-31 18:00:00;113.9643029796;73.906108207;58.2469476728;49.0016365401
2025-07-31 19:00:00;109.5277468869;79.5883718995;47.8590961858;65.7569243746
2025-07-31 20:00:00;110.4386664256;82.828399454;31.7709607721;90.4958985436
2025-07-31 21:00:00;114.0892996945;86.0387340918;0;60.0915946849
2025-07-31 22:00:00;63.2825571187;54.5463955313;0;77.8079013001
2025-07-31 23:00:00;73.1081091703;39.7304171063;0;68.1226091509
2025-08-01 00:00:00;27.9848324826;13.373389907;0;72.579814119
2025-08-01 01:00:00;38.9907669203;37.8892770057;0;118.8286992036
2025-08-01 02:00:00;25.6136916814;31.5010530409;0;48.2608765313
2025-08-01 03:00:00;32.328682063;26.7924225148;0;99.7624978015
2025-08-01 04:00:00;27.1086052404;17.7719620052;0;87.8281661728
2025-08-01 05:00:00;35.0380475264;24.1068388504;0;66.4024628069
2025-08-01 06:00:00;83.9817588066;51.4714882172;21.4456804494;106.1790278052
2025-08-01 07:00:00;87.4427258999;66.0357435568;32.091281347;24.3530980351
2025-08-01 08:00:00;83.2063665598;56.6273618904;40.8629829794;39.3634256434
2025-08-01 09:00:00;90.3513188235;60.601809593;59.6409404007;31.5918146824
2025-08-01 10:00:00;60.7119734836;37.8106620733;73.7523601159;49.9318769877
2025-08-01 11:00:00;71.2382209578;48.4890198832;104.9847306259;32.6716684574
2025-08-01 12:00:00;59.1808671752;38.1992922807;97.2242415214;50.1693146627
2025-08-01 13:00:00;46.3720528313;27.8272505296;122.6356148258;50.3514467712
2025-08-01 14:00:00;56.7093628151;29.1058440867;122.6288042543;46.4839824074
2025-08-01 15:00:00;49.7649820826;28.2190997643;123.2558086212;57.944422147
2025-08-01 16:00:00;52.3948105532;26.5616226432;91.7748036551;49.2663346338
2025-08-01 17:00:00;50.9772932715;33.3076014718;83.1447524251;38.4394922218
2025-08-01 18:00:00;102.6980197253;72.0192395756;72.4444364107;89.8002517853
2025-08-01 19:00:00;108.2582854389;65.5660252583;42.6056983788;59.6324857038
2025-08-01 20:00:00;114.2968784549;86.2335766926;27.0216369644;30.2571760697
2025-08-01 21:00:00;113.1188734424;80.0687165647;0;53.6073062827
2025-08-01 22:00:00;64.7059215883;58.4179450365;0;46.389649694
2025-08-01 23:00:00;68.6680614752;49.8434299191;0;81.9267737601
2025-08-02 00:00:00;25.2321663689;19.5216485374;0;82.0052092772
2025-08-02 01:00:00;28.5354555199;25.2860850149;0;83.4674584642
2025-08-02 02:00:00;31.7811222333;27.3041400743;0;68.8803776722
2025-08-02 03:00:00;29.4131332793;21.3856496532;0;70.6009218395
2025-08-02 04:00:00;28.8892950129;32.0739336989;0;68.8631358815
2025-08-02 05:00:00;24.5971032046;18.1878881617;0;74.3610369377
2025-08-02 06:00:00;63.0876971495;49.9563377941;17.0561340601;91.7525218997
2025-08-02 07:00:00;76.1341323107;48.7966272855;32.8664123675;49.3673323128
2025-08-02 08:00:00;73.548230478;43.1561588075;38.4252263075;51.2349404404
2025-08-02 09:00:00;76.5127261003;46.3161990759;59.9950679714;51.2286339033
2025-08-02 10:00:00;51.4352383091;26.1262224444;82.1779870063;55.6106317417
2025-08-02 11:00:00;50.1952995671;36.1925989364;97.1936974239;48.8216896545
2025-08-02 12:00:00;53.4322658987;22.6114747884;112.2209477379;49.6266048981
2025-08-02 13:00:00;47.7212317928;35.7492556392;117.5809930608;68.9218737962
2025-08-02 14:00:00;42.8357984066;20.0728940986;127.3460001261;44.2975269593
2025-08-02 15:00:00;47.4853667035;35.2657776621;100.2589863287;41.764541402
2025-08-02 16:00:00;39.3489473488;26.8081085823;90.5877536986;37.3788396363
2025-08-02 17:00:00;43.1508212747;30.2607007999;74.4922246058;55.5608161595
2025-08-02 18:00:00;91.1891530996;65.6963263135;65.9438327341;28.5084446648
2025-08-02 19:00:00;97.0234214956;72.8228256731;48.4996358111;76.2041557635
2025-08-02 20:00:00;92.4389900391;70.5428213069;32.2159683098;66.4467539868
2025-08-02 21:00:00;99.3620155803;66.4787742905;0;87.6887877583
2025-08-02 22:00:00;47.338218449;37.2368831313;0;56.8366143811
2025-08-02 23:00:00;53.9874351186;35.758260526;0;64.8392947742
2025-08-03 00:00:00;30.8072911763;17.0073781866;0;116.6776343503
2025-08-03 01:00:00;32.7904193891;29.7469500158;0;122.6213587756
2025-08-03 02:00:00;26.339880286;23.2399745574;0;75.6221382017
2025-08-03 03:00:00;37.5800085273;21.3287218879;0;95.255949411
2025-08-03 04:00:00;30.0583377366;19.1662953893;0;97.8217018385
2025-08-03 05:00:00;25.1081961918;18.9642224214;0;99.6265668564
2025-08-03 06:00:00;72.1842074194;45.4728859257;24.9858554913;85.1340335906
2025-08-03 07:00:00;70.8470930233;40.3136580123;32.0200972863;72.1821389227
2025-08-03 08:00:00;84.7808780164;50.4892540307;58.2970070709;28.8420106685
2025-08-03 09:00:00;76.9810660741;53.300406129;78.8727248045;48.9134105791
2025-08-03 10:00:00;53.4782160079;35.1031040552;95.5864860519;60.7911090465
2025-08-03 11:00:00;52.7511148238;30.9601682586;124.4128589576;60.918133817
2025-08-03 12:00:00;57.5344957884;34.8918396466;107.0369475985;73.1576495857
2025-08-03 13:00:00;48.2488296441;27.7880437791;125.8369280249;82.8865278404
2025-08-03 14:00:00;30.6519752857;18.4833867458;123.6212985003;59.2276275455
2025-08-03 15:00:00;46.647419119;29.9071953135;130.5116308929;84.5072870353
2025-08-03 16:00:00;43.8797993706;31.5406220256;99.7430179733;52.3951252369
2025-08-03 17:00:00;37.8538027246;14.8746830594;95.7444520128;78.6237808899
2025-08-03 18:00:00;95.2188634737;66.9391149555;78.013860399;92.6497019165
2025-08-03 19:00:00;101.3657459064;63.5195780391;54.2972166397;106.9111419166
2025-08-03 20:00:00;93.7634816061;74.1124805543;36.1542509266;84.1720622802
2025-08-03 21:00:00;96.2098278355;79.7045751486;0;75.2019028923
2025-08-03 22:00:00;61.373275821;49.8543376759;0;50.6661473729
2025-08-03 23:00:00;49.518560229;35.2063738512;0;88.3700199894
2025-08-04 00:00:00;21.6409284967;11.0082957955;0;55.3843736959
2025-08-04 01:00:00;32.9558972849;30.6206091394;0;61.567973126
2025-08-04 02:00:00;28.885748086;28.0219835073;0;53.9343155704
2025-08-04 03:00:00;23.8162194643;29.8231379321;0;67.9562273062
2025-08-04 04:00:00;29.6482352874;31.3437710805;0;76.2582293587
2025-08-04 05:00:00;33.2739631821;16.3694289837;0;82.0482808239
2025-08-04 06:00:00;84.7667482641;60.1480392245;18.826758119;65.2662005286
2025-08-04 07:00:00;81.8963964173;61.846414097;29.5166537232;58.3945049633
2025-08-04 08:00:00;84.4313389842;44.9820621246;50.6728010383;43.678750235
2025-08-04 09:00:00;85.3494766617;52.7960602201;66.8925975998;37.0031288794
2025-08-04 10:00:00;54.4576703849;32.7883575718;80.5985283568;48.6838494489
2025-08-04 11:00:00;62.4978532774;42.3231253674;94.2642886552;68.6958425897
2025-08-04 12:00:00;57.090808442;21.1842528902;92.6003136813;49.9379340122
2025-08-04 13:00:00;54.9575672563;44.3317434529;107.5595973538;48.8801706495
2025-08-04 14:00:00;44.9672588821;26.3829499835;135.6257256529;33.2288461684
2025-08-04 15:00:00;56.5490653927;40.246196644;99.1898297167;50.8079284114
2025-08-04 16:00:00;50.1507076608;30.4389465339;99.0031313938;56.9138830453
2025-08-04 17:00:00;49.5485597918;34.7520603548;87.3671303631;48.5478838349
2025-08-04 18:00:00;109.0589466323;67.7358106953;56.6452792774;31.3752729044
2025-08-04 19:00:00;103.8367459409;74.8218409982;46.7481909531;54.4188347839
2025-08-04 20:00:00;108.988256838;83.4825337046;34.03734892;94.2485442741
2025-08-04 21:00:00;104.4394114584;79.8471740534;0;93.893679155
2025-08-04 22:00:00;60.6350352612;42.2986687836;0;53.7955187605
2025-08-04 23:00:00;64.9644343287;44.4105551173;0;80.7401997618
2025-08-05 00:00:00;24.8763866982;18.81889903;0;68.7751777809
2025-08-05 01:00:00;24.3104821421;15.3065389024;0;131.7357439073
2025-08-05 02:00:00;31.1170147833;13.5162005336;0;103.4819713175
2025-08-05 03:00:00;29.8789506638;24.9780146783;0;120.6525804322
2025-08-05 04:00:00;30.7591173516;31.4105618813;0;55.6969396241
2025-08-05 05:00:00;31.4743765652;35.0389654019;0;114.0221947045
2025-08-05 06:00:00;85.4634725225;45.4535006164;0.8287826587;97.317033219
2025-08-05 07:00:00;87.9416993382;60.4287267954;1.5766277499;70.9624439623
2025-08-05 08:00:00;85.6437458218;59.4316316665;1.6167597148;71.8829615223
2025-08-05 09:00:00;76.1724149818;44.4347078406;2.7662845175;59.4645993336
2025-08-05 10:00:00;55.1009812218;30.4518315476;3.22935569;49.7149551724
2025-08-05 11:00:00;71.6422332089;35.964605061;4.1938749487;69.9059935824
2025-08-05 12:00:00;62.9667852995;34.4132295179;4.6339001516;57.622661312
2025-08-05 13:00:00;56.1231390142;35.4632216692;4.485097829;53.3603485263
2025-08-05 14:00:00;50.2913840061;38.6020091822;4.8518358059;52.5521103906
2025-08-05 15:00:00;51.5859836567;40.0234382447;3.8106214078;43.0476906831
2025-08-05 16:00:00;49.8069106372;21.2914286507;4.1405750486;59.5456587455
2025-08-05 17:00:00;62.943724573;33.403921928;3.3527331178;87.0683409854
2025-08-05 18:00:00;108.5836940636;86.3282339673;2.6805811567;71.2872159039
2025-08-05 19:00:00;105.0372425882;72.7813403473;2.0237659043;76.1314194143
2025-08-05 20:00:00;100.0121744525;73.0231421393;1.3200751205;105.4109557102
2025-08-05 21:00:00;116.3259036552;78.9153460536;0;69.4904635715
2025-08-05 22:00:00;62.2317091642;58.7126095687;0;89.8455212684
2025-08-05 23:00:00;66.3154929358;34.2728544682;0;83.8128798779
2025-08-06 00:00:00;33.8519878064;13.5014178093;0;92.795210153
2025-08-06 01:00:00;27.9172626446;30.4823605253;0;47.042363996
2025-08-06 02:00:00;33.0260374892;36.3638524354;0;61.1589397772
2025-08-06 03:00:00;27.2813777096;22.5048771173;0;45.8576062393
2025-08-06 04:00:00;25.5430813708;22.3612334066;0;72.626495371
2025-08-06 05:00:00;35.2400911163;28.9983821444;0;101.1890128735
2025-08-06 06:00:00;84.2619016683;55.9555535165;21.0466378819;67.8528765954
2025-08-06 07:00:00;87.3070616287;54.8915500296;29.9452425269;40.650717791
2025-08-06 08:00:00;86.8228983499;51.9249494965;44.2032357716;56.7558487725
2025-08-06 09:00:00;87.8444476977;44.1216370877;70.1518195982;59.0488720601
2025-08-06 10:00:00;55.7883992042;36.5720206715;91.7194209222;45.5683551985
2025-08-06 11:00:00;60.1590080172;36.0755573979;97.3420145251;54.5771773294
2025-08-06 12:00:00;61.3326771994;34.9858088446;112.8587194011;34.0536351378
2025-08-06 13:00:00;47.9606921454;21.6919021536;111.0346022883;73.0959683524
2025-08-06 14:00:00;53.6328769895;23.4262874072;130.9270055862;83.5715480891
2025-08-06 15:00:00;57.0433650226;36.7422295873;118.4307155862;61.4511386383
2025-08-06 16:00:00;57.7556771225;41.3311336943;114.6427873257;26.037244971
2025-08-06 17:00:00;50.17592473;31.0284485521;76.4859230547;46.7796006814
2025-08-06 18:00:00;108.4685387279;75.7312457441;62.1316790774;62.6962705272
2025-08-06 19:00:00;109.160088117;74.8293613075;47.7419108844;62.5348702508
2025-08-06 20:00:00;109.9503447708;84.8400078896;33.8821871917;92.1320905463
2025-08-06 21:00:00;103.203084518;78.5737578106;0;80.1784144087
2025-08-06 22:00:00;70.9854266153;60.9266553392;0;57.5546035032
2025-08-06 23:00:00;66.9621562377;47.987742063;0;70.4641494113
2025-08-07 00:00:00;34.2869220466;23.6586344546;0;60.6436140917
2025-08-07 01:00:00;35.4155702561;18.2438392211;0;74.5297551309
2025-08-07 02:00:00;32.4036117402;18.1889985805;0;67.2668059245
2025-08-07 03:00:00;25.3770895963;27.7055087935;0;101.0300733738
2025-08-07 04:00:00;29.374622708;15.4814930732;0;119.4066839615
2025-08-07 05:00:00;22.5702597222;21.5286761976;0;50.1524980657
2025-08-07 06:00:00;86.6104296975;50.5665538428;20.6137927915;40.5463321957
2025-08-07 07:00:00;83.9811419421;47.7462150075;30.2189458029;43.9846918993
2025-08-07 08:00:00;84.560252678;50.3847779287;50.6025510806;29.0697025729
2025-08-07 09:00:00;90.1606084892;65.837330703;68.337075946;47.3980141679
2025-08-07 10:00:00;60.5629793794;42.0937127263;76.8793199757;55.6298491656
2025-08-07 11:00:00;61.4848983384;32.6455546763;110.9205171883;64.3593170586
2025-08-07 12:00:00;62.7183323847;43.1257902472;124.0089738529;49.2158538219
2025-08-07 13:00:00;43.277912005;24.8608245687;122.0036309759;52.0263686064
2025-08-07 14:00:00;50.3605906765;39.4972195542;121.4754312407;27.628468646
2025-08-07 15:00:00;40.3718000221;37.4695830345;118.4196618681;55.0239910007
2025-08-07 16:00:00;48.9230300989;36.7610040546;93.1710327248;55.6403804806
2025-08-07 17:00:00;55.4062278677;34.9113266064;83.1597974395;63.3984549989
2025-08-07 18:00:00;108.878453767;84.9040504606;53.4845028193;44.9835549955
2025-08-07 19:00:00;104.1890628578;76.491848169;50.5838252527;62.6406045627
2025-08-07 20:00:00;107.0493462368;70.5307123576;28.4294347036;44.3146688347
2025-08-07 21:00:00;102.0283012027;77.6891844166;0;30.0241320824
2025-08-07 22:00:00;62.6089072387;47.9651348149;0;50.8073387953
2025-08-07 23:00:00;75.8058938376;48.5408106867;0;42.6924279151
2025-08-08 00:00:00;38.3061059417;36.8075543858;0;85.1254530139
2025-08-08 01:00:00;30.2367995851;29.7505593179;0;68.3456488624
2025-08-08 02:00:00;30.7206487421;25.9285704771;0;67.951045044
2025-08-08 03:00:00;25.5919560841;28.3224750097;0;59.1930448829
2025-08-08 04:00:00;26.3919490142;14.7434793447;0;15.0639956644
2025-08-08 05:00:00;31.6298294495;25.6966493955;0;108.1227934636
2025-08-08 06:00:00;82.149883059;59.1049557491;23.6924330386;58.881778009
2025-08-08 07:00:00;88.5805727812;44.1633964171;31.8908196071;42.2524270886
2025-08-08 08:00:00;91.5754851688;63.6782033778;46.8525023851;29.9747978617
2025-08-08 09:00:00;86.0086931359;44.5429671345;61.8714745681;58.5565000407
2025-08-08 10:00:00;62.9042421296;27.7589993947;81.7176517691;48.7988929774
2025-08-08 11:00:00;54.8829163912;41.8002643849;112.3450889223;37.3772214142
2025-08-08 12:00:00;65.810670807;34.9148457503;91.5749376354;42.4902185504
2025-08-08 13:00:00;46.2671663958;20.5979183621;134.1357256687;78.0200123197
2025-08-08 14:00:00;49.5326461739;34.858922108;124.9939698279;53.9586588496
2025-08-08 15:00:00;55.7317787685;32.0804256636;103.2894551092;52.4642051715
2025-08-08 16:00:00;56.0475989921;34.4404207506;92.215731192;42.0263988471
2025-08-08 17:00:00;49.3144033797;31.2649033883;94.8628591902;28.9291299027
2025-08-08 18:00:00;104.7372545983;78.8722112039;60.2154232031;52.7622995579
2025-08-08 19:00:00;103.4304395758;74.0214876395;43.2620861987;76.4145668765
2025-08-08 20:00:00;101.1870326515;74.0766907189;35.7361897861;90.0899039003
2025-08-08 21:00:00;103.720794836;79.6504652714;0;30.9422816686
2025-08-08 22:00:00;55.1873396182;50.8394043433;0;50.7884117682
2025-08-08 23:00:00;65.5202063201;47.5895021337;0;60.4050601999
2025-08-09 00:00:00;31.7753562232;34.5432045136;0;78.8631437346
2025-08-09 01:00:00;32.5223817819;21.4094919454;0;76.0698874591
2025-08-09 02:00:00;25.7051817724;21.3031736847;0;76.530553474
2025-08-09 03:00:00;24.6221824642;23.2138595473;0;86.9847734719
2025-08-09 04:00:00;30.2408142344;29.2405898025;0;61.1071863428
2025-08-09 05:00:00;30.2884615423;14.7528075626;0;97.365204825
2025-08-09 06:00:00;70.4142399915;45.7816810238;21.8968749551;87.48512991
2025-08-09 07:00:00;69.774279504;32.1088702253;30.5425758128;43.5723567622
2025-08-09 08:00:00;78.775445215;47.7889297674;48.8767358379;66.3134886044
2025-08-09 09:00:00;72.9940667684;51.9175227922;60.2797666957;65.7867138667
2025-08-09 10:00:00;61.2382684231;32.9877287417;91.7457836232;58.4043695052
2025-08-09 11:00:00;58.080558276;38.5302953331;110.3455409857;11.6200666937
2025-08-09 12:00:00;60.0349348286;31.0986075137;120.1570563447;66.0534528269
2025-08-09 13:00:00;38.181763936;16.5580142432;126.2346174024;66.2303372866
2025-08-09 14:00:00;45.6861158441;29.6809154689;139.9706941486;82.9669456955
2025-08-09 15:00:00;41.0739016841;17.3743184955;115.2489871027;72.3454674123
2025-08-09 16:00:00;35.5316061835;23.5544497964;92.0928072692;77.0540404275
2025-08-09 17:00:00;49.7488606476;32.5056154245;87.3520500592;67.3892031722
2025-08-09 18:00:00;88.4620764035;57.8231660494;76.6275546375;73.8818759962
2025-08-09 19:00:00;85.035735433;61.5768031271;44.1438720865;106.4536117046
2025-08-09 20:00:00;87.9181553846;60.4464200081;32.0653699437;74.8845870164
2025-08-09 21:00:00;86.2006842167;73.1485648618;0;43.1163649847
2025-08-09 22:00:00;49.2485748072;35.6964492059;0;65.5782463886
2025-08-09 23:00:00;51.3730004057;34.6386594215;0;77.9639501042
2025-08-10 00:00:00;37.7886683687;24.5280894095;0;80.8269136152
2025-08-10 01:00:00;27.0015725255;30.4008038662;0;54.6154693836
2025-08-10 02:00:00;37.466717989;28.754298043;0;46.9886563627
2025-08-10 03:00:00;33.8197655819;30.7615485654;0;64.6402527712
2025-08-10 04:00:00;31.7832220361;25.4979589762;0;95.3633055464
2025-08-10 05:00:00;33.3665401451;25.3318009564;0;110.688118693
2025-08-10 06:00:00;70.9432400138;42.7729482341;22.2035055248;97.5219506241
2025-08-10 07:00:00;76.6690149939;55.8308827433;33.137173812;60.189572839
2025-08-10 08:00:00;73.4332007112;45.908472413;44.6178261472;46.6430900805
2025-08-10 09:00:00;63.3907925939;31.5715743901;72.1267144274;26.8719814762
2025-08-10 10:00:00;53.5569758384;32.268754165;100.7587619722;42.1872123775
2025-08-10 11:00:00;55.7517212884;37.1176705841;104.1202138921;44.5252811668
2025-08-10 12:00:00;50.9233366612;22.021055364;107.7596321872;41.6893615123
2025-08-10 13:00:00;43.4630198813;21.1936024956;108.330114168;56.2984684568
2025-08-10 14:00:00;40.137007478;15.7232880171;126.204731319;61.6680511253
2025-08-10 15:00:00;36.6955530018;25.5199082653;126.4192352511;67.382955208
2025-08-10 16:00:00;35.9181725349;32.7859834985;106.4085737778;51.6774155326
2025-08-10 17:00:00;35.9780625123;24.4579720478;84.9688837053;29.1057993012
2025-08-10 18:00:00;92.5504382493;71.9374092353;63.0664121782;48.8344016883
2025-08-10 19:00:00;78.3334692205;61.9450372457;44.1922448037;72.1876522376
2025-08-10 20:00:00;86.5405772368;72.7173087636;35.5031812853;93.2367071261
2025-08-10 21:00:00;86.0942971246;64.5792063142;0;61.2709293142
2025-08-10 22:00:00;50.954124233;42.2055674952;0;80.5571858945
2025-08-10 23:00:00;43.8699001702;30.5551586746;0;76.5859428505
2025-08-11 00:00:00;31.8174964263;23.5237405107;0;80.6201857113
2025-08-11 01:00:00;24.2707737263;36.1281220429;0;98.2963128306
2025-08-11 02:00:00;35.0958249332;25.7385621789;0;66.5702829811
2025-08-11 03:00:00;27.2020544059;17.7750610718;0;68.2779168762
2025-08-11 04:00:00;29.5697413946;15.3025536615;0;79.5077162862
2025-08-11 05:00:00;30.0169823545;30.5053897775;0;66.9828573931
2025-08-11 06:00:00;84.9222358306;47.8162266203;23.236163198;89.8728307278
2025-08-11 07:00:00;83.9897157914;59.3954055736;29.390081854;39.3159591314
2025-08-11 08:00:00;81.9011536234;47.7187161094;55.0026743842;50.5539778701
2025-08-11 09:00:00;85.3668694808;45.3986414514;69.7598677743;46.6487431697
2025-08-11 10:00:00;64.0275254068;42.8255672679;95.2292925151;50.4178742167
2025-08-11 11:00:00;58.4867573175;33.0709671276;92.2104248329;42.347674557
2025-08-11 12:00:00;63.8485185049;41.4868135963;104.2661948168;43.7908963117
2025-08-11 13:00:00;56.3459607937;35.6135222602;123.120977358;57.1613266967
2025-08-11 14:00:00;54.1597433154;34.1490393223;129.6179701247;58.641506387
2025-08-11 15:00:00;55.1789080204;29.7366316758;133.8785343021;55.7628425094
2025-08-11 16:00:00;51.756863253;33.6204092864;109.1371293353;79.6204452299
2025-08-11 17:00:00;46.7705424256;25.3834855933;83.9776856766;41.9953810769
2025-08-11 18:00:00;102.0730387972;60.0324850252;61.2203309467;54.9254940525
2025-08-11 19:00:00;107.1559347212;83.9079693145;53.5979688601;43.5354503691
2025-08-11 20:00:00;109.9588756291;81.5478160246;30.9489582734;78.4465928578
2025-08-11 21:00:00;118.2530424789;87.0340895697;0;51.760032735
2025-08-11 22:00:00;66.3480620695;46.0629758744;0;66.7768616676
2025-08-11 23:00:00;56.6629024108;28.2536092282;0;65.0946681058
2025-08-12 00:00:00;26.5472734244;22.1642620259;0;85.7699677224
2025-08-12 01:00:00;40.2533279218;37.8753779156;0;69.0666973279
2025-08-12 02:00:00;29.0352498061;22.0757620578;0;68.2148907266
2025-08-12 03:00:00;30.2138158564;18.4042762541;0;108.9103225661
2025-08-12 04:00:00;25.6781238582;21.7031762469;0;85.843611635
2025-08-12 05:00:00;37.0429653251;39.4626410294;0;68.9012050758
2025-08-12 06:00:00;85.8464154207;58.8855397935;24.6585047021;75.1165739667
2025-08-12 07:00:00;80.1092099223;45.5112858254;33.0210465064;67.8646428117
2025-08-12 08:00:00;79.1227021879;50.7471408255;55.4197865061;45.2583040292
2025-08-12 09:00:00;84.9773337443;55.1610391205;70.8489036015;39.7992794639
2025-08-12 10:00:00;61.9576147778;33.0701749965;85.3395971231;39.8507364184
2025-08-12 11:00:00;65.5031829683;44.8628599907;99.7551844424;41.484069777
2025-08-12 12:00:00;64.2200451199;33.7269416768;114.7214784027;40.9386473687
2025-08-12 13:00:00;49.6504109229;20.6513052164;129.8461189755;38.1526080758
2025-08-12 14:00:00;48.3934653128;29.5652618342;126.3192260555;40.3327438836
2025-08-12 15:00:00;50.120832825;30.2317239361;112.3353243507;44.4683961294
2025-08-12 16:00:00;48.3625086824;29.0554626481;102.7007696633;64.3962251038
2025-08-12 17:00:00;50.2546925947;27.4927151318;86.8276554604;50.7527069296
2025-08-12 18:00:00;105.5051291635;73.8701402551;55.7551141438;53.1940960229
2025-08-12 19:00:00;101.3904559645;78.6846344132;50.9658796728;95.0301560604
2025-08-12 20:00:00;108.2692043642;80.6963095285;31.1414243403;95.47949738
2025-08-12 21:00:00;103.7642202696;74.0724165639;0;67.0406727883
2025-08-12 22:00:00;57.9702074146;38.0824456845;0;60.7522236506
2025-08-12 23:00:00;60.1764535636;37.5088279972;0;56.5405502151
2025-08-13 00:00:00;31.0901617048;22.8200300328;0;94.4807542087
2025-08-13 01:00:00;30.3736718992;18.8105545234;0;76.4115186015
2025-08-13 02:00:00;31.8995315171;19.3267718209;0;72.7515451096
2025-08-13 03:00:00;34.0425575628;21.6372418829;0;64.1512377485
2025-08-13 04:00:00;35.872230918;25.5976462944;0;65.037063137
2025-08-13 05:00:00;31.2846877321;27.1315067116;0;86.9767438693
2025-08-13 06:00:00;78.555156899;52.0393757595;19.9490322898;54.0489104542
2025-08-13 07:00:00;82.1564690302;53.36202254;29.4435186526;60.3377171024
2025-08-13 08:00:00;78.8480349118;50.1693769449;42.4179198782;41.8709507969
2025-08-13 09:00:00;91.0033109733;53.770256018;60.3528005491;46.5121690638
2025-08-13 10:00:00;70.5314047025;50.2723152044;81.9895081377;32.1691480697
2025-08-13 11:00:00;64.5145011199;42.335882241;121.2284125749;48.1703825819
2025-08-13 12:00:00;65.451165523;51.4227257075;113.807021439;44.3536648974
2025-08-13 13:00:00;51.8276616455;33.5276575873;128.2658464166;55.6672570091
2025-08-13 14:00:00;52.3456688956;25.5815381891;130.5193074758;77.1142381883
2025-08-13 15:00:00;43.5098732935;20.1490239537;120.0508987329;58.877401588
2025-08-13 16:00:00;50.3657216323;37.0740033681;104.1956554607;45.1737144171
2025-08-13 17:00:00;46.7332284954;26.0758895198;78.6081716058;46.3482368039
2025-08-13 18:00:00;106.4129389709;80.5755002442;75.5505928148;64.7603970458
2025-08-13 19:00:00;104.8785902477;69.1437847113;56.6855433491;96.011850282
2025-08-13 20:00:00;113.9075333825;85.4697658145;29.4562779705;77.587972987
2025-08-13 21:00:00;109.2716591512;75.6925409075;0;84.9590571341
2025-08-13 22:00:00;62.8684046525;55.9093389514;0;83.5280367869
2025-08-13 23:00:00;60.386872139;32.9333680802;0;98.1929642933
2025-08-14 00:00:00;37.5420965644;29.9200914325;0;41.4783471132
2025-08-14 01:00:00;29.8652040924;20.1480872173;0;94.4145529555
2025-08-14 02:00:00;31.4925328274;22.3080567697;0;100.817471122
2025-08-14 03:00:00;30.1901232199;21.4900938677;0;53.8357456215
2025-08-14 04:00:00;28.1813074243;20.7043959255;0;63.000739838
2025-08-14 05:00:00;30.1642780007;24.1884393665;0;63.7064476329
2025-08-14 06:00:00;74.3120226238;42.8385961713;20.3211875309;66.17427107
2025-08-14 07:00:00;76.1761946463;44.524069055;33.5151685745;42.7034321029
2025-08-14 08:00:00;84.7142108894;51.7436988439;46.031899169;51.4949206161
2025-08-14 09:00:00;90.1977720593;52.3919691217;70.9387477299;59.0575033643
2025-08-14 10:00:00;62.9851500576;32.6848338225;82.4431828181;61.6748785817
2025-08-14 11:00:00;58.1764952419;40.3809665614;123.8877831653;38.3811677912
2025-08-14 12:00:00;54.9253131956;30.5504019672;131.0546441135;38.2976620159
2025-08-14 13:00:00;54.0871685796;28.3673806562;129.5413636473;75.2747330691
2025-08-14 14:00:00;48.0044177279;18.461251675;137.8402393069;65.8002506303
2025-08-14 15:00:00;53.4513552909;42.9210275339;130.2443379584;57.8154367055
2025-08-14 16:00:00;52.3111891187;46.0122852526;100.8336469095;63.3447158906
2025-08-14 17:00:00;52.7091476726;28.7306515201;81.8272605583;56.2199918559
2025-08-14 18:00:00;105.014799498;82.7523302994;68.605265329;64.0704136661
2025-08-14 19:00:00;106.5899915472;76.9070260123;53.3191887659;66.7069118604
2025-08-14 20:00:00;104.3260470092;86.1826441684;34.6639660883;77.7194263441
2025-08-14 21:00:00;102.0047124102;82.3946272836;0;45.3239105199
2025-08-14 22:00:00;57.0824093166;49.8292395628;0;60.3034124275
2025-08-14 23:00:00;50.685615498;22.4630879216;0;60.4995517608
2025-08-15 00:00:00;29.1850069692;17.3072162983;0;73.6857976859
2025-08-15 01:00:00;36.8372018233;26.7938481651;0;62.4646127335
2025-08-15 02:00:00;33.2853604164;25.607605225;0;70.4512083247
2025-08-15 03:00:00;31.0246910331;17.1923655347;0;50.5162949701
2025-08-15 04:00:00;26.6969775257;17.0805862685;0;92.4464093235
2025-08-15 05:00:00;34.4880265159;27.7876269135;0;79.6178074659
2025-08-15 06:00:00;82.3783086604;46.3920533921;19.4774741444;46.6386648021
2025-08-15 07:00:00;90.0024049756;59.4102347422;32.3054211317;38.5967743341
2025-08-15 08:00:00;78.5003078787;57.5180431874;49.9329388071;52.8814635378
2025-08-15 09:00:00;79.5403376876;52.4754887914;68.2409378591;42.1551442868
2025-08-15 10:00:00;57.4361856736;37.7654872064;102.0681632329;40.2782161692
2025-08-15 11:00:00;54.5793677557;22.0400281452;94.5467390739;47.8672729531
2025-08-15 12:00:00;57.0321993393;28.1973144898;125.3696850032;52.9667755998
2025-08-15 13:00:00;50.8802235211;41.9240280436;143.5476502864;36.4719567585
2025-08-15 14:00:00;47.2108457404;21.5460555632;150;64.7328021624
2025-08-15 15:00:00;33.0620613706;28.4800947611;116.597707092;45.520908439
2025-08-15 16:00:00;55.2499801906;29.2181081828;110.5179015731;56.6512972307
2025-08-15 17:00:00;42.8373285701;25.5597639618;92.1749902165;56.4024433044
2025-08-15 18:00:00;107.2330279864;81.0511488447;69.7302207381;49.4079986574
2025-08-15 19:00:00;104.7219663579;78.0768659641;49.8329914225;54.4412132082
2025-08-15 20:00:00;114.1096783783;86.0688753837;35.7267556347;67.9397223803
2025-08-15 21:00:00;109.0678093712;75.5699508378;0;102.8947568493
2025-08-15 22:00:00;58.9781797429;44.6404881529;0;48.2584650704
2025-08-15 23:00:00;58.089614392;33.3487810086;0;104.11995951
2025-08-16 00:00:00;36.7622745636;22.6054446798;0;76.3630625542
2025-08-16 01:00:00;23.358580063;20.681044095;0;82.3877935435
2025-08-16 02:00:00;30.8589597116;30.0843979133;0;59.4789037727
2025-08-16 03:00:00;29.4099579154;23.5689036769;0;65.9190843202
2025-08-16 04:00:00;28.4554826908;25.6237009896;0;71.3980270901
2025-08-16 05:00:00;31.59081293;25.0260345435;0;60.3162999503
2025-08-16 06:00:00;70.5774578432;39.4973736595;17.8955125703;77.4002817466
2025-08-16 07:00:00;71.7827418135;47.9383456283;36.6550880575;44.0134999704
2025-08-16 08:00:00;70.3498289066;45.0176014589;51.0837775949;71.6711646601
2025-08-16 09:00:00;71.6040047935;50.8321046384;67.8951821105;34.71637818
2025-08-16 10:00:00;51.7759722214;25.4495427466;103.2930430191;50.2573246917
2025-08-16 11:00:00;48.3884078607;17.7521021421;101.2827617989;52.0354603786
2025-08-16 12:00:00;51.3738345243;32.7122654959;117.4069281804;35.8881204487
2025-08-16 13:00:00;38.9567845257;22.6523714356;149.7190685309;66.9817311249
2025-08-16 14:00:00;38.6598293231;22.2666917689;120.5469749642;51.4732602933
2025-08-16 15:00:00;40.6588490321;26.9213196539;115.9798354915;21.5459926991
2025-08-16 16:00:00;41.634119821;30.2426659164;105.804346761;66.5961770736
2025-08-16 17:00:00;42.3300379229;25.0350622465;94.7286804693;41.2031999696
2025-08-16 18:00:00;92.2167528118;66.8086848274;70.274632567;42.1916840272
2025-08-16 19:00:00;85.8499597172;63.188916438;45.343494964;86.1391138843
2025-08-16 20:00:00;88.9788817578;59.9684669019;33.2786832528;67.1200608509
2025-08-16 21:00:00;88.6241728014;66.9423646708;0;90.3629230822
2025-08-16 22:00:00;48.6170015596;40.3700269469;0;95.7355940267
2025-08-16 23:00:00;51.6876623911;47.7610438364;0;61.6486616691
2025-08-17 00:00:00;34.5122463683;21.569586667;0;98.2973761895
2025-08-17 01:00:00;30.839277976;24.6274816275;0;66.5370800027
2025-08-17 02:00:00;31.0196276806;25.3520174499;0;127.8250337127
2025-08-17 03:00:00;26.8260225108;17.9059594067;0;67.8188706908
2025-08-17 04:00:00;38.8598648304;33.500054036;0;103.0720116752
2025-08-17 05:00:00;27.0823963335;31.6232075092;0;99.333564719
2025-08-17 06:00:00;62.0293274296;40.2870080185;21.4935139407;88.5117618062
2025-08-17 07:00:00;73.4051815431;45.8280424873;34.7737510788;40.9671122721
2025-08-17 08:00:00;69.0176763237;54.7725832299;52.644391813;47.3549106302
2025-08-17 09:00:00;68.1706648078;49.6708499285;71.9138329906;22.71907003
2025-08-17 10:00:00;48.7582727397;32.3374723041;76.6549473024;51.9791360535
2025-08-17 11:00:00;59.635980561;43.6608615858;116.9499302431;53.51959441
2025-08-17 12:00:00;52.8089210053;38.9005879261;124.5944113231;50.8604084651
2025-08-17 13:00:00;44.5266011237;25.4433820288;144.402774629;14.7383784464
2025-08-17 14:00:00;42.7844909324;27.003184197;134.6230573275;39.2522909513
2025-08-17 15:00:00;43.2679438868;28.8605941442;132.8868597064;46.6817511004
2025-08-17 16:00:00;48.3465313738;28.8044532782;111.7991128876;61.607552078
2025-08-17 17:00:00;40.9238746508;17.0204681352;98.9726658904;61.5742476565
2025-08-17 18:00:00;81.2992222978;54.372310355;72.4930361922;54.9771407412
2025-08-17 19:00:00;91.7616871966;58.1398895427;50.5112259058;85.5511725394
2025-08-17 20:00:00;90.0905985077;71.3190218286;41.3508901403;54.8856472935
2025-08-17 21:00:00;88.3413504106;60.9809547797;0;85.0895615571
2025-08-17 22:00:00;53.3316543385;46.1018394889;0;82.5888145207
2025-08-17 23:00:00;49.5449157602;46.4633721721;0;80.7950597853
2025-08-18 00:00:00;30.0931166228;30.8949469156;0;91.6679269813
2025-08-18 01:00:00;29.4073488576;8.7698698471;0;139.9942009688
2025-08-18 02:00:00;27.3383028432;13.7751022148;0;107.8801194331
2025-08-18 03:00:00;35.351277524;21.2700112092;0;72.7892377336
2025-08-18 04:00:00;23.6448361766;14.7358041053;0;102.0003876717
2025-08-18 05:00:00;40.6239697732;16.5159820676;0;114.1055297538
2025-08-18 06:00:00;86.1925068812;54.8444518163;27.7458029083;81.9183666502
2025-08-18 07:00:00;74.2434870336;52.1618816081;41.9615747096;73.3150304448
2025-08-18 08:00:00;81.2356284571;57.5110026952;52.414095634;63.1266945364
2025-08-18 09:00:00;81.4859203182;50.2029336146;71.5649573573;23.8779230587
2025-08-18 10:00:00;62.5092725351;36.7512344567;104.849316791;61.9402080742
2025-08-18 11:00:00;56.2935804865;36.4647526657;125.0172130556;51.7740197767
2025-08-18 12:00:00;60.88989675;34.980103969;133.1530555903;65.3616981165
2025-08-18 13:00:00;49.4514482958;32.0962358716;150;83.0962564539
2025-08-18 14:00:00;46.6772029558;27.9832724713;150;70.5071022596
2025-08-18 15:00:00;46.0511005458;22.5636491318;147.8231766093;95.2145624166
2025-08-18 16:00:00;54.1311064975;22.02181318;112.2982150775;64.2235750196
2025-08-18 17:00:00;42.3618641572;35.4748020505;101.5362873784;77.7282258749
2025-08-18 18:00:00;105.8934263872;71.6948828612;74.6501550821;80.7555402113
2025-08-18 19:00:00;107.3317675557;79.9403035548;56.5638340962;84.3312713164
2025-08-18 20:00:00;102.7594586522;63.1958988475;38.7925373852;103.2630895574
2025-08-18 21:00:00;103.9786489535;80.2012381207;0;73.5846821039
2025-08-18 22:00:00;65.9815102035;55.2840594669;0;77.3036376954
2025-08-18 23:00:00;57.5739509066;42.8892489321;0;58.0736195457
2025-08-19 00:00:00;27.29256407;39.8189652504;0;87.7299074324
2025-08-19 01:00:00;27.7703234351;17.8454426281;0;89.4641188184
2025-08-19 02:00:00;35.2439651965;28.1182511564;0;107.1286133933
2025-08-19 03:00:00;35.815321861;27.1010185007;0;99.1006190503
2025-08-19 04:00:00;23.7184939449;18.3174171212;0;76.84581538
2025-08-19 05:00:00;34.5280833629;30.5960422181;0;58.3669313733
2025-08-19 06:00:00;85.7081423259;52.3832574459;22.0070672364;91.6897061342
2025-08-19 07:00:00;89.0142315944;61.6832877915;31.8809101192;63.4269258764
2025-08-19 08:00:00;83.7560410919;64.2934697349;51.0374471226;59.0141520608
2025-08-19 09:00:00;81.8238844061;51.0012002033;67.3187681468;63.100832345
2025-08-19 10:00:00;65.7332663001;40.411641687;69.2890348793;47.0122883674
2025-08-19 11:00:00;63.7248582723;43.6493419772;127.0894399904;43.8509724962
2025-08-19 12:00:00;70.6818340742;49.3165096233;134.4697875281;40.4966370077
2025-08-19 13:00:00;54.1723446444;25.8084845036;127.7094816453;57.1062776252
2025-08-19 14:00:00;50.549125236;26.1218174151;131.8716222977;56.7776887173
2025-08-19 15:00:00;44.5746896304;30.6156246864;112.1014095996;60.9080614902
2025-08-19 16:00:00;47.2440320447;26.7869499975;123.9696240577;56.0435120813
2025-08-19 17:00:00;43.396361941;21.0354617472;104.2337276326;55.9808144993
2025-08-19 18:00:00;102.4985395219;78.1338803255;71.3631820348;46.6699220048
2025-08-19 19:00:00;107.6336228538;79.9624419308;55.7862282693;91.9918333878
2025-08-19 20:00:00;103.449798786;74.0143199633;35.9363755725;75.8873497443
2025-08-19 21:00:00;108.0640823936;82.7135734211;0;71.2155095826
2025-08-19 22:00:00;62.098873011;49.0958925824;0;60.5489709742
2025-08-19 23:00:00;58.7658759066;36.0983923674;0;49.6683787115
2025-08-20 00:00:00;30.3943131983;17.6000381789;0;110.245513008
2025-08-20 01:00:00;32.1244351097;22.8298674024;0;94.5990708922
2025-08-20 02:00:00;30.6265052931;15.5016679938;0;49.3508220652
2025-08-20 03:00:00;30.6780790298;18.8591826257;0;98.9296550284
2025-08-20 04:00:00;26.5392745159;21.3926350096;0;102.2390962333
2025-08-20 05:00:00;28.0516068064;29.0282040485;0;85.6625902035
2025-08-20 06:00:00;91.9660590727;53.4279019919;20.5601731359;116.2718106585
2025-08-20 07:00:00;87.3310846969;48.5731276451;34.4825833161;52.5483296375
2025-08-20 08:00:00;75.1707014543;48.1955421389;52.4286974505;32.1912814428
2025-08-20 09:00:00;71.1516251812;41.2804169253;68.3344282043;54.3982903912
2025-08-20 10:00:00;60.757605014;40.9098993925;89.4614774307;52.8994767543
2025-08-20 11:00:00;64.4353671424;37.0127519544;109.0292663106;42.3293678546
2025-08-20 12:00:00;58.0750008491;17.2907349155;123.651097486;56.9952232479
2025-08-20 13:00:00;54.3180802081;54.530023756;133.0369803046;33.9095368649
2025-08-20 14:00:00;49.9890614738;29.0392547787;121.2421302215;72.557256623
2025-08-20 15:00:00;48.9868401725;30.2363266835;117.317387109;45.3886166701
2025-08-20 16:00:00;53.123134224;24.1056756899;98.5452432405;43.8355091308
2025-08-20 17:00:00;47.3271748632;20.5269527167;98.176960463;56.5006387104
2025-08-20 18:00:00;101.9010534143;73.5088915831;58.9676631643;64.4504653408
2025-08-20 19:00:00;106.206984542;78.061308974;56.6690974731;77.8355947927
2025-08-20 20:00:00;103.0499501457;80.8725714334;39.6120287338;60.8889733344
2025-08-20 21:00:00;111.7807250927;86.7202183176;0;65.311137768
2025-08-20 22:00:00;63.5369534753;46.9549877397;0;53.59160031
2025-08-20 23:00:00;63.244401345;28.7375468447;0;70.5714803877
2025-08-21 00:00:00;29.7772290927;20.0486886089;0;105.8329549143
2025-08-21 01:00:00;33.9363960452;20.7647965883;0;83.3258901777
2025-08-21 02:00:00;28.5482650224;13.3443644937;0;101.3367526944
2025-08-21 03:00:00;31.2706998804;25.7777820788;0;113.7652867665
2025-08-21 04:00:00;25.8766812885;13.2773938169;0;71.1524281338
2025-08-21 05:00:00;34.677486265;28.2691134038;0;79.5240460916
2025-08-21 06:00:00;82.8919549166;40.8374487414;22.5999557558;128.692186343
2025-08-21 07:00:00;90.5055425656;57.9839647743;28.4005519208;68.1208128798
2025-08-21 08:00:00;92.3495765055;64.9220807129;50.6828999805;29.12338252
2025-08-21 09:00:00;85.0191713104;50.1476754892;70.9710063809;54.8929571299
2025-08-21 10:00:00;60.5585892346;48.1665653026;84.193336196;50.0558796591
2025-08-21 11:00:00;55.9933850296;44.8597593986;105.9352856463;60.3896345911
2025-08-21 12:00:00;64.3220494489;38.4071922044;140.5274096781;40.7275359986
2025-08-21 13:00:00;50.5301766494;32.2206851065;140.3651174763;46.1340946914
2025-08-21 14:00:00;52.005052888;37.1266671586;123.4178813064;48.5213500161
2025-08-21 15:00:00;57.3679393554;37.8549170874;109.1992040206;50.041574487
2025-08-21 16:00:00;45.8739913129;29.5829472889;107.5988232409;70.2921179503
2025-08-21 17:00:00;45.4245273537;26.6792732446;90.0347192886;41.14766374
2025-08-21 18:00:00;101.853875501;63.9007829394;74.1691053821;49.3016905786
2025-08-21 19:00:00;106.6131973976;71.4186598116;49.9563688033;41.4965392048
2025-08-21 20:00:00;105.4146948046;90.0655712408;37.3384750842;93.9752263511
2025-08-21 21:00:00;98.8871939211;75.9452762272;0;98.928418337
2025-08-21 22:00:00;63.6551633874;51.4478996509;0;68.9346881536
2025-08-21 23:00:00;54.8452176492;46.7507757048;0;69.4812981588
2025-08-22 00:00:00;26.2301624654;16.9093681344;0;93.2314004732
2025-08-22 01:00:00;29.4804420726;23.6219167273;0;114.6122146196
2025-08-22 02:00:00;27.5095593931;21.9253061678;0;92.2974338929
2025-08-22 03:00:00;34.0043676989;27.6139889073;0;69.1393324795
2025-08-22 04:00:00;31.2887031735;22.6347927412;0;49.8516604966
2025-08-22 05:00:00;37.9450252993;21.5605325255;0;60.3969046731
2025-08-22 06:00:00;80.2545304911;45.5035188212;26.9007991092;85.275776083
2025-08-22 07:00:00;80.8169549555;48.1652067188;38.4330726354;42.0138730086
2025-08-22 08:00:00;86.8135863759;54.546091182;52.2930593136;52.6947979801
2025-08-22 09:00:00;80.9577210211;41.3729628636;70.700858369;43.30020761
2025-08-22 10:00:00;66.810672091;34.5353592735;89.5027452716;36.953891032
2025-08-22 11:00:00;62.5213754231;38.4079754398;121.6284942633;35.4605227765
2025-08-22 12:00:00;49.5001093619;27.4353195296;119.6092312524;69.8711331548
2025-08-22 13:00:00;54.7471072606;31.1441948019;134.5356797687;71.6481301242
2025-08-22 14:00:00;53.555311056;28.2439883244;134.599758076;83.9807577674
2025-08-22 15:00:00;53.7290371245;45.8027098404;120.8738529873;66.5329940639
2025-08-22 16:00:00;40.8486376935;26.7042217608;98.9299601484;52.3184866116
2025-08-22 17:00:00;46.4645855712;25.3708017395;94.512108033;78.0135771815
2025-08-22 18:00:00;99.9969090429;72.9084046726;71.4020005174;58.1354003351
2025-08-22 19:00:00;98.8610346399;77.2970433144;54.5958222045;79.5297198858
2025-08-22 20:00:00;110.4847321875;80.6306545752;34.5391065519;74.5616836163
2025-08-22 21:00:00;102.5931255237;86.9163803514;0;19.8425852025
2025-08-22 22:00:00;59.9231242345;49.8766061252;0;105.605239386
2025-08-22 23:00:00;62.5716858728;40.711543897;0;84.6201552359
2025-08-23 00:00:00;32.5618575055;23.4864836085;0;90.9949989585
2025-08-23 01:00:00;21;31.6276205256;0;82.7652026594
2025-08-23 02:00:00;27.0913910828;23.2085862782;0;87.498058201
2025-08-23 03:00:00;23.6424513999;16.7932052248;0;71.5111438357
2025-08-23 04:00:00;31.8013774192;20.1623402312;0;97.0214319268
2025-08-23 05:00:00;28.6999841355;10.9188962201;0;56.5936713584
2025-08-23 06:00:00;68.4850451395;44.6257769675;25.7140682274;87.9738703633
2025-08-23 07:00:00;59.0624622293;47.9343592772;33.7381457486;57.5192612772
2025-08-23 08:00:00;67.0214660882;35.3220404034;60.0221268279;47.9329653909
2025-08-23 09:00:00;73.4338872325;47.2160857367;62.0691665033;55.1145538235
2025-08-23 10:00:00;56.7168734984;41.8344583586;95.8747643023;37.9378353337
2025-08-23 11:00:00;53.6092362124;39.3784039339;116.010578835;38.2594742475
2025-08-23 12:00:00;44.3647570039;34.1923273625;118.5805254608;53.4229779733
2025-08-23 13:00:00;47.0209338005;14.3657706605;139.3850560509;68.8266542248
2025-08-23 14:00:00;44.6116358346;29.1558038908;148.6072763932;31.263083115
2025-08-23 15:00:00;40.8262750338;15.600851498;104.1813807386;66.5239387472
2025-08-23 16:00:00;32.2409622718;14.1144443284;116.2547886439;50.853339736
2025-08-23 17:00:00;45.644802965;34.9396466855;74.1716162521;56.0080448728
2025-08-23 18:00:00;83.7925028892;64.3522054302;66.5831816855;39.138641986
2025-08-23 19:00:00;88.0149975689;69.4969594322;59.6721229731;59.5494027656
2025-08-23 20:00:00;86.765023747;57.9866412585;34.5944032451;93.9307002214
2025-08-23 21:00:00;93.3800288041;80.9926736385;0;76.2787194813
2025-08-23 22:00:00;49.8101993875;47.8634309326;0;68.4171532757
2025-08-23 23:00:00;50.3063396691;41.7201659555;0;73.4538386456
2025-08-24 00:00:00;46.0594232111;18.3891234794;0;94.6960082078
2025-08-24 01:00:00;33.5641015793;28.4083059222;0;93.6683586515
2025-08-24 02:00:00;41.7899666577;21.9676240184;0;82.7938822899
2025-08-24 03:00:00;36.1315348227;16.8867505397;0;107.431530657
2025-08-24 04:00:00;31.6406782794;24.4619267779;0;104.8475743726
2025-08-24 05:00:00;37.2475184788;24.916108837;0;93.0962338641
2025-08-24 06:00:00;88.5669035395;40.7644704104;21.34261974;85.5284993602
2025-08-24 07:00:00;92.2649645213;60.6396273328;35.9044537272;58.9452759916
2025-08-24 08:00:00;92.9408007044;58.0493005831;61.8625722097;54.6034251635
2025-08-24 09:00:00;83.0563337989;45.735913918;61.9218326496;64.0518982648
2025-08-24 10:00:00;56.8484892238;31.5350187902;85.325192862;62.0111844752
2025-08-24 11:00:00;60.5828915293;31.5201503484;125.8345936842;37.7384000648
2025-08-24 12:00:00;55.7632025411;16.7799581342;146.2592864669;36.8814392743
2025-08-24 13:00:00;49.9793058273;24.1686659426;134.4260397017;48.7089847157
2025-08-24 14:00:00;49.2850636054;22.9481290306;122.1115758624;73.4771140346
2025-08-24 15:00:00;55.2575318301;22.3087347741;148.685186869;35.787953536
2025-08-24 16:00:00;38.8709630885;16.1000753675;126.706703895;64.8925019872
2025-08-24 17:00:00;47.0956111597;9.2800251441;98.2205112349;64.4168292224
2025-08-24 18:00:00;102.989589102;53.2005722787;67.838011821;76.2310907624
2025-08-24 19:00:00;113.6739235547;71.9997884934;52.8730109601;79.3625389448
2025-08-24 20:00:00;100.8203394857;73.6157380955;36.014126796;50.4384127245
2025-08-24 21:00:00;108.3085899051;63.8879185702;0;57.7257797058
2025-08-24 22:00:00;61.6476712352;45.9245615073;0;53.4990120871
2025-08-24 23:00:00;68.1900135908;46.0593036258;0;65.7261473608
2025-08-25 00:00:00;32.6812433903;20.3707457703;0;80.8097628254
2025-08-25 01:00:00;30.5455967932;27.7297515761;0;60.0089313982
2025-08-25 02:00:00;27.5039990644;19.8482731257;0;115.8164783464
2025-08-25 03:00:00;21.664458736;30.7449091136;0;56.6250469499
2025-08-25 04:00:00;31.1118854506;13.0704673807;0;113.179515109
2025-08-25 05:00:00;32.3872040934;14.9798023798;0;109.7723315714
2025-08-25 06:00:00;73.6367902999;47.3861541865;24.3067708465;103.6993607262
2025-08-25 07:00:00;75.1720708165;50.1441376712;40.9337010978;41.9967062961
2025-08-25 08:00:00;81.8591794362;50.9875741019;57.1180342151;55.1590322061
2025-08-25 09:00:00;82.2498321439;55.7335905195;66.6528870011;34.583597491
2025-08-25 10:00:00;55.1473580216;27.2968996565;103.9696390364;62.3797221531
2025-08-25 11:00:00;57.0219797059;25.7509087823;115.8009780981;49.869349338
2025-08-25 12:00:00;51.3410711434;26.8115693081;135.0491658164;45.6098243679
2025-08-25 13:00:00;55.2437466647;28.8013797345;150;41.1422359452
2025-08-25 14:00:00;43.1966242643;25.8480784733;124.1511091495;22.5623363245
2025-08-25 15:00:00;51.4862263581;38.1155435839;127.6460119517;43.8868346287
2025-08-25 16:00:00;48.8887359648;32.8538384592;108.1678745072;75.7682338566
2025-08-25 17:00:00;54.8492303858;37.9901241093;81.9090548925;53.3075915741
2025-08-25 18:00:00;98.2769747775;72.3115299135;74.9626630662;56.7679724247
2025-08-25 19:00:00;102.1177553915;69.250169845;64.0857967203;88.7042409682
2025-08-25 20:00:00;94.1991971034;62.3241787767;31.277329679;110.6178580493
2025-08-25 21:00:00;93.1187474288;62.77945564;0;101.4595598542
2025-08-25 22:00:00;62.2887720444;48.743816664;0;57.6873782849
2025-08-25 23:00:00;51.5726546412;39.1138714868;0;39.2010707557
2025-08-26 00:00:00;28.973021095;11.963544129;0;135.109177831
2025-08-26 01:00:00;34.5508295159;22.301498616;0;133.1839114721
2025-08-26 02:00:00;33.3600818524;22.1744230473;0;88.9831519242
2025-08-26 03:00:00;27.0093653042;21.1369221967;0;57.9881222342
2025-08-26 04:00:00;22.8517358862;27.6426112742;0;105.443102217
2025-08-26 05:00:00;32.2927268774;8.4215288807;0;82.685380412
2025-08-26 06:00:00;86.5526509333;52.0277672237;23.7407131691;82.5792105109
2025-08-26 07:00:00;77.5324240564;35.5493481773;38.7546560947;62.3892849419
2025-08-26 08:00:00;76.8975875476;50.1911164407;54.1671868438;55.2499366725
2025-08-26 09:00:00;78.1504365775;54.0883620197;72.6523526086;35.8721977289
2025-08-26 10:00:00;62.0191107564;30.9348857215;84.3548510079;46.8482277607
2025-08-26 11:00:00;64.9752007867;30.4200606451;115.6685616722;59.4153526561
2025-08-26 12:00:00;53.8686409066;21.1788785112;120.8833452377;57.4918331288
2025-08-26 13:00:00;42.1717914895;25.3867827831;112.9754418676;63.3821914761
2025-08-26 14:00:00;59.4440430802;29.4177981055;150;73.3669503339
2025-08-26 15:00:00;48.116107086;25.5495576275;138.5388743118;54.1063945902
2025-08-26 16:00:00;50.0520772121;27.1878219592;114.0231593524;62.1427071405
2025-08-26 17:00:00;45.8003708487;25.9263448729;95.8646496203;9.2860185651
2025-08-26 18:00:00;103.7829496556;81.3866173499;79.6170447925;52.7987039222
2025-08-26 19:00:00;105.8983931992;76.5778240645;54.6017122481;91.0876479483
2025-08-26 20:00:00;102.9272020351;68.8262537177;39.5317068092;69.0170400869
2025-08-26 21:00:00;109.4119806096;79.3326726691;0;67.5670855284
2025-08-26 22:00:00;57.9765209031;44.8931170856;0;56.5685525375
2025-08-26 23:00:00;58.2639004291;47.7599828654;0;95.6662719076
2025-08-27 00:00:00;31.0413285807;25.9703199392;0;96.9609997871
2025-08-27 01:00:00;32.0923274048;21.1153355463;0;102.8648569098
2025-08-27 02:00:00;31.0257626793;34.8479483937;0;48.4710009275
2025-08-27 03:00:00;24.2201323787;30.801329063;0;81.8488751362
2025-08-27 04:00:00;31.4063182479;21.5610122405;0;79.2980253097
2025-08-27 05:00:00;28.3162188684;19.7793158003;0;79.2882044497
2025-08-27 06:00:00;77.6885998479;47.9535472085;23.3518460608;72.1371885142
2025-08-27 07:00:00;80.4491656577;46.4659539359;40.9384752565;46.7347358815
2025-08-27 08:00:00;75.9761443183;58.1248592254;55.2905204099;62.0288275575
2025-08-27 09:00:00;75.1937354538;42.3010508125;74.8261383292;26.6954363239
2025-08-27 10:00:00;47.5201369884;34.3505071762;84.9970935982;73.8938287177
2025-08-27 11:00:00;67.1523152867;43.1773517158;116.7411757697;57.3500576643
2025-08-27 12:00:00;61.7905382444;34.4102342398;120.7095986452;50.6201017545
2025-08-27 13:00:00;48.2576842112;37.4135704109;130.6275197488;73.2203518434
2025-08-27 14:00:00;45.7806181911;18.2990123019;128.6772788189;38.0240193469
2025-08-27 15:00:00;35.8409774878;21.5631316513;118.2858981616;49.7697223796
2025-08-27 16:00:00;45.504742814;22.9193943117;133.5198954626;57.8817651345
2025-08-27 17:00:00;52.0045212743;35.6714880496;104.6865552989;80.0655180999
2025-08-27 18:00:00;105.5560298803;76.9723467711;85.0020480668;58.9946394577
2025-08-27 19:00:00;104.2065594853;64.3864553983;48.6332910022;85.3768738294
2025-08-27 20:00:00;102.029009315;83.2408662943;37.2609735376;65.430900356
2025-08-27 21:00:00;107.1836791708;83.481943544;0;86.0826613424
2025-08-27 22:00:00;57.8113298091;39.6142452358;0;108.9211266476
2025-08-27 23:00:00;64.1730974311;40.4975081548;0;95.8420701724
2025-08-28 00:00:00;28.2693790033;14.1721563262;0;83.8089030658
2025-08-28 01:00:00;26.0348641101;19.9750735476;0;99.9983049779
2025-08-28 02:00:00;25.4742915881;22.0265360679;0;97.9028622709
2025-08-28 03:00:00;25.2097661047;19.208966447;0;96.3858433533
2025-08-28 04:00:00;32.9658061296;19.2201202759;0;109.3332631613
2025-08-28 05:00:00;26.6576449301;10.7731552523;0;109.1733755569
2025-08-28 06:00:00;75.446629835;50.3128489373;21.5494864182;82.831426349
2025-08-28 07:00:00;83.3070681261;41.7533350463;35.1569739273;59.5676543777
2025-08-28 08:00:00;81.5711263948;52.396855286;50.1892019204;46.4145120543
2025-08-28 09:00:00;84.4269235604;41.3845120041;81.3808272445;39.4851648684
2025-08-28 10:00:00;61.440642529;38.4416297583;92.0540310246;47.8723171524
2025-08-28 11:00:00;55.7449426173;32.610947229;124.4744823824;50.3517872474
2025-08-28 12:00:00;59.4764056023;37.7138458273;136.221937626;30.0081354086
2025-08-28 13:00:00;49.216385732;30.0774727405;150;72.7661594073
2025-08-28 14:00:00;44.5170733104;34.9901642534;121.9511961831;18.4549089388
2025-08-28 15:00:00;43.6824748901;11.7036183605;143.0320605224;100.5304542099
2025-08-28 16:00:00;45.5900400325;24.4744542669;125.190608394;82.3710330919
2025-08-28 17:00:00;57.8179078785;47.9438619187;87.6645800304;55.9780697871
2025-08-28 18:00:00;99.199226123;71.6449510778;80.0040004201;60.0268714369
2025-08-28 19:00:00;106.6044751083;71.0053725457;55.6244979121;82.827860647
2025-08-28 20:00:00;98.9476022544;73.3103258985;36.5514778433;65.6552160629
2025-08-28 21:00:00;105.056349235;77.2792759406;0;80.703682177
2025-08-28 22:00:00;63.1951571782;45.1334275107;0;74.2241041505
2025-08-28 23:00:00;63.420602014;48.7695393369;0;75.1813036679
2025-08-29 00:00:00;31.745223039;25.9956262619;0;89.7183434545
2025-08-29 01:00:00;36.1981496045;18.6335282491;0;57.6415353412
2025-08-29 02:00:00;31.7025928621;22.0912154182;0;86.6738918326
2025-08-29 03:00:00;37.710883782;22.0967492487;0;89.3318457867
2025-08-29 04:00:00;22.7103608857;12.0750748624;0;88.5895008413
2025-08-29 05:00:00;31.5672881145;14.4230895166;0;81.193963263
2025-08-29 06:00:00;81.1643028128;41.975757288;22.5574460736;110.2390005711
2025-08-29 07:00:00;75.6750073403;49.5448643333;35.2513212115;46.9420971477
2025-08-29 08:00:00;82.4974756443;48.5664222969;63.3454014895;54.4214577409
2025-08-29 09:00:00;73.1839746063;38.7303064301;74.3889570705;68.1959849413
2025-08-29 10:00:00;56.0356805189;31.9822099665;101.4883241527;50.473058008
2025-08-29 11:00:00;49.9836148268;34.7754907268;107.9200425416;54.2558675784
2025-08-29 12:00:00;65.9933293111;40.6258777763;122.4047978388;50.2540951973
2025-08-29 13:00:00;47.4826189312;30.41309923;150;78.6619065352
2025-08-29 14:00:00;58.2755698107;32.3273151709;123.96530662;56.2065564145
2025-08-29 15:00:00;52.1378663233;38.2097814579;126.2130764125;79.3525682417
2025-08-29 16:00:00;50.5410336141;31.8971786865;115.5231999034;58.5215894495
2025-08-29 17:00:00;45.8865670297;26.3235678887;96.363088637;47.1688835124
2025-08-29 18:00:00;96.0906081474;69.1300918774;73.319146959;70.281158195
2025-08-29 19:00:00;103.1525553905;67.079634689;56.1444282711;71.3590699262
2025-08-29 20:00:00;100.4773702663;70.8517307981;39.4762682862;89.224630404
2025-08-29 21:00:00;94.7724668883;79.7986131925;0;24.5359597636
2025-08-29 22:00:00;52.1536471105;48.2516827726;0;77.3429043709
2025-08-29 23:00:00;54.6653432037;36.68418611;0;68.3671349927
2025-08-30 00:00:00;38.1943525137;43.7081319934;0;63.2064471429
2025-08-30 01:00:00;39.9597506311;26.4956261871;0;74.183377825
2025-08-30 02:00:00;30.9224511629;12.9662826274;0;73.7429783525
2025-08-30 03:00:00;30.6702425831;29.5112560008;0;85.0578073799
2025-08-30 04:00:00;28.4865583268;27.2430376006;0;56.6621037086
2025-08-30 05:00:00;25.7948159326;22.816274664;0;92.8976376962
2025-08-30 06:00:00;73.3583264452;41.8864900903;25.6840079874;115.4951475034
2025-08-30 07:00:00;75.6011144585;51.7012928526;34.6089326271;55.2821481805
2025-08-30 08:00:00;63.1496347997;50.4288572681;53.4242607107;62.1012990717
2025-08-30 09:00:00;66.797247983;41.8092548881;81.8627920881;65.7890821422
2025-08-30 10:00:00;47.4156171613;19.492991813;102.8103732687;67.6218697333
2025-08-30 11:00:00;47.5489396776;7.1076826742;103.0195019963;75.8045543829
2025-08-30 12:00:00;54.7766026639;34.0698340206;134.8266748748;45.2078641396
2025-08-30 13:00:00;34.6711859746;15.5500555796;117.5046594027;49.4388379775
2025-08-30 14:00:00;42.6741265379;22.2970282288;140.1211627465;72.0669904059
2025-08-30 15:00:00;43.8520844116;18.0422676219;150;70.9340468661
2025-08-30 16:00:00;39.9353326475;18.3072663066;106.954013395;71.9496221573
2025-08-30 17:00:00;44.5938181501;21.6315814665;89.5396933812;88.7270638761
2025-08-30 18:00:00;85.5644591398;57.8159029402;79.2880112792;60.4347094733
2025-08-30 19:00:00;90.3771105026;70.2163353358;47.9197495714;85.7363453891
2025-08-30 20:00:00;78.0501019852;63.9423722697;35.6701132077;58.4910344501
2025-08-30 21:00:00;83.3305371829;54.7982771834;0;118.8435166876
2025-08-30 22:00:00;49.1168563716;36.6371604761;0;70.962526002
2025-08-30 23:00:00;37.4150822843;31.6268036226;0;71.511269432
2025-08-31 00:00:00;25.1132126989;28.5832446509;0;78.8628256946
2025-08-31 01:00:00;26.3388033554;28.877243804;0;72.4267392576
2025-08-31 02:00:00;34.2669269767;18.8799056891;0;70.6017459098
2025-08-31 03:00:00;26.8192049416;28.4332942531;0;75.0429056381
2025-08-31 04:00:00;26.3186445571;12.9305033951;0;56.8646466495
2025-08-31 05:00:00;33.678686013;23.4583098782;0;69.3954437704
2025-08-31 06:00:00;59.7176522847;39.1688294105;25.526586132;128.4204549168
2025-08-31 07:00:00;57.6776518872;26.4264300321;35.8209549494;61.3372424554
2025-08-31 08:00:00;65.3710848404;54.3630681371;53.8687518543;63.8013895936
2025-08-31 09:00:00;60.4835697344;45.1241022629;79.5144383672;67.056341943
2025-08-31 10:00:00;42.9676308171;29.4078404719;99.6113521143;75.5649884626
2025-08-31 11:00:00;51.8916397056;26.5331544687;118.7154520307;28.8650231376
2025-08-31 12:00:00;53.2530699136;31.5753053096;128.137516254;35.8791605034
2025-08-31 13:00:00;44.0175453405;29.6863883859;144.356184403;48.2986829255
2025-08-31 14:00:00;45.4571513406;19.0404557415;138.8175791436;53.3456382086
2025-08-31 15:00:00;46.0527608093;25.0062587237;136.5346371445;55.9018079329
2025-08-31 16:00:00;30.8890004295;24.9359939981;111.6135278314;53.6894455916
2025-08-31 17:00:00;42.4945101889;17.3930300572;94.9542687156;63.7576485071
2025-08-31 18:00:00;82.3020758403;62.4561865436;69.1031190385;60.977034496
2025-08-31 19:00:00;81.3219036314;50.2122802607;54.7514627103;63.6698420718
2025-08-31 20:00:00;87.2071785833;62.8163573755;35.2874766822;35.4460376504
2025-08-31 21:00:00;76.8989830789;59.56455032;0;58.4235345645
2025-08-31 22:00:00;41.4311989166;41.338730959;0;67.0425249382
2025-08-31 23:00:00;52.1622649914;33.246769928;0;72.9129734488
2025-09-01 00:00:00;32.1950370788;25.1223583255;0;62.1408426975
2025-09-01 01:00:00;30.6152969514;18.625973454;0;75.9717699149
2025-09-01 02:00:00;26.0403896787;20.0895633422;0;62.1122670847
2025-09-01 03:00:00;33.3472333556;31.1451754339;0;83.8735048446
2025-09-01 04:00:00;33.0613630143;17.8273716777;0;63.3656793336
2025-09-01 05:00:00;30.3838703177;27.6537084571;0;68.2191757566
2025-09-01 06:00:00;73.9852130356;49.0597728563;22.2858518644;58.2652475609
2025-09-01 07:00:00;77.3695401655;46.9535585979;38.6784240833;49.9645329921
2025-09-01 08:00:00;83.0534092701;45.7171226626;56.0742218447;40.7036272177
2025-09-01 09:00:00;85.2555182239;44.2321654973;80.0816786529;63.7372231148
2025-09-01 10:00:00;57.0554535758;30.5549877562;93.4289596734;57.2302848865
2025-09-01 11:00:00;57.4013399358;32.8837052938;120.5329246164;51.0510987925
2025-09-01 12:00:00;57.7972673049;37.084549633;138.0920965946;41.599420372
2025-09-01 13:00:00;49.3827421159;24.8208298649;145.804067993;66.3848016064
2025-09-01 14:00:00;45.5309207255;23.7230911033;131.4945482614;71.0854478991
2025-09-01 15:00:00;35.1218908167;19.2332175578;133.8444730431;62.7805669631
2025-09-01 16:00:00;53.5131840832;32.2539167456;120.1228776298;84.9215641085
2025-09-01 17:00:00;56.221823838;37.4761105965;96.8220093224;67.5837841084
2025-09-01 18:00:00;97.2856477834;61.5556242949;62.7825248096;74.4634923651
2025-09-01 19:00:00;95.2415069915;66.8911802292;55.8437533021;80.5401155311
2025-09-01 20:00:00;99.4244948009;78.7910795617;44.6016637864;91.1025996673
2025-09-01 21:00:00;99.1976796748;69.242038508;0;62.4128527452
2025-09-01 22:00:00;63.0047018882;52.928528259;0;69.0060459476
2025-09-01 23:00:00;58.7707457784;39.3090291912;0;84.7448166098
2025-09-02 00:00:00;26.4331972633;17.9440336841;0;94.2652129379
2025-09-02 01:00:00;24.0671574725;30.6731907949;0;97.8584185221
2025-09-02 02:00:00;33.8953538317;22.525044509;0;110.7274543339
2025-09-02 03:00:00;32.6978005852;34.0616010397;0;55.9028280768
2025-09-02 04:00:00;34.7725194514;25.4790187117;0;65.6834040916
2025-09-02 05:00:00;25.6431596218;24.2521972748;0;91.8223010183
2025-09-02 06:00:00;87.3581103977;52.0709223272;23.8577499099;71.1127326922
2025-09-02 07:00:00;71.2385190681;40.7182342881;35.8313725722;96.1010078961
2025-09-02 08:00:00;82.2783489461;53.7774199167;57.0122255695;58.8206612875
2025-09-02 09:00:00;70.4920218974;46.4857454648;77.5574001044;51.082704922
2025-09-02 10:00:00;54.8198670447;37.2556044578;106.4283479672;45.3886465324
2025-09-02 11:00:00;65.4009614494;41.8439468492;105.401308403;45.8485467628
2025-09-02 12:00:00;62.1174974075;26.9535590838;140.5689137099;52.4956283322
2025-09-02 13:00:00;45.5639733489;19.7731504997;148.0407212983;62.4886182099
2025-09-02 14:00:00;45.6871985259;30.907929397;139.7560393248;53.846533856
2025-09-02 15:00:00;48.4747647174;15.6441109536;136.3969816671;56.6358437877
2025-09-02 16:00:00;50.3355996771;29.1824092868;126.8462726038;81.2155704717
2025-09-02 17:00:00;53.6540724407;30.0855616394;103.937848589;81.8267882432
2025-09-02 18:00:00;97.7408774165;75.5889269241;68.7474160318;64.6169492818
2025-09-02 19:00:00;92.5408976516;71.3185256982;58.9910122951;51.9481525287
2025-09-02 20:00:00;100.500289259;68.8941715423;37.8505941084;88.6761511262
2025-09-02 21:00:00;97.7354916685;68.219046969;0;108.5230905854
2025-09-02 22:00:00;52.523506591;39.4855153046;0;104.9181864765
2025-09-02 23:00:00;59.7158683813;43.8222465224;0;92.5042129376
2025-09-03 00:00:00;29.0409881066;6.104686364;0;118.0338593106
2025-09-03 01:00:00;31.3793049291;23.3399497466;0;88.2329897344
2025-09-03 02:00:00;25.9750010992;15.6571936766;0;100.7433133344
2025-09-03 03:00:00;32.1901973865;24.9049908512;0;72.2519938144
2025-09-03 04:00:00;24.0730581146;23.4610132143;0;93.4328917447
2025-09-03 05:00:00;26.2752087464;10.0653275481;0;116.0118825719
2025-09-03 06:00:00;77.7961400398;48.5892075608;24.8045519553;74.2405232008
2025-09-03 07:00:00;86.727436947;57.1546257842;38.4190282537;40.9915583207
2025-09-03 08:00:00;82.4209682382;52.4223413513;54.9059612662;53.5158290244
2025-09-03 09:00:00;83.7366203489;50.2881667306;83.2023752768;49.2822075573
2025-09-03 10:00:00;64.6062872098;31.393530535;96.882046014;60.720845926
2025-09-03 11:00:00;74.4421851709;38.0492986497;107.1128391411;46.3227014467
2025-09-03 12:00:00;58.4165913638;23.931755596;129.117852345;74.6864826993
2025-09-03 13:00:00;54.2913379539;34.4701242994;143.9417267645;41.2983264021
2025-09-03 14:00:00;52.4563924446;26.0542383231;150;80.0533301086
2025-09-03 15:00:00;52.3816800647;29.5209221407;139.7470463864;49.295330506
2025-09-03 16:00:00;55.883612081;24.5982710144;109.6447694304;33.5835227496
2025-09-03 17:00:00;46.0126251604;26.594217073;116.9267784302;64.574256725
2025-09-03 18:00:00;97.3049849919;73.9006412236;77.5695526633;57.0700873726
2025-09-03 19:00:00;100.9880124103;62.8447253559;61.2442066351;56.6255284089
2025-09-03 20:00:00;98.726918626;71.9530413323;37.7317823303;45.4240534928
2025-09-03 21:00:00;100.9823214381;67.6434491769;0;78.2000457406
2025-09-03 22:00:00;65.2618100925;49.1876670673;0;97.4814234919
2025-09-03 23:00:00;56.0777803076;33.0934615203;0;89.8236423108
2025-09-04 00:00:00;28.6289446683;23.9734979736;0;88.5325838038
2025-09-04 01:00:00;30.7843995159;22.5429200301;0;97.7452851401
2025-09-04 02:00:00;28.9725670829;29.5469594143;0;86.7011169912
2025-09-04 03:00:00;21.3869737739;23.3099483517;0;56.0930758742
2025-09-04 04:00:00;27.3894256079;25.6537796957;0;56.2857852829
2025-09-04 05:00:00;33.0931795901;20.2286770549;0;82.861130837
2025-09-04 06:00:00;85.1645053367;46.722031349;25.8089490944;83.7889731992
2025-09-04 07:00:00;73.4997614035;52.2129399836;40.9125281122;63.520002952
2025-09-04 08:00:00;73.4787741609;53.3803517734;61.2174428236;62.2933534016
2025-09-04 09:00:00;78.8315970697;51.8296562074;82.6933605627;60.3007848392
2025-09-04 10:00:00;48.7439809261;30.9715545723;104.7301278178;48.7069257313
2025-09-04 11:00:00;56.0817928047;28.6846133593;115.1122453302;34.2984077482
2025-09-04 12:00:00;50.2719694501;35.7476734142;127.6917297284;57.7727834182
2025-09-04 13:00:00;53.9392414477;32.4191716512;146.232602664;69.1293397064
2025-09-04 14:00:00;44.3164754038;38.2566304497;150;24.6178094663
2025-09-04 15:00:00;55.2162194369;25.0965547482;131.4280393082;48.3606459219
2025-09-04 16:00:00;52.789311689;35.9227114484;128.1517043918;50.5495397365
2025-09-04 17:00:00;44.8700377588;30.076407797;109.2759353709;62.9145144358
2025-09-04 18:00:00;94.483112831;67.377482948;70.6548151017;48.8338816218
2025-09-04 19:00:00;98.4359753256;79.41795257;52.0464904432;77.8165128269
2025-09-04 20:00:00;98.8360213877;75.3177397057;37.9073201221;74.4303312528
2025-09-04 21:00:00;100.8645924446;71.5865344285;0;75.439612881
2025-09-04 22:00:00;54.5897139152;46.5235441608;0;64.4945543966
2025-09-04 23:00:00;61.4429356489;37.37414615;0;66.0149788515
2025-09-05 00:00:00;31.1939762475;20.9532803042;0;63.8768921209
2025-09-05 01:00:00;28.4682217948;25.4734222663;0;95.8255775828
2025-09-05 02:00:00;26.7958170506;26.9353455703;0;100.004978352
2025-09-05 03:00:00;29.1680175761;24.0881968055;0;70.6512866213
2025-09-05 04:00:00;26.3239443668;15.2528332001;0;120.778625673
2025-09-05 05:00:00;30.262974127;24.5834662525;0;80.6278555554
2025-09-05 06:00:00;78.8885484668;51.7380323452;25.4525934163;120.9874593782
2025-09-05 07:00:00;79.6817571589;40.3724576026;36.8603042543;44.0774176265
2025-09-05 08:00:00;86.4521652268;56.1984695883;62.0364530412;25.9043031101
2025-09-05 09:00:00;77.9080731446;46.3479104948;79.1123605769;57.7858430167
2025-09-05 10:00:00;62.4612461895;43.4677529808;98.5591963237;55.7689068638
2025-09-05 11:00:00;58.9736990739;37.8869527962;104.8973946126;52.9578305645
2025-09-05 12:00:00;56.8684564289;36.8843269255;120.1545174888;44.0760353361
2025-09-05 13:00:00;47.1225797748;22.8281926847;146.1653219587;60.7279655868
2025-09-05 14:00:00;47.3940776483;28.2072318419;118.563015526;53.4278084562
2025-09-05 15:00:00;48.9177511743;32.718851079;145.1696790135;56.627128536
2025-09-05 16:00:00;43.3418530461;24.2789872793;117.0116521759;74.1464713849
2025-09-05 17:00:00;41.0647647641;24.6738942704;123.7396341931;64.0785848013
2025-09-05 18:00:00;102.0119312497;61.8928155189;90.6440072126;70.5984284989
2025-09-05 19:00:00;103.1091502257;73.9792223713;55.1680641749;74.1940720077
2025-09-05 20:00:00;102.4229542267;63.3961402655;38.1476134882;72.0252541413
2025-09-05 21:00:00;99.7649670626;74.9293009235;0;56.0475987756
2025-09-05 22:00:00;61.393066611;51.5919197781;0;71.4735580289
2025-09-05 23:00:00;61.1509864045;51.0171432816;0;13.3671756509
2025-09-06 00:00:00;33.5443321153;18.290745103;0;74.7743548996
2025-09-06 01:00:00;26.132066304;24.0867781283;0;85.9221122081
2025-09-06 02:00:00;25.0637169128;29.8062454547;0;100.0785828573
2025-09-06 03:00:00;28.2514383896;18.2459995536;0;81.8256208684
2025-09-06 04:00:00;29.9217715071;11.9971725498;0;95.3418319969
2025-09-06 05:00:00;28.9113549279;26.3440721999;0;39.9161257069
2025-09-06 06:00:00;57.5600577389;30.6003148934;26.9115283442;86.4711654912
2025-09-06 07:00:00;73.7527809846;44.4331721306;43.8668006284;30.5322540045
2025-09-06 08:00:00;64.77195728;49.1548862342;48.8112200571;36.73212185
2025-09-06 09:00:00;66.7823341045;53.9644438715;65.8058456235;50.1678819583
2025-09-06 10:00:00;54.1668436309;26.5483854769;93.6793181262;69.4231528401
2025-09-06 11:00:00;38.0139979596;17.8960394811;124.4602067917;57.5147407206
2025-09-06 12:00:00;46.2637507489;23.5310905281;140.106277087;52.8704146157
2025-09-06 13:00:00;38.1049499126;16.7613021312;150;61.1024914433
2025-09-06 14:00:00;38.3335824392;34.2214256668;129.6737802432;50.4476813241
2025-09-06 15:00:00;39.0662879855;20.9978336771;109.7819533146;53.0518367364
2025-09-06 16:00:00;46.3590842367;23.7590845434;127.0789999803;67.9627615342
2025-09-06 17:00:00;42.8775425845;38.0386167424;92.0533607021;40.136215618
2025-09-06 18:00:00;87.7551139963;67.1725739744;64.380151392;70.5060139295
2025-09-06 19:00:00;83.6559965106;67.4378926817;56.8240324342;71.278055771
2025-09-06 20:00:00;77.1467765798;51.0908567617;41.0562557851;95.2393740487
2025-09-06 21:00:00;74.0853186293;54.3759838156;0;97.9143813104
2025-09-06 22:00:00;41.6840384179;33.8770436027;0;45.9250649561
2025-09-06 23:00:00;50.1853188412;41.523804226;0;67.4674660966
2025-09-07 00:00:00;30.1429637071;30.2762056875;0;69.1122568801
2025-09-07 01:00:00;29.054263586;20.5169148379;0;48.0739824501
2025-09-07 02:00:00;28.3414039197;20.9012406613;0;65.2218566884
2025-09-07 03:00:00;39.0527470895;21.1091037199;0;141.5721572429
2025-09-07 04:00:00;26.2969338406;11.6379197611;0;101.3122713203
2025-09-07 05:00:00;34.1751875525;17.2413082723;0;130.055883956
2025-09-07 06:00:00;65.8549720866;45.8322219851;24.7634626712;106.1386009367
2025-09-07 07:00:00;65.5721360715;39.1577553991;37.3139155877;42.9665552879
2025-09-07 08:00:00;71.1412328433;46.5239917834;55.6371364391;47.7149614352
2025-09-07 09:00:00;72.4277505966;36.7058722824;74.7453406948;60.5094556726
2025-09-07 10:00:00;47.3693003499;29.0016230156;88.2406577687;58.5190845788
2025-09-07 11:00:00;52.0436851425;28.3585955285;112.4836447963;45.1358945505
2025-09-07 12:00:00;50.0847840355;22.2505507064;140.8278376404;32.8366685186
2025-09-07 13:00:00;39.7811945462;22.8605317811;147.6124966359;112.1242298533
2025-09-07 14:00:00;40.6668746635;27.3249116525;145.8439259304;59.3694839859
2025-09-07 15:00:00;36.6516877548;15.8143579268;124.4273507285;56.5295275585
2025-09-07 16:00:00;38.3702801516;21.2959021701;117.5724971685;63.2847930984
2025-09-07 17:00:00;37.1348686627;24.9305509716;81.6809916208;57.8066641375
2025-09-07 18:00:00;87.301650067;51.9878773729;78.1288201378;63.4293292253
2025-09-07 19:00:00;82.8170498232;49.4384880597;62.7975450952;104.5814815394
2025-09-07 20:00:00;77.4057417323;66.4554997983;34.1648499454;76.6605830728
2025-09-07 21:00:00;79.9899873389;58.4459266656;0;56.1246272666
2025-09-07 22:00:00;34.0505820024;40.1753428108;0;75.9267980038
2025-09-07 23:00:00;46.2220561974;26.2772433527;0;69.9379206597
2025-09-08 00:00:00;30.1694027929;23.8695409225;0;119.4687856137
2025-09-08 01:00:00;29.3873886801;18.2981235444;0;113.900963509
2025-09-08 02:00:00;38.9106945819;25.0023186227;0;90.4738508879
2025-09-08 03:00:00;32.5870771841;35.8327803961;0;59.9395612861
2025-09-08 04:00:00;32.3870333389;17.0021860479;0;61.1035135947
2025-09-08 05:00:00;22.6052893444;25.262474598;0;88.4385763268
2025-09-08 06:00:00;76.302768657;51.0831609274;23.9096224895;95.5134387951
2025-09-08 07:00:00;75.7536752675;69.6935862929;39.8761060669;47.9123317943
2025-09-08 08:00:00;74.4062925059;40.9597499407;62.1969698554;46.5174447614
2025-09-08 09:00:00;74.3441949057;42.9112894146;74.4980333048;45.0289516081
2025-09-08 10:00:00;49.3836901326;35.9126107113;93.7204870299;52.5541091304
2025-09-08 11:00:00;51.7789040043;32.7512329976;100.8255029616;21.3731214481
2025-09-08 12:00:00;61.4536637378;33.0265264424;136.7330365929;38.3083451471
2025-09-08 13:00:00;46.6654200738;30.3405885933;150;52.0056698816
2025-09-08 14:00:00;45.0297253056;21.5603200565;147.5600891784;80.291661586
2025-09-08 15:00:00;47.2841851819;21.9514890719;135.3691482777;49.1260758246
2025-09-08 16:00:00;52.561794242;34.4105132532;122.7598008713;64.4563662756
2025-09-08 17:00:00;47.3274835318;30.925191557;99.1269778325;65.1667656326
2025-09-08 18:00:00;100.7987559648;69.0077885731;72.2430859196;81.685695286
2025-09-08 19:00:00;94.5573505849;63.710169152;60.2542806108;104.3239126234
2025-09-08 20:00:00;95.5832375973;64.8159284629;39.5548828949;78.154995926
2025-09-08 21:00:00;99.9599683584;81.40103698;0;69.8690382042
2025-09-08 22:00:00;66.0371851129;52.5733214779;0;66.1352711729
2025-09-08 23:00:00;63.9542302932;39.2766427157;0;74.5161470532
2025-09-09 00:00:00;32.6227263126;15.875642875;0;78.7064879685
2025-09-09 01:00:00;30.6814519207;23.6633093169;0;100.5057131822
2025-09-09 02:00:00;36.3048121003;21.2471171118;0;97.5631844142
2025-09-09 03:00:00;33.5760524537;10.6310782306;0;101.3482685383
2025-09-09 04:00:00;21;12.8155478575;0;116.0806567439
2025-09-09 05:00:00;25.2573111847;17.8342542676;0;129.4027353071
2025-09-09 06:00:00;79.2833334671;48.3975389539;25.1951681964;91.0378032113
2025-09-09 07:00:00;69.720347958;43.7083142199;35.9274761161;67.5319077012
2025-09-09 08:00:00;73.7225514816;44.5987305743;62.6108310465;48.3147559769
2025-09-09 09:00:00;74.6125347565;35.9107423577;81.6184009802;68.6647515783
2025-09-09 10:00:00;56.2310299241;28.5164195336;95.106978945;67.0292769112
2025-09-09 11:00:00;56.0903405652;38.5322016651;129.6502416544;66.3261668626
2025-09-09 12:00:00;56.08273458;38.3867353736;130.5980890511;54.2175332608
2025-09-09 13:00:00;50.9086975794;32.6036115114;135.7264344185;51.474199816
2025-09-09 14:00:00;46.0013063573;30.0773282584;135.9847337265;40.2547964054
2025-09-09 15:00:00;45.4639781575;32.1580998745;116.7411967744;61.1818214794
2025-09-09 16:00:00;41.1235392832;15.4520528033;124.558244717;85.4855975531
2025-09-09 17:00:00;51.8043716608;32.8481299601;84.9314351742;57.0132656057
2025-09-09 18:00:00;95.1178886909;61.1853650337;69.881288537;73.9306846681
2025-09-09 19:00:00;93.2479910277;60.0673629137;47.28371231;96.2222579335
2025-09-09 20:00:00;99.0985350906;75.2723028577;38.6998134323;73.8223969327
2025-09-09 21:00:00;94.688391823;76.3576110295;0;105.6060769239
2025-09-09 22:00:00;55.0169891731;49.7805927581;0;21.6788152181
2025-09-09 23:00:00;58.5468472867;52.0754662407;0;55.168439344
2025-09-10 00:00:00;28.530828193;24.1781380208;0;68.2094656909
2025-09-10 01:00:00;40.4022421889;23.3205698026;0;70.3306349561
2025-09-10 02:00:00;29.6632715551;14.7259532373;0;95.8945908578
2025-09-10 03:00:00;32.780271985;28.8065844027;0;94.8723415807
2025-09-10 04:00:00;21.2623767863;21.9404819518;0;97.1712123769
2025-09-10 05:00:00;26.1270789064;24.9578622952;0;101.6403662302
2025-09-10 06:00:00;72.6911497442;31.6112564882;24.9269142387;67.4471261991
2025-09-10 07:00:00;73.2875526164;50.5188406532;38.056174262;36.9113041688
2025-09-10 08:00:00;79.4521823436;47.039537173;52.1151531859;58.3336317837
2025-09-10 09:00:00;82.2423041763;42.9849815239;70.4268723631;44.7125813477
2025-09-10 10:00:00;58.8000332993;36.5751451567;103.4949493776;32.2367399015
2025-09-10 11:00:00;56.2292952224;39.0541009406;115.0656792062;65.9634849011
2025-09-10 12:00:00;54.4103483543;43.0632070331;139.8457944267;71.5862154742
2025-09-10 13:00:00;52.0938622374;28.9983439122;134.9081199181;86.0259567036
2025-09-10 14:00:00;56.4033129008;26.2730079183;147.2935827;64.8157129359
2025-09-10 15:00:00;47.6904140286;20.3959973698;150;71.6103496193
2025-09-10 16:00:00;51.3097971454;33.6750246363;126.0115569708;83.1266289488
2025-09-10 17:00:00;48.6278299311;24.4684089374;96.4955592248;51.9915520834
2025-09-10 18:00:00;101.3150987932;74.6037046989;79.3139268625;79.1143078095
2025-09-10 19:00:00;92.6748662126;68.2768175501;55.7627270219;85.0936946212
2025-09-10 20:00:00;95.7187134535;69.9590611603;39.1021267762;97.7981585571
2025-09-10 21:00:00;99.6949391943;66.3892786433;0;83.316282671
2025-09-10 22:00:00;62.7054052768;47.2288946178;0;105.4119960849
2025-09-10 23:00:00;53.5675920311;28.7400752055;0;84.0612709543
2025-09-11 00:00:00;21;20.1259162312;0;55.7433226815
2025-09-11 01:00:00;27.757810081;25.2554716486;0;120.7893386756
2025-09-11 02:00:00;34.5455882146;32.6014301752;0;67.6285225374
2025-09-11 03:00:00;22.8724698401;21.3006915373;0;116.383339328
2025-09-11 04:00:00;24.7038604854;18.3806348565;0;86.6220344812
2025-09-11 05:00:00;30.7016336372;29.9988329439;0;114.6763311476
2025-09-11 06:00:00;76.8835185403;43.3181277336;24.6383227651;113.7625920286
2025-09-11 07:00:00;80.0804883447;44.5045800195;38.6660993985;58.8908189191
2025-09-11 08:00:00;71.8761187557;49.5828407456;57.975607459;59.9329047663
2025-09-11 09:00:00;75.9429855039;49.5689668569;71.7288445145;58.7909289951
2025-09-11 10:00:00;62.4948761941;36.908983718;91.9214034688;26.402643729
2025-09-11 11:00:00;51.7485090119;31.8821122417;107.2803355163;54.7458266192
2025-09-11 12:00:00;63.7626472167;40.904326163;119.2481367708;38.3367632525
2025-09-11 13:00:00;42.1687417995;24.9098741298;131.3992898136;64.6898755972
2025-09-11 14:00:00;50.7943353342;31.5232201388;147.4329576323;44.3093740174
2025-09-11 15:00:00;45.2938049401;24.0858558316;126.9883384395;43.6578610469
2025-09-11 16:00:00;41.8200310767;25.5527525987;125.6455269497;86.9254970237
2025-09-11 17:00:00;44.7360725239;26.3619647075;100.330574931;78.6207642053
2025-09-11 18:00:00;100.1464178189;69.7237497776;65.6500888537;61.970731635
2025-09-11 19:00:00;97.663393495;68.1585040112;59.9954452363;83.4435099145
2025-09-11 20:00:00;102.7273488236;74.5744073239;41.7226531438;74.8158578103
2025-09-11 21:00:00;104.1550667463;69.4746422247;0;91.1224864639
2025-09-11 22:00:00;51.7929038893;41.4063384106;0;66.2788587856
2025-09-11 23:00:00;51.4633307312;35.6752221439;0;99.5742536712
2025-09-12 00:00:00;24.1284280187;13.9045374938;0;83.1586048983
2025-09-12 01:00:00;25.9536175678;18.5130051977;0;79.4575471906
2025-09-12 02:00:00;34.9689653437;38.4369034607;0;89.2574846888
2025-09-12 03:00:00;32.521628778;16.9459200216;0;75.6557363084
2025-09-12 04:00:00;27.5473759218;18.932896699;0;96.0703304182
2025-09-12 05:00:00;29.9500383422;17.3867312364;0;76.8494182073
2025-09-12 06:00:00;83.5505126064;50.8811883543;23.3441932524;99.1739527975
2025-09-12 07:00:00;85.8171866625;48.7828554206;40.5996327213;69.4581072758
2025-09-12 08:00:00;78.3983673336;48.9670821479;53.2349924274;43.6866220383
2025-09-12 09:00:00;65.2643725049;36.5964992587;78.7264828693;51.5265659615
2025-09-12 10:00:00;58.3236453013;42.0951243051;90.156427682;59.4085887253
2025-09-12 11:00:00;61.1922199578;37.7458802913;103.6329663835;47.4613289567
2025-09-12 12:00:00;57.9966987962;26.7127009196;132.8993678312;59.4484025497
2025-09-12 13:00:00;50.13252828;31.8783845867;144.4955500158;70.7714373281
2025-09-12 14:00:00;48.4700053308;19.8268950576;141.2971178109;78.9721719718
2025-09-12 15:00:00;41.307306767;15.1080092902;124.1117847888;52.7284152479
2025-09-12 16:00:00;42.8751381956;26.1603225874;117.1179435167;47.4962120996
2025-09-12 17:00:00;45.4180263036;39.3539277642;102.4639611661;57.3644730916
2025-09-12 18:00:00;102.2707887935;63.2190420793;77.8355629394;47.1081746801
2025-09-12 19:00:00;94.029943984;58.7679833534;57.985377603;91.1736028947
2025-09-12 20:00:00;99.5279841407;79.3578523747;37.1735183958;56.6926194964
2025-09-12 21:00:00;98.843038964;67.9215202756;0;126.498882951
2025-09-12 22:00:00;64.1237410677;53.9581681185;0;105.78354996
2025-09-12 23:00:00;56.7982943733;34.5197262652;0;80.149224175
2025-09-13 00:00:00;22.1035871178;21.3595832942;0;108.203162837
2025-09-13 01:00:00;32.910917092;35.7702397817;0;52.5343719437
2025-09-13 02:00:00;39.6212484524;15.9421319278;0;145.0159069373
2025-09-13 03:00:00;33.2057250519;30.1974143081;0;75.8002179782
2025-09-13 04:00:00;26.4555228369;25.9037132088;0;86.2421261836
2025-09-13 05:00:00;25.1312435437;15.2047523246;0;47.6630361466
2025-09-13 06:00:00;60.6497653755;41.8787770215;27.8030302217;99.7310730549
2025-09-13 07:00:00;73.953028588;49.9043265163;35.6669597267;38.5959323597
2025-09-13 08:00:00;63.4651516439;41.5231081332;59.5197209032;54.7083816907
2025-09-13 09:00:00;61.956229854;40.9861682162;85.7030867209;46.0928864663
2025-09-13 10:00:00;47.0531289461;27.81281449;104.4068589475;38.9774055892
2025-09-13 11:00:00;46.340012126;28.7029133911;119.3081595368;42.6238136182
2025-09-13 12:00:00;54.8205204637;32.7061256071;131.6124316917;56.364072987
2025-09-13 13:00:00;34.6149294943;23.659446594;150;42.3031033856
2025-09-13 14:00:00;44.4929727464;16.8738320306;129.6305980971;50.5922013258
2025-09-13 15:00:00;39.7294926379;29.8625220802;126.755148295;72.5658565022
2025-09-13 16:00:00;44.6116975143;16.5086611355;117.4159750799;102.7421229653
2025-09-13 17:00:00;46.3018639007;31.6150392002;110.4934468284;69.6763927804
2025-09-13 18:00:00;82.4917457604;61.179205429;80.6786017486;47.9709275048
2025-09-13 19:00:00;80.6923701646;52.0653562006;52.848932534;72.6838072875
2025-09-13 20:00:00;82.4079611512;64.5831188588;38.394199865;80.6607342217
2025-09-13 21:00:00;81.6836883838;58.9403349233;0;73.0377187169
2025-09-13 22:00:00;40.3097447939;41.4382264342;0;98.0963761577
2025-09-13 23:00:00;54.7522555267;33.8609267897;0;84.3797587456
2025-09-14 00:00:00;31.1060325782;12.0269195592;0;109.2696690718
2025-09-14 01:00:00;24.7660536673;31.2797011913;0;82.0561573159
2025-09-14 02:00:00;21;20.9738448499;0;118.5682862915
2025-09-14 03:00:00;21;27.0821265763;0;85.350336305
2025-09-14 04:00:00;33.4671619651;19.5786979376;0;67.4341962073
2025-09-14 05:00:00;27.2146009422;7.3971312077;0;137.5334262013
2025-09-14 06:00:00;62.747544915;53.4010068918;24.2240758566;48.4252465588
2025-09-14 07:00:00;66.9912921119;45.1265997463;37.2176298853;43.5657284239
2025-09-14 08:00:00;62.472381219;43.8573032935;61.9072739578;45.0580239396
2025-09-14 09:00:00;67.2539577937;44.1827475703;69.8605070001;86.9415479807
2025-09-14 10:00:00;48.0871367308;25.2827760076;113.728077999;77.5712265391
2025-09-14 11:00:00;47.2798653169;27.4250536887;129.5928066359;73.39092496
2025-09-14 12:00:00;40.5810716155;32.1915150394;149.7415173525;49.0170871772
2025-09-14 13:00:00;35.4015825969;16.7177479952;141.1754190205;100.1518387604
2025-09-14 14:00:00;41.8017828461;28.0140165833;144.8463929922;68.0806671206
2025-09-14 15:00:00;36.021275534;8.0974741294;121.9324189861;77.5705369868
2025-09-14 16:00:00;44.514536702;32.7009387427;116.4383901805;65.1404579247
2025-09-14 17:00:00;49.6491796589;20.6969689343;104.7392689074;61.5689740822
2025-09-14 18:00:00;84.8844812556;67.0441635933;86.6083494744;58.4159445416
2025-09-14 19:00:00;88.648490913;67.1806339928;52.3262588536;75.9505820448
2025-09-14 20:00:00;85.1740199742;61.7552698495;38.3044127527;92.3441632082
2025-09-14 21:00:00;79.5265682998;61.4194469838;0;87.5091986109
2025-09-14 22:00:00;48.5591309327;40.4947118526;0;79.52069428
2025-09-14 23:00:00;56.7183926985;32.5596080904;0;110.3988943817
2025-09-15 00:00:00;27.6440081582;24.3819033664;0;23.0373160298
2025-09-15 01:00:00;25.323027155;34.2151965831;0;100.552631366
2025-09-15 02:00:00;24.896125096;28.5026265029;0;105.1868960295
2025-09-15 03:00:00;29.0211177727;14.8885671946;0;114.7568955709
2025-09-15 04:00:00;25.4843756011;23.3418571326;0;87.737788023
2025-09-15 05:00:00;37.5330874235;25.713221169;0;93.8199587026
2025-09-15 06:00:00;77.6982256692;46.5528377848;25.2193272673;111.1669099995
2025-09-15 07:00:00;81.0973896575;45.1319235936;35.123983426;73.4587630509
2025-09-15 08:00:00;75.3806270059;50.570808977;60.2505346949;49.490040999
2025-09-15 09:00:00;71.5937338737;49.44003208;74.0784140199;57.0820004203
2025-09-15 10:00:00;50.7136931932;24.8139440702;99.3882361887;75.9658310462
2025-09-15 11:00:00;52.5200031079;44.745596193;117.3854155929;25.0960616337
2025-09-15 12:00:00;58.1698306708;43.2105943818;129.2901965892;44.2797690382
2025-09-15 13:00:00;48.8861114827;28.3060043064;146.8225455865;85.306552478
2025-09-15 14:00:00;49.2610206185;18.3867949074;144.3714053687;79.4804029337
2025-09-15 15:00:00;39.8476112127;24.2472015522;133.8993428705;70.5828369576
2025-09-15 16:00:00;46.5447969532;29.5421626135;114.6913278639;55.4275610173
2025-09-15 17:00:00;41.9293600507;29.5587845614;103.5473681954;48.6661719988
2025-09-15 18:00:00;98.6498734336;79.9304303226;89.0350423811;53.2016776211
2025-09-15 19:00:00;98.9991233292;67.383449555;58.1727635707;111.3287573056
2025-09-15 20:00:00;91.5684978678;80.5050228965;42.6898805442;67.6551422892
2025-09-15 21:00:00;101.1994098118;79.3212236499;0;82.300945424
2025-09-15 22:00:00;67.1306691845;53.7996787264;0;65.1415209502
2025-09-15 23:00:00;60.3627267668;54.7859634531;0;97.1772198642
2025-09-16 00:00:00;29.267246822;27.3428598491;0;3.4277072325
2025-09-16 01:00:00;28.5755443356;19.0441935826;0;3.8645616412
2025-09-16 02:00:00;29.0592120825;24.4021126617;0;2.2941519396
2025-09-16 03:00:00;26.5766976895;27.61442531;0;2.3634868608
2025-09-16 04:00:00;31.1357919299;21.2943179405;0;3.9688078733
2025-09-16 05:00:00;24.8769183398;24.2204060408;0;2.6489029495
2025-09-16 06:00:00;68.0577216257;35.6378473459;22.7321939411;6.0458811765
2025-09-16 07:00:00;77.5495692335;41.8998859901;40.1140684273;1.1518068411
2025-09-16 08:00:00;76.6569104614;50.1962969182;52.5781537127;1.9012762052
2025-09-16 09:00:00;73.9910965914;47.0610861788;69.4736355732;2.3866487996
2025-09-16 10:00:00;50.7113864473;35.0780477354;95.1746780581;2.1597702685
2025-09-16 11:00:00;57.7873693701;30.4839019103;133.6548719992;1.7206628021
2025-09-16 12:00:00;52.0277335755;21.5593156241;148.7752547345;1.8075425853
2025-09-16 13:00:00;45.819351462;19.8582293324;150;2.0861134754
2025-09-16 14:00:00;54.3869743844;37.4042685519;129.1370952594;2.5740875624
2025-09-16 15:00:00;49.3749550039;21.4900785616;136.0956747999;4.1259462348
2025-09-16 16:00:00;40.2835040601;20.4809284413;124.9651004781;2.8268734021
2025-09-16 17:00:00;40.7077689713;21.8358457627;102.5787074535;3.5928466952
2025-09-16 18:00:00;97.3223879991;66.1582591127;67.1614224077;3.1242882441
2025-09-16 19:00:00;90.4502590125;59.6380507135;53.5328746747;4.5578426014
2025-09-16 20:00:00;87.6314374162;64.1123489721;39.411031557;1.0695582711
2025-09-16 21:00:00;99.0348761326;84.4868281684;0;3.2937332599
2025-09-16 22:00:00;57.9277321435;50.16819038;0;4.730101446
2025-09-16 23:00:00;58.5112137398;48.7342136592;0;3.0555160268
2025-09-17 00:00:00;31.1836583182;28.5594270805;0;128.8073436227
2025-09-17 01:00:00;29.7061017975;5.5459070249;0;122.5802365088
2025-09-17 02:00:00;27.0201515355;24.3252414026;0;78.924774159
2025-09-17 03:00:00;32.3226073474;19.9543891034;0;78.1640461148
2025-09-17 04:00:00;36.8844756978;33.1378415044;0;66.7542368443
2025-09-17 05:00:00;27.7444694665;18.0308947523;0;75.3379671372
2025-09-17 06:00:00;71.8076420739;40.9962290408;26.720752385;61.8593512122
2025-09-17 07:00:00;71.2929356325;38.1956344298;32.7113853812;59.3977676497
2025-09-17 08:00:00;72.5006869698;45.721526086;56.990085396;34.1186727417
2025-09-17 09:00:00;77.31266638;52.3367057816;79.822944612;61.7437621241
2025-09-17 10:00:00;46.7349057289;29.4813107453;108.2226576441;62.0702784345
2025-09-17 11:00:00;58.3394966748;27.8365581809;129.0085938141;31.3671619
2025-09-17 12:00:00;59.2608383112;44.5455628934;144.9638412346;74.4323527572
2025-09-17 13:00:00;38.2530055177;24.573551277;138.0060267767;70.6242276035
2025-09-17 14:00:00;41.9380461741;28.0130836254;124.9360775918;74.3182965636
2025-09-17 15:00:00;46.7029225467;34.6648897991;134.1532589574;50.7170097396
2025-09-17 16:00:00;45.698744351;15.2566218496;132.0279950605;72.3261438106
2025-09-17 17:00:00;48.6827267446;22.054426931;112.6314812835;80.2124318173
2025-09-17 18:00:00;95.803600578;73.2510718206;83.4059053698;61.0448867916
2025-09-17 19:00:00;102.1301791453;64.7850870982;59.7221301414;120.7437327407
2025-09-17 20:00:00;94.9934539791;67.8992801567;40.8885949664;81.3565091484
2025-09-17 21:00:00;92.0150678346;68.6033500207;0;103.4198077335
2025-09-17 22:00:00;51.5777413667;35.8115569052;0;86.3646459275
2025-09-17 23:00:00;59.6728380566;38.1700553723;0;92.2492734952
2025-09-18 00:00:00;30.1332951388;29.4270488244;0;52.110300818
2025-09-18 01:00:00;32.8517215533;26.9337281506;0;97.8142660819
2025-09-18 02:00:00;32.7590512465;30.6737826014;0;73.0638498945
2025-09-18 03:00:00;21;28.825028161;0;70.5704513624
2025-09-18 04:00:00;24.8696282954;21.7228436945;0;128.5399976612
2025-09-18 05:00:00;25.4071873177;23.8764370666;0;84.7272320551
2025-09-18 06:00:00;72.5712140053;49.0653216037;24.5207546309;67.0593064344
2025-09-18 07:00:00;74.3519038839;44.9964723237;39.3332446338;48.88462449
2025-09-18 08:00:00;80.7396760293;45.2224346919;65.5532084077;36.2458796561
2025-09-18 09:00:00;81.6366734393;44.8131681469;73.0855246897;72.9588039493
2025-09-18 10:00:00;54.9271184042;31.2939207504;114.6086358797;44.3659010756
2025-09-18 11:00:00;55.1143632642;28.0116013116;119.274731676;60.8132741582
2025-09-18 12:00:00;53.0706753819;30.276388481;150;71.9145101411
2025-09-18 13:00:00;46.647283921;28.0678644413;131.0569187946;54.8230500405
2025-09-18 14:00:00;47.1572832558;26.3483827146;150;70.9914661864
2025-09-18 15:00:00;49.875079281;31.3451616723;130.5530061345;46.5219553876
2025-09-18 16:00:00;49.8389135504;34.2265083836;108.5672185941;100.9691896388
2025-09-18 17:00:00;35.8864080537;21.1789924438;103.2714616789;77.3254917969
2025-09-18 18:00:00;95.5554263026;74.1482252779;85.429529687;59.6405810652
2025-09-18 19:00:00;102.4703287059;77.8996943061;53.9221352177;64.9949936876
2025-09-18 20:00:00;94.2703613941;76.5651678059;34.9803157257;78.2639468985
2025-09-18 21:00:00;101.3684667496;87.3697508589;0;73.7125747562
2025-09-18 22:00:00;54.8660940401;46.4459291592;0;119.892054343
2025-09-18 23:00:00;57.0322827436;41.9153700452;0;55.877614656
2025-09-19 00:00:00;24.8839918842;22.0265802976;0;92.6211101182
2025-09-19 01:00:00;25.053381491;18.8275598527;0;89.190727832
2025-09-19 02:00:00;33.2647120752;20.3914348105;0;86.9714724606
2025-09-19 03:00:00;33.9681822609;29.1666869044;0;87.1684534316
2025-09-19 04:00:00;30.1189300779;16.0573546315;0;87.0014775464
2025-09-19 05:00:00;24.4761409081;30.1391248327;0;109.1585163439
2025-09-19 06:00:00;76.2861183331;46.2205833595;25.5108210838;103.242988538
2025-09-19 07:00:00;81.7465551514;69.3260772158;39.5259738322;59.3911712404
2025-09-19 08:00:00;83.9318969436;50.9075432867;60.4555354118;12.9834014026
2025-09-19 09:00:00;74.6638121329;46.7834061559;85.1741295418;57.7902153582
2025-09-19 10:00:00;48.6598430451;29.4108375953;101.1609566955;31.5087370952
2025-09-19 11:00:00;59.9108845692;28.3084224187;140.8058732946;62.4475935967
2025-09-19 12:00:00;54.8874144372;35.8756942758;141.423255264;73.5784824878
2025-09-19 13:00:00;50.3930565297;21.8968182014;143.7926056546;48.1973815764
2025-09-19 14:00:00;47.4141986553;23.1220673791;128.8243413925;58.6162644204
2025-09-19 15:00:00;42.1738751668;27.6588703529;136.0116785927;53.3229996388
2025-09-19 16:00:00;46.4114732657;30.1606045868;119.3067300402;82.092951357
2025-09-19 17:00:00;52.0368962944;22.3138106243;109.4528376637;64.2111175143
2025-09-19 18:00:00;95.377554335;69.3222135577;82.0893338845;89.8217158274
2025-09-19 19:00:00;91.3921240499;66.3867956531;52.4507998337;88.9827817575
2025-09-19 20:00:00;88.8998485267;59.6896533905;40.3529172688;85.529234566
2025-09-19 21:00:00;92.5740061945;66.4214006326;0;82.016428563
2025-09-19 22:00:00;54.2836351933;32.2177931729;0;97.1323548537
2025-09-19 23:00:00;59.8192444829;53.8303125978;0;45.6090135591
2025-09-20 00:00:00;24.9561782948;27.5967417065;0;91.596346389
2025-09-20 01:00:00;36.9918834858;17.4743287615;0;88.1123820056
2025-09-20 02:00:00;23.9828150512;25.4366089463;0;105.9472848402
2025-09-20 03:00:00;40.4916874165;23.6732415197;0;85.4744687469
2025-09-20 04:00:00;37.7648335054;32.3876578895;0;66.3937013557
2025-09-20 05:00:00;30.6352481222;18.9503217857;0;89.8476810077
2025-09-20 06:00:00;56.5697572618;36.4128310659;27.115498273;65.4048110267
2025-09-20 07:00:00;63.7349698893;42.1689986505;44.7282482124;27.9102670098
2025-09-20 08:00:00;62.2435938573;35.5890453432;62.1076653835;63.5912891965
2025-09-20 09:00:00;58.2500856645;44.3776215874;84.0879704658;61.5995100313
2025-09-20 10:00:00;48.3603269488;34.7674327055;102.2654304971;60.0932328703
2025-09-20 11:00:00;43.3443895418;24.8788061738;126.5792431227;71.3372789025
2025-09-20 12:00:00;43.8337073144;30.6407583197;150;44.8634285139
2025-09-20 13:00:00;37.6674324996;12.9897942603;132.2945160704;40.3173864825
2025-09-20 14:00:00;35.996896626;12.2526741118;143.9438078208;61.6789289829
2025-09-20 15:00:00;47.9356911321;30.2890758038;130.51371726;57.3241670624
2025-09-20 16:00:00;36.1732705066;26.1062880317;126.4892914715;49.5585989647
2025-09-20 17:00:00;40.5679509064;25.9930217285;111.792792041;61.5248187474
2025-09-20 18:00:00;81.5728239252;48.7931462279;75.4779314416;53.1791727887
2025-09-20 19:00:00;82.505348724;57.3841463423;46.9011695535;43.6664845425
2025-09-20 20:00:00;82.8488705265;64.9038107461;38.5417723273;71.8122377222
2025-09-20 21:00:00;84.8840994;82.5255074644;0;57.7840733885
2025-09-20 22:00:00;48.2497909665;48.6428888374;0;85.3889307988
2025-09-20 23:00:00;48.0628147032;45.0002766669;0;67.4766927188
2025-09-21 00:00:00;30.2631468081;22.2880087237;0;114.698620225
2025-09-21 01:00:00;29.3771196645;21.4503209356;0;125.7437491518
2025-09-21 02:00:00;25.8969095325;14.4991190978;0;104.9994683118
2025-09-21 03:00:00;29.7260923016;29.4138176576;0;54.9519110121
2025-09-21 04:00:00;31.0857031887;19.6919784092;0;123.5297161647
2025-09-21 05:00:00;31.8097405046;24.5545327035;0;125.1121966936
2025-09-21 06:00:00;64.6694871038;41.5901455744;27.6453454944;90.1766351804
2025-09-21 07:00:00;62.8099080648;42.3502985483;41.6181952372;71.6638853061
2025-09-21 08:00:00;63.6013460609;41.0429485736;60.0457986151;46.4256594891
2025-09-21 09:00:00;61.3667964448;41.6867891387;77.5770918085;28.7272642885
2025-09-21 10:00:00;48.3656621785;37.197975718;91.467338895;43.6171003357
2025-09-21 11:00:00;45.9610771934;17.5959905897;127.973450611;77.1350095382
2025-09-21 12:00:00;47.7686784409;19.9969854338;129.9763023983;33.7782180666
2025-09-21 13:00:00;43.008742211;23.9836701775;150;62.8209804332
2025-09-21 14:00:00;35.3130134224;27.0361138169;150;63.3648021159
2025-09-21 15:00:00;41.1902577299;33.8683863457;132.802218894;54.7711491821
2025-09-21 16:00:00;38.6545743253;15.9444772067;116.895324476;55.8620505401
2025-09-21 17:00:00;47.6004997139;26.3542118712;101.1356817994;63.9633258952
2025-09-21 18:00:00;79.7869055536;49.7693635187;77.8341459632;53.9985455823
2025-09-21 19:00:00;83.8884976558;59.3975575178;63.2442666735;52.0612061731
2025-09-21 20:00:00;80.8293475645;66.5737916577;40.497064953;85.1220428262
2025-09-21 21:00:00;74.5128867442;57.401426848;0;102.4560035012
2025-09-21 22:00:00;44.6130532891;35.6315584183;0;98.3404078757
2025-09-21 23:00:00;50.9182741934;40.5966451017;0;64.4269931635
2025-09-22 00:00:00;28.0528749273;18.5263548994;0;61.7222093621
2025-09-22 01:00:00;21;31.5516755738;0;83.4365769249
2025-09-22 02:00:00;29.8586864238;19.5424027187;0;125.0217852453
2025-09-22 03:00:00;25.0844866592;18.3303690907;0;104.3144241917
2025-09-22 04:00:00;30.5931797967;24.4801844084;0;105.6250149793
2025-09-22 05:00:00;36.9801618663;29.5378502894;0;109.7991267508
2025-09-22 06:00:00;79.1062848551;58.6207867291;24.2790585888;99.2659525462
2025-09-22 07:00:00;82.5586781858;51.1729029801;45.9825998556;55.5156387605
2025-09-22 08:00:00;73.1169228599;52.3929698095;58.3444633371;62.8137670624
2025-09-22 09:00:00;74.9994784551;46.8834966723;84.3198512744;46.5323975043
2025-09-22 10:00:00;51.0953323317;29.2602428095;97.0324805999;34.8341114679
2025-09-22 11:00:00;52.7170997146;25.277390497;126.6038447241;63.6314244996
2025-09-22 12:00:00;51.624313472;21.2017864969;142.8809375069;70.5663673802
2025-09-22 13:00:00;39.9908259863;19.6826867481;125.9681280079;45.2959940902
2025-09-22 14:00:00;52.0174341618;32.3848333742;150;75.7915704438
2025-09-22 15:00:00;36.4572580202;21.6211849781;150;89.2909924624
2025-09-22 16:00:00;52.0367044194;22.6648260273;119.1205652864;62.8371987643
2025-09-22 17:00:00;51.4783445099;21.9196471945;93.0012702466;50.0150432658
2025-09-22 18:00:00;97.7412257352;62.7711484492;81.6427442768;64.8061278839
2025-09-22 19:00:00;90.4768759891;61.3992104248;58.518294639;69.7103260084
2025-09-22 20:00:00;88.3723706941;64.3392377197;41.078455766;68.3725668945
2025-09-22 21:00:00;93.0243421299;77.8861849937;0;89.5903028863
2025-09-22 22:00:00;58.6083372709;47.9118214888;0;48.426277563
2025-09-22 23:00:00;55.8090815858;50.9776657511;0;51.6556900318
2025-09-23 00:00:00;25.3042522721;11.500508253;0;90.3048732186
2025-09-23 01:00:00;35.166921531;22.1294522487;0;89.3702232028
2025-09-23 02:00:00;37.5797249768;29.647731389;0;97.5903852376
2025-09-23 03:00:00;28.9803037619;24.163006286;0;132.0037538035
2025-09-23 04:00:00;30.4920160662;19.6985449751;0;92.2196553281
2025-09-23 05:00:00;23.2101809237;26.811854737;0;103.3110977612
2025-09-23 06:00:00;73.6367911164;52.8385500729;26.2060457903;67.9533089124
2025-09-23 07:00:00;77.7985112399;45.4040233407;41.5950380107;64.2752195399
2025-09-23 08:00:00;77.0983857701;50.6069331906;64.8993697771;46.8267426081
2025-09-23 09:00:00;73.2170260175;49.0310895009;83.1150634556;54.8856730775
2025-09-23 10:00:00;54.4545527161;30.1916012274;93.5102803184;52.4555114888
2025-09-23 11:00:00;53.6762001898;39.692378211;136.5571829862;67.8481026216
2025-09-23 12:00:00;54.4355572925;25.6226891043;150;36.2634454846
2025-09-23 13:00:00;47.6867636982;26.4916628801;150;27.0003703248
2025-09-23 14:00:00;36.9282902027;13.368217391;135.1792819643;59.5532503818
2025-09-23 15:00:00;45.4476342702;25.0341756383;142.2412280584;70.2788408321
2025-09-23 16:00:00;47.3570969971;22.0451004024;102.6245484934;65.3048310009
2025-09-23 17:00:00;43.2150260014;22.9842902195;106.5997303867;82.2895102801
2025-09-23 18:00:00;93.1574154758;56.9210380687;76.0152085604;69.7887941143
2025-09-23 19:00:00;93.28763919;72.0628302183;67.1149369114;69.4826836345
2025-09-23 20:00:00;93.1586892928;74.5346283203;37.4987543605;33.861806139
2025-09-23 21:00:00;95.340891174;79.9982098502;0;76.0855948446
2025-09-23 22:00:00;56.2691609153;43.2922837131;0;101.6707405323
2025-09-23 23:00:00;46.2363340811;40.9594914301;0;72.9566755768
2025-09-24 00:00:00;32.9379616716;23.2715179484;0;90.5523459956
2025-09-24 01:00:00;28.6950050204;21.7157567925;0;99.3874660685
2025-09-24 02:00:00;38.6983342896;40.007904324;0;67.0930462157
2025-09-24 03:00:00;24.637581575;17.8564192899;0;103.9254153416
2025-09-24 04:00:00;26.0970847106;26.7617648117;0;126.7164895875
2025-09-24 05:00:00;29.0869095964;24.7162450417;0;86.0310766932
2025-09-24 06:00:00;77.2220352483;47.0114428438;22.338305595;64.5355718485
2025-09-24 07:00:00;66.5840677515;36.3271923959;38.4959952514;53.0511699308
2025-09-24 08:00:00;71.6315704901;42.0664497347;49.0069818899;23.9483716331
2025-09-24 09:00:00;78.0234614472;53.9416367497;84.3383148566;58.4933777659
2025-09-24 10:00:00;51.3178327846;42.5611603989;85.2777284029;60.0494295671
2025-09-24 11:00:00;61.7495092372;34.8504901335;123.5021301791;76.5493527503
2025-09-24 12:00:00;53.5419143487;32.7586908688;116.4186508865;51.3329642897
2025-09-24 13:00:00;41.6481460469;26.8503328949;144.8250631122;69.368636173
2025-09-24 14:00:00;48.441424613;26.1808511461;150;49.3884286727
2025-09-24 15:00:00;52.9296036936;35.9375724484;143.6569030581;57.3325444136
2025-09-24 16:00:00;47.5691086173;31.2669258477;114.7095177772;38.9418355448
2025-09-24 17:00:00;51.3672577494;31.8989304444;101.899291302;59.8759515063
2025-09-24 18:00:00;102.6855099387;69.2369762818;79.6725171341;58.1368986041
2025-09-24 19:00:00;90.9922868462;59.19921534;60.4065486934;86.9772856468
2025-09-24 20:00:00;99.3634119091;54.9727112598;35.6297917205;68.308149092
2025-09-24 21:00:00;88.285033614;75.6525637813;0;82.6103261793
2025-09-24 22:00:00;57.4964519365;47.5169626265;0;74.1795374984
2025-09-24 23:00:00;55.2634600362;36.6850324836;0;74.2175853554
2025-09-25 00:00:00;35.5932759137;12.5809215014;0;91.7578779517
2025-09-25 01:00:00;35.2751318084;20.3451703486;0;90.861982683
2025-09-25 02:00:00;32.5640250774;17.2278285985;0;107.0677531753
2025-09-25 03:00:00;31.3429255477;17.6685602136;0;87.2377339483
2025-09-25 04:00:00;32.2876590452;25.2158899994;0;82.082606369
2025-09-25 05:00:00;30.2779689212;22.7193892203;0;85.884775991
2025-09-25 06:00:00;74.9513554705;40.0753538326;27.0681088503;73.8795785558
2025-09-25 07:00:00;81.7183380806;45.5799664007;31.3666652821;49.1142903881
2025-09-25 08:00:00;82.259740494;42.1231500315;55.3034607969;81.3760564713
2025-09-25 09:00:00;74.5892699158;57.7583943233;76.492669038;41.6560132914
2025-09-25 10:00:00;56.5519160427;43.200709409;107.3897335127;50.210628957
2025-09-25 11:00:00;55.8500007406;27.7636161816;123.5133231267;48.742197068
2025-09-25 12:00:00;48.2299092404;16.6260153957;123.996750657;50.6354399441
2025-09-25 13:00:00;44.0965000917;25.6163984158;136.9975009563;57.7513387749
2025-09-25 14:00:00;52.8091290956;28.3906363772;150;67.3611242572
2025-09-25 15:00:00;42.2364687533;27.0417203701;138.822303215;36.0449930067
2025-09-25 16:00:00;55.1259057713;35.2824069167;117.5780882725;79.2920063937
2025-09-25 17:00:00;50.8850285841;32.8995112463;98.2793677096;72.9232242681
2025-09-25 18:00:00;96.7776620593;63.6248934175;84.035391578;43.4009930014
2025-09-25 19:00:00;97.4947151687;75.4920705072;55.8261688335;35.0319911027
2025-09-25 20:00:00;90.8434902483;73.6112580326;39.7443602091;61.1807679371
2025-09-25 21:00:00;93.7773909968;68.0907031855;0;76.0443392627
2025-09-25 22:00:00;61.9688482256;48.4580689039;0;133.1779424038
2025-09-25 23:00:00;52.7171702028;33.1739275692;0;91.9505735798
2025-09-26 00:00:00;34.7750929063;38.405587729;0;49.3162841638
2025-09-26 01:00:00;23.8033191475;14.5712451842;0;74.4631997106
2025-09-26 02:00:00;24.6082871439;28.60892903;0;88.7794098191
2025-09-26 03:00:00;38.5562309951;15.5122735072;0;95.6827570297
2025-09-26 04:00:00;29.9467328419;34.1341786443;0;60.4022911162
2025-09-26 05:00:00;27.5767505085;14.9343120455;0;86.9398924987
2025-09-26 06:00:00;81.2265520387;52.6522033394;30.3415892735;73.8337332504
2025-09-26 07:00:00;80.7004153146;43.4203318784;35.482099973;39.0889960031
2025-09-26 08:00:00;79.2376138609;42.113012223;49.6305184489;57.4894465146
2025-09-26 09:00:00;72.5296776799;49.0769468049;84.6265882107;64.4304246678
2025-09-26 10:00:00;54.0920346462;38.7508904693;96.7013043215;65.3369020561
2025-09-26 11:00:00;56.7854934447;34.1877667564;120.2002424374;61.7380055016
2025-09-26 12:00:00;58.5079607776;38.3974522662;131.0288066718;47.2730990419
2025-09-26 13:00:00;43.2394603652;28.9632371277;145.6846989813;74.2346673185
2025-09-26 14:00:00;46.2959534461;19.2380654419;150;67.8497924202
2025-09-26 15:00:00;46.7308973019;16.6462367195;148.7315706538;65.0924936467
2025-09-26 16:00:00;51.318100352;29.4145056275;131.8481220833;53.3518250119
2025-09-26 17:00:00;48.9227326785;27.3275939691;90.6677047369;55.1597179837
2025-09-26 18:00:00;88.0246654948;66.0990252113;72.3007984768;64.1468765201
2025-09-26 19:00:00;93.8439365083;67.818612923;45.0290620937;130.3732265118
2025-09-26 20:00:00;90.6257477316;62.3650793184;37.4499668846;87.0772967724
2025-09-26 21:00:00;97.3616662893;79.6439952281;0;68.6054194483
2025-09-26 22:00:00;59.5373538152;54.4862173729;0;64.1272761618
2025-09-26 23:00:00;55.8401656732;43.9606812082;0;71.0230779201
2025-09-27 00:00:00;28.7934283622;16.2145752735;0;138.9778410741
2025-09-27 01:00:00;30.3112640687;26.9745553548;0;81.0101611422
2025-09-27 02:00:00;30.9401367306;23.966343555;0;110.3956415736
2025-09-27 03:00:00;27.1195515673;25.9490074111;0;81.5350076241
2025-09-27 04:00:00;24.5158000465;31.3145983482;0;95.8688838395
2025-09-27 05:00:00;21;22.4983131542;0;107.8055330888
2025-09-27 06:00:00;68.8600747165;40.9494615262;27.8394966206;77.1259362974
2025-09-27 07:00:00;65.39140322;37.1957712454;41.7095650731;45.3413186223
2025-09-27 08:00:00;64.7890546747;47.1860166173;57.2442430513;76.3885510442
2025-09-27 09:00:00;68.8511501195;43.9411768296;79.5130709352;67.2865517931
2025-09-27 10:00:00;40.7812102991;35.2555990913;96.6425756085;64.6688361301
2025-09-27 11:00:00;38.6204774014;9.944089446;125.3932792801;64.6229934996
2025-09-27 12:00:00;48.1598599671;31.6485393184;148.3647234338;60.199391083
2025-09-27 13:00:00;39.3870681418;18.6915313254;129.5779482035;94.7722895762
2025-09-27 14:00:00;30.2764663088;13.6278507273;150;63.6863951904
2025-09-27 15:00:00;39.6851917319;15.9709135222;150;72.0860410886
2025-09-27 16:00:00;36.2663436665;28.2507101905;119.2754005459;40.1448684009
2025-09-27 17:00:00;34.4354506835;25.6109922049;108.012644496;50.0028174143
2025-09-27 18:00:00;78.3842872173;50.0679113141;97.5913215481;44.0835286258
2025-09-27 19:00:00;68.8978153355;49.7548739609;57.790510275;106.7911341874
2025-09-27 20:00:00;77.2235098993;66.0692595015;41.3133931802;29.3086870131
2025-09-27 21:00:00;76.7153683419;62.3838565176;0;72.8473191574
2025-09-27 22:00:00;48.937777354;53.6421634846;0;20.3757902281
2025-09-27 23:00:00;45.7187807285;32.7150099585;0;64.1612210768
2025-09-28 00:00:00;32.8749099316;10.1741053631;0;78.953392735
2025-09-28 01:00:00;21;20.8507529494;0;121.1592069209
2025-09-28 02:00:00;26.2240579984;22.1483261358;0;98.9238080102
2025-09-28 03:00:00;32.5019867321;25.8428672593;0;71.2540847833
2025-09-28 04:00:00;28.6101091624;26.8028457322;0;113.9838142607
2025-09-28 05:00:00;33.8045723984;11.7634507157;0;90.4009327282
2025-09-28 06:00:00;54.9300539746;34.7403963748;24.3360468937;90.8449598831
2025-09-28 07:00:00;66.3407658455;39.4265514547;40.6384285891;37.7638122487
2025-09-28 08:00:00;60.1746405868;32.7778915623;60.4295466978;40.6346831611
2025-09-28 09:00:00;59.7378801872;37.8361284569;80.9057838787;42.8610475337
2025-09-28 10:00:00;50.8102870113;35.8673183221;93.9462161855;54.6270501357
2025-09-28 11:00:00;51.579130385;31.7624643804;125.4230363859;55.0512788874
2025-09-28 12:00:00;51.0067239325;22.144290524;150;74.8450083772
2025-09-28 13:00:00;47.1743680795;23.7859456437;150;69.0643950502
2025-09-28 14:00:00;43.7010956548;31.1483161904;150;20.3557743495
2025-09-28 15:00:00;34.42101479;22.9348881913;137.1637053893;67.136393713
2025-09-28 16:00:00;38.6378509934;20.0854957386;130.788242122;40.1621122208
2025-09-28 17:00:00;36.3795888286;19.6817870308;104.5759579084;47.7858030587
2025-09-28 18:00:00;88.8818632034;55.0507163107;73.6037593422;50.2081680905
2025-09-28 19:00:00;84.7228736297;59.7185845958;59.7686094914;67.5671799567
2025-09-28 20:00:00;78.9009982184;50.9833203687;36.8795915583;53.1530525367
2025-09-28 21:00:00;83.7015529235;77.3938346317;0;85.1202346865
2025-09-28 22:00:00;40.8056822017;33.8785924899;0;52.4310837924
2025-09-28 23:00:00;47.4767531196;40.4817102132;0;88.2222331095
2025-09-29 00:00:00;25.7793487833;29.4889718977;0;140.3277558281
2025-09-29 01:00:00;22.4013350972;24.6919483473;0;60.0876683974
2025-09-29 02:00:00;33.5304130689;23.1493562185;0;83.5960796278
2025-09-29 03:00:00;34.0886599283;19.1168640117;0;33.2212402692
2025-09-29 04:00:00;32.057456863;20.0075360118;0;83.2265281636
2025-09-29 05:00:00;29.1766483175;30.3563049557;0;104.4580888582
2025-09-29 06:00:00;69.0180367616;45.0666003366;24.552753475;106.2112844882
2025-09-29 07:00:00;69.4905897901;45.7289317167;40.6628064299;55.0428047425
2025-09-29 08:00:00;70.3548907996;51.9141014531;59.6671927905;66.0031309017
2025-09-29 09:00:00;73.6651208956;47.7393841778;72.0822356795;88.3691584784
2025-09-29 10:00:00;59.9427923325;33.2126174256;110.9115609091;77.1138638442
2025-09-29 11:00:00;59.8718069811;36.161510677;129.0274918343;46.9445980639
2025-09-29 12:00:00;47.681433833;24.125533971;131.9273265492;34.4090924584
2025-09-29 13:00:00;42.1721066775;20.9212852647;130.5198210641;56.601464106
2025-09-29 14:00:00;42.0509321047;22.4448467428;147.1012376037;48.0836188269
2025-09-29 15:00:00;33.8995326145;21.8493366233;134.8217725402;70.1066788445
2025-09-29 16:00:00;47.839200954;21.1669457222;124.4982478343;44.3949067403
2025-09-29 17:00:00;44.1839374833;27.592958728;99.3154853789;61.8512424661
2025-09-29 18:00:00;93.8241719706;64.7651323556;66.8677846226;76.1964986826
2025-09-29 19:00:00;100.3897331482;66.6865753044;56.47062155;78.9586053275
2025-09-29 20:00:00;94.7307039453;68.7738857764;39.0767531276;61.8353413326
2025-09-29 21:00:00;92.3950262931;55.2853103773;0;104.7869279977
2025-09-29 22:00:00;57.6743373258;46.4680755313;0;42.9493830214
2025-09-29 23:00:00;59.8649113409;35.0373640515;0;74.3599810139
2025-09-30 00:00:00;31.3341040472;20.6446453979;0;89.0485061685
2025-09-30 01:00:00;33.1013531941;9.4513219105;0;90.3435958134
2025-09-30 02:00:00;29.3449455762;22.50258301;0;94.0462241839
2025-09-30 03:00:00;29.6316401414;26.2334344187;0;103.7184226617
2025-09-30 04:00:00;30.5085931963;21.1991683463;0;89.1891669753
2025-09-30 05:00:00;26.6109557231;25.0904085456;0;81.7057115802
2025-09-30 06:00:00;72.0413040067;43.0809256586;27.1681611805;80.8164039197
2025-09-30 07:00:00;80.7980396595;43.3234729557;37.8117293281;45.7372723596
2025-09-30 08:00:00;83.6333837027;51.0919758923;66.0958734908;64.6215712293
2025-09-30 09:00:00;81.7624718845;55.3238263819;67.4659142952;45.2646762752
2025-09-30 10:00:00;49.056027848;20.7459430672;112.995135405;65.4210193486
2025-09-30 11:00:00;48.6213270479;25.8609660494;121.1449082042;54.2478715848
2025-09-30 12:00:00;49.6524935097;26.3452381496;149.3961286319;46.9556022909
2025-09-30 13:00:00;45.821981783;41.0666198151;149.7488766195;72.7283624217
2025-09-30 14:00:00;32.577977629;18.5125360634;150;51.5344156299
2025-09-30 15:00:00;42.5676312448;11.6491289765;135.4519056772;73.0397979508
2025-09-30 16:00:00;51.5491850958;17.1308909683;112.5166969325;66.3398998427
2025-09-30 17:00:00;49.6382130329;34.1271753269;113.8896669739;53.5993731202
2025-09-30 18:00:00;91.8935506616;80.1535243762;78.9232606957;71.3146716475
2025-09-30 19:00:00;92.2343771039;63.6951663079;59.3033226904;92.0538213146
2025-09-30 20:00:00;96.7370642698;66.5722274194;44.0047033032;104.4231867981
2025-09-30 21:00:00;98.3931859878;76.1362218075;0;100.5485071854
2025-09-30 22:00:00;52.6115682487;39.0098918888;0;90.9338561698
2025-09-30 23:00:00;53.9560388558;24.1668463309;0;58.1570463299
2025-10-01 00:00:00;27.4529562217;24.5214073605;0;145.0363162533
2025-10-01 01:00:00;24.0089275138;19.8171634698;0;58.3957293306
2025-10-01 02:00:00;29.0111531339;26.6218217248;0;111.314757835
2025-10-01 03:00:00;28.6683260691;16.4541917362;0;99.6647920316
2025-10-01 04:00:00;24.3271014781;23.9172627912;0;63.5568662256
2025-10-01 05:00:00;32.9073642194;28.3525316029;0;87.1690365288
2025-10-01 06:00:00;76.6569077512;54.8820605736;23.7147757088;88.1934658773
2025-10-01 07:00:00;77.6127033512;50.2801089376;41.9425915458;71.5972823897
2025-10-01 08:00:00;71.0256480978;47.2344601575;55.5021118034;44.3529052706
2025-10-01 09:00:00;65.5558741459;44.8567093412;78.7779117117;50.4439556028
2025-10-01 10:00:00;57.0269636065;39.448049252;102.8249634596;22.4542525765
2025-10-01 11:00:00;51.9354663072;22.0455422493;108.51722911;77.3889416357
2025-10-01 12:00:00;50.9159669235;22.6165783423;131.0304656395;39.5331717003
2025-10-01 13:00:00;39.4882391;7.0869464915;150;68.1221249802
2025-10-01 14:00:00;43.9060265595;27.6130382428;150;61.3787506615
2025-10-01 15:00:00;52.2429507726;26.6182029342;139.036811745;61.4323877134
2025-10-01 16:00:00;42.8704550898;28.6419927337;125.7160308605;75.7256226327
2025-10-01 17:00:00;40.2408642371;25.5039889361;99.8272923954;89.2873604837
2025-10-01 18:00:00;96.9736561764;62.2189108825;88.2606444076;66.934769914
2025-10-01 19:00:00;94.8176111308;66.3667437346;57.3174117617;94.228368464
2025-10-01 20:00:00;84.5030997172;59.3341819421;40.7778873408;87.6256821516
2025-10-01 21:00:00;97.0205143107;68.8997882277;0;101.5651720559
2025-10-01 22:00:00;64.5020784813;58.7652809019;0;71.5978588156
2025-10-01 23:00:00;43.2215618496;45.5606822923;0;102.7363600458
2025-10-02 00:00:00;31.5493386715;26.8030764868;0;114.9024227278
2025-10-02 01:00:00;27.1094299556;19.9818387697;0;114.2737171029
2025-10-02 02:00:00;38.2903013825;30.0515330677;0;75.091891534
2025-10-02 03:00:00;44.4810727174;34.3368116384;0;86.1495549311
2025-10-02 04:00:00;39.340628191;13.1640437937;0;95.3184699915
2025-10-02 05:00:00;46.8140877673;33.9343431129;0;59.1129296008
2025-10-02 06:00:00;100.8306995984;51.0777777074;28.2050442191;125.7939347967
2025-10-02 07:00:00;105.8939493241;59.9458249272;37.5274709182;53.7950219565
2025-10-02 08:00:00;102.7457512337;54.2118613822;65.4836145953;57.7908665709
2025-10-02 09:00:00;93.6651349237;44.5418779288;69.8377294258;46.1767529441
2025-10-02 10:00:00;71.181805326;46.0594797113;115.506529064;36.0608456415
2025-10-02 11:00:00;65.7478941433;32.639464806;119.5833132467;45.8121753952
2025-10-02 12:00:00;69.4542610163;27.6922830217;136.9579531755;56.917733594
2025-10-02 13:00:00;58.5475123801;28.2487000404;126.1975052329;73.5528451235
2025-10-02 14:00:00;57.695081554;30.0791365871;143.2682670964;65.5004325276
2025-10-02 15:00:00;65.9856923599;29.2016497201;128.0514044824;68.4109956888
2025-10-02 16:00:00;56.270321806;28.247265859;117.2663485805;57.649777615
2025-10-02 17:00:00;52.7736796538;25.1198365757;101.062099591;70.7642905627
2025-10-02 18:00:00;116.165901066;58.2729036242;85.6792290493;86.2916656736
2025-10-02 19:00:00;120;63.2828136963;59.1900048697;95.2025335319
2025-10-02 20:00:00;113.0665532904;54.9076903154;41.0010188858;97.3222241912
2025-10-02 21:00:00;120;80.1531889359;0;86.8904432904
2025-10-02 22:00:00;78.5058464822;51.1599747819;0;50.5242511102
2025-10-02 23:00:00;72.4939326571;19.9791851391;0;59.8018757604
2025-10-03 00:00:00;29.664275749;23.3721489188;0;100.1174926154
2025-10-03 01:00:00;29.8384031836;23.8760277537;0;89.6489145552
2025-10-03 02:00:00;25.366959335;9.8138150483;0;99.7796475793
2025-10-03 03:00:00;26.142893803;14.3514123291;0;127.5701736809
2025-10-03 04:00:00;29.1216824719;15.3695780398;0;106.2114625468
2025-10-03 05:00:00;31.2207286355;16.0655638355;0;118.1865722923
2025-10-03 06:00:00;78.5279011976;56.5312852735;23.5571296058;92.0225954922
2025-10-03 07:00:00;74.6777489218;48.5793548142;37.1730879485;43.0521848601
2025-10-03 08:00:00;80.3487099354;47.4270410858;66.5592532652;53.1565736088
2025-10-03 09:00:00;81.4846172129;57.4743045676;74.8535949359;43.0854081247
2025-10-03 10:00:00;58.3371220645;36.0082617527;115.6508198066;74.9492348414
2025-10-03 11:00:00;60.2708359446;24.0125992771;120.7852787128;64.5946551181
2025-10-03 12:00:00;50.3002087621;24.2072913535;139.6073537444;60.9555547786
2025-10-03 13:00:00;39.8356211342;21.1508821371;150;82.369670859
2025-10-03 14:00:00;47.3378965336;21.0388013562;150;31.1476452582
2025-10-03 15:00:00;38.9715721869;33.1266634121;138.3444120258;72.1786693078
2025-10-03 16:00:00;43.7003430422;27.5110816315;119.3545927103;42.3077968982
2025-10-03 17:00:00;48.4773799143;24.77991524;101.6633816232;62.8121851669
2025-10-03 18:00:00;100.1242108417;64.8354722684;81.6815719046;58.0226751717
2025-10-03 19:00:00;92.6200622543;70.7818683759;62.3352902095;94.2897763143
2025-10-03 20:00:00;90.8392833517;62.6303459533;40.0043892574;85.5206689835
2025-10-03 21:00:00;95.2061099774;73.1013210379;0;108.1120502102
2025-10-03 22:00:00;49.9274741125;36.8773773764;0;68.731115301
2025-10-03 23:00:00;53.9786656911;37.3927973952;0;95.2480544021
2025-10-04 00:00:00;29.9639997828;17.5753094121;0;93.4895866765
2025-10-04 01:00:00;29.874072033;21.9207443437;0;53.1148195905
2025-10-04 02:00:00;30.3982656322;18.2687066733;0;69.2123556744
2025-10-04 03:00:00;26.2446831499;27.9649973451;0;86.4793386954
2025-10-04 04:00:00;26.7285315332;17.1642047477;0;114.8295233589
2025-10-04 05:00:00;26.6379768254;20.1235541359;0;100.2617115764
2025-10-04 06:00:00;55.1798196124;37.3713098622;27.0773260292;63.6220508698
2025-10-04 07:00:00;64.0084805871;52.0863089966;45.1972144386;52.0164664514
2025-10-04 08:00:00;66.4962026714;46.2164616899;59.9146589672;81.1012108115
2025-10-04 09:00:00;66.0536395117;45.650069907;81.450782478;55.406433093
2025-10-04 10:00:00;44.733947232;19.4423618449;89.6415045468;49.4961653075
2025-10-04 11:00:00;42.2656595265;22.3615633219;97.1804618067;60.5346028682
2025-10-04 12:00:00;49.2645989947;33.967448658;143.8066378569;64.1956416532
2025-10-04 13:00:00;40.5128061874;15.2774028335;147.3421733794;55.7197289588
2025-10-04 14:00:00;38.6160454777;21.0808937855;142.3541271826;70.7940643474
2025-10-04 15:00:00;45.4870532227;18.8849221648;142.1904723755;57.7209366246
2025-10-04 16:00:00;37.5187377406;15.2748359298;122.4898829443;74.202072961
2025-10-04 17:00:00;36.4816476591;31.8984761437;111.2471364034;65.5601606917
2025-10-04 18:00:00;77.2261271837;59.7607528049;80.0168869776;70.4700609432
2025-10-04 19:00:00;72.0013554944;60.2852625958;54.6669247449;65.5141056779
2025-10-04 20:00:00;82.0013350122;66.7793047092;43.1250829559;64.2586776265
2025-10-04 21:00:00;78.5506210213;59.5333700563;0;99.9747556404
2025-10-04 22:00:00;48.2098736902;37.6498384905;0;79.2562131951
2025-10-04 23:00:00;54.2036341135;35.2590351115;0;86.6233009263
2025-10-05 00:00:00;28.2416170354;20.8744434368;0;82.909963948
2025-10-05 01:00:00;21;31.0600432941;0;109.9612186977
2025-10-05 02:00:00;32.1648166628;15.4956212062;0;76.1441423165
2025-10-05 03:00:00;30.7508672545;18.8488391199;0;86.7437635935
2025-10-05 04:00:00;26.7039575581;15.076378342;0;107.4306910022
2025-10-05 05:00:00;31.7876985103;27.2665638391;0;116.1170766864
2025-10-05 06:00:00;65.9214256088;54.1884690607;25.3283013028;78.0308195331
2025-10-05 07:00:00;58.1242475724;39.35261818;41.6043794966;80.2658499574
2025-10-05 08:00:00;61.027998792;41.986536672;55.8686946546;58.0913370011
2025-10-05 09:00:00;69.0293839526;44.5579450271;75.2683218816;39.8262520579
2025-10-05 10:00:00;42.6031942657;28.8616032089;102.6326811864;58.8429985969
2025-10-05 11:00:00;46.1505080256;32.157362188;123.0968307301;48.7142679419
2025-10-05 12:00:00;34.040643879;21.1712115436;144.6928563273;59.718649004
2025-10-05 13:00:00;30.9154403503;19.6801883641;145.1430130083;62.1779206618
2025-10-05 14:00:00;38.2925738432;26.5555954576;126.5397796028;64.0183632736
2025-10-05 15:00:00;43.1096902483;14.4103443518;134.5196210993;48.5276032463
2025-10-05 16:00:00;31.4546115362;16.8743103592;130.7799353946;78.4079757319
2025-10-05 17:00:00;37.9192833845;26.6171092343;99.5209208577;44.685282619
2025-10-05 18:00:00;77.2267596197;60.1205682585;77.8308594618;45.4294810093
2025-10-05 19:00:00;83.2063864579;58.3735105875;62.6708800069;88.2303218315
2025-10-05 20:00:00;73.4373753365;53.8556688698;37.6488049954;113.1898244203
2025-10-05 21:00:00;80.8528396281;59.6876008478;0;73.685672619
2025-10-05 22:00:00;42.9088860348;26.3592539861;0;94.9700202856
2025-10-05 23:00:00;46.854165238;38.4294028669;0;102.4926730977
2025-10-06 00:00:00;30.3101897354;13.8692562144;0;107.9934838889
2025-10-06 01:00:00;28.8669941664;21.0728957901;0;82.7396838528
2025-10-06 02:00:00;32.1501533082;19.66542547;0;65.247889778
2025-10-06 03:00:00;30.1964373044;34.2079893444;0;40.2047497836
2025-10-06 04:00:00;29.4023716407;21.4926572429;0;83.8245745008
2025-10-06 05:00:00;28.3961255969;18.1685840174;0;116.1446200878
2025-10-06 06:00:00;74.3060302476;53.2966305377;22.5703650131;64.5050238363
2025-10-06 07:00:00;74.9560334604;61.0728981753;39.3673249181;63.255489707
2025-10-06 08:00:00;69.5056981334;47.9269385834;55.7772399931;41.0448898032
2025-10-06 09:00:00;72.3842169231;42.7196464302;73.1797776703;55.2595820225
2025-10-06 10:00:00;49.7817913695;34.2517569422;100.4078403723;63.3575252281
2025-10-06 11:00:00;54.3508237178;22.5838242451;127.6684941135;44.956557019
2025-10-06 12:00:00;51.8646331985;29.4111149009;139.0907455257;56.126441021
2025-10-06 13:00:00;48.2852975995;38.2491107868;150;56.2867092764
2025-10-06 14:00:00;47.8440448335;24.6236649704;150;73.8756156833
2025-10-06 15:00:00;40.6644048975;23.1130137841;135.3760393014;66.4987838039
2025-10-06 16:00:00;44.8063903793;25.7319198555;125.5737842663;63.6912930271
2025-10-06 17:00:00;47.6900980402;25.124317652;97.6881104477;87.2717432017
2025-10-06 18:00:00;92.5946594264;67.8452463339;73.9404385069;73.2029446332
2025-10-06 19:00:00;90.1065680055;70.952957633;55.30963603;66.8119361447
2025-10-06 20:00:00;88.467730991;63.5981971291;38.3523761886;79.0147473518
2025-10-06 21:00:00;97.2277508943;59.5367170983;0;79.2159133514
2025-10-06 22:00:00;58.5923372876;51.2657034948;0;82.3694966078
2025-10-06 23:00:00;53.5943639254;47.12604273;0;131.7104053154
2025-10-07 00:00:00;33.4476191304;20.5889744139;0;113.6330105034
2025-10-07 01:00:00;21;15.5319957774;0;51.062426584
2025-10-07 02:00:00;35.9739959282;29.4027499519;0;89.8799983167
2025-10-07 03:00:00;29.2937483763;34.6827573789;0;53.7540026672
2025-10-07 04:00:00;30.6379945236;25.5601013141;0;95.4175715499
2025-10-07 05:00:00;28.5576702435;34.6418367006;0;52.3257258355
2025-10-07 06:00:00;80.1433047166;56.1816250786;1.7212151844;81.3321067806
2025-10-07 07:00:00;69.0893287404;50.5804726602;3.0783299161;38.6736338882
2025-10-07 08:00:00;80.4976925179;47.373897056;3.5544082059;68.3873988569
2025-10-07 09:00:00;75.6458401925;48.3801430156;4.9817443649;62.4033953891
2025-10-07 10:00:00;57.2614547578;34.3645481161;6.5838231201;67.1208139401
2025-10-07 11:00:00;52.9780452512;30.452962463;8.234652591;60.7641115065
2025-10-07 12:00:00;48.5724793956;26.9953454893;9.2353924084;40.645686249
2025-10-07 13:00:00;48.9451866;26.2788478999;10.6170907438;82.1394830172
2025-10-07 14:00:00;46.1592257355;17.0546806019;7.7591168187;107.7758193427
2025-10-07 15:00:00;50.8851937175;34.3634268644;7.3175695759;80.2412156917
2025-10-07 16:00:00;43.8858947142;20.8552701282;7.6652694473;65.0429413443
2025-10-07 17:00:00;42.8713469501;25.583245841;7.1981269446;46.8054131634
2025-10-07 18:00:00;99.5121733751;74.9010690369;4.5080242631;56.2686558383
2025-10-07 19:00:00;101.8693000505;67.6431316709;2.8631936415;104.1927484709
2025-10-07 20:00:00;93.3078386039;54.8884804527;2.7097580471;118.7014155038
2025-10-07 21:00:00;89.8783675744;66.7453823827;0;99.6962506174
2025-10-07 22:00:00;58.1068542187;38.4063147945;0;112.3083304068
2025-10-07 23:00:00;53.3163732384;40.8972259734;0;110.150812252
2025-10-08 00:00:00;32.6966827143;15.3734196248;0;100.8983382858
2025-10-08 01:00:00;28.8332581153;31.4220587976;0;74.8145764117
2025-10-08 02:00:00;37.038063082;24.877190226;0;93.4513996598
2025-10-08 03:00:00;26.8522972273;23.1212803957;0;70.5627461982
2025-10-08 04:00:00;32.1623834813;10.800548399;0;89.9475895068
2025-10-08 05:00:00;27.800841134;22.0512647709;0;96.9651833707
2025-10-08 06:00:00;72.505295724;42.9112163054;26.1821296052;127.1442309959
2025-10-08 07:00:00;71.917824804;40.6633348353;36.3071730041;36.1399980236
2025-10-08 08:00:00;77.0958115478;49.1203472198;53.3112350683;60.2028033577
2025-10-08 09:00:00;77.9047092676;44.452819415;72.9677810349;73.6327673304
2025-10-08 10:00:00;56.901381168;32.5512120943;102.4706101926;63.9284811822
2025-10-08 11:00:00;53.9056308374;31.3492145282;116.3808508801;64.9238801069
2025-10-08 12:00:00;55.0223665773;27.3426085223;144.320433247;61.6292812116
2025-10-08 13:00:00;48.7410440896;28.7520828795;114.0368657836;83.0383548621
2025-10-08 14:00:00;48.8831991739;27.7511272893;137.6564778523;45.6466125132
2025-10-08 15:00:00;32.5950566904;23.1252737347;126.3263618161;40.9691667383
2025-10-08 16:00:00;43.4762972585;22.141579545;120.0071858805;62.5908846421
2025-10-08 17:00:00;43.69213247;22.8159139568;97.2003578297;28.8192589713
2025-10-08 18:00:00;96.1642306016;62.5657768439;84.1537368793;81.9775012853
2025-10-08 19:00:00;92.8521253833;74.2001457558;49.265608546;105.1995386979
2025-10-08 20:00:00;96.3889192773;77.051836207;39.921091085;71.8694397706
2025-10-08 21:00:00;88.2986205934;76.295585743;0;73.130451435
2025-10-08 22:00:00;55.5618017574;54.405981005;0;79.1437989447
2025-10-08 23:00:00;58.4424818783;37.5601459878;0;81.6498673569
2025-10-09 00:00:00;23.3652770881;23.2364815763;0;92.306500603
2025-10-09 01:00:00;41.3113956069;26.9938906654;0;101.9473525856
2025-10-09 02:00:00;35.3589866979;28.5006462838;0;85.6013036453
2025-10-09 03:00:00;30.0060898611;18.6346022492;0;110.5572201661
2025-10-09 04:00:00;26.2721635174;21.591681812;0;99.4360521764
2025-10-09 05:00:00;29.2121168238;22.8804018364;0;75.8871171561
2025-10-09 06:00:00;74.0623375492;47.931948378;26.7878255943;119.3227109712
2025-10-09 07:00:00;75.6682084366;53.9011775687;45.6148741203;35.4504158843
2025-10-09 08:00:00;80.4382007536;51.3832806362;55.5590143896;52.4405085905
2025-10-09 09:00:00;71.5427838185;43.9774563319;81.0344971964;66.6526935459
2025-10-09 10:00:00;56.8586144673;37.5597390784;86.7823662198;43.9741566999
2025-10-09 11:00:00;48.5104889665;39.7125546771;98.9240418428;57.8313405777
2025-10-09 12:00:00;52.4652169838;18.170109033;147.990140741;60.9685640772
2025-10-09 13:00:00;46.3422426473;20.1510938703;147.496508025;49.1512698042
2025-10-09 14:00:00;47.7576980414;29.0432464481;150;61.4888278008
2025-10-09 15:00:00;41.2574706869;25.635227036;123.3911212031;60.1733248762
2025-10-09 16:00:00;42.6634541998;26.5179488081;127.4214249634;53.9855874271
2025-10-09 17:00:00;51.219521692;31.4443503418;116.5804054118;98.6582817792
2025-10-09 18:00:00;98.2726224521;72.2140177291;81.6363388271;50.6764269767
2025-10-09 19:00:00;93.9820911405;62.5143145206;59.0647739104;100.7442015353
2025-10-09 20:00:00;82.9791304742;66.1040929732;39.7429980485;72.6092792469
2025-10-09 21:00:00;104.3441301283;80.9966302638;0;58.6430766639
2025-10-09 22:00:00;54.2367281708;42.8655145216;0;82.5855148201
2025-10-09 23:00:00;52.9198684371;40.636653107;0;93.5815632494
2025-10-10 00:00:00;32.5724938259;24.3109121829;0;109.9215161135
2025-10-10 01:00:00;37.3368683421;21.6799455733;0;124.2579868326
2025-10-10 02:00:00;37.3910235165;29.1725257496;0;150
2025-10-10 03:00:00;40.3811674504;31.4026221566;0;94.9541827754
2025-10-10 04:00:00;30.4323681412;28.5384604661;0;74.5447116378
2025-10-10 05:00:00;33.6850404905;36.4297055443;0;99.4747982088
2025-10-10 06:00:00;97.471758712;51.3680886686;22.3824986439;83.4107783096
2025-10-10 07:00:00;87.8979429018;44.6643760719;43.949279018;66.0260475534
2025-10-10 08:00:00;85.7927377671;52.8810347054;54.8704123778;36.2279305202
2025-10-10 09:00:00;81.7155829589;39.1939511931;82.0347430739;85.3590845427
2025-10-10 10:00:00;66.6081557526;34.5713145331;88.5880603299;65.0888889561
2025-10-10 11:00:00;69.3917557872;30.6988615181;110.6052431211;31.0428567358
2025-10-10 12:00:00;68.5624785342;36.0805026603;150;44.1111060175
2025-10-10 13:00:00;51.1634750991;14.0663484126;143.22257212;75.3120475456
2025-10-10 14:00:00;54.4505306049;22.0736344871;150;80.9457037994
2025-10-10 15:00:00;61.3973239064;30.1833949684;137.5241055788;42.6557127319
2025-10-10 16:00:00;58.2124552704;26.3137731128;104.1330142463;73.7005095389
2025-10-10 17:00:00;48.3784014906;16.233153274;108.4740800805;32.0987200359
2025-10-10 18:00:00;95.9915877283;48.8315073977;75.1312147075;61.1534815417
2025-10-10 19:00:00;111.061856647;61.2778070451;60.9141917981;102.7803193306
2025-10-10 20:00:00;113.7219996726;74.8650536075;39.7294279876;69.3335420066
2025-10-10 21:00:00;103.7143428272;72.4159922488;0;50.1246037302
2025-10-10 22:00:00;63.8794770888;45.3821284726;0;83.3617715071
2025-10-10 23:00:00;62.5281383796;32.962339466;0;68.2638657045
2025-10-11 00:00:00;30.46928845;23.0840098711;0;103.2904613578
2025-10-11 01:00:00;27.548866708;12.0363198863;0;69.4917407573
2025-10-11 02:00:00;35.8072994893;11.2039948602;0;72.0059665044
2025-10-11 03:00:00;30.6658599628;23.2252857754;0;44.1535816464
2025-10-11 04:00:00;26.0444240123;18.1415327446;0;93.0359829133
2025-10-11 05:00:00;34.1285796912;30.0040554976;0;85.654368898
2025-10-11 06:00:00;56.2429716976;39.8520848739;22.398514487;62.7301832176
2025-10-11 07:00:00;67.7120405785;54.4396524749;40.0974806673;56.1409149299
2025-10-11 08:00:00;66.3915832886;37.9284061121;67.7021163133;67.2956298948
2025-10-11 09:00:00;68.1858047085;45.3033760597;81.8130377508;50.6608668291
2025-10-11 10:00:00;44.7992532337;26.1924394593;100.5991202778;57.136456466
2025-10-11 11:00:00;43.2788490007;33.0275041704;132.3939662154;57.2053214057
2025-10-11 12:00:00;45.8894598339;25.7437686169;140.4664380837;37.4246577045
2025-10-11 13:00:00;36.9211693861;22.6980218031;149.5124020926;94.5902926253
2025-10-11 14:00:00;34.3638216397;13.3370823224;134.2058248225;55.1174138647
2025-10-11 15:00:00;34.8098300112;15.951472342;140.7225969412;72.7180968072
2025-10-11 16:00:00;35.652457112;18.8700407357;132.0048403435;74.4844508145
2025-10-11 17:00:00;32.0361183358;28.4053250802;94.3044854862;60.2908697058
2025-10-11 18:00:00;81.4031046527;44.3155115479;87.6784799185;71.9478105957
2025-10-11 19:00:00;78.1169327304;54.6886407703;57.1621534238;85.2559428844
2025-10-11 20:00:00;76.9645667379;58.0212159447;36.7664521508;51.8537285416
2025-10-11 21:00:00;73.3556761253;46.5501132171;0;73.64787165
2025-10-11 22:00:00;40.2896835102;34.633983047;0;68.0198924412
2025-10-11 23:00:00;54.2229751379;29.4766676011;0;71.0480703265
2025-10-12 00:00:00;27.1773414171;9.411940894;0;60.0679706291
2025-10-12 01:00:00;32.7473777739;19.9466628159;0;114.2191516688
2025-10-12 02:00:00;30.7318551146;18.100168252;0;124.8148096746
2025-10-12 03:00:00;21;18.875555453;0;110.9120508212
2025-10-12 04:00:00;38.0660287041;25.5043841285;0;117.4296616498
2025-10-12 05:00:00;33.0783779045;18.3762213795;0;81.4431105571
2025-10-12 06:00:00;58.413035175;49.697907801;27.5380705078;74.9456468119
2025-10-12 07:00:00;61.7399015994;41.9896639307;38.5930792776;43.0646810261
2025-10-12 08:00:00;56.696225716;44.3467346301;60.963209574;62.0830602837
2025-10-12 09:00:00;70.0855430224;33.3084322381;76.7203050469;56.5084715018
2025-10-12 10:00:00;41.3787034649;21.1261208953;100.382332822;52.4407141154
2025-10-12 11:00:00;43.1092851669;28.2503311819;126.4704933589;70.7869144239
2025-10-12 12:00:00;42.1801383004;22.0766240908;141.0746117263;58.886394603
2025-10-12 13:00:00;37.6226765943;16.2867916906;123.3290359131;49.3052488162
2025-10-12 14:00:00;43.427393544;14.070598896;133.593725079;51.7655468023
2025-10-12 15:00:00;45.3131543143;28.1639472999;148.1169608971;73.021779392
2025-10-12 16:00:00;35.4654866443;23.6784768971;120.3803855755;78.6323859495
2025-10-12 17:00:00;38.9631347138;25.2642191835;96.6389862554;70.989377502
2025-10-12 18:00:00;78.6405129434;52.4927100759;70.0161124325;91.9696551712
2025-10-12 19:00:00;73.8546968967;45.3177451217;52.506892895;112.9953484844
2025-10-12 20:00:00;89.1734386724;65.3579554544;33.1105578322;89.0533724327
2025-10-12 21:00:00;84.404356617;59.3061389476;0;63.3940063572
2025-10-12 22:00:00;46.3141844757;38.0513246298;0;53.9411733827
2025-10-12 23:00:00;52.5816055728;45.2833984558;0;72.4416219283
2025-10-13 00:00:00;35.4544802072;12.2773956922;0;105.7471638777
2025-10-13 01:00:00;30.3683760349;23.4716516146;0;129.6283894042
2025-10-13 02:00:00;31.466836224;30.8019619854;0;98.277197255
2025-10-13 03:00:00;36.8045676407;28.4003694007;0;114.9912122654
2025-10-13 04:00:00;25.7423088849;24.3773237064;0;83.5325594031
2025-10-13 05:00:00;37.5316081379;21.81366084;0;102.8451025322
2025-10-13 06:00:00;72.3623000224;40.8226087838;25.2424307007;107.3076794966
2025-10-13 07:00:00;80.2363518883;40.1204338265;37.5285824114;26.9693979813
2025-10-13 08:00:00;73.3517868569;47.5870365132;52.9147102451;47.8752337548
2025-10-13 09:00:00;74.8945345466;42.9258857502;77.9600891829;66.0711054004
2025-10-13 10:00:00;53.9395923045;28.4022492062;103.5820013331;57.057766331
2025-10-13 11:00:00;51.7006836065;29.9913474507;141.7391899237;37.4223357702
2025-10-13 12:00:00;52.8787328675;33.6253017633;120.9343130716;20.9555209258
2025-10-13 13:00:00;50.6593179052;23.2222967849;150;56.5966305529
2025-10-13 14:00:00;34.0395786689;27.3209919141;150;61.1782057207
2025-10-13 15:00:00;38.8779698393;27.4807010587;128.9993474098;48.5274688242
2025-10-13 16:00:00;41.1886938988;29.0666854696;123.3825774157;64.521326617
2025-10-13 17:00:00;39.600765025;23.5709094907;96.9663632338;70.1791190864
2025-10-13 18:00:00;99.4515414287;73.1852778673;79.5517400066;72.7378118114
2025-10-13 19:00:00;98.3161795822;68.3945143328;64.2731831095;32.9190392037
2025-10-13 20:00:00;95.3207763241;75.9366831421;41.3252316142;53.7754223292
2025-10-13 21:00:00;89.7865148782;68.7119289205;0;73.9916502635
2025-10-13 22:00:00;60.1017133097;42.6121059927;0;91.547520879
2025-10-13 23:00:00;46.9473952421;33.286162824;0;89.8868509148
2025-10-14 00:00:00;39.6389218807;24.107297546;0;99.330653548
2025-10-14 01:00:00;26.9191659127;36.1184529909;0;80.3327162063
2025-10-14 02:00:00;28.8208415017;24.718056287;0;81.5718200645
2025-10-14 03:00:00;28.0679526728;32.1180188963;0;72.6714318058
2025-10-14 04:00:00;25.1710166366;27.4329603864;0;105.9127041951
2025-10-14 05:00:00;38.6630090577;27.4540008652;0;68.4031210406
2025-10-14 06:00:00;76.8573353092;44.4258983666;26.4239787941;107.7306116862
2025-10-14 07:00:00;78.77692691;40.3867948926;37.9723389504;56.0797362692
2025-10-14 08:00:00;67.8007977464;38.8991065648;50.4258621938;52.7092676604
2025-10-14 09:00:00;74.1215296922;50.3909903883;76.9050172006;44.5573522747
2025-10-14 10:00:00;56.387611205;33.1563205248;110.1164704938;35.2437470149
2025-10-14 11:00:00;55.261386459;36.2215693347;106.3337760244;44.6780670963
2025-10-14 12:00:00;48.8213015732;16.6354759261;125.6758168899;48.9114603741
2025-10-14 13:00:00;49.2505685143;31.8858691109;147.5902642411;25.3594397999
2025-10-14 14:00:00;44.9577937917;31.973411201;134.6045307003;59.1259230309
2025-10-14 15:00:00;40.1134802588;11.2889801563;128.5590361372;76.5670175922
2025-10-14 16:00:00;36.0621909912;23.061130168;117.0280695821;71.0139877303
2025-10-14 17:00:00;47.1408177299;37.9884932566;89.4516643888;54.4792033359
2025-10-14 18:00:00;103.5986876419;84.3432047669;72.1145153307;62.9243207991
2025-10-14 19:00:00;88.0029926083;61.3048514298;60.4391486381;68.8460499112
2025-10-14 20:00:00;93.3386485652;73.4532431572;35.2130273792;82.938280378
2025-10-14 21:00:00;97.5688745943;80.7644284573;0;110.7528357367
2025-10-14 22:00:00;48.3295469055;42.6819267572;0;99.3257440562
2025-10-14 23:00:00;51.8831766421;43.8427432373;0;90.3756398011
2025-10-15 00:00:00;26.1292854933;22.1186339075;0;3.6770473963
2025-10-15 01:00:00;34.4310451267;25.2616420933;0;4.9800899498
2025-10-15 02:00:00;35.9648515621;23.175173695;0;2.4252021593
2025-10-15 03:00:00;30.7156631913;21.3840088117;0;3.9292334375
2025-10-15 04:00:00;26.2121966895;23.503695705;0;4.8058086834
2025-10-15 05:00:00;28.0074407793;16.5131812681;0;4.9701116294
2025-10-15 06:00:00;70.4059042803;42.7298209237;22.0915468659;4.8961571482
2025-10-15 07:00:00;68.8454377171;49.8529679361;37.2536213516;2.701758387
2025-10-15 08:00:00;72.7839756907;58.6816353659;60.4231209455;2.3931634767
2025-10-15 09:00:00;75.8298667745;34.0198437206;76.7909307493;2.8547143121
2025-10-15 10:00:00;56.2010191957;47.2823557315;96.4563845558;1.9168702647
2025-10-15 11:00:00;53.9578150552;30.8673327187;121.2686242053;1.9849256663
2025-10-15 12:00:00;54.2516029615;37.8060135191;117.8063337607;2.5551241765
2025-10-15 13:00:00;44.0037386686;30.3259119274;150;3.0627828287
2025-10-15 14:00:00;38.5332653202;31.8621142467;150;1.5958190971
2025-10-15 15:00:00;45.0913242829;20.5762692991;132.4457217809;3.269709945
2025-10-15 16:00:00;41.7444021119;21.5297994314;130.5642568587;3.5027889339
2025-10-15 17:00:00;38.3076727603;24.1582233829;91.1435336619;2.8789490566
2025-10-15 18:00:00;94.159609545;61.907892538;85.0599987603;4.6783324314
2025-10-15 19:00:00;89.7386493291;73.8194360456;57.7861678205;3.1300097298
2025-10-15 20:00:00;93.5163271386;69.019414944;38.1746771467;3.4337080972
2025-10-15 21:00:00;96.3058046608;64.7369728338;0;3.4016445323
2025-10-15 22:00:00;49.7187864506;39.083043298;0;3.702541659
2025-10-15 23:00:00;54.4094064651;29.2057709819;0;3.4642454774
2025-10-16 00:00:00;21.8530970322;22.185915357;0;57.4008653813
2025-10-16 01:00:00;36.8963989077;29.8969190096;0;76.442974861
2025-10-16 02:00:00;23.884200764;17.8903343217;0;86.380094074
2025-10-16 03:00:00;27.6833115192;17.6376610135;0;115.7356866443
2025-10-16 04:00:00;36.0227095669;20.1254752264;0;137.2881300502
2025-10-16 05:00:00;28.9446468326;20.7583359372;0;118.1019837632
2025-10-16 06:00:00;67.7945503408;47.6533458515;25.2240963295;71.3777521493
2025-10-16 07:00:00;76.3916694745;55.1048356653;38.7942750563;43.8834240992
2025-10-16 08:00:00;76.2902360089;61.6832037218;62.4919341174;51.0085052608
2025-10-16 09:00:00;70.333501402;43.2856736876;71.1164880479;76.8255521119
2025-10-16 10:00:00;51.5874606034;36.7575086664;93.8266994984;50.9275503918
2025-10-16 11:00:00;51.9902895791;21.6238080584;130.5214305855;35.4937544071
2025-10-16 12:00:00;53.0180221238;28.7434414875;130.0703942599;46.4683657579
2025-10-16 13:00:00;35.8146551096;16.3032776715;150;73.7089962411
2025-10-16 14:00:00;43.5166175807;15.5506247207;150;72.6690604669
2025-10-16 15:00:00;52.3606388476;26.4690468861;132.1872324472;58.8763755019
2025-10-16 16:00:00;40.3011601032;21.7668299682;127.0989783287;72.5679484196
2025-10-16 17:00:00;41.7073037851;25.6456524988;90.6997529049;26.756620814
2025-10-16 18:00:00;87.0897704271;77.9824114164;82.5180429306;63.5874653449
2025-10-16 19:00:00;95.1707785802;70.1468056791;57.8422160135;96.8331851177
2025-10-16 20:00:00;97.8304380231;84.9299764002;40.6108583717;63.0947922328
2025-10-16 21:00:00;97.7274801878;85.0655158059;0;63.02555907
2025-10-16 22:00:00;48.3335822969;40.98659061;0;42.5040098406
2025-10-16 23:00:00;56.1986927341;37.3561719889;0;111.3603016853
2025-10-17 00:00:00;36.451875154;23.2692231859;0;72.4627777439
2025-10-17 01:00:00;32.2934839847;21.5538748772;0;93.6988426569
2025-10-17 02:00:00;32.152843575;16.1148634447;0;101.7159387944
2025-10-17 03:00:00;27.8776083961;17.0439860853;0;121.7800323276
2025-10-17 04:00:00;30.9904942071;24.553964026;0;84.9732727791
2025-10-17 05:00:00;35.5634318087;27.1931134511;0;76.4555799155
2025-10-17 06:00:00;74.6033447034;48.5606400093;23.8942354633;92.1970334613
2025-10-17 07:00:00;67.5091679434;43.5548028232;33.8378100625;70.0458128785
2025-10-17 08:00:00;71.0742168112;50.6612617605;59.0648066126;50.7682253454
2025-10-17 09:00:00;78.5681622705;48.4291902953;64.7966775781;40.3662812333
2025-10-17 10:00:00;55.3686482007;43.7950172695;97.1201178973;32.5997353118
2025-10-17 11:00:00;54.4430826112;21.4215139248;129.2513606964;36.8345053929
2025-10-17 12:00:00;51.4142333595;32.3190712785;138.2964527743;64.4824148694
2025-10-17 13:00:00;49.6464490283;28.8787898146;150;56.9028052717
2025-10-17 14:00:00;51.7786094061;24.0954118683;150;52.4658534602
2025-10-17 15:00:00;49.9821037695;26.9785170429;129.0802893462;50.7886940057
2025-10-17 16:00:00;50.7894150124;32.0957424685;120.4635363399;63.1766362558
2025-10-17 17:00:00;42.6835746325;32.0466741536;99.272397579;58.1581176308
2025-10-17 18:00:00;90.0947444937;55.5326470846;67.7844207701;57.637290495
2025-10-17 19:00:00;91.6419521511;68.1542455168;52.5072957993;106.3660249081
2025-10-17 20:00:00;92.5190850208;63.1422131162;37.2728862311;110.1179860721
2025-10-17 21:00:00;98.7850944424;84.8066795217;0;47.5223594046
2025-10-17 22:00:00;59.1537935867;37.5162184027;0;86.0499088193
2025-10-17 23:00:00;56.3304155018;55.0272080722;0;64.0889149595
2025-10-18 00:00:00;23.5596595537;16.7197668039;0;82.723226633
2025-10-18 01:00:00;22.4039016993;29.878787285;0;95.0163305957
2025-10-18 02:00:00;31.0820823516;22.1155336976;0;83.5066626638
2025-10-18 03:00:00;33.9611844252;18.4718852599;0;93.2784421579
2025-10-18 04:00:00;29.6419482796;22.4085564145;0;103.0354602972
2025-10-18 05:00:00;38.6170702724;31.8017574997;0;94.6921717699
2025-10-18 06:00:00;56.6792942345;29.1745819316;21.0305663973;73.9347245154
2025-10-18 07:00:00;56.1126951588;43.1396961186;39.0591874331;44.5941602132
2025-10-18 08:00:00;58.5610145464;39.8368859522;55.487562809;33.8715375825
2025-10-18 09:00:00;58.3899414721;41.9911756234;67.0279712718;41.62120741
2025-10-18 10:00:00;47.5934956077;27.7432041583;102.5767231341;78.8754600487
2025-10-18 11:00:00;43.3275058653;22.695636029;126.7194753787;42.4403375756
2025-10-18 12:00:00;38.2599271229;16.2160409768;138.280693513;37.1303252351
2025-10-18 13:00:00;41.0747773873;26.3551341609;140.8250587776;66.6758004544
2025-10-18 14:00:00;29.1428906649;19.9070866341;150;60.0344615568
2025-10-18 15:00:00;32.2421923286;21.7577215342;143.2046102435;58.7190051084
2025-10-18 16:00:00;29.7604947638;18.8130006378;122.8028971428;83.4857620403
2025-10-18 17:00:00;37.994720079;29.2415679158;92.8086842006;70.2133628528
2025-10-18 18:00:00;78.712563369;66.299094747;79.0968169385;53.5577227816
2025-10-18 19:00:00;86.4993931089;51.7690229626;62.0303076776;70.9538426423
2025-10-18 20:00:00;81.987568617;48.0909636511;37.0540935416;69.4037910046
2025-10-18 21:00:00;84.3627564894;74.810650536;0;96.7358910358
2025-10-18 22:00:00;46.5239526295;33.1087054624;0;73.2622983711
2025-10-18 23:00:00;40.8290160037;26.5791024671;0;43.7933672138
2025-10-19 00:00:00;30.576484209;20.34564099;0;86.9485873872
2025-10-19 01:00:00;32.6658945332;15.1575575582;0;54.1926706016
2025-10-19 02:00:00;33.1671332201;18.1297709102;0;136.0712586
2025-10-19 03:00:00;27.8741453515;17.3055142157;0;66.7642286586
2025-10-19 04:00:00;32.199539132;21.6327086524;0;84.4502615906
2025-10-19 05:00:00;25.8013741312;23.0574689188;0;93.6929818432
2025-10-19 06:00:00;56.8141837149;35.4414579873;29.2507868141;81.6604340446
2025-10-19 07:00:00;56.4879016871;36.6085215662;37.1622904537;48.9781444272
2025-10-19 08:00:00;61.6197498369;41.4500637066;56.5906595421;58.375921878
2025-10-19 09:00:00;56.2086692905;41.0957592465;72.9996496417;72.9558008974
2025-10-19 10:00:00;43.2828499119;36.0790249061;100.8323020747;62.9395314883
2025-10-19 11:00:00;49.2573241476;27.7096791171;102.8380223393;72.3260492747
2025-10-19 12:00:00;40.5631161149;35.5858739427;129.4880435534;38.989838604
2025-10-19 13:00:00;34.7674289045;24.7062248605;131.5425449205;66.496271504
2025-10-19 14:00:00;37.3591738007;12.7166765047;145.6961974617;63.9993424493
2025-10-19 15:00:00;38.1478241121;12.7466033301;146.1749790388;67.0157622715
2025-10-19 16:00:00;34.7900253966;15.2991906054;125.668073771;82.805038899
2025-10-19 17:00:00;40.5777033645;35.3124571745;80.2674026209;58.2076263019
2025-10-19 18:00:00;80.480701464;55.0362703034;89.7539375958;55.3626471441
2025-10-19 19:00:00;82.9530208301;48.1428734614;57.7776743203;89.7848191589
2025-10-19 20:00:00;77.4564574509;59.8338378086;36.3837244094;43.9974660737
2025-10-19 21:00:00;75.5159814679;48.4989327394;0;74.520288756
2025-10-19 22:00:00;42.1223555672;31.6274071557;0;76.5531167598
2025-10-19 23:00:00;46.575823497;31.6209504074;0;60.985049797
2025-10-20 00:00:00;28.3027989773;21.2365162225;0;111.0249540511
2025-10-20 01:00:00;27.4387360004;29.2751599071;0;64.4969008761
2025-10-20 02:00:00;27.9827073109;26.0747285212;0;84.834785651
2025-10-20 03:00:00;26.9233928169;14.2688166241;0;94.2539097537
2025-10-20 04:00:00;30.8955950074;18.1655985453;0;117.5320897567
2025-10-20 05:00:00;23.6433756786;22.2030909465;0;87.5860430958
2025-10-20 06:00:00;74.3440648644;44.1522302045;25.2812376046;108.3705419981
2025-10-20 07:00:00;76.0249609701;47.2113372893;39.2153170789;61.9193946707
2025-10-20 08:00:00;70.3665354265;34.9173783786;53.2632723094;54.3169480139
2025-10-20 09:00:00;81.6296577765;44.0026367193;78.1226426627;38.3388810833
2025-10-20 10:00:00;53.8771645606;32.3312897032;93.9490181636;33.7934212039
2025-10-20 11:00:00;46.7718252373;9.4681111201;115.2595899003;54.0936428639
2025-10-20 12:00:00;52.5322755827;34.8215263003;127.5621423297;45.5419151551
2025-10-20 13:00:00;44.4885098699;16.2924447988;127.2100178259;75.5997734671
2025-10-20 14:00:00;46.2269112177;28.583408583;145.3536914747;72.9348719226
2025-10-20 15:00:00;43.0481198592;27.5139363498;141.2923877522;58.635339563
2025-10-20 16:00:00;39.654490977;20.9214680349;124.0191005201;43.6805965518
2025-10-20 17:00:00;39.2791444362;29.5219215116;105.2252245917;69.3215056825
2025-10-20 18:00:00;89.221917652;69.9621466231;78.9004506691;45.8284978451
2025-10-20 19:00:00;89.653125304;64.4816600288;53.8669865147;64.0495303462
2025-10-20 20:00:00;87.0557306933;63.4304684308;41.2678537869;59.683742133
2025-10-20 21:00:00;88.8654552104;75.7230830457;0;76.2993809406
2025-10-20 22:00:00;56.7654320212;47.0630755333;0;102.1578606326
2025-10-20 23:00:00;61.2157253958;48.3478246172;0;78.9364208606
2025-10-21 00:00:00;33.3995777124;9.69152508;0;77.9069888355
2025-10-21 01:00:00;35.8763748878;27.2771934525;0;54.198409559
2025-10-21 02:00:00;34.3835331071;13.7447853279;0;99.7087783961
2025-10-21 03:00:00;33.7490864778;24.4885318189;0;70.5213395849
2025-10-21 04:00:00;28.4799168162;25.871566914;0;90.1892389343
2025-10-21 05:00:00;30.6340989527;32.9605046846;0;79.8564277713
2025-10-21 06:00:00;71.0469129344;38.6310964221;22.1817408178;105.9744150783
2025-10-21 07:00:00;71.953717745;44.4022586345;35.7643515915;50.5026509557
2025-10-21 08:00:00;73.2464519272;46.5495097877;51.7518225683;51.7946683724
2025-10-21 09:00:00;76.1507476576;40.3104881546;83.2715257709;58.952916592
2025-10-21 10:00:00;55.6722301984;37.7269713621;105.8419776988;80.259079115
2025-10-21 11:00:00;53.0390432981;29.8729509111;123.3439473911;64.2453073427
2025-10-21 12:00:00;54.0171993156;30.9104149532;146.0586264838;51.4046089517
2025-10-21 13:00:00;46.1316490186;29.7160422488;133.1257120618;61.3796441035
2025-10-21 14:00:00;47.1843374559;25.7515667379;147.1921519385;53.2831226522
2025-10-21 15:00:00;37.34558425;17.1796276773;133.1756090636;46.764656325
2025-10-21 16:00:00;39.3328121471;22.8324794947;126.7589460638;52.8554746285
2025-10-21 17:00:00;49.1639598874;25.7093416521;97.5116999872;49.4915186036
2025-10-21 18:00:00;91.8382119047;66.2224173973;74.2883008796;71.3484808769
2025-10-21 19:00:00;90.2037802992;72.8182184249;58.5040298862;57.7367380224
2025-10-21 20:00:00;90.9263773412;57.8574211561;41.2429057594;105.135769045
2025-10-21 21:00:00;90.9254510943;59.928418104;0;93.6790410446
2025-10-21 22:00:00;56.2779949985;47.4735388694;0;79.257800981
2025-10-21 23:00:00;48.7812012087;30.5698747782;0;78.8599228928
2025-10-22 00:00:00;30.1114998592;22.7326167888;0;75.2267464549
2025-10-22 01:00:00;31.1075297825;23.8778565624;0;93.3054908757
2025-10-22 02:00:00;31.7832056245;8.3586997703;0;111.1797611398
2025-10-22 03:00:00;31.0028879829;27.3181865944;0;72.0392327168
2025-10-22 04:00:00;32.3215780364;17.9089113163;0;53.8977780696
2025-10-22 05:00:00;27.4228673202;20.6997191394;0;102.7698859532
2025-10-22 06:00:00;68.6647402364;39.6599038597;23.4716048161;94.4915957354
2025-10-22 07:00:00;83.9593725265;51.6006684541;38.2194079983;37.7558715807
2025-10-22 08:00:00;71.5471614513;56.9803522171;51.1501343751;42.8271423617
2025-10-22 09:00:00;72.0728074139;48.4696483723;61.1171067793;41.1789729571
2025-10-22 10:00:00;56.7899198386;40.8052864081;99.6487017845;42.943290349
2025-10-22 11:00:00;60.9220412138;36.6003240281;124.0648771988;48.1986610387
2025-10-22 12:00:00;51.2892628727;33.1599789945;136.8643206661;48.9477400741
2025-10-22 13:00:00;39.6633641256;26.4280175158;120.4434366055;51.2283876307
2025-10-22 14:00:00;38.5683427539;23.7349027217;138.6942804966;49.5860879821
2025-10-22 15:00:00;51.3270108292;37.2948147659;110.2635936793;57.6833069008
2025-10-22 16:00:00;39.4865513933;23.2084823422;131.265175691;63.7476749667
2025-10-22 17:00:00;44.0340311181;41.7809507889;89.5546205523;56.3447484319
2025-10-22 18:00:00;87.6682839206;67.1720666022;84.052749438;78.9053186674
2025-10-22 19:00:00;85.548464034;54.293785098;60.1105161493;88.655484746
2025-10-22 20:00:00;90.7503765759;68.7995075187;35.6399442704;47.3781217044
2025-10-22 21:00:00;87.8460256663;69.8294379064;0;88.9630600174
2025-10-22 22:00:00;50.6273114845;42.7727582094;0;90.5720474313
2025-10-22 23:00:00;62.7671123373;47.6509216314;0;70.1140527141
2025-10-23 00:00:00;19.9861214117;29.4624343376;0;54.5947020972
2025-10-23 01:00:00;21.4137951292;15.6966923625;0;87.3598690286
2025-10-23 02:00:00;21.1127730792;31.3209876052;0;87.0160279919
2025-10-23 03:00:00;18.5043826019;20.2548973099;0;62.7366316202
2025-10-23 04:00:00;17.5493821201;20.0913776542;0;55.5532551765
2025-10-23 05:00:00;19.490209881;18.8488248557;0;85.2757277459
2025-10-23 06:00:00;46.1123220815;52.1177584056;22.46817943;82.1038926985
2025-10-23 07:00:00;44.0345160826;45.045991593;39.3399028315;46.8535950976
2025-10-23 08:00:00;46.0035275802;43.2841324969;51.9177112885;51.2196147104
2025-10-23 09:00:00;43.6469319582;41.8659791773;76.7275403519;37.8887516185
2025-10-23 10:00:00;33.1578193754;22.6069593221;93.944424846;46.6240144716
2025-10-23 11:00:00;32.6961105369;26.5930754809;101.0757069894;59.2850425969
2025-10-23 12:00:00;30.0649802676;22.0675379333;109.7327838709;47.7336563792
2025-10-23 13:00:00;21.0165095482;18.3427202761;144.7586152149;35.519200282
2025-10-23 14:00:00;24.9962108201;26.8510083449;135.7928219732;53.8168676813
2025-10-23 15:00:00;32.7272693701;34.1971875748;127.6560329611;44.7012017979
2025-10-23 16:00:00;26.7699939534;31.9845895662;124.4333406954;65.1045861393
2025-10-23 17:00:00;29.8296766032;34.4788788003;106.8923392794;65.8934006826
2025-10-23 18:00:00;51.6468026626;58.9918657317;74.4442540445;35.7205625747
2025-10-23 19:00:00;54.7924690708;62.6382410627;54.1614478465;93.3547511291
2025-10-23 20:00:00;53.8167650695;65.3754051073;39.7984147621;56.6485384297
2025-10-23 21:00:00;57.0639761744;55.112654587;0;109.0512008304
2025-10-23 22:00:00;40.466825441;45.5715832046;0;77.5088260451
2025-10-23 23:00:00;34.9381280076;39.7208023531;0;54.0158749809
2025-10-24 00:00:00;37.6302563998;26.0499402283;0;62.1301560122
2025-10-24 01:00:00;28.8550347254;24.4025747718;0;94.5229258907
2025-10-24 02:00:00;36.1419121823;28.1458497852;0;78.4492680538
2025-10-24 03:00:00;39.3296551801;15.9493992478;0;84.8545554933
2025-10-24 04:00:00;29.5078392012;22.7906312411;0;122.0158194274
2025-10-24 05:00:00;27.5733087995;23.76622971;0;71.7548921454
2025-10-24 06:00:00;66.9108833184;46.8995653051;21.9415651362;88.259235956
2025-10-24 07:00:00;71.4502613713;52.1294080728;38.8026645441;70.6929620131
2025-10-24 08:00:00;73.2095675733;45.5734783513;57.9162586855;55.7018282721
2025-10-24 09:00:00;81.980323813;58.940920119;79.9405716823;31.2179329694
2025-10-24 10:00:00;47.8658915177;25.1870635548;82.2650415959;58.7653935463
2025-10-24 11:00:00;53.9617529228;27.8192451286;110.272202427;37.0039641678
2025-10-24 12:00:00;45.5288878549;28.2509105746;123.7103209666;70.5229163182
2025-10-24 13:00:00;42.1989626045;21.82327335;142.7726280596;48.3472143169
2025-10-24 14:00:00;45.5206744427;23.3160598705;147.0882258332;106.0567606137
2025-10-24 15:00:00;46.4260195214;35.6041451261;148.9912888796;83.1984210273
2025-10-24 16:00:00;46.7699991927;30.9095434843;112.7746538991;48.746743724
2025-10-24 17:00:00;45.9077134823;29.8008545485;93.4731687966;61.1735504926
2025-10-24 18:00:00;94.600689399;61.4417869974;82.7878244318;72.337388027
2025-10-24 19:00:00;92.1946167491;55.2331321995;56.7833539046;93.5924810137
2025-10-24 20:00:00;87.2733922917;63.4347735527;41.9881424715;86.9144610719
2025-10-24 21:00:00;83.6563343321;69.9514173192;0;102.7586714393
2025-10-24 22:00:00;51.2331792034;42.1494851324;0;75.8542453434
2025-10-24 23:00:00;53.0875049524;40.4961470854;0;71.0852932505
2025-10-25 00:00:00;35.6426930873;33.6283890686;0;79.199018522
2025-10-25 01:00:00;29.5472924618;29.089403398;0;105.3282413559
2025-10-25 02:00:00;29.115439346;23.8947373881;0;94.6359656251
2025-10-25 03:00:00;31.7348720708;23.3060414972;0;93.0338901696
2025-10-25 04:00:00;28.7849460565;11.6506374072;0;103.9594049794
2025-10-25 05:00:00;33.6474389953;22.5073916614;0;42.2526661856
2025-10-25 06:00:00;70.2381678378;42.7684223766;25.082559535;93.44114741
2025-10-25 07:00:00;71.1897013691;41.8137762325;34.4565510197;54.8744718721
2025-10-25 08:00:00;61.7678493777;40.9331920933;49.3560382235;73.7389521897
2025-10-25 09:00:00;62.8471821962;53.1656482707;66.1423970518;32.1477337041
2025-10-25 10:00:00;52.165727458;39.7951055222;102.0993578202;72.2869981692
2025-10-25 11:00:00;44.3860458133;27.382566284;128.0821358887;53.0122725274
2025-10-25 12:00:00;48.117239555;30.7061354831;150;58.3920604886
2025-10-25 13:00:00;31.8175085134;10.8558450393;150;86.1366883117
2025-10-25 14:00:00;35.5269529297;26.9604594414;150;69.2132651129
2025-10-25 15:00:00;42.1282448719;14.4885694419;126.3840009129;66.7791710892
2025-10-25 16:00:00;33.6938487449;26.161078581;106.1402063048;64.3802223521
2025-10-25 17:00:00;36.3494987927;26.0394383859;103.5579060013;53.3660820674
2025-10-25 18:00:00;70.5175147887;47.4117468314;78.0387564693;60.2709107035
2025-10-25 19:00:00;86.6274155192;62.9141456807;55.723171736;64.0861298266
2025-10-25 20:00:00;83.2850845081;55.4118138487;39.1482798514;77.1774652034
2025-10-25 21:00:00;78.4479062416;59.1512500757;0;32.4689224817
2025-10-25 22:00:00;47.3446828407;31.1033289794;0;86.4183613827
2025-10-25 23:00:00;46.8424163976;38.9171990322;0;75.671735695
2025-10-26 00:00:00;36.2294028886;32.5944351699;0;79.2056015159
2025-10-26 01:00:00;27.6653998093;8.5556747097;0;91.2246351237
2025-10-26 02:00:00;33.2952042897;36.3484928232;0;55.4823736429
2025-10-26 03:00:00;34.8483742448;21.6612395814;0;128.1816353526
2025-10-26 04:00:00;35.4689668671;26.4184747255;0;84.2521322895
2025-10-26 05:00:00;21;13.166270494;0;83.3208748744
2025-10-26 06:00:00;58.6166039502;47.7797117847;25.0469057326;65.6034345972
2025-10-26 07:00:00;56.7270713065;39.7902431723;41.6995613999;52.194893621
2025-10-26 08:00:00;61.9864863874;45.8968073985;60.7216654314;69.8746383997
2025-10-26 09:00:00;52.2412031146;40.09464257;78.4797436521;65.3212259443
2025-10-26 10:00:00;35.8422013175;30.183777619;103.0997887356;62.9672560042
2025-10-26 11:00:00;54.8129317902;27.8791145163;121.2707811019;58.9716629118
2025-10-26 12:00:00;47.827106574;27.032592718;127.1201470985;47.2336028702
2025-10-26 13:00:00;37.4591285334;17.9675665081;149.0062535136;38.586466584
2025-10-26 14:00:00;38.5511138543;27.9667107259;124.8279417591;57.4893611184
2025-10-26 15:00:00;37.5731210959;22.8659455934;143.1179483001;56.9622409065
2025-10-26 16:00:00;41.4026648935;30.6328557347;105.3494270756;76.4029821113
2025-10-26 17:00:00;34.0685880747;28.0042735115;98.7736466866;65.2136435381
2025-10-26 18:00:00;78.4189405953;45.5116329405;70.120659184;84.9306388671
2025-10-26 19:00:00;78.6025695837;63.8197056075;57.4573647578;101.1254881379
2025-10-26 20:00:00;72.8683130649;61.7514311014;37.7130555159;68.9445697566
2025-10-26 21:00:00;83.3255976437;65.9031048815;0;42.8993031067
2025-10-26 22:00:00;43.0419589972;38.4105945797;0;104.7850168865
2025-10-26 23:00:00;49.6259018409;33.209564827;0;104.2754481598
2025-10-27 00:00:00;30.5171072687;27.5485939692;0;56.7715622817
2025-10-27 01:00:00;37.3511317458;21.3220557027;0;118.7521981
2025-10-27 02:00:00;25.3137941017;24.2061460413;0;94.4569567612
2025-10-27 03:00:00;25.1185853932;22.0227932811;0;89.6839757802
2025-10-27 04:00:00;25.9243698405;17.1452050194;0;121.0271926613
2025-10-27 05:00:00;30.5998299773;21.5284203041;0;115.2052025669
2025-10-27 06:00:00;79.7147261093;65.7601226508;21.2099204042;100.2598856924
2025-10-27 07:00:00;79.9470396101;47.183520361;38.9218537299;57.8523742547
2025-10-27 08:00:00;62.3832596263;39.0271623016;52.2540455909;59.7040935582
2025-10-27 09:00:00;73.9018005538;41.9330774064;80.1637960917;46.5582647939
2025-10-27 10:00:00;39.1877974989;21.912762419;96.1644677475;51.0196004284
2025-10-27 11:00:00;57.2237318183;39.3712277978;119.6531957925;40.0625108637
2025-10-27 12:00:00;58.6778511133;38.9751505272;121.3592480381;47.4250080311
2025-10-27 13:00:00;43.8989747191;25.1444750154;133.3076596414;54.8222891542
2025-10-27 14:00:00;44.4579910539;31.8207406518;134.7704203918;50.7684212883
2025-10-27 15:00:00;44.4114489734;29.2435262937;140.4348323983;62.4175779024
2025-10-27 16:00:00;40.5500853209;22.4195541182;131.548126923;55.4658622362
2025-10-27 17:00:00;46.0227499891;19.1721469615;89.9606139295;67.9322714632
2025-10-27 18:00:00;90.868811903;72.1809475917;81.336204508;35.8757753833
2025-10-27 19:00:00;96.0964606022;71.4281553398;45.27743333;75.3993098497
2025-10-27 20:00:00;91.3988267051;67.9292828679;34.0572197323;80.1503934049
2025-10-27 21:00:00;88.0355439312;66.1682931266;0;71.5722671764
2025-10-27 22:00:00;46.7346977273;45.6840389349;0;74.2539988915
2025-10-27 23:00:00;45.2577970335;37.4445161634;0;46.8452288806
2025-10-28 00:00:00;35.9062920478;22.915017935;0;93.619330534
2025-10-28 01:00:00;27.9399479121;13.6547367723;0;99.8755990723
2025-10-28 02:00:00;31.5235838554;28.3754838704;0;96.5647111428
2025-10-28 03:00:00;38.0245345129;28.1448584737;0;108.2806686951
2025-10-28 04:00:00;27.4673805092;23.1150439652;0;90.2895572412
2025-10-28 05:00:00;27.1763513203;5.2846285548;0;96.2454579087
2025-10-28 06:00:00;72.170395954;45.756580789;22.3476811151;89.3130901929
2025-10-28 07:00:00;72.8975709915;46.126605255;33.4319467369;60.4403993872
2025-10-28 08:00:00;81.2591049158;49.5080662318;47.6348560461;31.2387464532
2025-10-28 09:00:00;79.811316513;54.3936301658;77.017442761;40.0535840977
2025-10-28 10:00:00;56.4302822513;37.8975510127;94.0900541489;72.036435829
2025-10-28 11:00:00;60.1587048402;40.1206195068;118.9766206607;19.8508516198
2025-10-28 12:00:00;52.8343573231;36.3902885973;138.0743428955;49.7678215
2025-10-28 13:00:00;45.4181929521;17.761826844;142.2452724312;77.8053999127
2025-10-28 14:00:00;42.7151409993;20.6498348457;146.6148959802;58.7682245522
2025-10-28 15:00:00;38.2652946781;22.7607542624;130.1188139578;54.078631444
2025-10-28 16:00:00;49.4893887378;25.9871181047;104.5066332349;62.1179862791
2025-10-28 17:00:00;46.4645967027;32.930693882;103.8305794814;54.8592147642
2025-10-28 18:00:00;91.9752354299;63.6495622157;71.0405174498;60.6351864936
2025-10-28 19:00:00;91.8827994776;75.876761412;50.4624344737;64.1457938567
2025-10-28 20:00:00;85.1159378804;56.2961986577;36.9546099465;98.8054340375
2025-10-28 21:00:00;87.4952658003;78.7308918674;0;104.8898403728
2025-10-28 22:00:00;55.1490321452;58.9591648069;0;74.7830094603
2025-10-28 23:00:00;51.255335877;37.8701895538;0;50.5471724997
2025-10-29 00:00:00;29.0202913145;29.4089978644;0;95.6294645971
2025-10-29 01:00:00;29.5290477085;19.692580016;0;104.978900323
2025-10-29 02:00:00;26.9288905394;27.2885937292;0;123.9478802682
2025-10-29 03:00:00;25.6443675599;22.0984257182;0;82.309892093
2025-10-29 04:00:00;22.7443906608;15.1346529708;0;88.8807072885
2025-10-29 05:00:00;29.3406677444;0.0053625142;0;124.0892068938
2025-10-29 06:00:00;75.539863675;45.1452076126;29.1166911384;135.8699363815
2025-10-29 07:00:00;65.3597715707;46.0190713828;47.0248119744;55.7641962341
2025-10-29 08:00:00;72.6479099978;55.6707181563;72.732800915;44.0180989217
2025-10-29 09:00:00;74.0212698478;43.3489135926;99.4471398926;120.2321456332
2025-10-29 10:00:00;49.1764820913;36.6758308985;115.3076338892;78.9535419043
2025-10-29 11:00:00;60.02923206;33.3965753645;144.0041570697;61.6170873345
2025-10-29 12:00:00;51.8938747474;26.537878115;150;80.3685581748
2025-10-29 13:00:00;43.6106596586;30.4010107826;150;74.6316432132
2025-10-29 14:00:00;43.340615504;6.9800493533;150;93.7272226638
2025-10-29 15:00:00;36.097843355;19.8044487146;150;80.0977616455
2025-10-29 16:00:00;48.6057125793;25.4822926944;150;78.7859444261
2025-10-29 17:00:00;39.7664937988;34.0568077745;110.4374088854;74.8410593496
2025-10-29 18:00:00;90.8183141941;64.0139773898;102.6632854787;49.1559782406
2025-10-29 19:00:00;94.5721310192;68.6634901911;70.4837748682;147.0218915313
2025-10-29 20:00:00;98.4567219311;79.5957894946;46.5050359097;75.7248706606
2025-10-29 21:00:00;87.0229612449;60.9878277073;0;65.3634429872
2025-10-29 22:00:00;51.6204177729;43.7360990734;0;93.7661847722
2025-10-29 23:00:00;59.8504777431;40.0882545618;0;75.2312263475
2025-10-30 00:00:00;32.0867124567;28.6626995409;0;84.3069361406
2025-10-30 01:00:00;33.0202711157;26.5548172005;0;100.0968233714
2025-10-30 02:00:00;25.269907189;19.2009694635;0;106.663639269
2025-10-30 03:00:00;28.2935571153;14.5470764988;0;102.807919979
2025-10-30 04:00:00;29.2447405543;28.4957770469;0;78.8850521544
2025-10-30 05:00:00;26.139473592;21.4058790153;0;86.4700720844
2025-10-30 06:00:00;65.2155617926;31.9591277134;0.557822064;94.1205028781
2025-10-30 07:00:00;70.4538815937;38.701768514;0.9169772961;28.7264926439
2025-10-30 08:00:00;78.8454220063;52.111455452;1.2900974203;58.5568331783
2025-10-30 09:00:00;73.0174057032;39.4939128442;1.5762734675;32.5762481626
2025-10-30 10:00:00;59.8101529422;45.8617154191;2.3062726802;77.3869409141
2025-10-30 11:00:00;54.4314379452;27.6420463518;2.4919840373;46.0641743228
2025-10-30 12:00:00;50.184659048;29.161093988;3.0271427081;48.8781288305
2025-10-30 13:00:00;49.8124887521;29.7665352644;3.0906014918;48.2830295765
2025-10-30 14:00:00;45.0186708256;21.5709455485;3.1120094856;50.3716726701
2025-10-30 15:00:00;48.3914779385;11.3547740294;3.1579626786;93.7785689011
2025-10-30 16:00:00;39.2557264226;24.372577104;2.4074069606;73.8434634638
2025-10-30 17:00:00;48.7376064959;26.1416129998;2.5157381251;36.6319508671
2025-10-30 18:00:00;96.6864081252;69.5270563712;1.4484232452;82.271200304
2025-10-30 19:00:00;93.1803585348;65.2857876745;1.1810912332;99.801176932
2025-10-30 20:00:00;88.2452569991;67.6334536269;0.8777617272;71.4658306624
2025-10-30 21:00:00;91.669366656;79.8630130627;0;82.7639845654
2025-10-30 22:00:00;56.3766539937;44.1807102762;0;76.5828455409
2025-10-30 23:00:00;54.6814089208;33.2469522953;0;114.7781043526
2025-10-31 00:00:00;32.7048723215;14.2668987854;0;68.1792259811
2025-10-31 01:00:00;34.5551065844;22.8124908136;0;88.2326462005
2025-10-31 02:00:00;27.0819900598;24.8983895044;0;76.0138405211
2025-10-31 03:00:00;24.8021597057;20.8213309054;0;54.6283304863
2025-10-31 04:00:00;29.8310753938;21.5926028353;0;131.7663361188
2025-10-31 05:00:00;28.5161557851;22.3361470744;0;59.9800295444
2025-10-31 06:00:00;76.2864338728;40.248588936;24.9774982342;89.8099885809
2025-10-31 07:00:00;67.9148822601;48.5684166141;36.6612132075;28.8485461549
2025-10-31 08:00:00;77.3418434474;48.4322544499;53.5270987269;45.9795545658
2025-10-31 09:00:00;78.8413795065;49.0454721894;75.9143735448;56.4632434289
2025-10-31 10:00:00;53.6264660994;30.8457129541;92.6316912286;40.5443424653
2025-10-31 11:00:00;53.8984063253;27.0047820885;126.5274639385;58.5679637095
2025-10-31 12:00:00;50.1711345046;29.7973936214;137.6589810907;47.6398748067
2025-10-31 13:00:00;41.6206040881;20.1540000021;146.9049592912;76.8694159938
2025-10-31 14:00:00;42.2250630706;33.3655750873;126.7031355943;79.8738061099
2025-10-31 15:00:00;50.5558084387;34.2772855684;128.1778233239;50.8470429009
2025-10-31 16:00:00;43.7391595973;29.4472940519;111.1031430514;60.7308261663
2025-10-31 17:00:00;38.1127998286;23.5019233423;86.7838954887;62.3206474805
2025-10-31 18:00:00;93.0242508065;54.3054464096;75.6181031215;68.8141481765
2025-10-31 19:00:00;95.5934618278;64.6154567946;51.4610803285;76.8882720652
2025-10-31 20:00:00;91.760805105;63.7579450302;38.8960942185;80.2559598349
2025-10-31 21:00:00;98.4866167457;74.2517744012;0;71.9507972272
2025-10-31 22:00:00;57.1238827629;47.5768296477;0;78.8200233065
2025-10-31 23:00:00;48.9040144757;37.6738452313;0;101.4725223874
2025-11-01 00:00:00;27.5185523442;22.7268495743;0;98.5337298693
2025-11-01 01:00:00;31.0180182664;28.4819990041;0;99.7038212992
2025-11-01 02:00:00;22.5021484289;19.1186002446;0;100.1664652376
2025-11-01 03:00:00;31.5136053186;24.4055989604;0;81.5696893986
2025-11-01 04:00:00;22.0728790774;23.5674668356;0;91.5933088519
2025-11-01 05:00:00;34.60545055;27.0680399725;0;61.8173834784
2025-11-01 06:00:00;65.3603880213;48.4393832729;21.7088582179;111.7404151814
2025-11-01 07:00:00;63.5491725639;49.6400745268;41.8284875066;15.4865216709
2025-11-01 08:00:00;58.2362038002;31.1399695532;49.6658150417;49.7900502395
2025-11-01 09:00:00;62.0435691505;37.7940934102;74.4119376129;65.4166052393
2025-11-01 10:00:00;42.710543636;28.0847739027;99.8478410758;33.54411595
2025-11-01 11:00:00;40.3820735813;37.7384139363;108.0936763073;55.9860902243
2025-11-01 12:00:00;43.4963987769;23.5636161301;137.098131387;42.2364101562
2025-11-01 13:00:00;40.0344801891;17.8734630426;123.1880978141;53.9070734888
2025-11-01 14:00:00;37.0894491426;21.5072405428;150;73.4251604382
2025-11-01 15:00:00;43.4204799335;27.7168697262;128.4905829731;62.3224186793
2025-11-01 16:00:00;40.3382977025;26.1647809595;107.8601616989;29.181047027
2025-11-01 17:00:00;39.8563939374;25.0516361652;91.6519902095;44.88659319
2025-11-01 18:00:00;70.2944010772;56.4185238134;77.8613829685;73.8615417118
2025-11-01 19:00:00;76.251357164;50.8391916781;51.0007071199;84.9175117008
2025-11-01 20:00:00;72.7448947028;50.9082759364;34.5671419377;109.7153639991
2025-11-01 21:00:00;76.7110575914;55.3305749303;0;108.4653869745
2025-11-01 22:00:00;41.9009997722;44.9120864063;0;69.8160128448
2025-11-01 23:00:00;43.3215200411;30.838603533;0;124.1280923098
2025-11-02 00:00:00;34.7752322957;17.8948030732;0;85.0474748454
2025-11-02 01:00:00;32.1386246805;18.4310823841;0;64.1865266091
2025-11-02 02:00:00;34.5320149304;36.238113934;0;71.1397378819
2025-11-02 03:00:00;22.7969260094;31.2889169737;0;36.8398252492
2025-11-02 04:00:00;30.2608861348;25.0703117786;0;118.4905496315
2025-11-02 05:00:00;34.3501724163;22.1546761925;0;118.2315276913
2025-11-02 06:00:00;68.061937738;54.4450902088;23.1991465785;63.0699063845
2025-11-02 07:00:00;54.3172083674;31.491516419;33.1355958927;47.8286301458
2025-11-02 08:00:00;59.7019297583;43.4918540418;60.9749943234;51.9303524667
2025-11-02 09:00:00;65.937626154;40.1061956804;69.4513919789;38.5412751775
2025-11-02 10:00:00;44.1599521831;27.8340376714;99.6244009373;28.4642367493
2025-11-02 11:00:00;40.928325057;29.5851704163;114.5619929084;48.0508601567
2025-11-02 12:00:00;38.0502082875;22.6598573798;117.6200724288;46.6469601561
2025-11-02 13:00:00;32.6268469197;16.233074298;135.8458601689;53.4254290075
2025-11-02 14:00:00;29.2959463171;13.2356776169;144.4349481726;62.4656992462
2025-11-02 15:00:00;37.1590758814;8.3211262667;125.7532782295;80.3176763516
2025-11-02 16:00:00;40.9293996616;28.7767113502;123.4284590839;54.6875269114
2025-11-02 17:00:00;31.2216174106;13.7898352897;101.0434737494;61.6924354419
2025-11-02 18:00:00;78.7017914867;67.7767842878;78.0956201901;69.9235440258
2025-11-02 19:00:00;81.3457272838;57.4741900827;51.2661994322;86.6165439964
2025-11-02 20:00:00;77.5298201805;67.7183015047;33.4198056608;64.391245176
2025-11-02 21:00:00;70.2938833242;45.7755894433;0;77.9101655428
2025-11-02 22:00:00;46.7631565867;44.6450592411;0;86.4909576324
2025-11-02 23:00:00;44.7792933393;40.5009392214;0;54.6167054329
2025-11-03 00:00:00;29.2957290813;28.1718780773;0;110.8250621476
2025-11-03 01:00:00;27.5392323941;10.9699638116;0;114.3633925285
2025-11-03 02:00:00;30.3905434182;18.8388015507;0;69.0026389311
2025-11-03 03:00:00;32.294180588;26.3082270033;0;88.2987167867
2025-11-03 04:00:00;40.7579166045;27.4049539973;0;97.7442696343
2025-11-03 05:00:00;30.5054943077;24.6489302194;0;72.7329131638
2025-11-03 06:00:00;79.5712570345;47.5979253968;22.3376907864;94.3614423587
2025-11-03 07:00:00;74.3810196898;57.9909518933;36.9544269747;52.5950007294
2025-11-03 08:00:00;72.32324434;63.3479165715;55.2486946458;31.9881499596
2025-11-03 09:00:00;73.4395856891;47.0156690439;59.7864854993;56.3332194126
2025-11-03 10:00:00;48.1430276972;34.1678632829;92.8475468437;36.6343134849
2025-11-03 11:00:00;55.0172125792;32.5103636835;113.4856009067;62.3976524394
2025-11-03 12:00:00;44.6765485691;34.7763977866;124.1703463734;42.0530641515
2025-11-03 13:00:00;40.1937025235;26.9230644794;149.1444875254;56.5775318956
2025-11-03 14:00:00;44.5699950531;17.1013815917;139.741425599;79.1802246103
2025-11-03 15:00:00;49.4486213633;23.3571682786;140.300472235;66.2706673354
2025-11-03 16:00:00;50.5135109205;25.1288321246;110.1320726292;43.0446584688
2025-11-03 17:00:00;43.0112415256;43.8059402856;99.8757706568;43.9961476708
2025-11-03 18:00:00;92.6021302059;70.9911771652;81.8213471909;50.1217403948
2025-11-03 19:00:00;96.3310333811;65.3050081026;58.4922972203;83.2772460487
2025-11-03 20:00:00;85.9186811931;59.962375157;33.2043848564;82.5885325769
2025-11-03 21:00:00;93.7227660419;78.527447131;0;59.8223066848
2025-11-03 22:00:00;49.9153234577;50.4119577245;0;53.6805684821
2025-11-03 23:00:00;52.8676286598;42.0838991832;0;81.1347785942
2025-11-04 00:00:00;27.9343953728;19.6412908767;0;80.0894161902
2025-11-04 01:00:00;31.9591115717;22.0653810982;0;129.1539425688
2025-11-04 02:00:00;32.476366533;23.8233587908;0;84.6719176918
2025-11-04 03:00:00;34.0098540483;16.0697684325;0;121.9599392836
2025-11-04 04:00:00;31.5668947281;18.6632372665;0;59.3541173385
2025-11-04 05:00:00;30.7724419649;26.8037498202;0;50.9043571575
2025-11-04 06:00:00;81.129219965;54.0307746552;22.8866310678;60.4091794402
2025-11-04 07:00:00;65.9264970472;46.5798690408;35.1826898905;65.3084038657
2025-11-04 08:00:00;80.4163572336;54.2786394699;54.7046973964;72.4440943171
2025-11-04 09:00:00;71.4819142731;54.2814494652;75.907053621;40.498259369
2025-11-04 10:00:00;56.2210967859;31.1959342302;86.1927686915;44.545962988
2025-11-04 11:00:00;52.1866160846;36.2618016617;112.0525762341;35.6301240967
2025-11-04 12:00:00;50.4906473143;36.9841204781;105.879616227;27.5418643755
2025-11-04 13:00:00;46.265667907;22.5489958311;149.9390776332;69.2814803312
2025-11-04 14:00:00;48.7746479282;28.4329503843;128.9212910119;62.0075391463
2025-11-04 15:00:00;46.2136063368;24.9056673946;126.8512249374;58.8868801807
2025-11-04 16:00:00;41.6455494993;39.3304584808;108.6869594346;38.175543683
2025-11-04 17:00:00;60.3361458221;35.2373982664;100.8642546074;82.8127287208
2025-11-04 18:00:00;97.3137225977;75.027726579;55.6220044916;51.3419847387
2025-11-04 19:00:00;96.1201814477;67.4432580919;52.5742298652;85.5877337813
2025-11-04 20:00:00;90.3318020405;66.629044948;35.8754869593;48.0538757257
2025-11-04 21:00:00;89.1068950315;61.8392294641;0;71.9168906668
2025-11-04 22:00:00;52.392808806;51.0465991308;0;81.0143977691
2025-11-04 23:00:00;58.518414097;45.0082969062;0;81.6883719813
2025-11-05 00:00:00;25.5422804832;19.9847533984;0;2.3147519607
2025-11-05 01:00:00;25.1930827585;15.9630138995;0;2.5041118743
2025-11-05 02:00:00;32.4279639001;25.6959769254;0;1.5987232931
2025-11-05 03:00:00;31.4363840009;19.4697802246;0;2.3385555642
2025-11-05 04:00:00;26.5335890795;20.510341377;0;2.2919697213
2025-11-05 05:00:00;25.0895838971;14.113407509;0;2.3576657666
2025-11-05 06:00:00;79.2756300222;51.5126996675;22.3846082429;2.2688968702
2025-11-05 07:00:00;74.4116134659;51.0865155796;40.9436999923;0.9115335768
2025-11-05 08:00:00;66.6691821652;51.4564358935;48.6283911901;0.8966286633
2025-11-05 09:00:00;66.9837786396;43.0853557164;75.9634228842;0.5969495867
2025-11-05 10:00:00;52.039516288;29.9173173711;94.4849953483;1.6104463234
2025-11-05 11:00:00;56.9641082955;23.4714940507;121.9958451958;1.6138303257
2025-11-05 12:00:00;56.3438597735;39.2686932677;118.8648353311;1.6191430996
2025-11-05 13:00:00;49.1894868865;33.4297219074;125.8275599421;1.6796620182
2025-11-05 14:00:00;37.3903593364;22.7654028726;145.3858910199;0.7280895446
2025-11-05 15:00:00;45.104243574;18.8606475147;129.8394945988;1.159592527
2025-11-05 16:00:00;50.5135299655;23.5682421345;97.1166121298;1.6264755045
2025-11-05 17:00:00;50.0945412572;27.9882507575;87.9032349973;1.6128653998
2025-11-05 18:00:00;93.5589618564;73.8435749613;73.7574418646;1.4731404166
2025-11-05 19:00:00;102.509950229;75.0410560521;55.8522704893;2.1907180838
2025-11-05 20:00:00;94.6856499639;61.4066963821;34.0206893417;2.0115734709
2025-11-05 21:00:00;96.6362267878;76.6499885465;0;2.0662891876
2025-11-05 22:00:00;53.8663357985;41.8197010132;0;1.6852826483
2025-11-05 23:00:00;50.1519313462;31.8163148018;0;2.4981433737
2025-11-06 00:00:00;26.0615585965;9.4970694621;0;74.2827548991
2025-11-06 01:00:00;30.8172684666;1.7119245817;0;55.5545115543
2025-11-06 02:00:00;29.0482409692;4.1711186021;0;67.2019446788
2025-11-06 03:00:00;22.0413644854;5.7549769737;0;75.995694636
2025-11-06 04:00:00;25.3839288678;4.5041583873;0;103.9351491196
2025-11-06 05:00:00;28.5671839168;6.2037768618;0;82.368289164
2025-11-06 06:00:00;76.1008154486;4.0409752517;17.7078205062;79.3738550777
2025-11-06 07:00:00;72.7557257692;1.4850412902;37.2616089272;34.3564778808
2025-11-06 08:00:00;72.5037693097;0.8904435982;46.9569957296;59.7572569733
2025-11-06 09:00:00;68.3869514354;7.4444315618;59.6474835547;41.8077282145
2025-11-06 10:00:00;53.787791053;2.3862394952;70.6343897767;48.6997148244
2025-11-06 11:00:00;59.6194983162;8.4745031277;117.3362868091;68.4321178144
2025-11-06 12:00:00;54.3836317001;7.4302724382;126.1150830355;56.3018094722
2025-11-06 13:00:00;37.3283752939;0.4945318434;130.4826910005;34.5525314601
2025-11-06 14:00:00;38.4794338362;2.0121111706;147.647591632;32.4946555324
2025-11-06 15:00:00;46.7608363581;2.9199265656;131.195263438;57.3366792757
2025-11-06 16:00:00;43.1018667721;5.9448224883;124.4071362194;40.6058952053
2025-11-06 17:00:00;43.7756753751;8.0982700032;81.1523894914;67.7218643872
2025-11-06 18:00:00;89.2152690336;0.6033325516;70.9297641448;58.8892843215
2025-11-06 19:00:00;94.2379277761;2.4960895188;45.3068238493;78.020961323
2025-11-06 20:00:00;90.6184431116;3.7620976238;35.1082792888;61.6853129061
2025-11-06 21:00:00;91.1328133234;1.8337715459;0;107.540670778
2025-11-06 22:00:00;49.8530384302;5.4529209751;0;128.1672090828
2025-11-06 23:00:00;57.8311545343;4.7800247936;0;69.7050605009
2025-11-07 00:00:00;29.0049024377;19.2048103626;0;90.2263665878
2025-11-07 01:00:00;32.735461499;25.390597981;0;84.9280372083
2025-11-07 02:00:00;24.6288379618;16.3655051617;0;77.5262626762
2025-11-07 03:00:00;37.8024741227;42.6211927992;0;65.6623464644
2025-11-07 04:00:00;35.7481831733;30.7678020918;0;60.4204860024
2025-11-07 05:00:00;21.4059104865;15.817226635;0;59.3710822318
2025-11-07 06:00:00;69.2462815351;29.3491372707;22.495628093;91.3083431529
2025-11-07 07:00:00;75.0043549324;45.503169274;37.3309897434;43.2824665877
2025-11-07 08:00:00;66.9162212202;49.9756574059;51.9119590612;17.6808151496
2025-11-07 09:00:00;72.2628268031;47.7887600255;74.2234027534;55.2777107243
2025-11-07 10:00:00;55.6235931665;33.8932098492;95.8859508266;49.269478558
2025-11-07 11:00:00;52.8724835257;26.1070557036;128.3753980067;66.4929743179
2025-11-07 12:00:00;56.1285242956;27.4021314385;120.9483266681;54.3855805587
2025-11-07 13:00:00;41.0081405373;23.1188565938;122.1371326547;36.5820465158
2025-11-07 14:00:00;34.0293081683;15.473136937;134.6806092821;25.6857070874
2025-11-07 15:00:00;48.5476440128;26.9968638085;116.1144113667;47.5973335531
2025-11-07 16:00:00;48.5192910492;36.8444166355;122.4802807353;48.9664793663
2025-11-07 17:00:00;55.3944899983;28.7845323548;88.7206472377;71.7205354933
2025-11-07 18:00:00;82.0739108854;64.3487298209;67.4987465178;57.9074843273
2025-11-07 19:00:00;95.3849947081;72.5273777026;49.7731765395;95.7663440528
2025-11-07 20:00:00;83.1471805947;57.9541699183;37.5920720222;49.9038767314
2025-11-07 21:00:00;99.9104699836;70.1367905018;0;92.6244779994
2025-11-07 22:00:00;55.8991508813;52.6343493703;0;88.0676479893
2025-11-07 23:00:00;49.4200703151;32.7697548332;0;36.9688332253
2025-11-08 00:00:00;33.5110011357;21.8188572342;0;109.8621473069
2025-11-08 01:00:00;27.5112974653;34.1704109661;0;84.4915327813
2025-11-08 02:00:00;31.351872448;28.1156577241;0;90.6545340382
2025-11-08 03:00:00;30.9268232229;24.0921645101;0;64.7104968628
2025-11-08 04:00:00;37.8487566127;29.4356987191;0;108.8843839063
2025-11-08 05:00:00;38.1671665954;27.2629051469;0;58.0857606481
2025-11-08 06:00:00;58.7028304391;43.9047763571;22.5220844807;99.7373888105
2025-11-08 07:00:00;66.1519998999;31.5924924998;33.5151850938;59.7002044207
2025-11-08 08:00:00;62.9873053189;41.1090606511;58.2513202417;37.4730413093
2025-11-08 09:00:00;55.0334553173;22.0862645411;65.4472333203;74.1003346147
2025-11-08 10:00:00;41.9723657525;28.0943399646;90.4717520745;52.4048300019
2025-11-08 11:00:00;55.6180509124;31.3395558769;114.4988633804;57.635545224
2025-11-08 12:00:00;46.7157382691;38.2614523183;107.2166601584;30.6250601742
2025-11-08 13:00:00;41.4618359946;25.6588524528;136.305346058;88.3916302792
2025-11-08 14:00:00;36.0086284811;19.4960474824;120.1824885349;40.1008113598
2025-11-08 15:00:00;34.5330892706;16.4792407794;131.4259192171;72.6017499206
2025-11-08 16:00:00;37.0855181712;26.6298766529;100.4396742541;43.4208484328
2025-11-08 17:00:00;35.7653596382;20.16326439;95.2149206487;48.850323823
2025-11-08 18:00:00;70.9560175839;51.4565592558;76.4751906393;69.1900062175
2025-11-08 19:00:00;73.160691215;60.8067773344;54.9454275807;93.3946373695
2025-11-08 20:00:00;80.8611360884;57.9943088804;36.0390226158;50.6901533514
2025-11-08 21:00:00;75.9625476726;56.3905750973;0;94.5634644417
2025-11-08 22:00:00;45.2210654333;36.8053120343;0;93.7183856069
2025-11-08 23:00:00;46.1625471914;54.1354805155;0;56.8822938865
2025-11-09 00:00:00;31.4087252197;24.449929859;0;115.0648120978
2025-11-09 01:00:00;35.1596057759;33.2361748604;0;52.2673010315
2025-11-09 02:00:00;25.0558688322;27.4466429536;0;69.3685219614
2025-11-09 03:00:00;32.5661372559;27.7722165826;0;92.0535873551
2025-11-09 04:00:00;33.3976250708;27.6602759807;0;64.6662963112
2025-11-09 05:00:00;34.4363330055;26.1519168308;0;87.6310812051
2025-11-09 06:00:00;55.0620359512;27.9249457706;22.2454329181;87.1636612132
2025-11-09 07:00:00;62.5668516311;44.8729678579;33.4851978613;47.0185245998
2025-11-09 08:00:00;69.1425069073;43.3173250452;57.086732513;59.5900260546
2025-11-09 09:00:00;60.9741228123;42.9862343929;65.9058894595;46.5094060062
2025-11-09 10:00:00;47.3033500202;30.2288415002;82.204018826;52.1806171753
2025-11-09 11:00:00;48.639404037;33.1111187311;113.8834224559;63.4629498982
2025-11-09 12:00:00;40.5130095616;29.8937036041;114.7211583182;59.0756320373
2025-11-09 13:00:00;45.2335644983;8.3655751197;120.5139408557;68.8544009497
2025-11-09 14:00:00;39.2291068042;22.0987380372;115.364255183;41.0135439923
2025-11-09 15:00:00;39.3191158817;11.8404533079;117.7914061066;65.0962717593
2025-11-09 16:00:00;29.5022300168;21.2789979386;107.4123268149;44.9077140244
2025-11-09 17:00:00;40.5568048098;25.3609392374;91.3844011494;39.1111296981
2025-11-09 18:00:00;79.9915529719;66.9314471869;75.125625468;56.5146947547
2025-11-09 19:00:00;85.0215674104;65.0852929726;53.228916376;57.2613328546
2025-11-09 20:00:00;76.3120129713;54.107085986;34.5679371953;88.6121811728
2025-11-09 21:00:00;73.2682439525;63.3525581473;0;89.0545882506
2025-11-09 22:00:00;42.0575483849;39.0255366565;0;38.7951773304
2025-11-09 23:00:00;42.8552218039;30.2426731667;0;58.666970834
2025-11-10 00:00:00;24.9651906684;26.2430629828;0;51.9781584175
2025-11-10 01:00:00;35.8057201069;35.2377614316;0;72.3821160255
2025-11-10 02:00:00;35.9746403832;29.6388903988;0;91.1623540379
2025-11-10 03:00:00;29.1189373449;25.788139928;0;76.8907643941
2025-11-10 04:00:00;28.2325803506;39.3188451799;0;69.780767021
2025-11-10 05:00:00;21.8303313901;16.0983678344;0;108.4528657912
2025-11-10 06:00:00;76.0914291227;47.2883073493;22.1598055193;34.6862216055
2025-11-10 07:00:00;80.4000839636;52.1672915365;36.2980687426;64.2945111462
2025-11-10 08:00:00;70.0922272462;54.8079490353;55.908313264;42.4267194943
2025-11-10 09:00:00;72.4340731079;40.0438564421;70.0575611153;48.1501302859
2025-11-10 10:00:00;55.7365141813;46.268967315;85.7134637568;42.6345118096
2025-11-10 11:00:00;61.5420852281;27.7592534378;98.8893285908;68.05155603
2025-11-10 12:00:00;54.6811956036;33.5413035108;107.6514170927;33.9960357101
2025-11-10 13:00:00;45.0729367933;26.4850476886;136.4819501207;57.4620510705
2025-11-10 14:00:00;45.0004354264;19.676755268;135.5667214027;64.8487056616
2025-11-10 15:00:00;37.7808558901;19.8242295718;127.3471601224;34.2187692081
2025-11-10 16:00:00;37.6829442289;29.0191590715;106.316095844;44.1177964654
2025-11-10 17:00:00;40.5575239101;34.2312299835;99.079420852;55.1715121395
2025-11-10 18:00:00;96.6950119255;58.8745299839;66.6705532288;44.5938108314
2025-11-10 19:00:00;90.6278975249;68.438893322;54.6202632237;58.6437785349
2025-11-10 20:00:00;89.7537861227;66.9970237946;34.7666481438;67.2206043415
2025-11-10 21:00:00;89.6747186237;69.5774218029;0;85.6262759996
2025-11-10 22:00:00;53.1627466523;44.1530575334;0;67.3521839298
2025-11-10 23:00:00;61.4416883088;33.4897598102;0;93.5238448271
2025-11-11 00:00:00;29.3196117644;32.5843935616;0;61.1564717784
2025-11-11 01:00:00;26.4616616758;30.5972331605;0;55.979073824
2025-11-11 02:00:00;30.1136053309;19.1895936857;0;120.7212307723
2025-11-11 03:00:00;37.8978762259;23.9343619752;0;68.0782810484
2025-11-11 04:00:00;27.7372887648;20.0567100054;0;54.77743701
2025-11-11 05:00:00;24.6854774621;8.7263829774;0;45.9949612292
2025-11-11 06:00:00;70.7479019375;46.4500650079;21.2774750718;103.3812060041
2025-11-11 07:00:00;73.5817994649;53.4940292699;36.2831867113;44.7171595754
2025-11-11 08:00:00;76.09944693;49.9154154928;52.0542588709;45.787756938
2025-11-11 09:00:00;77.5333387554;48.0359026108;70.8594889497;46.9428490696
2025-11-11 10:00:00;49.1085442557;31.3959352129;89.0343691515;61.2689872154
2025-11-11 11:00:00;49.5354679834;25.5288101213;106.3786809239;46.6943955166
2025-11-11 12:00:00;52.3595918213;24.6546955139;144.0114918723;77.5380368002
2025-11-11 13:00:00;47.3004452682;25.2903458973;140.9011552593;58.9440609748
2025-11-11 14:00:00;38.5501911176;25.0417033773;136.1500031463;72.1769305696
2025-11-11 15:00:00;41.4872555602;31.9543200678;121.9907732583;68.5188089897
2025-11-11 16:00:00;41.5528798747;23.5889499242;115.2994092776;56.5170349482
2025-11-11 17:00:00;48.4580965062;24.5996574665;92.1248949154;48.6670155914
2025-11-11 18:00:00;94.5676267372;68.7944224588;69.0365052396;61.7702794759
2025-11-11 19:00:00;96.2571859389;81.6913472158;49.1784907087;82.6847186951
2025-11-11 20:00:00;98.2145041982;67.9493000589;34.4168685842;62.8355996957
2025-11-11 21:00:00;90.8150278863;75.7477974574;0;76.3824868702
2025-11-11 22:00:00;48.4709442917;48.6499983433;0;95.9965981812
2025-11-11 23:00:00;48.4999357082;30.6988659934;0;111.2818036169
2025-11-12 00:00:00;21.7285159572;16.889815451;0;98.4306180445
2025-11-12 01:00:00;27.9355492665;23.3170929337;0;118.8774527224
2025-11-12 02:00:00;28.2709982333;25.0185894091;0;68.345187128
2025-11-12 03:00:00;33.5439903306;27.2203192349;0;95.3386826385
2025-11-12 04:00:00;30.0761139773;32.9854582422;0;108.2475889236
2025-11-12 05:00:00;27.7935220005;24.2263511853;0;62.9321355833
2025-11-12 06:00:00;72.527053122;40.6168451852;16.5785401754;71.2606549904
2025-11-12 07:00:00;68.373666713;44.7325258543;34.9827846236;69.8074836977
2025-11-12 08:00:00;77.6633769581;52.2689137538;48.1001950007;36.801018155
2025-11-12 09:00:00;69.512427357;52.255412663;77.1363410818;32.3478742858
2025-11-12 10:00:00;48.7195948185;28.8697853833;87.987493876;67.2535532743
2025-11-12 11:00:00;57.5297543924;32.2323242727;95.8897077262;63.2239430883
2025-11-12 12:00:00;56.4330244799;24.8897873166;119.5996559193;53.9212786758
2025-11-12 13:00:00;36.492820415;25.3414843296;117.1257516498;56.1259714832
2025-11-12 14:00:00;48.0969119747;47.9287678147;132.6642359596;50.5504933084
2025-11-12 15:00:00;40.9122377426;22.4834469842;122.8737492165;60.7766719813
2025-11-12 16:00:00;42.5659342445;26.8069791049;114.0893055798;79.1980724579
2025-11-12 17:00:00;45.0909951032;25.599953239;82.2931266063;60.1609105366
2025-11-12 18:00:00;94.8886212089;59.0804172493;68.6049927907;87.5319326674
2025-11-12 19:00:00;94.2534655232;73.3450889264;44.59006422;56.6095656659
2025-11-12 20:00:00;92.024626748;68.8012141063;36.3338487696;72.6369857257
2025-11-12 21:00:00;90.337914257;56.6168969311;0;66.1881797726
2025-11-12 22:00:00;55.7042786633;58.5408897208;0;53.1933543652
2025-11-12 23:00:00;53.3165402742;40.7692524049;0;70.2025100819
2025-11-13 00:00:00;48.9323075121;26.1565286604;0;89.1482028879
2025-11-13 01:00:00;41.8919788027;20.3092218965;0;91.3056198555
2025-11-13 02:00:00;33.1716035545;21.9600365866;0;124.5288012718
2025-11-13 03:00:00;35.7465250887;24.3024044871;0;90.0995204563
2025-11-13 04:00:00;38.7833709303;23.28012047;0;103.9373361869
2025-11-13 05:00:00;46.0102194544;31.4080927312;0;82.0597628287
2025-11-13 06:00:00;101.9736482788;56.0727690141;22.9714984312;114.5915140372
2025-11-13 07:00:00;91.5354766928;57.4545357146;35.5159158356;77.4780709509
2025-11-13 08:00:00;88.4310119794;39.617328382;49.7103158104;54.8663777102
2025-11-13 09:00:00;87.6925043293;40.7428424641;70.1914252537;36.415538793
2025-11-13 10:00:00;70.6222742659;36.7209001507;98.4291306004;41.7901146631
2025-11-13 11:00:00;82.4703987213;34.0440892357;102.8232302712;51.8494395975
2025-11-13 12:00:00;72.2779827097;29.2757226088;120.5558960309;53.9632113277
2025-11-13 13:00:00;47.6286890598;24.6491861867;115.8949203457;66.3747911851
2025-11-13 14:00:00;52.6415143629;29.4495186397;118.1070953362;63.0093448908
2025-11-13 15:00:00;53.2311604905;32.2448057468;120.1664140027;56.6067947219
2025-11-13 16:00:00;52.0870511498;23.9207859514;114.5158563727;47.5205243603
2025-11-13 17:00:00;54.5943560598;29.9017845846;85.4445305469;62.1750107138
2025-11-13 18:00:00;120;68.1566187442;66.6549466659;82.7135800037
2025-11-13 19:00:00;120;68.5520928607;48.0859760739;91.1785888972
2025-11-13 20:00:00;120;66.7154201223;32.6995191405;82.3652963405
2025-11-13 21:00:00;120;66.1464188396;0;91.3536527954
2025-11-13 22:00:00;57.8776174178;44.7893367483;0;65.9135392255
2025-11-13 23:00:00;63.057577031;31.4024064646;0;63.4215109034
2025-11-14 00:00:00;29.2885768341;12.4193229508;0;65.3194016706
2025-11-14 01:00:00;30.662759351;22.4714900414;0;77.8220282385
2025-11-14 02:00:00;33.8763826194;33.35788052;0;71.8625433767
2025-11-14 03:00:00;30.194328793;4.0516981054;0;104.6060610116
2025-11-14 04:00:00;30.2281826424;21.1366087115;0;70.7916828462
2025-11-14 05:00:00;31.0700881341;27.7333719172;0;64.216022364
2025-11-14 06:00:00;72.0065392305;32.9448001219;22.4135886002;119.35422417
2025-11-14 07:00:00;73.5451201845;48.0706800339;29.8522351629;42.7636034083
2025-11-14 08:00:00;78.2203818606;42.9886784405;54.40203806;50.0531488273
2025-11-14 09:00:00;72.7765380105;39.8884449471;63.8566501874;53.6417954321
2025-11-14 10:00:00;53.7921455207;32.3959904389;91.6053777937;34.5050062693
2025-11-14 11:00:00;53.7769684698;26.0077317706;93.8505913291;63.0915259147
2025-11-14 12:00:00;59.7680849533;27.2608219018;124.7072029161;55.8807798836
2025-11-14 13:00:00;39.3288456886;20.7654398732;132.7814215595;78.1465034427
2025-11-14 14:00:00;52.3063966859;43.9840554627;129.8807972337;46.6875253241
2025-11-14 15:00:00;39.0213673141;28.452547514;108.9562651512;57.6304816596
2025-11-14 16:00:00;41.3710944834;31.491151004;106.5496426826;56.7901619858
2025-11-14 17:00:00;47.6664078731;35.3746355345;78.4072365079;59.9469155407
2025-11-14 18:00:00;97.0165964484;68.3430992121;66.0832631534;35.7861128141
2025-11-14 19:00:00;86.0644257423;65.0239075649;53.4091048257;74.3080156493
2025-11-14 20:00:00;87.4630129341;74.2871851398;36.0761217538;46.5195746868
2025-11-14 21:00:00;93.6304639614;77.0877888114;0;78.7818162859
2025-11-14 22:00:00;64.4779900362;57.4464900948;0;33.8267830025
2025-11-14 23:00:00;59.5362853057;46.9403265458;0;38.8349971714
2025-11-15 00:00:00;28.8835632767;35.9990067187;0;96.3039512055
2025-11-15 01:00:00;21;27.8957473336;0;69.0151994896
2025-11-15 02:00:00;30.3673923049;21.6806835229;0;60.2009414393
2025-11-15 03:00:00;31.6303356164;21.0503298834;0;105.3435981195
2025-11-15 04:00:00;28.2778718651;15.4855518408;0;86.4923296609
2025-11-15 05:00:00;26.1717420425;35.2397735242;0;97.3740360575
2025-11-15 06:00:00;62.3843778869;51.0556487621;21.7615263031;76.6218332797
2025-11-15 07:00:00;57.4279588429;38.327796628;31.0387489866;80.0997985489
2025-11-15 08:00:00;70.094153189;59.2109119774;51.510578102;40.7174961676
2025-11-15 09:00:00;68.4934858043;46.1170894426;67.0527056767;68.8860050992
2025-11-15 10:00:00;48.2742075037;29.7514108306;70.0069853891;47.2307370968
2025-11-15 11:00:00;45.7172982226;34.9498132985;110.1847137094;28.1263006487
2025-11-15 12:00:00;42.3428622718;27.8471420475;117.2711946414;53.7567727062
2025-11-15 13:00:00;37.0427915571;25.774895957;137.1089355046;60.3646648284
2025-11-15 14:00:00;44.5131709931;19.4902985654;114.1175611998;41.2527845588
2025-11-15 15:00:00;41.0452771476;22.5612343115;87.6382243483;43.0589630611
2025-11-15 16:00:00;38.0529491378;32.6298105359;106.007599008;55.6155271464
2025-11-15 17:00:00;41.2942183884;36.5118354294;87.9692116252;60.8541177448
2025-11-15 18:00:00;80.4779157545;71.7994492906;57.8938128136;21.39582353
2025-11-15 19:00:00;79.8059166988;71.6326601791;45.1466425076;90.892928845
2025-11-15 20:00:00;82.4352024347;66.0898664875;41.0841585785;63.0551529833
2025-11-15 21:00:00;80.349292171;68.7690835282;0;47.9951428676
2025-11-15 22:00:00;49.177082277;36.1952926402;0;88.8773433805
2025-11-15 23:00:00;46.0398423849;30.6594950228;0;71.5250981899
2025-11-16 00:00:00;28.8564337956;8.8467131907;0;103.728687924
2025-11-16 01:00:00;27.5332670448;19.7758960233;0;88.2531317078
2025-11-16 02:00:00;26.9971067754;9.8780098082;0;79.5138943127
2025-11-16 03:00:00;22.776733009;28.8953876098;0;76.5068235892
2025-11-16 04:00:00;25.8962702393;23.9817988657;0;89.1432390938
2025-11-16 05:00:00;25.7661591169;10.5637528477;0;71.3205278981
2025-11-16 06:00:00;59.4379823481;39.6397097372;21.0433904907;62.5897507243
2025-11-16 07:00:00;68.7511346779;57.3098926017;35.3631395079;55.003599794
2025-11-16 08:00:00;61.0120069301;40.3360553371;46.0801718021;46.0024356506
2025-11-16 09:00:00;62.8089867345;35.339738946;55.3318308287;48.1269228424
2025-11-16 10:00:00;46.5832151979;18.8414521136;84.1520206391;60.7244534023
2025-11-16 11:00:00;52.4973909053;22.1587085168;100.7217579724;46.3676767005
2025-11-16 12:00:00;42.7631422552;29.5850562223;112.8800867209;47.9057858461
2025-11-16 13:00:00;36.1680479701;19.4683681192;122.9927761069;47.3335658464
2025-11-16 14:00:00;36.6915001583;19.0493800982;126.7555319836;61.6767951186
2025-11-16 15:00:00;42.2838041823;22.5284854781;115.2100695375;60.5504834337
2025-11-16 16:00:00;43.2178729532;25.7870213476;92.5022455672;68.2197800434
2025-11-16 17:00:00;39.3050245199;18.7230438221;88.632326003;47.6192177809
2025-11-16 18:00:00;83.6368868459;65.2234472114;56.0809379464;49.3079034866
2025-11-16 19:00:00;78.8882691467;49.9436390793;40.6369735888;85.7668125273
2025-11-16 20:00:00;77.3120800483;54.0872374025;35.3851136294;76.1035682221
2025-11-16 21:00:00;83.3930530522;73.230682098;0;55.3706598685
2025-11-16 22:00:00;47.5475563361;42.3577181076;0;94.9735347685
2025-11-16 23:00:00;42.043388801;38.0587455088;0;41.1917568677
2025-11-17 00:00:00;34.4883942216;36.467287812;0;94.6539942615
2025-11-17 01:00:00;29.0617831604;23.395714767;0;54.1060195204
2025-11-17 02:00:00;28.5112941477;20.1419693286;0;116.4465371932
2025-11-17 03:00:00;34.0185196569;24.5086232597;0;48.578513894
2025-11-17 04:00:00;29.6002553662;18.223477353;0;101.9339627106
2025-11-17 05:00:00;31.7503134122;17.1602712226;0;77.5223419862
2025-11-17 06:00:00;76.3195579693;49.9603792602;22.2720311303;71.8844293851
2025-11-17 07:00:00;69.8175859843;48.739042666;32.9987238809;49.6832272577
2025-11-17 08:00:00;75.0726573821;50.9827771279;42.8496517636;54.9835000298
2025-11-17 09:00:00;79.4134588147;51.2420070259;62.1947964067;36.7466660786
2025-11-17 10:00:00;49.7640202339;38.4921664665;82.8744899187;37.7985541329
2025-11-17 11:00:00;56.0927123805;35.0546418164;89.0752811381;55.1936636197
2025-11-17 12:00:00;50.3355175751;29.7695339325;108.8672211856;27.2152463451
2025-11-17 13:00:00;49.0280582279;23.2156340154;129.5985251971;47.3051800928
2025-11-17 14:00:00;48.9853437775;15.6041163878;137.2348617144;97.5068215727
2025-11-17 15:00:00;42.8373181195;35.6399525272;111.8255908112;41.9901382915
2025-11-17 16:00:00;54.3750975855;27.3751271473;108.2918144469;71.2921752629
2025-11-17 17:00:00;49.4115825417;27.298701772;71.6912818483;47.2813365234
2025-11-17 18:00:00;95.7947177344;66.8097047127;69.4066493771;62.4459890433
2025-11-17 19:00:00;95.5412863337;67.7832830457;45.1321008014;82.8750882513
2025-11-17 20:00:00;97.0412083927;80.5018662462;33.9660444138;91.3257968066
2025-11-17 21:00:00;88.1331464687;67.3739100429;0;67.6579789704
2025-11-17 22:00:00;54.9438565738;59.8985307203;0;106.6376048496
2025-11-17 23:00:00;55.792479115;40.6626714516;0;60.730002603
2025-11-18 00:00:00;31.781310642;34.3421020264;0;83.3344577897
2025-11-18 01:00:00;36.1678928052;28.3962412569;0;83.5520631324
2025-11-18 02:00:00;40.057294753;28.5389527368;0;56.6430659715
2025-11-18 03:00:00;31.6715966847;32.0811836047;0;73.0984199119
2025-11-18 04:00:00;33.5346209863;28.8191687722;0;81.9034998579
2025-11-18 05:00:00;29.6489620563;26.5948702415;0;70.2200710608
2025-11-18 06:00:00;73.6725783282;53.7165976948;20.8135599926;126.7649895131
2025-11-18 07:00:00;86.6858936049;48.1610890469;36.3626473469;37.3317715606
2025-11-18 08:00:00;82.6049529785;41.0387712384;44.5050113515;61.1623138458
2025-11-18 09:00:00;82.9767679606;41.7760309475;68.6906207123;57.3485183728
2025-11-18 10:00:00;55.9904988261;42.835211253;82.105873895;47.0711401743
2025-11-18 11:00:00;60.05421689;42.5051964626;100.0208465033;37.0178325543
2025-11-18 12:00:00;66.5564963366;32.9057816636;113.1038466914;38.1627309327
2025-11-18 13:00:00;50.1289570242;13.1227307739;113.928700577;47.9713607576
2025-11-18 14:00:00;50.2727997624;26.7089222618;122.0578840032;30.505458421
2025-11-18 15:00:00;51.1772910901;22.1145133133;114.2169243958;41.2827372498
2025-11-18 16:00:00;43.8543610566;22.7911933546;103.258886604;34.6834845262
2025-11-18 17:00:00;53.2941355723;22.7310521269;84.5515669209;73.64919298
2025-11-18 18:00:00;98.1100553937;53.7209963233;69.5821827024;63.6277555696
2025-11-18 19:00:00;99.7105624637;75.3880204365;51.38790559;84.774259677
2025-11-18 20:00:00;99.1547196773;61.6384389553;30.1242528766;81.2822684448
2025-11-18 21:00:00;103.5872427376;79.8461653822;0;73.8097591146
2025-11-18 22:00:00;59.2075181484;41.9567550617;0;96.7253735449
2025-11-18 23:00:00;60.98880292;32.6101676824;0;60.0337738556
2025-11-19 00:00:00;25.926347281;25.2307554636;0;80.3942479323
2025-11-19 01:00:00;34.5247289414;21.3401734598;0;92.9308311553
2025-11-19 02:00:00;33.7531240593;24.4874733957;0;52.4413666659
2025-11-19 03:00:00;29.217839192;19.5338502037;0;138.926423372
2025-11-19 04:00:00;27.8473497754;17.3948081943;0;78.8652465195
2025-11-19 05:00:00;27.3928912799;12.4080407059;0;81.0856861563
2025-11-19 06:00:00;72.0887962922;44.712530923;22.526429478;102.9113104523
2025-11-19 07:00:00;67.1833452404;50.6237989146;29.5262248797;57.7305949752
2025-11-19 08:00:00;69.1662158648;39.874243268;49.6973919172;47.4308779676
2025-11-19 09:00:00;77.3549905337;49.4583774165;68.0937587074;48.5121051222
2025-11-19 10:00:00;55.5339927646;46.5597685324;70.5663559224;29.3160324999
2025-11-19 11:00:00;61.5300717642;37.5328747551;101.2312134308;40.4474234236
2025-11-19 12:00:00;52.8294584015;32.3559847795;109.5954895509;53.0587188973
2025-11-19 13:00:00;42.8947209591;25.8452533866;113.8491890156;60.8971300026
2025-11-19 14:00:00;42.6859853206;19.2301241935;134.3051510055;71.5485321
2025-11-19 15:00:00;43.0852903066;20.5713735138;107.9086493419;53.1629271811
2025-11-19 16:00:00;41.5517374219;21.8283897039;94.0015567162;35.8034630028
2025-11-19 17:00:00;45.7409774472;30.7471787102;83.8084354805;69.2951836565
2025-11-19 18:00:00;92.9240292643;71.0622441154;68.4355368146;74.4937494244
2025-11-19 19:00:00;90.4984457039;70.5044885534;46.9273071862;86.3014679785
2025-11-19 20:00:00;98.4232310708;71.0835365839;35.6662832885;67.5923876368
2025-11-19 21:00:00;101.3276841134;83.001535557;0;88.8763137186
2025-11-19 22:00:00;59.4254340024;46.9900263362;0;130.8889072804
2025-11-19 23:00:00;56.6873946362;40.4171651581;0;72.5042778916
2025-11-20 00:00:00;33.4279637682;5.5373536418;0;52.3414711104
2025-11-20 01:00:00;38.3538698302;22.2845004292;0;66.466280272
2025-11-20 02:00:00;33.4214369209;14.1805483457;0;90.0597116895
2025-11-20 03:00:00;27.3666636633;27.9643208076;0;46.6353372467
2025-11-20 04:00:00;31.7652263699;23.5820248881;0;81.179804807
2025-11-20 05:00:00;32.8180991973;16.8599257542;0;85.2867587692
2025-11-20 06:00:00;69.0857154846;44.9040357928;21.7755417031;107.7708473725
2025-11-20 07:00:00;72.2797545339;39.0311585982;26.7147327076;62.0348631432
2025-11-20 08:00:00;78.513706426;43.8956349962;45.0785346401;56.8291484559
2025-11-20 09:00:00;65.3562259101;39.8535266209;61.4484093036;21.4639875226
2025-11-20 10:00:00;48.6070289607;34.0266141302;85.782807717;57.4888239686
2025-11-20 11:00:00;53.440125672;42.5057694967;78.7267479372;54.9708413411
2025-11-20 12:00:00;55.8255155931;28.4536855189;135.9477094156;49.7188773922
2025-11-20 13:00:00;38.4606185088;32.2187314623;125.3100755335;30.9353845169
2025-11-20 14:00:00;43.9994128786;27.0241800166;121.635218606;43.9301746892
2025-11-20 15:00:00;49.761922937;31.5817553356;123.5946968114;38.6140987797
2025-11-20 16:00:00;44.8788960679;28.1905421037;118.3362999707;27.053958845
2025-11-20 17:00:00;48.7958647575;29.7351421332;88.3695424267;54.4772940832
2025-11-20 18:00:00;90.2254154762;69.7566853803;69.2240945946;43.6433032085
2025-11-20 19:00:00;89.2453031667;66.8458389523;47.564548384;116.0974133986
2025-11-20 20:00:00;96.7098612585;67.2358185732;31.9860584633;67.1358720866
2025-11-20 21:00:00;94.5516239282;70.4774786241;0;92.7641813831
2025-11-20 22:00:00;48.8987753784;55.2070358473;0;42.5974790207
2025-11-20 23:00:00;50.6301732906;38.4707137179;0;60.8043838747
2025-11-21 00:00:00;37.0406155848;27.4808286489;0;79.327371168
2025-11-21 01:00:00;25.8395015124;30.4116053786;0;59.866764253
2025-11-21 02:00:00;34.2044793603;21.9382021841;0;69.2761750058
2025-11-21 03:00:00;27.8481598624;22.4023750402;0;73.2310204731
2025-11-21 04:00:00;29.9857086445;27.5257465651;0;72.9220469075
2025-11-21 05:00:00;31.3256667942;28.2939610799;0;113.3714284149
2025-11-21 06:00:00;64.1887819636;27.8230472024;19.9232379731;84.774673939
2025-11-21 07:00:00;67.0609694015;40.7027354093;29.958697308;52.0414920503
2025-11-21 08:00:00;74.0316959954;42.0152442242;44.1090311547;52.7402278733
2025-11-21 09:00:00;70.3838133739;44.3264099845;56.903380896;53.5879881461
2025-11-21 10:00:00;58.7795138869;31.990816297;81.4187471803;45.5077408624
2025-11-21 11:00:00;47.0673540943;34.9173646235;85.4926082777;42.7443681111
2025-11-21 12:00:00;56.8385458113;35.1391230648;113.6759238083;48.4087093421
2025-11-21 13:00:00;38.42775289;27.4348476176;118.8405985192;69.8950765413
2025-11-21 14:00:00;43.0362759082;30.2891684877;120.5880317448;69.4807896711
2025-11-21 15:00:00;39.8310484427;28.9864481627;107.2889618683;50.9574610379
2025-11-21 16:00:00;53.1816828439;28.3470045766;123.131344444;64.6231276731
2025-11-21 17:00:00;38.5930336484;25.9057335923;90.829169055;51.5784192851
2025-11-21 18:00:00;92.4422281345;65.8933621071;57.4444414653;54.6748904173
2025-11-21 19:00:00;85.2207340975;55.9055706898;47.5438199874;61.454181989
2025-11-21 20:00:00;100.1895623129;80.7510467378;30.5184223199;66.5406012633
2025-11-21 21:00:00;94.7972676364;71.2473310768;0;93.0807447979
2025-11-21 22:00:00;54.9112769614;37.8865165662;0;71.3166202914
2025-11-21 23:00:00;60.929306285;45.600409079;0;72.0635442547
2025-11-22 00:00:00;30.6634009864;23.0389601308;0;49.150780944
2025-11-22 01:00:00;30.9880711026;10.8715449741;0;71.061112358
2025-11-22 02:00:00;30.5927637963;14.7118659985;0;72.369004415
2025-11-22 03:00:00;32.5363544645;20.4014463647;0;61.0510652595
2025-11-22 04:00:00;27.7840137724;23.6171297221;0;77.4323771431
2025-11-22 05:00:00;29.0357071169;27.6030094104;0;68.7518416643
2025-11-22 06:00:00;65.752965009;47.8905917162;18.8662427407;78.5554603538
2025-11-22 07:00:00;63.3546374629;47.0805292622;28.3922604966;47.6127787046
2025-11-22 08:00:00;61.5923615675;41.8092085874;47.8709432321;35.1679942337
2025-11-22 09:00:00;55.8041084213;47.9089634595;59.7974683848;41.6032245207
2025-11-22 10:00:00;52.3835706661;37.6612924481;87.4957897306;47.102991059
2025-11-22 11:00:00;42.6658008909;27.326922993;105.7434728962;59.8905061979
2025-11-22 12:00:00;50.0849119586;33.0662522572;123.1985775803;49.1748343988
2025-11-22 13:00:00;38.2011784207;21.8227168757;110.0999266761;44.9893234099
2025-11-22 14:00:00;31.5897596358;18.4104767169;122.6506043462;59.2883177717
2025-11-22 15:00:00;43.045526637;11.8531942079;116.614506527;76.9244387691
2025-11-22 16:00:00;38.5557198969;21.7323190824;94.2398612915;66.265728657
2025-11-22 17:00:00;43.4193410934;38.8488995742;76.1942256232;61.2900446277
2025-11-22 18:00:00;77.7497348228;57.9171335187;71.3885066715;63.6899269986
2025-11-22 19:00:00;81.738804511;59.8226562976;47.1131320425;94.2658517976
2025-11-22 20:00:00;70.6392019751;59.374650871;33.4195543761;87.9526333313
2025-11-22 21:00:00;76.31960259;62.695905286;0;79.1347783461
2025-11-22 22:00:00;39.9138743907;30.8638186373;0;87.8316016364
2025-11-22 23:00:00;43.9558170605;34.5238168544;0;50.5703987861
2025-11-23 00:00:00;32.1231528278;18.3813450599;0;47.8152767645
2025-11-23 01:00:00;27.2793896056;23.3267987653;0;79.581237641
2025-11-23 02:00:00;33.8872894214;19.2438282388;0;77.8886126241
2025-11-23 03:00:00;26.145243104;28.6000771964;0;66.16150793
2025-11-23 04:00:00;33.9835647614;20.3873285787;0;92.3835011899
2025-11-23 05:00:00;35.8939072464;22.5439994763;0;40.9121782019
2025-11-23 06:00:00;66.7427220814;44.0456693774;19.0129941102;66.336436959
2025-11-23 07:00:00;60.6330037402;44.6226641753;28.4462716553;40.3740606048
2025-11-23 08:00:00;52.6173132827;30.5929857402;43.7733323411;27.1496125293
2025-11-23 09:00:00;64.8016059588;37.8614434804;62.0648502531;63.1128867719
2025-11-23 10:00:00;45.1353346389;32.108091869;73.6386085783;30.3324095571
2025-11-23 11:00:00;41.2961226245;35.2257454726;97.0147641249;39.1865784481
2025-11-23 12:00:00;43.1956350632;12.0565594367;95.157396669;56.373418521
2025-11-23 13:00:00;43.9123229699;30.1614178709;106.6204878094;62.2589572072
2025-11-23 14:00:00;32.3393781432;18.1881330309;123.4002490448;38.7516725546
2025-11-23 15:00:00;39.5648003362;20.4740916854;115.333042664;62.7473203022
2025-11-23 16:00:00;38.4382208363;20.4989840378;94.0474078669;57.4849121227
2025-11-23 17:00:00;35.8491645549;20.4792899907;73.9377515265;84.8653340439
2025-11-23 18:00:00;81.5652151847;64.7777862802;57.5344385181;59.0146495868
2025-11-23 19:00:00;86.0099217569;61.2411412094;44.4931247301;66.4829727893
2025-11-23 20:00:00;77.3329463243;70.5223817149;33.1461725706;54.159676548
2025-11-23 21:00:00;77.5705038255;66.9693665425;0;56.0937922529
2025-11-23 22:00:00;48.4981829275;45.1448205881;0;54.6891764312
2025-11-23 23:00:00;49.8309835515;33.8515925518;0;92.5392573817
2025-11-24 00:00:00;29.4253175678;29.5509815646;0;76.4690609735
2025-11-24 01:00:00;28.6258181876;29.8030353738;0;86.8847124459
2025-11-24 02:00:00;21;13.7349551019;0;104.9458669091
2025-11-24 03:00:00;26.4989598944;20.914131843;0;31.2413254093
2025-11-24 04:00:00;24.8730974757;24.7798040013;0;100.466287285
2025-11-24 05:00:00;33.0808124834;29.5296101405;0;77.1813627972
2025-11-24 06:00:00;72.8117088908;44.9107401656;0.9524335831;84.4068003307
2025-11-24 07:00:00;72.6356749346;44.8176380388;1.3186392725;36.2166515752
2025-11-24 08:00:00;73.8685189732;49.6224937645;1.8136016219;37.0534268013
2025-11-24 09:00:00;69.9934780439;53.4313339353;2.7894223039;51.2583972467
2025-11-24 10:00:00;61.4840664597;37.9095569316;3.2755310239;72.9061006645
2025-11-24 11:00:00;60.3363267223;29.3125221695;4.0543450554;57.1331312398
2025-11-24 12:00:00;61.7759346433;36.2632033389;5.3010411159;60.1273183003
2025-11-24 13:00:00;47.8624226403;32.9887551632;5.439599487;50.7310570381
2025-11-24 14:00:00;44.6543935821;26.6784951917;5.1664826455;45.2928810226
2025-11-24 15:00:00;52.0533269632;40.4128329124;4.3051956893;42.8868755503
2025-11-24 16:00:00;41.7226943381;32.0658713041;4.3012414022;46.7840455364
2025-11-24 17:00:00;40.866604694;28.1672176695;3.8046536011;25.9412915968
2025-11-24 18:00:00;90.6172883829;68.359472754;2.6488402296;43.6313968076
2025-11-24 19:00:00;95.6770109005;59.9918591784;2.2139325968;58.9162967419
2025-11-24 20:00:00;89.8946168291;75.192860291;1.5152000416;65.5107175103
2025-11-24 21:00:00;92.6249117524;70.1111531517;0;70.7710490564
2025-11-24 22:00:00;47.2861052971;39.1465195614;0;74.7226275135
2025-11-24 23:00:00;56.6593936141;36.9610722562;0;68.2587050206
2025-11-25 00:00:00;23.1730348477;25.8596921733;0;64.6748866946
2025-11-25 01:00:00;25.8052752531;17.9159972204;0;38.5307462509
2025-11-25 02:00:00;35.477252107;19.9461327555;0;64.7909434624
2025-11-25 03:00:00;35.3114324264;25.903915281;0;57.2775053672
2025-11-25 04:00:00;31.684408903;19.0135754995;0;84.4924827086
2025-11-25 05:00:00;31.2404861178;24.0589842074;0;92.8776715298
2025-11-25 06:00:00;71.615995115;41.8424092049;22.6421035665;93.4316825089
2025-11-25 07:00:00;70.5272470403;56.3718462963;31.7052156037;53.9974124154
2025-11-25 08:00:00;72.3752258873;51.633429603;47.1472551539;43.8893588055
2025-11-25 09:00:00;67.1938697421;47.5489775389;68.5138201515;39.4801903967
2025-11-25 10:00:00;55.7025036427;32.7303748799;81.8608634286;36.9244858839
2025-11-25 11:00:00;54.786225207;50.2174440433;91.5083562551;28.2930305202
2025-11-25 12:00:00;50.3660894452;27.9596452871;104.1479068631;56.6638345882
2025-11-25 13:00:00;51.9061395893;26.6975817487;117.1856827578;50.6588292988
2025-11-25 14:00:00;47.5781826508;34.7003799129;103.1188951861;36.4670952693
2025-11-25 15:00:00;47.9603590725;31.2284551939;106.7861506005;42.0272123937
2025-11-25 16:00:00;42.6540412873;22.4407233139;103.6938039055;41.4911026155
2025-11-25 17:00:00;44.8410856034;43.5054540681;65.1778160695;53.5423308587
2025-11-25 18:00:00;96.2673189248;75.1345831588;69.1061549422;67.109175644
2025-11-25 19:00:00;94.1316625609;69.8779204935;49.0745266759;62.1823860909
2025-11-25 20:00:00;100.6526954404;92.7432567306;29.81109027;29.7539224327
2025-11-25 21:00:00;92.5270978466;77.3584996937;0;64.8864133715
2025-11-25 22:00:00;52.2959627503;45.5567237621;0;65.4480698258
2025-11-25 23:00:00;57.4206230895;54.6371137626;0;64.27787404
2025-11-26 00:00:00;24.3090872747;27.1487741873;0;63.4189035585
2025-11-26 01:00:00;34.1593361954;28.0127299003;0;79.3068295213
2025-11-26 02:00:00;24.1467968973;20.0942094135;0;76.4617470593
2025-11-26 03:00:00;32.8736309973;24.248231919;0;74.7510748967
2025-11-26 04:00:00;27.0827690062;19.5571913865;0;82.9775106391
2025-11-26 05:00:00;32.1446286614;32.6826164729;0;67.1352055685
2025-11-26 06:00:00;78.188026517;41.3330859994;20.6553280278;66.0679967149
2025-11-26 07:00:00;74.7953786395;56.9902870767;30.6665405923;60.7023142286
2025-11-26 08:00:00;68.7066889773;39.5436888385;48.9977444184;51.4418368992
2025-11-26 09:00:00;70.0694946594;43.8981934276;65.7656639962;54.4609818
2025-11-26 10:00:00;51.3622713101;31.5309181808;69.521112494;58.9645674746
2025-11-26 11:00:00;46.1137064236;25.8353194878;98.8725027196;51.0648680422
2025-11-26 12:00:00;59.7148878091;39.9233099097;105.2494613869;55.6055283753
2025-11-26 13:00:00;45.4048486732;28.7584724704;114.6661814328;31.8634412545
2025-11-26 14:00:00;39.799533334;20.5969607122;107.2755732093;55.3399054777
2025-11-26 15:00:00;51.4599013959;31.3646294527;121.9752204049;50.2474471527
2025-11-26 16:00:00;41.7533880867;20.5511700178;102.2933411753;74.7362038805
2025-11-26 17:00:00;46.0369407381;26.4480893885;73.6567028018;64.8633342785
2025-11-26 18:00:00;89.8550116212;59.0144544887;54.4623973906;44.353953333
2025-11-26 19:00:00;84.4865583846;60.2435289362;43.2319834392;74.0053835519
2025-11-26 20:00:00;87.4287465598;69.0703724999;31.7245272231;70.5340440053
2025-11-26 21:00:00;91.5505221357;71.2256049795;0;75.3853244006
2025-11-26 22:00:00;58.6835733652;61.9765037157;0;50.45325677
2025-11-26 23:00:00;56.2006366055;55.3135385181;0;73.7891332418
2025-11-27 00:00:00;30.6309230678;20.3006283523;0;70.4920467284
2025-11-27 01:00:00;21;17.1980134633;0;80.0346665084
2025-11-27 02:00:00;35.7153876646;32.9635168756;0;61.217937247
2025-11-27 03:00:00;31.0065586342;25.6852252825;0;63.8217247797
2025-11-27 04:00:00;29.4626204855;28.0136123426;0;96.6938886575
2025-11-27 05:00:00;35.095903995;28.6347202577;0;55.1036021169
2025-11-27 06:00:00;79.8219870789;51.4150940379;19.9818870945;56.4827217938
2025-11-27 07:00:00;79.403907937;51.135549493;33.4091578854;44.2751781889
2025-11-27 08:00:00;73.0963625876;50.9943581522;46.9728249934;36.1980676728
2025-11-27 09:00:00;69.6926072993;44.1179959564;65.0721338046;34.9294037295
2025-11-27 10:00:00;59.1688419942;45.1486371724;79.5674000483;46.0318375391
2025-11-27 11:00:00;48.5759438733;25.0984648048;83.1355271096;27.9766815404
2025-11-27 12:00:00;63.4813441911;46.6938728455;104.3251354458;33.5509007091
2025-11-27 13:00:00;45.0999053426;13.7091510611;122.3877533941;79.201457899
2025-11-27 14:00:00;40.1999282386;25.1575764256;112.3547978795;58.3401634971
2025-11-27 15:00:00;39.4304988955;23.0654157643;110.2499940655;42.5624145098
2025-11-27 16:00:00;39.224685681;16.0969391262;91.1458921518;57.8003883019
2025-11-27 17:00:00;45.6055404695;17.5827683822;71.1517375672;59.7511597776
2025-11-27 18:00:00;93.6690493382;61.850495614;59.7922182646;65.3383974542
2025-11-27 19:00:00;88.1361649977;66.1983661786;45.2731962609;65.1415926465
2025-11-27 20:00:00;92.093763739;64.7845461532;28.7722444091;83.7051501754
2025-11-27 21:00:00;87.5421055411;65.4762294631;0;32.9935102995
2025-11-27 22:00:00;57.3705469938;58.3996643353;0;49.513168643
2025-11-27 23:00:00;54.4730191696;31.5339003019;0;70.0367008708
2025-11-28 00:00:00;28.2971887234;26.2500342;0;80.4111631552
2025-11-28 01:00:00;24.2035017147;18.2247034397;0;57.3552418336
2025-11-28 02:00:00;28.649299799;15.5167361419;0;79.1071376523
2025-11-28 03:00:00;28.1337245339;19.6147893306;0;62.7029817983
2025-11-28 04:00:00;31.4297701554;27.2856600324;0;69.1453554762
2025-11-28 05:00:00;30.7515809015;13.5477057702;0;93.3215023492
2025-11-28 06:00:00;77.8793590751;50.9765374098;19.0474130928;91.1701581646
2025-11-28 07:00:00;72.13449417;43.558743904;27.8083658418;33.4628605583
2025-11-28 08:00:00;65.9432368559;39.9199722032;47.666243809;32.7921286205
2025-11-28 09:00:00;78.7750065605;52.9423585016;58.3891395001;39.9916139931
2025-11-28 10:00:00;50.5866701531;45.8125429827;85.705468155;44.2754264091
2025-11-28 11:00:00;49.8176897233;26.1313359733;103.9435800688;37.2422655932
2025-11-28 12:00:00;54.6047920088;37.2927708595;104.2678915217;56.1697315217
2025-11-28 13:00:00;46.4008976931;26.6204874053;102.7040656142;56.5186567982
2025-11-28 14:00:00;42.6519165591;24.1566317337;93.0745208184;57.2817302372
2025-11-28 15:00:00;42.6165633182;34.8957287293;92.5893145999;35.5366229906
2025-11-28 16:00:00;43.2810619549;22.3428807313;82.4373959143;67.1778564301
2025-11-28 17:00:00;51.4151119643;28.2667603139;85.2491633534;15.3385078963
2025-11-28 18:00:00;93.8193093757;71.4514652787;60.3518472509;62.8455995377
2025-11-28 19:00:00;89.4755279921;75.0118678803;45.1125620815;82.4772740859
2025-11-28 20:00:00;89.5213356636;73.4320846512;24.7270779261;59.6325973608
2025-11-28 21:00:00;92.7023819616;62.3085264852;0;88.13696506
2025-11-28 22:00:00;55.8691771649;44.2896777203;0;65.8055265733
2025-11-28 23:00:00;56.9767271907;46.3377431417;0;67.9037545383
2025-11-29 00:00:00;30.5587137173;31.961014796;0;1.7549204341
2025-11-29 01:00:00;26.2115699209;20.414833317;0;2.9062757229
2025-11-29 02:00:00;28.092264152;17.6072663083;0;2.1613075367
2025-11-29 03:00:00;33.3025854684;33.3220131184;0;1.9011536993
2025-11-29 04:00:00;24.842586178;23.1340984865;0;1.2484725314
2025-11-29 05:00:00;27.9041097312;18.7771013151;0;1.6756820409
2025-11-29 06:00:00;65.3877255439;39.930931874;17.3779313463;1.2887836266
2025-11-29 07:00:00;66.6379091033;37.4993215746;31.8809439287;1.1700469718
2025-11-29 08:00:00;61.8310235136;58.6752296778;44.30642855;1.0046514898
2025-11-29 09:00:00;60.8487120359;49.6410231588;58.504328734;0.6977120203
2025-11-29 10:00:00;40.1373262761;23.3847522071;79.4512200627;0.9902525287
2025-11-29 11:00:00;48.4522366649;41.4036872195;103.6924024349;0.764463876
2025-11-29 12:00:00;52.0213655958;35.5652740051;102.0645487694;1.0072597091
2025-11-29 13:00:00;49.3239074409;33.4607208878;111.2167836543;0.8891399893
2025-11-29 14:00:00;39.519722003;20.0255971203;112.3071265851;1.1401109393
2025-11-29 15:00:00;37.5517557448;18.767163113;123.7854635164;1.344774497
2025-11-29 16:00:00;33.641566418;23.2831909592;76.2933759101;1.1173115874
2025-11-29 17:00:00;29.3258580653;9.7537782837;80.1711282949;1.0216760776
2025-11-29 18:00:00;80.1077449782;57.4477588799;58.6577933999;1.1898735979
2025-11-29 19:00:00;89.887954395;66.0888860074;45.276625893;1.7096011919
2025-11-29 20:00:00;85.0300833878;74.4438719911;28.2028753007;1.0528785719
2025-11-29 21:00:00;84.3359675653;62.8634884346;0;1.550721662
2025-11-29 22:00:00;47.1920696894;45.2687035696;0;1.9353886907
2025-11-29 23:00:00;47.7047112339;22.4087427285;0;1.6646424095
2025-11-30 00:00:00;21;29.5381529259;0;74.4004687823
2025-11-30 01:00:00;33.4312976134;18.2092856743;0;85.0713554957
2025-11-30 02:00:00;27.3929674369;22.8833446462;0;81.6382194711
2025-11-30 03:00:00;26.8422269403;24.2085134325;0;87.1590880428
2025-11-30 04:00:00;28.5453437113;26.0871593219;0;36.2319670376
2025-11-30 05:00:00;28.3934797975;23.6678225947;0;44.8583142233
2025-11-30 06:00:00;59.5665781656;31.5957520113;18.9499556154;91.7654499109
2025-11-30 07:00:00;62.8583626543;39.0115564797;31.142664684;27.4449942602
2025-11-30 08:00:00;60.2836891465;46.004778585;53.548939288;48.4223330479
2025-11-30 09:00:00;63.2473916304;38.051875227;62.3875612991;40.1319359245
2025-11-30 10:00:00;39.4671535816;27.7608240685;70.1383730815;33.0456090019
2025-11-30 11:00:00;45.1961937793;20.4541227758;87.683851756;47.8514916291
2025-11-30 12:00:00;41.2261235935;31.6994177917;99.1148353679;46.2165302405
2025-11-30 13:00:00;34.9546895227;13.3572791849;93.7515950475;78.4248229225
2025-11-30 14:00:00;38.4865062496;30.2166987023;106.5872966038;43.3197610487
2025-11-30 15:00:00;30.6232221895;12.0568074177;108.8748038405;69.8225446815
2025-11-30 16:00:00;34.1403782582;29.2291899101;81.5086931694;55.8623330604
2025-11-30 17:00:00;40.4015511877;27.545825166;81.5545726645;42.8550054541
2025-11-30 18:00:00;73.0731226235;51.5641989144;60.8861883344;61.597209031
2025-11-30 19:00:00;87.4328250431;74.6351877054;40.354060672;75.3431000281
2025-11-30 20:00:00;84.8522587144;64.4965689599;29.1320670262;66.5988524673
2025-11-30 21:00:00;77.2070510318;59.6683546983;0;70.401736209
2025-11-30 22:00:00;42.6170101521;45.3735688048;0;56.1559857769
2025-11-30 23:00:00;47.0681833121;27.1075572237;0;52.3803625414
2025-12-01 00:00:00;23.4864198434;6.6353362886;0;86.6945014544
2025-12-01 01:00:00;21;29.8209631514;0;68.7819448404
2025-12-01 02:00:00;27.9329919418;17.6980478605;0;71.4023277935
2025-12-01 03:00:00;29.3967805507;27.5102494267;0;77.9580854275
2025-12-01 04:00:00;30.4249225096;22.8278339813;0;77.6933584032
2025-12-01 05:00:00;27.2336672275;17.2065332091;0;46.8255001031
2025-12-01 06:00:00;80.3894468459;53.8028265319;21.234593112;96.290483729
2025-12-01 07:00:00;67.9285581001;43.5495681125;30.8714231636;45.0410555288
2025-12-01 08:00:00;69.534506956;39.9022763669;42.4576421119;41.5018067504
2025-12-01 09:00:00;76.8465483659;42.6971027131;56.8892677987;48.425421057
2025-12-01 10:00:00;49.8276016871;22.5368773547;74.9195220818;46.3018437815
2025-12-01 11:00:00;49.6535728876;34.1206419881;86.1423969376;52.099986701
2025-12-01 12:00:00;55.6101114874;29.6662446269;84.6415136564;49.5963456679
2025-12-01 13:00:00;40.5133273106;23.2191029116;126.0437515531;60.1557742014
2025-12-01 14:00:00;44.6552991764;25.1902732547;109.6895286137;68.2288411961
2025-12-01 15:00:00;42.1048245836;19.9228640981;105.0209139725;62.2695614466
2025-12-01 16:00:00;41.3766924369;17.9589833308;89.403612827;48.9564332456
2025-12-01 17:00:00;35.793804841;41.3031113562;70.0840283498;36.684982937
2025-12-01 18:00:00;94.8863923918;68.6145833488;57.1293955297;72.2683097599
2025-12-01 19:00:00;88.6460032396;78.1434811635;36.9991206786;61.6777798977
2025-12-01 20:00:00;93.5012682882;77.9405060157;34.4722138639;57.8189554539
2025-12-01 21:00:00;91.9538861615;72.4073182347;0;37.1035091342
2025-12-01 22:00:00;54.1257286583;47.4797033773;0;71.1237944031
2025-12-01 23:00:00;54.3814757394;39.9223748021;0;68.0157628407
2025-12-02 00:00:00;30.8713271291;35.803164341;0;44.9617226192
2025-12-02 01:00:00;26.7250831433;27.144326893;0;80.5779209471
2025-12-02 02:00:00;35.5921341567;21.1507097301;0;63.3620145349
2025-12-02 03:00:00;21.6866997261;21.8464051429;0;121.0551312738
2025-12-02 04:00:00;28.9803399666;28.101429749;0;62.0742716587
2025-12-02 05:00:00;33.7630393938;17.9594904209;0;64.5019163771
2025-12-02 06:00:00;76.9229457529;54.1440948108;16.7885008351;56.5480659761
2025-12-02 07:00:00;70.39070917;54.9276128971;26.4700464984;57.2990091862
2025-12-02 08:00:00;71.1403645459;42.3856132612;40.5008508694;39.3787827822
2025-12-02 09:00:00;70.2469027474;41.4536440634;63.2917143456;35.555809849
2025-12-02 10:00:00;57.8421262863;44.1065176602;73.7616520014;51.1008276297
2025-12-02 11:00:00;51.81594517;32.7597527232;80.0819134084;28.4400706648
2025-12-02 12:00:00;56.2936558448;27.9808089;110.8086207998;50.2122871992
2025-12-02 13:00:00;46.5190246536;32.0246412157;113.4670961669;73.2263982509
2025-12-02 14:00:00;55.9874388973;36.5882117309;111.8156815865;57.8400145665
2025-12-02 15:00:00;46.7392989593;28.8518105049;106.4694822616;58.7429698345
2025-12-02 16:00:00;41.6795202239;32.0643240655;105.8934108577;61.6834999187
2025-12-02 17:00:00;38.7589921109;31.4483419421;86.5552822983;72.3183613829
2025-12-02 18:00:00;93.1679993646;67.9978962897;54.2267864577;65.9877864639
2025-12-02 19:00:00;93.8734502896;80.8497337248;47.4329730203;72.2985868993
2025-12-02 20:00:00;84.4611887072;73.0402237419;29.7364020259;79.858286934
2025-12-02 21:00:00;91.1969928592;60.8352810573;0;50.7115435348
2025-12-02 22:00:00;56.483688391;41.2526558938;0;77.7803978288
2025-12-02 23:00:00;52.7500014321;25.8562352029;0;48.7635534567
2025-12-03 00:00:00;34.3588070357;23.3136278277;0;65.2914286966
2025-12-03 01:00:00;22.9873959988;18.7434059883;0;16.4880803648
2025-12-03 02:00:00;33.0459726907;18.8909586263;0;79.1019554432
2025-12-03 03:00:00;34.1125038369;31.980705498;0;60.3159216856
2025-12-03 04:00:00;34.3042341413;13.1117301163;0;91.8568765984
2025-12-03 05:00:00;22.9536462691;23.0444141715;0;78.9000045774
2025-12-03 06:00:00;76.3171391053;49.0569386195;19.1633351154;92.0896246261
2025-12-03 07:00:00;71.8922579906;49.0374630692;24.6772203097;31.447947694
2025-12-03 08:00:00;68.574010535;45.8619670538;40.9611088329;54.3295545304
2025-12-03 09:00:00;73.0392467616;32.5896562588;53.0699698585;65.8402220015
2025-12-03 10:00:00;51.1663376794;28.2962138788;77.710510603;51.3725221209
2025-12-03 11:00:00;59.3821157497;45.7746768548;95.4459497825;51.6549398494
2025-12-03 12:00:00;57.5475236865;29.586473079;83.085903864;44.9612996421
2025-12-03 13:00:00;40.221282096;35.7063452854;105.8563854446;43.7207592946
2025-12-03 14:00:00;42.1482862902;16.610920965;115.560590706;59.8972968441
2025-12-03 15:00:00;43.6941437872;19.8119468834;98.1307437148;31.37426101
2025-12-03 16:00:00;45.0814590395;23.4608288979;93.0405316138;45.0657666934
2025-12-03 17:00:00;49.9359844391;40.9853283954;74.9299387257;28.0408061486
2025-12-03 18:00:00;97.6730848741;69.856155181;58.3123328984;41.4690390584
2025-12-03 19:00:00;94.7958282653;72.0129052176;40.6258045495;75.0836399075
2025-12-03 20:00:00;93.3916445804;70.811981827;25.7633603697;72.8733407808
2025-12-03 21:00:00;86.5844712492;68.1544259064;0;65.5222728756
2025-12-03 22:00:00;61.0527279605;58.9501317658;0;67.4549428774
2025-12-03 23:00:00;53.2268039526;45.2531886707;0;34.1954842328
2025-12-04 00:00:00;36.9967810819;19.7562732506;0;64.7449684564
2025-12-04 01:00:00;30.8824918146;22.2338119764;0;59.233487155
2025-12-04 02:00:00;39.1137789388;38.4396462863;0;59.6313683881
2025-12-04 03:00:00;32.7284469001;25.3558102648;0;82.0963986716
2025-12-04 04:00:00;23.5559116595;14.5907765536;0;56.0357943641
2025-12-04 05:00:00;27.2351303388;14.7416490572;0;60.6019588098
2025-12-04 06:00:00;74.268089221;56.5520327845;16.5900441058;34.1432854057
2025-12-04 07:00:00;71.0971735521;52.4119394895;29.8297108435;39.6870016273
2025-12-04 08:00:00;73.3324228667;43.7238989641;41.1351874222;31.1869502437
2025-12-04 09:00:00;68.8779703304;49.4712725187;55.5156862424;43.6850281725
2025-12-04 10:00:00;55.360143173;46.8660471164;69.6378972412;32.6512147597
2025-12-04 11:00:00;56.4027511786;44.8299217791;84.8250032118;43.9563921596
2025-12-04 12:00:00;50.8159050756;41.3191321768;106.7765584189;41.2873578736
2025-12-04 13:00:00;54.2181421607;35.2585743939;102.0663114424;70.8669137442
2025-12-04 14:00:00;45.7728075158;27.7089971049;93.6271448439;56.1885774933
2025-12-04 15:00:00;41.8116639425;25.3886221552;104.3862674345;26.9917258489
2025-12-04 16:00:00;38.1540709902;26.446022067;85.5227574468;34.1726831574
2025-12-04 17:00:00;45.7567408423;25.3023108618;72.263341476;50.6660718815
2025-12-04 18:00:00;93.5517972824;68.0747826983;63.3574134761;38.3587091437
2025-12-04 19:00:00;98.2476797629;84.5431211455;41.0036975978;16.5719338961
2025-12-04 20:00:00;94.0788294877;59.8795958567;28.8808744014;85.9340974873
2025-12-04 21:00:00;89.3522611599;60.258173076;0;75.8247834553
2025-12-04 22:00:00;62.8526297408;57.0750075767;0;72.6241151292
2025-12-04 23:00:00;57.2947093658;39.4294019304;0;54.4993192039
2025-12-05 00:00:00;17.7598502483;10.7374342129;0;78.4784606623
2025-12-05 01:00:00;18.919588434;23.497613199;0;58.4136426458
2025-12-05 02:00:00;19.7764942951;22.3701193895;0;74.5290917319
2025-12-05 03:00:00;15;21.1386214554;0;54.5811947603
2025-12-05 04:00:00;18.9003558698;25.6026331209;0;97.7735838812
2025-12-05 05:00:00;17.2169790823;16.4168427462;0;43.0663973508
2025-12-05 06:00:00;47.6625399675;49.1643247549;16.3217159071;92.7397373216
2025-12-05 07:00:00;44.2075860991;47.2810184848;27.4215488614;42.9527149321
2025-12-05 08:00:00;44.5828038769;48.4757463531;42.5921287103;37.3335146929
2025-12-05 09:00:00;50.8629429986;42.6584816006;48.6026911599;44.3148845478
2025-12-05 10:00:00;37.525238497;35.8866488471;72.4211839939;50.3378025896
2025-12-05 11:00:00;24.9889794867;26.4260888116;86.668449623;57.0738169622
2025-12-05 12:00:00;37.3198766382;40.6938236786;97.744459507;45.8690427388
2025-12-05 13:00:00;27.8415051565;39.4843572389;112.3106547062;38.5776510585
2025-12-05 14:00:00;26.0841474051;31.2612683127;106.4805549805;50.3188778027
2025-12-05 15:00:00;25.2560745625;26.8241622504;108.9424899551;72.1699216021
2025-12-05 16:00:00;25.416866175;34.2059957608;79.1412818179;66.349531861
2025-12-05 17:00:00;26.162376223;26.2628976144;72.0510022212;60.9038452917
2025-12-05 18:00:00;55.2772856719;75.969699921;55.8848642025;59.5008868613
2025-12-05 19:00:00;54.6473059884;72.94192053;37.1378631216;74.9659619095
2025-12-05 20:00:00;55.5175502007;64.4747607616;30.0474363831;82.2928238343
2025-12-05 21:00:00;59.2945799426;87.2503726355;0;56.5241094936
2025-12-05 22:00:00;34.2549022268;52.4115671928;0;42.1918550946
2025-12-05 23:00:00;35.6556433763;54.3493805001;0;64.9090330921
2025-12-06 00:00:00;29.7013357236;25.458564658;0;56.0088144618
2025-12-06 01:00:00;24.1199430121;20.518619905;0;51.8300156323
2025-12-06 02:00:00;32.2249841557;20.043994581;0;57.7212939464
2025-12-06 03:00:00;25.4788982451;18.0172616947;0;114.1379596147
2025-12-06 04:00:00;32.909764359;20.6595013497;0;72.7935196259
2025-12-06 05:00:00;24.7533599867;30.0223005504;0;76.7671798564
2025-12-06 06:00:00;60.3439444791;42.0162884034;21.1293084076;48.884887524
2025-12-06 07:00:00;61.8113269153;34.6337784066;27.5564168461;22.769257486
2025-12-06 08:00:00;66.4724109026;46.5164221932;41.7710582457;33.5897548073
2025-12-06 09:00:00;64.2295769325;42.2579271968;55.2481888521;57.4255515126
2025-12-06 10:00:00;46.7306979231;29.0025452746;66.44109847;45.7685191985
2025-12-06 11:00:00;55.1262015062;37.486251262;72.6148783468;48.5596472528
2025-12-06 12:00:00;38.3742677479;24.9935747957;90.8743993597;50.0376942897
2025-12-06 13:00:00;33.569543919;26.9123038099;91.107261391;41.9932638496
2025-12-06 14:00:00;33.37689516;23.1340223635;116.5008995493;66.3776624801
2025-12-06 15:00:00;30.2743079165;23.2146122527;95.4254580483;41.4825145412
2025-12-06 16:00:00;35.0044055032;15.0373596458;82.6432510457;66.6027021219
2025-12-06 17:00:00;41.3372045483;40.3323250361;75.4758815797;54.72745298
2025-12-06 18:00:00;77.572073329;52.2035555818;49.9524590538;27.2381128318
2025-12-06 19:00:00;78.7359732484;60.5827306935;37.6858678157;51.5099206583
2025-12-06 20:00:00;72.4829898969;52.7290166493;27.7442287058;35.0854776344
2025-12-06 21:00:00;76.6501215341;62.935403256;0;81.7838342089
2025-12-06 22:00:00;44.5630477533;41.5018349321;0;62.966223987
2025-12-06 23:00:00;49.5314938749;37.96742148;0;28.062179141
2025-12-07 00:00:00;22.4628762094;31.5190610628;0;76.4595940135
2025-12-07 01:00:00;27.9524606443;30.0205047955;0;60.5078451268
2025-12-07 02:00:00;34.8906811353;24.8446460654;0;43.966707395
2025-12-07 03:00:00;27.9971252147;25.8719731773;0;99.2139112367
2025-12-07 04:00:00;21;32.0819630492;0;71.7686416303
2025-12-07 05:00:00;35.7562909981;32.6002131248;0;64.7667101921
2025-12-07 06:00:00;66.8614177546;44.1963830063;19.058428149;62.9146353531
2025-12-07 07:00:00;67.4666688011;37.6437270891;28.3682323472;26.0710201965
2025-12-07 08:00:00;55.7073551028;41.6477125439;40.4712106605;28.2593718136
2025-12-07 09:00:00;70.3604322795;49.1016841391;54.579021556;55.4075822057
2025-12-07 10:00:00;43.2485437519;25.4863516695;71.8755798398;36.9681553583
2025-12-07 11:00:00;44.4358108859;29.6530576461;85.3638839563;42.1677494363
2025-12-07 12:00:00;43.5657888879;29.8489631129;87.3504615236;20.5034297261
2025-12-07 13:00:00;42.5764557645;36.3457887037;101.7073097406;32.8036149639
2025-12-07 14:00:00;37.5061458595;35.3586871616;92.629686632;56.3846772432
2025-12-07 15:00:00;40.4830730924;32.9180500721;95.8117445673;53.5457491153
2025-12-07 16:00:00;38.6567930487;24.2192984197;80.7783508191;70.3721034728
2025-12-07 17:00:00;37.8875494291;31.325187051;83.7941481594;65.3520868765
2025-12-07 18:00:00;76.1199486046;62.6256975088;54.0669428713;46.103858744
2025-12-07 19:00:00;88.5351095344;66.128628827;35.2249297795;70.3423211076
2025-12-07 20:00:00;73.7952055632;70.9586272606;26.9808450004;57.9256322779
2025-12-07 21:00:00;82.2356197747;58.7781299881;0;95.2188236131
2025-12-07 22:00:00;48.4232407994;45.4276818099;0;80.9741572089
2025-12-07 23:00:00;51.9228894226;42.8452084332;0;65.5730767903
2025-12-08 00:00:00;36.2464051457;24.0264310084;0;72.8629754552
2025-12-08 01:00:00;29.3817513026;24.687819051;0;94.4501679381
2025-12-08 02:00:00;32.3867743767;29.0999377419;0;79.4405491291
2025-12-08 03:00:00;37.941931697;26.6533422274;0;96.4238357382
2025-12-08 04:00:00;29.7067045488;27.9549188582;0;31.3342420304
2025-12-08 05:00:00;25.2010493622;22.9893322538;0;77.3875747318
2025-12-08 06:00:00;73.8421271266;53.9038825098;18.1239363308;60.4456954477
2025-12-08 07:00:00;69.70132664;44.6509854386;30.5590401296;59.912486731
2025-12-08 08:00:00;77.2454092833;48.0372297532;37.3644788682;57.7270183552
2025-12-08 09:00:00;80.3622865704;52.1832596874;46.8134115474;41.9738284075
2025-12-08 10:00:00;55.196988511;42.3713833526;73.3194047966;57.6149478507
2025-12-08 11:00:00;48.4473550028;20.8285393714;73.8464233598;60.1907610459
2025-12-08 12:00:00;60.3391039831;32.5193179417;90.786360193;42.4064987034
2025-12-08 13:00:00;37.8330506941;36.2290841332;98.0717930603;78.5866717372
2025-12-08 14:00:00;38.8695995205;26.7274915552;99.5777278583;48.1901856599
2025-12-08 15:00:00;45.0238732774;26.2229909085;99.2549455722;45.9658905521
2025-12-08 16:00:00;46.9594296267;35.0203569224;78.4751195037;59.0847720759
2025-12-08 17:00:00;47.7265097655;27.6985801879;67.3150008026;44.2747810736
2025-12-08 18:00:00;95.105164058;58.5351481262;53.5375080692;49.6070057551
2025-12-08 19:00:00;103.3229889853;77.0799775225;39.6829475391;84.4522377222
2025-12-08 20:00:00;95.6960495771;68.2198476792;27.1620419571;62.7481543091
2025-12-08 21:00:00;100.0587985001;80.4353687304;0;35.9854450638
2025-12-08 22:00:00;59.2829707638;52.0437684992;0;68.1827093627
2025-12-08 23:00:00;49.9237434304;38.4829397194;0;51.5775547229
2025-12-09 00:00:00;29.2362128072;11.7194944867;0;83.7755506773
2025-12-09 01:00:00;39.5549423098;27.0833089015;0;80.8641218154
2025-12-09 02:00:00;27.7304211573;24.0148589568;0;94.2125448561
2025-12-09 03:00:00;26.9642076404;13.5294494695;0;84.5032491866
2025-12-09 04:00:00;30.7675901166;13.0097906897;0;87.6493835921
2025-12-09 05:00:00;27.8916603183;17.1445447655;0;57.3551286558
2025-12-09 06:00:00;72.1443354028;51.1933523402;17.7910519425;82.7202844668
2025-12-09 07:00:00;73.5412307362;36.1938885618;28.4240574732;61.6627863843
2025-12-09 08:00:00;82.1600495317;59.0118219526;39.9583320262;34.2110647181
2025-12-09 09:00:00;75.1012218989;49.7556018123;54.874770357;59.9197356281
2025-12-09 10:00:00;49.8731668605;33.1598285271;59.3868858594;35.6502345244
2025-12-09 11:00:00;49.0466450865;24.0397652987;82.3451756232;32.5237176676
2025-12-09 12:00:00;65.7801267022;35.7065795632;96.5009481407;44.3860018888
2025-12-09 13:00:00;44.9112490941;32.2060234058;104.6988366562;56.8425860549
2025-12-09 14:00:00;47.8718570109;37.2922734189;93.4501952499;59.2031133898
2025-12-09 15:00:00;42.4450562381;22.4152775568;88.0360007993;36.6209842456
2025-12-09 16:00:00;47.3606906183;37.7160139511;78.2488013682;53.4511271101
2025-12-09 17:00:00;52.4832371888;39.21518138;70.9111420862;39.950218064
2025-12-09 18:00:00;92.6473231863;70.7158598603;57.3330537387;30.2669347284
2025-12-09 19:00:00;97.6461480229;69.8643394513;37.478588141;47.5959341855
2025-12-09 20:00:00;89.2566492717;65.7030897211;28.5606471155;50.3518903721
2025-12-09 21:00:00;104.6854050458;91.1220468536;0;70.0719859236
2025-12-09 22:00:00;57.057916194;48.7216779995;0;79.8447960223
2025-12-09 23:00:00;53.9919322083;48.6975160593;0;39.1581782942
2025-12-10 00:00:00;28.6595664452;23.9866595455;0;74.3781392372
2025-12-10 01:00:00;27.7048282147;21.3886771472;0;48.2522549873
2025-12-10 02:00:00;27.9349267614;25.7576774978;0;79.1143930797
2025-12-10 03:00:00;21;36.4838128881;0;57.7199590723
2025-12-10 04:00:00;29.5591542056;20.1116057927;0;50.3949040726
2025-12-10 05:00:00;29.3705459373;27.5614306723;0;82.0297124738
2025-12-10 06:00:00;78.0618767547;52.812077359;17.1483445615;58.3319430829
2025-12-10 07:00:00;73.5087529781;41.2200034681;26.03857538;37.7776926092
2025-12-10 08:00:00;72.3932364234;40.9957371633;37.619268221;18.2529986687
2025-12-10 09:00:00;75.827912587;45.6712444732;55.4279987577;50.7240684782
2025-12-10 10:00:00;48.7040183464;34.5864183663;68.9088439605;49.4356726712
2025-12-10 11:00:00;56.6050792217;40.9286523282;95.7590857029;41.07369016
2025-12-10 12:00:00;47.58148821;22.9492789855;85.5377920414;25.3532500674
2025-12-10 13:00:00;51.0517463179;34.6723263655;101.7667991294;62.3223015174
2025-12-10 14:00:00;49.0872771986;30.9962377169;93.579688048;39.8831665222
2025-12-10 15:00:00;41.8402259543;28.0749322397;85.4124912705;42.4303150903
2025-12-10 16:00:00;48.9831834582;33.6476403262;80.9395014875;75.514155247
2025-12-10 17:00:00;46.5098764073;42.4932116877;67.8975530394;39.43605385
2025-12-10 18:00:00;91.2255787565;68.939068049;64.514499681;56.7334410405
2025-12-10 19:00:00;86.6631820888;57.0050214412;37.7026534636;70.172488891
2025-12-10 20:00:00;97.1900853718;72.3548154964;23.9221707029;67.52807522
2025-12-10 21:00:00;92.1918564842;77.3049044214;0;65.864217171
2025-12-10 22:00:00;60.8870379414;56.5163341863;0;67.3160602854
2025-12-10 23:00:00;56.0228266803;44.0714402744;0;65.7094785549
2025-12-11 00:00:00;26.8518778658;19.9218629875;0;66.9658346745
2025-12-11 01:00:00;38.0902742989;17.2293701253;0;93.4802539745
2025-12-11 02:00:00;32.5940092167;29.0991543764;0;45.5816127814
2025-12-11 03:00:00;21;14.6042569629;0;85.1720313246
2025-12-11 04:00:00;27.8112370404;26.2503837384;0;81.7947060025
2025-12-11 05:00:00;23.7715995359;26.3781903679;0;79.6924297382
2025-12-11 06:00:00;72.4137808658;43.8285828091;17.1348403477;86.7922270923
2025-12-11 07:00:00;75.3615757904;50.4309857183;21.6611585186;39.7654911952
2025-12-11 08:00:00;77.6060898742;53.6933607741;37.5106292591;21.6873827889
2025-12-11 09:00:00;77.1890174251;46.4146131962;51.7171411384;39.9721521946
2025-12-11 10:00:00;60.9225825337;32.1452976102;70.5370001787;30.6205203793
2025-12-11 11:00:00;58.9368463879;37.8747536772;86.2295820002;33.259764473
2025-12-11 12:00:00;58.6585148702;38.6407857428;86.9982991201;28.0638069328
2025-12-11 13:00:00;47.0085101951;38.4715318583;95.3339294287;41.8249403845
2025-12-11 14:00:00;51.8923895782;28.7377455493;90.582382799;40.4087273335
2025-12-11 15:00:00;44.6785502966;37.7835412045;82.4694666666;19.2633233781
2025-12-11 16:00:00;44.7954300317;22.1513899395;81.9818050294;55.8063430377
2025-12-11 17:00:00;37.5267146526;17.2193257708;59.5638511392;73.8546864308
2025-12-11 18:00:00;100.7063276791;72.962128732;49.9376545026;54.6904503203
2025-12-11 19:00:00;95.6074235809;66.673291917;34.7801225962;57.9640824866
2025-12-11 20:00:00;109.1548151597;73.6309905267;27.1138125814;60.2260799452
2025-12-11 21:00:00;94.128692369;86.0476219686;0;54.6352688207
2025-12-11 22:00:00;56.4707552715;45.9423776499;0;62.4363339125
2025-12-11 23:00:00;58.5314259804;55.6854895226;0;60.4968631388
2025-12-12 00:00:00;25.0414501216;17.8413436048;0;53.1708933642
2025-12-12 01:00:00;31.6134647125;11.8162528604;0;95.6533349346
2025-12-12 02:00:00;30.1559764443;32.2879809977;0;42.2957589662
2025-12-12 03:00:00;28.6334031465;17.8749747441;0;79.4180910383
2025-12-12 04:00:00;35.2767178143;26.5341181142;0;65.6239263687
2025-12-12 05:00:00;25.9331307694;12.9068959676;0;99.321718705
2025-12-12 06:00:00;77.402936325;49.9725540579;18.9413390555;73.0646366776
2025-12-12 07:00:00;82.7118661273;47.0723967031;22.9716128559;36.7616413712
2025-12-12 08:00:00;72.9860789143;48.7928834264;31.7776646109;37.8947424854
2025-12-12 09:00:00;74.829889894;45.9762790205;50.4849208626;40.7993810584
2025-12-12 10:00:00;66.7407781477;45.4987796086;65.5603390867;28.8552137495
2025-12-12 11:00:00;58.3216674053;41.9540773053;80.3632834095;32.6516754546
2025-12-12 12:00:00;53.9090189672;37.4844394385;86.3023829996;22.370050078
2025-12-12 13:00:00;49.8092344304;35.0450617535;93.7408941846;36.2543218937
2025-12-12 14:00:00;43.6410020279;27.170363336;98.0711080128;48.2355180598
2025-12-12 15:00:00;39.1553013513;22.6334922251;96.947281065;50.6658303455
2025-12-12 16:00:00;52.3730607638;39.2210755659;66.6286346518;23.8080863416
2025-12-12 17:00:00;41.2336563215;28.3017043243;63.5455135482;45.5124208366
2025-12-12 18:00:00;107.1775528326;78.5611245524;51.8666475917;53.7673354492
2025-12-12 19:00:00;93.9428503305;73.5994291255;34.5684521262;58.126642302
2025-12-12 20:00:00;105.7445370871;73.8821605165;29.1927925822;50.9935068366
2025-12-12 21:00:00;89.9858262118;80.2201484979;0;54.3508609313
2025-12-12 22:00:00;60.8016287503;50.8460626432;0;52.4027130044
2025-12-12 23:00:00;58.4356758405;43.1460913273;0;50.9489408656
2025-12-13 00:00:00;33.769858015;24.4352991223;0;69.7085532929
2025-12-13 01:00:00;34.35610218;26.7736895238;0;105.3470081614
2025-12-13 02:00:00;27.7601468597;25.772010504;0;54.3846586966
2025-12-13 03:00:00;24.110202711;23.0109335258;0;61.4920465505
2025-12-13 04:00:00;29.7708702135;31.7360024872;0;65.9420368266
2025-12-13 05:00:00;31.0036361591;4.9622021118;0;55.3257052092
2025-12-13 06:00:00;62.1877888663;48.6276129391;1.3978879285;85.1475008611
2025-12-13 07:00:00;65.5600825272;52.5068092422;2.2735077249;16.3250635426
2025-12-13 08:00:00;65.7944045518;33.9891966309;3.4665283642;34.7616297473
2025-12-13 09:00:00;60.215970652;45.946545516;4.32181146;48.2834520202
2025-12-13 10:00:00;49.0731880137;40.7990578363;4.9643667721;37.136211846
2025-12-13 11:00:00;46.0933631395;35.1683987696;6.7851651433;31.8577988058
2025-12-13 12:00:00;44.1459031952;19.1632964473;8.6173035626;44.5000216715
2025-12-13 13:00:00;42.3313691604;31.022493464;8.2466850706;57.3598430266
2025-12-13 14:00:00;35.2917205858;29.8566255534;7.9012133224;49.2263538427
2025-12-13 15:00:00;36.7331768839;21.4888395662;8.5512104128;37.3967921188
2025-12-13 16:00:00;39.1124098643;29.1763181436;6.8401821637;52.097277059
2025-12-13 17:00:00;44.9725833314;29.2617486838;5.5871185419;42.0634834238
2025-12-13 18:00:00;82.1938904266;67.5952151595;4.5906349528;55.475771184
2025-12-13 19:00:00;83.703659573;60.2000917588;3.5235412191;82.42012095
2025-12-13 20:00:00;79.9869706649;61.7565689183;2.7156662264;20.9598953588
2025-12-13 21:00:00;80.9731587672;64.8027747997;0;61.7943973629
2025-12-13 22:00:00;47.0758696953;36.6112242379;0;34.0347021176
2025-12-13 23:00:00;48.6156953082;33.0553610127;0;96.8280005533
2025-12-14 00:00:00;28.6681459213;25.6611023315;0;58.5242348767
2025-12-14 01:00:00;36.0299994846;30.5158257404;0;78.6488269688
2025-12-14 02:00:00;28.3207519267;24.5519811675;0;65.6959877382
2025-12-14 03:00:00;22.3174148916;15.2259593862;0;52.9738465212
2025-12-14 04:00:00;42.3425847197;38.2247689864;0;51.0025033806
2025-12-14 05:00:00;28.5268408908;30.0635683723;0;92.5563777659
2025-12-14 06:00:00;70.3554487025;46.4741239191;17.1932212329;82.1213788095
2025-12-14 07:00:00;70.7677434494;42.3780202876;27.2939635245;59.0921816696
2025-12-14 08:00:00;68.6996490657;43.2974557849;34.8695782519;40.3200462399
2025-12-14 09:00:00;63.5550621724;41.5388081448;45.5951122826;42.6312678543
2025-12-14 10:00:00;48.6872201849;35.3064708281;64.0976808872;37.1122526236
2025-12-14 11:00:00;41.6618425535;27.0180882009;77.5925266;36.9144963295
2025-12-14 12:00:00;56.3528034776;32.2191307461;79.6547644103;29.4100919942
2025-12-14 13:00:00;35.039488421;29.6798581651;91.4974630379;47.3712909069
2025-12-14 14:00:00;37.7300610805;26.9711582309;95.7633298695;37.2422022653
2025-12-14 15:00:00;39.3180546045;19.4482985682;89.6898611282;51.522633367
2025-12-14 16:00:00;38.3891365161;27.8481297521;80.0366424788;48.3688232726
2025-12-14 17:00:00;35.9166856425;26.591740767;65.2642533216;49.7337234512
2025-12-14 18:00:00;87.7697565599;61.1261381497;47.6569200908;65.8270226419
2025-12-14 19:00:00;85.7714876014;72.8363229482;34.8465109377;59.0905808591
2025-12-14 20:00:00;82.9444432452;64.6240967972;22.5808215244;70.9383527026
2025-12-14 21:00:00;79.6972420737;60.6119414429;0;90.2477927552
2025-12-14 22:00:00;52.1863799187;43.9589085317;0;79.1390115711
2025-12-14 23:00:00;45.3070296479;36.0440321655;0;76.8506095444
2025-12-15 00:00:00;37.0667632815;26.4574959825;0;60.7130861844
2025-12-15 01:00:00;30.5004941197;22.5952058974;0;69.5296520703
2025-12-15 02:00:00;35.5340168714;33.5177626488;0;44.0839366146
2025-12-15 03:00:00;29.4878085322;14.0522073512;0;73.9561113984
2025-12-15 04:00:00;30.3218993192;15.4356476996;0;70.2663853742
2025-12-15 05:00:00;35.5143947766;30.4506346282;0;66.1390486672
2025-12-15 06:00:00;86.5152987823;69.1710323286;18.1814875282;82.6403315656
2025-12-15 07:00:00;83.664286278;61.5919031705;24.6681691729;27.540259433
2025-12-15 08:00:00;80.5897413864;63.2382511554;35.2084554267;55.5777471089
2025-12-15 09:00:00;79.2944110475;48.5321179866;45.3644862065;48.34705749
2025-12-15 10:00:00;54.2632075932;31.8931532122;77.7026918738;38.7561005024
2025-12-15 11:00:00;57.8730105344;41.0661997031;69.3842494862;37.9858283458
2025-12-15 12:00:00;52.4357553714;39.7028542692;83.0570814794;44.1931389622
2025-12-15 13:00:00;48.1864168511;21.6923016114;94.600602055;63.5287664179
2025-12-15 14:00:00;48.4756252226;29.4416932955;95.9510443897;47.1974461447
2025-12-15 15:00:00;37.6715941129;24.7475865249;92.5989957185;47.6856122605
2025-12-15 16:00:00;46.6697209909;26.3134412053;86.8776736615;46.2367304379
2025-12-15 17:00:00;48.3623342954;28.027515832;65.4726521642;66.5340984276
2025-12-15 18:00:00;96.3641001419;78.3692187051;44.8656515877;41.7834800275
2025-12-15 19:00:00;98.3520142738;76.8773953113;35.1164066555;58.7426069836
2025-12-15 20:00:00;90.7030444039;72.7730940021;25.2484939403;80.8303910384
2025-12-15 21:00:00;93.249405124;75.279185395;0;61.3541603734
2025-12-15 22:00:00;61.2016984336;45.4814550729;0;76.0017144379
2025-12-15 23:00:00;56.5470491948;44.2405144836;0;45.6969673678
2025-12-16 00:00:00;31.5294554159;18.339471633;0;61.8783110112
2025-12-16 01:00:00;27.5406547768;19.7635720466;0;89.4317986526
2025-12-16 02:00:00;30.0877231047;17.5745381829;0;54.1971906757
2025-12-16 03:00:00;21;19.569147978;0;62.7587544926
2025-12-16 04:00:00;33.8070537229;25.2817075033;0;69.4115407038
2025-12-16 05:00:00;38.1356977753;25.3771282667;0;49.0962832324
2025-12-16 06:00:00;72.0147336133;42.9247164392;18.2892930522;58.4781235682
2025-12-16 07:00:00;72.575817741;56.3583437162;21.5875280821;40.2375697929
2025-12-16 08:00:00;78.7912721269;51.1647927846;38.7665139754;39.5922740823
2025-12-16 09:00:00;83.4397693921;49.80817279;49.0329316418;51.6623639302
2025-12-16 10:00:00;56.6585465104;30.2863578604;66.2262791122;54.2169872716
2025-12-16 11:00:00;51.1360533449;23.509285015;74.2552547574;30.7597082292
2025-12-16 12:00:00;55.7292068737;35.0056390676;79.1170561868;40.2241838449
2025-12-16 13:00:00;41.9636260041;18.4381592787;95.7304444127;53.3543664577
2025-12-16 14:00:00;43.5885120476;31.2880427513;95.0337045103;62.9665359599
2025-12-16 15:00:00;45.2301354193;28.9520721072;91.4315529212;53.8593681462
2025-12-16 16:00:00;42.4163597184;37.997127461;74.7864454149;48.9787771125
2025-12-16 17:00:00;43.0977446067;31.124682624;59.0879083437;53.2664086101
2025-12-16 18:00:00;97.282043732;68.8420844213;42.3094142213;53.3488934844
2025-12-16 19:00:00;97.9143018856;63.3744980934;37.6823781824;45.0883411854
2025-12-16 20:00:00;90.5387292288;74.2654159209;25.1297008523;61.5328001571
2025-12-16 21:00:00;98.7303584823;67.617132153;0;80.1177158992
2025-12-16 22:00:00;54.9492820545;45.7311727371;0;55.6601853721
2025-12-16 23:00:00;59.9091612946;52.6205265448;0;60.6030548066
2025-12-17 00:00:00;33.5122388431;28.7756524928;0;60.7727837179
2025-12-17 01:00:00;27.5495646857;27.7029148703;0;27.2712976158
2025-12-17 02:00:00;32.7636646232;30.1460739253;0;65.0282174166
2025-12-17 03:00:00;26.2336978214;28.26771983;0;69.5763180568
2025-12-17 04:00:00;35.9569292828;36.0797693772;0;56.4062309319
2025-12-17 05:00:00;26.4038870961;20.6257040917;0;46.020330091
2025-12-17 06:00:00;78.5621608813;50.4034245101;14.2792884069;50.4524441436
2025-12-17 07:00:00;76.1305464916;45.4825502262;22.9353429927;46.2330077614
2025-12-17 08:00:00;72.3987623284;47.2566734862;33.5710806887;57.9590491466
2025-12-17 09:00:00;81.0289085705;51.2730838218;42.0110647862;52.232637015
2025-12-17 10:00:00;54.029997592;27.2888157949;57.2008332791;25.7712083702
2025-12-17 11:00:00;49.1432659895;29.0956884387;67.1301620346;47.1106598252
2025-12-17 12:00:00;43.8245305976;38.7631466539;80.896105284;32.3816046318
2025-12-17 13:00:00;42.7652911516;30.3914912907;83.7894225287;38.6944079137
2025-12-17 14:00:00;52.8945801634;39.1771173387;77.4609766825;40.0563068925
2025-12-17 15:00:00;52.3628153803;31.6689604743;97.1928809426;53.2804866727
2025-12-17 16:00:00;43.469299466;17.002291322;81.2243980728;56.1469771353
2025-12-17 17:00:00;45.0179451604;30.8003604055;57.390141126;44.1767628296
2025-12-17 18:00:00;95.0638757131;78.180199166;48.704934604;44.3687819107
2025-12-17 19:00:00;91.1555398986;61.5745262026;36.0379432313;64.9836940481
2025-12-17 20:00:00;92.8862411308;74.986753669;26.2518650741;66.4936429931
2025-12-17 21:00:00;101.5711573904;67.475330049;0;75.347310777
2025-12-17 22:00:00;59.0610861531;52.3328192918;0;39.5298196616
2025-12-17 23:00:00;58.0224905952;44.9340141797;0;58.5172027774
2025-12-18 00:00:00;23.9918402475;22.3054750798;0;47.0308295757
2025-12-18 01:00:00;30.4531644632;38.2606814997;0;63.3454995774
2025-12-18 02:00:00;21;20.4087786091;0;60.534646139
2025-12-18 03:00:00;33.7926121107;21.6210433132;0;63.412755268
2025-12-18 04:00:00;31.1635870533;25.7286912455;0;51.3342422052
2025-12-18 05:00:00;23.9464539656;20.0518290978;0;40.3055347858
2025-12-18 06:00:00;84.4189261545;48.5964666442;14.2571848885;30.566483292
2025-12-18 07:00:00;69.0622701795;40.9199800089;25.693879715;37.2350585716
2025-12-18 08:00:00;79.5313889659;57.5838208634;32.8736074544;34.3494626696
2025-12-18 09:00:00;79.6432841062;50.8191161614;41.9706355415;31.9920959574
2025-12-18 10:00:00;51.3427413822;44.3984255861;63.835359855;51.2263200837
2025-12-18 11:00:00;56.7509302507;34.8458488726;80.2994095479;30.2260140625
2025-12-18 12:00:00;49.5555330696;35.0150146508;99.5497254173;52.1337623264
2025-12-18 13:00:00;34.0006975426;25.7866780018;79.367631204;63.1471231089
2025-12-18 14:00:00;42.0039389449;26.2178815664;92.7027894836;23.0082389145
2025-12-18 15:00:00;44.0345697259;24.142659763;79.7708926089;45.9511550376
2025-12-18 16:00:00;49.7085347797;22.7069737602;77.3449746899;40.4258758352
2025-12-18 17:00:00;47.1127183489;38.4617729571;53.2414925816;12.2187694741
2025-12-18 18:00:00;97.7897184994;82.7076502181;42.2454211256;28.692751918
2025-12-18 19:00:00;92.8038666274;60.2352274879;32.2465892899;68.9338219586
2025-12-18 20:00:00;94.983713064;68.2457715088;23.7786823092;86.8967459067
2025-12-18 21:00:00;93.1840941878;68.4589809112;0;70.7779820773
2025-12-18 22:00:00;51.4088753277;48.587315745;0;62.4185338587
2025-12-18 23:00:00;54.2496109379;37.6708622331;0;57.4384157369
2025-12-19 00:00:00;30.3353057329;29.6818532718;0;90.3947169523
2025-12-19 01:00:00;27.4231266626;18.8255995775;0;97.8006879456
2025-12-19 02:00:00;28.5442379876;16.3240920836;0;54.2934526527
2025-12-19 03:00:00;33.1271166491;23.8418609189;0;31.8144242403
2025-12-19 04:00:00;27.7466051159;23.0331724704;0;30.2523321436
2025-12-19 05:00:00;23.9971501606;25.0772564161;0;84.6557209473
2025-12-19 06:00:00;79.8534735009;50.312217026;14.2657863877;62.8798557476
2025-12-19 07:00:00;78.514256072;55.296701669;24.5176668828;39.9259615555
2025-12-19 08:00:00;78.7969003955;48.516031176;36.6701762185;21.0866082828
2025-12-19 09:00:00;80.1342066126;50.7824610325;48.5388190663;30.9884193697
2025-12-19 10:00:00;59.1058363632;34.6242918384;67.1742679748;35.356905905
2025-12-19 11:00:00;57.1802286064;32.4013064615;74.1238482955;40.1607167652
2025-12-19 12:00:00;67.8124864731;51.4727186695;73.3755088139;34.3727852412
2025-12-19 13:00:00;41.1350985502;23.2981096203;95.9698874416;32.9892947416
2025-12-19 14:00:00;44.2785801554;27.9704900307;82.3426252681;35.8037618391
2025-12-19 15:00:00;51.2704625496;38.4042662123;87.209720195;57.9945425957
2025-12-19 16:00:00;47.559096223;35.7194193264;80.7690727003;47.2655649267
2025-12-19 17:00:00;50.3281115616;43.607206403;61.6452385794;51.3562445558
2025-12-19 18:00:00;98.3488197501;78.4383475892;40.7733344621;34.5309584286
2025-12-19 19:00:00;103.7681702974;77.866412241;31.3971693256;14.9774759133
2025-12-19 20:00:00;93.0511169668;84.3344777815;25.7542400379;49.776611088
2025-12-19 21:00:00;103.6259853195;84.9877216627;0;44.8594127206
2025-12-19 22:00:00;62.3204337097;51.6378096768;0;62.2621762111
2025-12-19 23:00:00;51.6046484763;35.393689359;0;104.3052963908
2025-12-20 00:00:00;32.8379943445;25.0512279156;0;74.0576455565
2025-12-20 01:00:00;29.8063203049;19.204282604;0;106.247435787
2025-12-20 02:00:00;27.270380914;14.4210278858;0;72.0639750452
2025-12-20 03:00:00;21.5012136463;33.5708839436;0;53.1573728312
2025-12-20 04:00:00;25.45133848;22.7541707217;0;68.5804136882
2025-12-20 05:00:00;33.1865046308;24.2234921306;0;91.1789876831
2025-12-20 06:00:00;68.9692614988;57.0139711333;14.6165700311;91.9506741376
2025-12-20 07:00:00;64.3587786245;41.2881092102;23.0951745504;32.4106688108
2025-12-20 08:00:00;68.9834089313;50.5457316856;35.4177347298;40.2517103047
2025-12-20 09:00:00;69.5606461376;42.3902603943;48.1820994349;24.3291642764
2025-12-20 10:00:00;48.7386116542;35.2984804694;59.9096074937;45.6601872131
2025-12-20 11:00:00;44.792230533;31.2893054648;69.5081227353;52.5564002307
2025-12-20 12:00:00;50.027475348;38.1147250581;78.0965878484;38.2322629236
2025-12-20 13:00:00;41.6020410514;35.166970053;91.1181698162;36.7961394094
2025-12-20 14:00:00;42.4433596235;24.2902905846;89.0422498924;48.14115666
2025-12-20 15:00:00;43.304924582;37.4099726055;78.4513896045;48.7741284939
2025-12-20 16:00:00;33.2808692933;32.6230338611;76.8075549638;45.0607990348
2025-12-20 17:00:00;37.1159282628;25.5110008906;57.9975992552;46.1381049528
2025-12-20 18:00:00;74.0274236783;58.5300500573;42.5301333738;42.2457446237
2025-12-20 19:00:00;85.9327019065;62.1395553074;31.3633130803;70.9218358014
2025-12-20 20:00:00;81.615818218;61.5069406026;21.1521869709;67.2347829414
2025-12-20 21:00:00;84.509883052;61.6928744517;0;42.8274206437
2025-12-20 22:00:00;41.4021774735;44.8716892596;0;42.4372127915
2025-12-20 23:00:00;54.347145664;27.6796056334;0;53.1723457048
2025-12-21 00:00:00;24.6254737592;18.3726978722;0;74.0788837197
2025-12-21 01:00:00;33.4855348697;24.5735338396;0;64.8710214802
2025-12-21 02:00:00;30.530775769;31.914327396;0;52.4974078521
2025-12-21 03:00:00;29.1475075011;19.729806865;0;66.6454286531
2025-12-21 04:00:00;28.7842795202;26.1241865684;0;57.3820576364
2025-12-21 05:00:00;27.1287164581;21.9345713038;0;76.3254001584
2025-12-21 06:00:00;71.2867971433;53.1383111012;14.2784449343;67.7642324513
2025-12-21 07:00:00;65.5151721019;48.023240944;24.8388911026;34.5749796591
2025-12-21 08:00:00;59.7469174607;46.8085904429;30.7752083364;39.7057587828
2025-12-21 09:00:00;63.7305934381;39.0679879452;45.6384398889;49.8728772196
2025-12-21 10:00:00;48.7338363829;28.5311450981;54.6975756041;32.1883106407
2025-12-21 11:00:00;52.196434527;37.2342777435;68.1860643285;41.3116059585
2025-12-21 12:00:00;45.4355220181;28.5657222843;69.3758066073;36.8721875653
2025-12-21 13:00:00;37.0852644659;25.3862993891;82.5153446942;48.4631834846
2025-12-21 14:00:00;39.6107035392;29.2883371365;82.6956556764;36.6232280598
2025-12-21 15:00:00;43.4356706568;36.4280007215;82.3188250256;44.996764051
2025-12-21 16:00:00;33.3458635569;28.1251314994;70.8800944196;55.9164873015
2025-12-21 17:00:00;41.7793548065;26.7428927985;52.1957558349;33.531271692
2025-12-21 18:00:00;80.6722365485;56.6636925359;48.8602119496;29.2356014237
2025-12-21 19:00:00;81.3005713162;74.7190671239;33.4472345125;38.1227702638
2025-12-21 20:00:00;91.7676087872;62.659302338;22.9663860552;39.8229325484
2025-12-21 21:00:00;81.8764064236;62.6949188454;0;64.6791877198
2025-12-21 22:00:00;51.5524326369;51.3187547909;0;36.5125319456
2025-12-21 23:00:00;51.3914230279;48.2428825163;0;52.1071330469
2025-12-22 00:00:00;24.6898923866;21.5658262104;0;71.6034106468
2025-12-22 01:00:00;21.6957255365;23.0554216508;0;68.4772719138
2025-12-22 02:00:00;33.6944194159;20.2346793201;0;56.0394309709
2025-12-22 03:00:00;25.124042134;23.8610526523;0;64.9774003416
2025-12-22 04:00:00;22.5111767044;16.2783677062;0;63.6784736332
2025-12-22 05:00:00;34.6177299668;21.294721881;0;58.5405563851
2025-12-22 06:00:00;73.2649485941;53.7451989018;14.3649937286;58.7484109006
2025-12-22 07:00:00;74.3760402555;46.7619835226;21.3430516341;58.0056174717
2025-12-22 08:00:00;86.737048094;61.8441209315;32.9602813369;44.7390417922
2025-12-22 09:00:00;70.3835597698;44.4308434499;45.9645409031;60.286830698
2025-12-22 10:00:00;51.7984894857;28.4640346225;48.9106397955;32.587311556
2025-12-22 11:00:00;55.3831350309;44.3088708763;65.6259910053;36.4199459213
2025-12-22 12:00:00;56.3706208928;30.0286137017;76.128483928;24.8181369988
2025-12-22 13:00:00;43.2296267905;25.8026151967;84.4209499842;34.6258361886
2025-12-22 14:00:00;42.0375326221;25.1775520814;90.6229901812;64.0535830741
2025-12-22 15:00:00;54.04645502;42.0166489202;72.9155348483;37.7464323742
2025-12-22 16:00:00;48.4349181185;28.4099177831;65.849836892;64.2420799743
2025-12-22 17:00:00;49.884739909;29.8572417288;54.5251500725;29.9178452805
2025-12-22 18:00:00;97.6354478255;76.1927959013;41.4405031605;31.9787603193
2025-12-22 19:00:00;99.5555083899;74.4825404372;31.496019631;51.0540322451
2025-12-22 20:00:00;102.4510185951;75.2111964097;23.6382643532;54.92597389
2025-12-22 21:00:00;93.7696155546;74.3162943652;0;68.6961851261
2025-12-22 22:00:00;58.6435386564;42.9056726965;0;62.1055306092
2025-12-22 23:00:00;60.5839670824;33.3262950197;0;50.0063183711
2025-12-23 00:00:00;36.9515880587;39.7424398684;0;59.4289134099
2025-12-23 01:00:00;38.7655094091;28.6134266182;0;56.5740774424
2025-12-23 02:00:00;30.3143690864;25.3570603455;0;47.4201581583
2025-12-23 03:00:00;35.1238752736;22.0001784464;0;47.8303817728
2025-12-23 04:00:00;21;27.74963634;0;77.2759453495
2025-12-23 05:00:00;36.9852730922;25.2889268463;0;33.3799689813
2025-12-23 06:00:00;74.7690857757;31.5350475506;12.9608448725;86.3358647664
2025-12-23 07:00:00;76.950623733;48.9217192132;22.6726494571;33.7237594742
2025-12-23 08:00:00;80.0205324331;52.2795778728;27.5540125106;29.7629126607
2025-12-23 09:00:00;77.3450716005;49.5924139194;41.6399575851;43.7085725716
2025-12-23 10:00:00;58.4732118981;37.6185121666;54.5050879068;50.5829457648
2025-12-23 11:00:00;64.7337900471;37.1759639394;76.5732756026;47.1932001711
2025-12-23 12:00:00;55.860181486;32.161038098;74.8343788791;41.5146666609
2025-12-23 13:00:00;42.4748192342;27.0202115919;67.1078714155;54.7277016462
2025-12-23 14:00:00;55.5265637662;28.1089809083;68.4264368365;24.5673664251
2025-12-23 15:00:00;49.7364153849;21.6094181092;76.7248385121;37.4203516145
2025-12-23 16:00:00;56.0160517973;38.1035075202;70.8412226365;33.2315902977
2025-12-23 17:00:00;51.252311006;34.9037734739;57.6621532713;56.2099750208
2025-12-23 18:00:00;92.5257780527;76.3129677673;44.1822611072;38.9088357447
2025-12-23 19:00:00;101.3861838397;73.9064488581;34.8626285751;67.024227752
2025-12-23 20:00:00;94.0541865203;64.8435558558;20.9760248196;62.742373669
2025-12-23 21:00:00;98.5153959278;66.5668712496;0;43.4022309711
2025-12-23 22:00:00;57.2484568738;45.0475814385;0;47.2110002702
2025-12-23 23:00:00;50.3096845692;38.9364840341;0;73.2268878635
2025-12-24 00:00:00;26.342352797;32.7012746084;0;63.7852289312
2025-12-24 01:00:00;39.9233428507;28.5157863302;0;81.5953509197
2025-12-24 02:00:00;31.0726983218;17.3138430612;0;63.6455997189
2025-12-24 03:00:00;29.209817394;18.3511886799;0;72.9149134562
2025-12-24 04:00:00;38.1580059897;22.3727020272;0;78.2121595525
2025-12-24 05:00:00;28.2169411047;21.6233989088;0;63.6391663575
2025-12-24 06:00:00;77.8097980972;59.2039958536;20.8089199604;60.1263897091
2025-12-24 07:00:00;82.6798025786;62.5972922769;26.1494520299;50.8729021297
2025-12-24 08:00:00;76.4178786323;50.8898293204;40.5925837338;37.4491667666
2025-12-24 09:00:00;74.8618463989;51.6307718389;51.1668757167;37.8536535771
2025-12-24 10:00:00;47.5864884254;29.5268584939;75.1136727731;36.3297525868
2025-12-24 11:00:00;53.5141498843;25.999163909;92.2984912418;46.5505077314
2025-12-24 12:00:00;53.4712674376;45.6900393712;105.934636559;58.6757842173
2025-12-24 13:00:00;48.1955437084;16.8874318716;112.3000168453;76.2485066729
2025-12-24 14:00:00;44.734931383;19.8949684853;103.4547065423;45.3359771928
2025-12-24 15:00:00;57.1930791276;46.5684477057;103.3787355428;85.1629119793
2025-12-24 16:00:00;42.7226633927;31.1380305429;81.5433092031;41.4756367395
2025-12-24 17:00:00;53.7849036696;28.7700483748;85.1783122936;70.3915314172
2025-12-24 18:00:00;99.7028754556;80.4182129683;58.3608683032;45.3944338277
2025-12-24 19:00:00;102.3444703182;83.0222245434;42.0491550123;55.7075582006
2025-12-24 20:00:00;102.0710753338;70.5349156144;33.8993903078;57.953735716
2025-12-24 21:00:00;88.7319272711;67.6275621219;0;70.2790370732
2025-12-24 22:00:00;57.6764052391;54.6847406808;0;81.5381303431
2025-12-24 23:00:00;56.548365677;35.5790941161;0;83.1385638472
2025-12-25 00:00:00;24.9015985739;25.9243832923;0;46.143318989
2025-12-25 01:00:00;32.0683171675;33.8558112048;0;45.4536749524
2025-12-25 02:00:00;37.7244314214;13.7139331606;0;46.556226015
2025-12-25 03:00:00;21;21.4295885968;0;58.7153581207
2025-12-25 04:00:00;27.5948864587;25.1364035294;0;57.223541034
2025-12-25 05:00:00;24.3940522615;13.484712785;0;46.0498483224
2025-12-25 06:00:00;78.7321965264;48.7747564127;12.3477535835;64.4675128235
2025-12-25 07:00:00;76.9439005342;57.2763669092;19.3227548898;56.7357905635
2025-12-25 08:00:00;75.683648851;47.1637415937;28.1870291546;31.6655573115
2025-12-25 09:00:00;81.5119770359;44.7576761539;42.0013265157;32.3106272446
2025-12-25 10:00:00;65.232213086;49.8647151854;56.0976227524;41.3082892679
2025-12-25 11:00:00;69.8453311642;48.1063743028;69.2785338192;31.1754304245
2025-12-25 12:00:00;54.5410665132;34.4430630402;89.3673559329;42.2985198391
2025-12-25 13:00:00;39.4055577096;28.0094653346;64.6992841012;34.6831190205
2025-12-25 14:00:00;50.1158816461;37.7197476443;82.7393999696;61.6421548161
2025-12-25 15:00:00;54.8466790017;37.7885202547;70.8136275588;45.921776219
2025-12-25 16:00:00;51.2611025444;39.1477973506;62.3395711627;35.7244162786
2025-12-25 17:00:00;54.8280593706;33.7984888683;51.5366166041;36.0555695932
2025-12-25 18:00:00;97.9343053678;63.7048046156;39.1603935836;36.8471344594
2025-12-25 19:00:00;96.2059104065;75.2229980014;35.0602718088;73.0117007439
2025-12-25 20:00:00;99.4684569688;84.1353572052;22.6657800716;37.1156570615
2025-12-25 21:00:00;97.4615060423;76.0045485701;0;45.2802123177
2025-12-25 22:00:00;60.8533203273;58.1574601871;0;46.724494173
2025-12-25 23:00:00;62.2333522323;42.2865505792;0;54.143858529
2025-12-26 00:00:00;34.7163764906;25.4660911315;0;1.3304552385
2025-12-26 01:00:00;32.2976670186;36.4109603283;0;0.8951212824
2025-12-26 02:00:00;31.10620047;22.5716398948;0;1.284530886
2025-12-26 03:00:00;33.5749201016;23.1821110664;0;1.3916669031
2025-12-26 04:00:00;21.1665364156;12.7527346667;0;1.2030830969
2025-12-26 05:00:00;30.9475683855;27.406304865;0;1.6722253773
2025-12-26 06:00:00;78.8356775473;47.0634809358;13.5129983691;1.7552280102
2025-12-26 07:00:00;79.5583880719;54.5252680666;23.1484547974;0.8395308838
2025-12-26 08:00:00;78.2052203319;50.5770663952;26.7176685026;0.905665614
2025-12-26 09:00:00;80.5428760106;51.8290459615;37.1230453511;0.3936773378
2025-12-26 10:00:00;55.4264315706;38.3405228491;44.0510913469;0.7661629341
2025-12-26 11:00:00;63.0950001501;41.0955474272;60.7470551959;1.0714219012
2025-12-26 12:00:00;60.1435687159;46.7382425515;73.8584950837;0.7656633167
2025-12-26 13:00:00;48.3965402918;41.8460599096;78.256596087;0.8148936696
2025-12-26 14:00:00;44.5796293634;32.3839587953;78.5452311933;1.5679004745
2025-12-26 15:00:00;51.3873799147;41.1354052266;64.6842643425;1.4533587113
2025-12-26 16:00:00;48.6484225745;37.79989892;68.4819815234;1.1158107558
2025-12-26 17:00:00;44.3187786604;33.7094318607;54.3686050354;1.2834819439
2025-12-26 18:00:00;98.9319309217;85.6802763775;43.9822996887;0.4430860995
2025-12-26 19:00:00;102.0177796492;70.6364877804;25.7930749462;1.0315715389
2025-12-26 20:00:00;101.6689887873;74.1564155965;21.4111529675;1.1335562024
2025-12-26 21:00:00;101.3784482177;74.6048920092;0;1.2086904211
2025-12-26 22:00:00;58.4285359804;49.3623179515;0;1.1271383124
2025-12-26 23:00:00;62.6283326174;50.9404266005;0;0.4656110696
2025-12-27 00:00:00;19.3909952393;19.192178769;0;65.0373775249
2025-12-27 01:00:00;18.1632475007;27.633285564;0;67.3747583685
2025-12-27 02:00:00;15;18.4936295434;0;83.0667491037
2025-12-27 03:00:00;15;22.0601769613;0;47.6239786592
2025-12-27 04:00:00;15.0200925228;25.4178806052;0;46.4102229227
2025-12-27 05:00:00;21.1471224155;40.3087997533;0;19.5736127332
2025-12-27 06:00:00;36.8948307251;42.1940376634;12.004992484;54.9601778092
2025-12-27 07:00:00;41.4203068338;50.8305635618;19.8929299241;43.6051529447
2025-12-27 08:00:00;35.9089156206;39.3705585385;31.1722122483;30.1450746649
2025-12-27 09:00:00;35.5688686008;38.861734006;41.1583757711;54.6581802021
2025-12-27 10:00:00;26.4600865052;28.2946823309;48.8918993671;33.3050462857
2025-12-27 11:00:00;26.4156410836;35.0410332914;63.3179027104;36.8957577168
2025-12-27 12:00:00;24.7438622776;35.3422862736;62.9261646981;23.4604511399
2025-12-27 13:00:00;19.0424278056;28.3373692746;83.3623569833;44.5005932827
2025-12-27 14:00:00;23.0906125792;25.9389476911;75.0839872106;20.9743051964
2025-12-27 15:00:00;24.4485996316;32.8396685989;78.1297238375;48.7197593945
2025-12-27 16:00:00;27.8587042;35.0918373807;60.6203696556;49.0387336869
2025-12-27 17:00:00;20.796776721;27.1207959609;50.2684575073;55.6285025626
2025-12-27 18:00:00;44.9006814641;57.9172503305;38.3625938557;30.9322006659
2025-12-27 19:00:00;43.8738485805;63.5720188266;31.9896624125;55.5247326348
2025-12-27 20:00:00;48.5274067043;70.0313565763;19.3799243463;60.9063600179
2025-12-27 21:00:00;47.7651085902;70.2799169764;0;59.2844171637
2025-12-27 22:00:00;24.4904898334;45.0031742672;0;41.8341115189
2025-12-27 23:00:00;24.42851415;40.9650949485;0;21.4597867105
2025-12-28 00:00:00;34.2863164137;18.7228824482;0;63.8689317477
2025-12-28 01:00:00;31.7243826804;23.1701862519;0;56.5304761632
2025-12-28 02:00:00;33.4127492086;28.7742709742;0;50.4451539902
2025-12-28 03:00:00;26.0275418475;21.1898949764;0;69.9956016399
2025-12-28 04:00:00;21.5502381124;29.269873692;0;58.1111275057
2025-12-28 05:00:00;26.0626574249;25.1777623252;0;39.388477582
2025-12-28 06:00:00;69.6713409416;37.3695491021;13.7155169708;30.3927166437
2025-12-28 07:00:00;76.0761515605;57.6415487641;19.5831940936;25.3101068435
2025-12-28 08:00:00;64.6438027037;43.1369344531;24.7463743542;56.3586742961
2025-12-28 09:00:00;76.817742125;40.0598266509;38.3420439352;41.6344323619
2025-12-28 10:00:00;52.7289819462;35.5371286312;46.7197499503;36.9254160401
2025-12-28 11:00:00;42.7261476348;23.0562766098;62.3930772597;33.6612098076
2025-12-28 12:00:00;49.9579452626;39.1481132647;63.7945890529;33.0817382022
2025-12-28 13:00:00;44.0918784132;28.6963594375;80.6169083114;53.1443320238
2025-12-28 14:00:00;29.2893211169;17.0839270908;74.5099772721;36.0940335336
2025-12-28 15:00:00;43.104024371;34.3730360776;69.5076074615;47.0733795922
2025-12-28 16:00:00;45.4812394696;34.4821407301;65.4893062974;37.5562216032
2025-12-28 17:00:00;41.998900719;27.4742764132;55.5636761861;61.0941906078
2025-12-28 18:00:00;83.8802428727;57.3358077539;40.110437499;48.7741815505
2025-12-28 19:00:00;83.3798186972;58.7761907762;27.579271755;69.3646315045
2025-12-28 20:00:00;83.1170378461;61.2665771312;17.3343601985;45.1660644845
2025-12-28 21:00:00;78.8660792038;67.7054674788;0;66.8862734583
2025-12-28 22:00:00;45.9009357489;32.6143889088;0;48.7606401237
2025-12-28 23:00:00;47.120119787;35.6044984877;0;54.3490540861
2025-12-29 00:00:00;30.510724558;20.8318182493;0;82.0306280854
2025-12-29 01:00:00;27.4943335905;30.6302956792;0;43.0489737911
2025-12-29 02:00:00;26.0889184088;24.7251632551;0;61.1876015167
2025-12-29 03:00:00;33.4189688661;28.0444450361;0;64.6050184634
2025-12-29 04:00:00;31.6677628738;20.7337995514;0;65.798697718
2025-12-29 05:00:00;27.5734670844;16.5140082387;0;51.6667106048
2025-12-29 06:00:00;81.4621424223;49.9228383291;12.1166892047;88.5990848819
2025-12-29 07:00:00;77.144678779;58.0209286628;18.8760451163;23.6269628329
2025-12-29 08:00:00;79.4676819333;57.0101764568;29.1384757243;47.6797170051
2025-12-29 09:00:00;83.5715875468;51.5818604988;38.3989932541;45.5501140866
2025-12-29 10:00:00;55.7335820562;32.1295570804;53.4958970831;51.5403214277
2025-12-29 11:00:00;53.1745647402;31.2528014657;58.1630045248;21.0652250831
2025-12-29 12:00:00;57.7973113518;38.2006315842;68.9897281122;27.3486651439
2025-12-29 13:00:00;41.94808824;28.3419995696;80.7638179601;55.9631959514
2025-12-29 14:00:00;46.8351625208;41.6969234705;75.7933196124;21.6330855049
2025-12-29 15:00:00;46.8208121559;33.8606516776;68.9731147739;24.3903128812
2025-12-29 16:00:00;36.9971022553;31.3031183003;58.2170173605;35.7843330377
2025-12-29 17:00:00;50.4715390497;30.6333805175;48.1366892943;42.7166427788
2025-12-29 18:00:00;99.0952576756;74.8107331699;36.802149622;56.9850750872
2025-12-29 19:00:00;105.2358956632;80.7881867953;27.6406157763;49.978730641
2025-12-29 20:00:00;100.8872555348;77.1754642277;21.0568893102;44.4371477113
2025-12-29 21:00:00;103.2276001921;80.1686340464;0;56.485666256
2025-12-29 22:00:00;63.8055913649;54.609698997;0;58.5584089824
2025-12-29 23:00:00;57.857690103;44.4835890971;0;58.186894246
2025-12-30 00:00:00;29.9962956501;30.7075167183;0;55.1198590359
2025-12-30 01:00:00;22.9190554947;11.6372476552;0;29.4910932493
2025-12-30 02:00:00;35.5779198536;33.8041957012;0;44.453155174
2025-12-30 03:00:00;29.3443617013;12.0449864663;0;78.1694139299
2025-12-30 04:00:00;25.4742125234;25.229502879;0;60.3845674537
2025-12-30 05:00:00;33.3287511892;39.6160249046;0;53.0354084081
2025-12-30 06:00:00;69.5739268942;45.9844924122;12.3741240948;73.8125878812
2025-12-30 07:00:00;77.4512082551;54.6260319264;17.4048557447;24.8331233659
2025-12-30 08:00:00;83.4703419434;53.5063642716;32.4052522295;32.6620923052
2025-12-30 09:00:00;77.4131939242;55.3041627625;39.7970631411;35.8040560438
2025-12-30 10:00:00;55.3690579142;41.266521485;44.2169749443;30.7927884701
2025-12-30 11:00:00;56.7270101065;34.5613889524;57.976064926;35.4839329793
2025-12-30 12:00:00;49.5550250034;33.3981292769;68.7069131609;32.987914414
2025-12-30 13:00:00;51.4277418543;27.9513435245;82.3809879915;26.2540892536
2025-12-30 14:00:00;47.6551017224;31.8759963763;66.0684196078;42.2127545231
2025-12-30 15:00:00;46.9826281663;30.2258119822;73.4204663614;26.9707584693
2025-12-30 16:00:00;46.9990801374;33.0043861204;66.8292777778;42.052617204
2025-12-30 17:00:00;48.2714480043;29.1198487268;47.3192388806;54.2528461772
2025-12-30 18:00:00;103.1066459905;77.4122912641;37.9423075648;37.5437247991
2025-12-30 19:00:00;99.9318918871;77.6540091626;26.0358412274;36.7127681049
2025-12-30 20:00:00;94.0388133557;73.6059292733;19.1941819956;50.269807399
2025-12-30 21:00:00;102.7560003694;82.8601450685;0;41.1194684009
2025-12-30 22:00:00;60.843270303;50.7464155033;0;59.6344838373
2025-12-30 23:00:00;59.5245781855;38.3492331145;0;49.9972255241
2025-12-31 00:00:00;34.8385858813;25.0174834197;0;81.5708192811
2025-12-31 01:00:00;30.1367040439;21.569634977;0;73.7595015234
2025-12-31 02:00:00;35.0011924005;32.3509983947;0;54.9578609702
2025-12-31 03:00:00;36.3324495967;33.0285857718;0;67.3681338665
2025-12-31 04:00:00;32.6204079849;16.9861046375;0;51.5269457052
2025-12-31 05:00:00;26.6342987015;27.2451324199;0;57.6299145103
2025-12-31 06:00:00;78.9954943396;57.8381621679;12.3390496679;51.9812784751
2025-12-31 07:00:00;85.1588822261;48.4998078642;20.1786916555;40.8567256373
2025-12-31 08:00:00;72.8447046755;52.1534227316;30.3203643634;46.5700539944
2025-12-31 09:00:00;77.820238566;56.8112025766;35.8372234344;41.1326685661
2025-12-31 10:00:00;57.2071807906;33.8551313319;41.2418770473;42.1894621532
2025-12-31 11:00:00;54.857074853;35.6489259594;58.9387910456;42.1988639238
2025-12-31 12:00:00;62.6784778293;42.1070822819;68.4711173899;39.0120911827
2025-12-31 13:00:00;50.0294366152;37.8006213388;72.6357662402;28.6081108806
2025-12-31 14:00:00;45.1340061908;24.0527898265;69.3536707338;57.0116531856
2025-12-31 15:00:00;51.0585769366;40.2669924088;67.5677763879;58.0460814217
2025-12-31 16:00:00;47.6208957395;20.6893470126;66.1967767104;37.662484224
2025-12-31 17:00:00;44.327893216;40.1201380958;50.4398835046;36.2942545948
2025-12-31 18:00:00;97.209404745;77.4594239786;36.9799487512;46.125684475
2025-12-31 19:00:00;102.3797674275;73.6997823678;26.7721458838;58.5124397456
2025-12-31 20:00:00;104.6430820444;85.5292469833;18.9067526399;48.8337819751
2025-12-31 21:00:00;98.2270805428;72.3692849065;0;35.3580149211
2025-12-31 22:00:00;61.2005085561;53.0610835888;0;55.3608971871
2025-12-31 23:00:00;65.8684162637;47.45656323;0;58.5204590567
