experiment_id,alpha,gamma,epsilon_min,episode_window_hours,seed,mean_abs_imbalance,max_abs_imbalance,imbalance_std,imbalance_trend,improvement_ratio,valid,success,error
1,0.25,0.88,0.1,96,42,inf,inf,inf,0.0,0.0,False,False,TabularQL.__init__() got an unexpected keyword argument 'alpha_min'
2,0.25,0.88,0.1,96,43,inf,inf,inf,0.0,0.0,False,False,TabularQL.__init__() got an unexpected keyword argument 'alpha_min'
3,0.25,0.88,0.1,96,44,inf,inf,inf,0.0,0.0,False,False,TabularQL.__init__() got an unexpected keyword argument 'alpha_min'
4,0.25,0.88,0.1,120,42,inf,inf,inf,0.0,0.0,False,False,TabularQL.__init__() got an unexpected keyword argument 'alpha_min'
5,0.25,0.88,0.1,120,43,inf,inf,inf,0.0,0.0,False,False,TabularQL.__init__() got an unexpected keyword argument 'alpha_min'
6,0.25,0.88,0.1,120,44,inf,inf,inf,0.0,0.0,False,False,TabularQL.__init__() got an unexpected keyword argument 'alpha_min'
7,0.25,0.88,0.1,144,42,inf,inf,inf,0.0,0.0,False,False,TabularQL.__init__() got an unexpected keyword argument 'alpha_min'
8,0.25,0.88,0.1,144,43,inf,inf,inf,0.0,0.0,False,False,TabularQL.__init__() got an unexpected keyword argument 'alpha_min'
9,0.25,0.88,0.1,144,44,inf,inf,inf,0.0,0.0,False,False,TabularQL.__init__() got an unexpected keyword argument 'alpha_min'
10,0.25,0.88,0.1,168,42,inf,inf,inf,0.0,0.0,False,False,TabularQL.__init__() got an unexpected keyword argument 'alpha_min'
11,0.25,0.88,0.1,168,43,inf,inf,inf,0.0,0.0,False,False,TabularQL.__init__() got an unexpected keyword argument 'alpha_min'
12,0.25,0.88,0.1,168,44,inf,inf,inf,0.0,0.0,False,False,TabularQL.__init__() got an unexpected keyword argument 'alpha_min'
13,0.25,0.88,0.12,96,42,inf,inf,inf,0.0,0.0,False,False,TabularQL.__init__() got an unexpected keyword argument 'alpha_min'
14,0.25,0.88,0.12,96,43,inf,inf,inf,0.0,0.0,False,False,TabularQL.__init__() got an unexpected keyword argument 'alpha_min'
15,0.25,0.88,0.12,96,44,inf,inf,inf,0.0,0.0,False,False,TabularQL.__init__() got an unexpected keyword argument 'alpha_min'
16,0.25,0.88,0.12,120,42,inf,inf,inf,0.0,0.0,False,False,TabularQL.__init__() got an unexpected keyword argument 'alpha_min'
17,0.25,0.88,0.12,120,43,inf,inf,inf,0.0,0.0,False,False,TabularQL.__init__() got an unexpected keyword argument 'alpha_min'
18,0.25,0.88,0.12,120,44,inf,inf,inf,0.0,0.0,False,False,TabularQL.__init__() got an unexpected keyword argument 'alpha_min'
19,0.25,0.88,0.12,144,42,inf,inf,inf,0.0,0.0,False,False,TabularQL.__init__() got an unexpected keyword argument 'alpha_min'
20,0.25,0.88,0.12,144,43,inf,inf,inf,0.0,0.0,False,False,TabularQL.__init__() got an unexpected keyword argument 'alpha_min'
21,0.25,0.88,0.12,144,44,inf,inf,inf,0.0,0.0,False,False,TabularQL.__init__() got an unexpected keyword argument 'alpha_min'
22,0.25,0.88,0.12,168,42,inf,inf,inf,0.0,0.0,False,False,TabularQL.__init__() got an unexpected keyword argument 'alpha_min'
23,0.25,0.88,0.12,168,43,inf,inf,inf,0.0,0.0,False,False,TabularQL.__init__() got an unexpected keyword argument 'alpha_min'
24,0.25,0.88,0.12,168,44,inf,inf,inf,0.0,0.0,False,False,TabularQL.__init__() got an unexpected keyword argument 'alpha_min'
25,0.25,0.88,0.15,96,42,inf,inf,inf,0.0,0.0,False,False,TabularQL.__init__() got an unexpected keyword argument 'alpha_min'
26,0.25,0.88,0.15,96,43,inf,inf,inf,0.0,0.0,False,False,TabularQL.__init__() got an unexpected keyword argument 'alpha_min'
27,0.25,0.88,0.15,96,44,inf,inf,inf,0.0,0.0,False,False,TabularQL.__init__() got an unexpected keyword argument 'alpha_min'
28,0.25,0.88,0.15,120,42,inf,inf,inf,0.0,0.0,False,False,TabularQL.__init__() got an unexpected keyword argument 'alpha_min'
29,0.25,0.88,0.15,120,43,inf,inf,inf,0.0,0.0,False,False,TabularQL.__init__() got an unexpected keyword argument 'alpha_min'
30,0.25,0.88,0.15,120,44,inf,inf,inf,0.0,0.0,False,False,TabularQL.__init__() got an unexpected keyword argument 'alpha_min'
31,0.25,0.88,0.15,144,42,inf,inf,inf,0.0,0.0,False,False,TabularQL.__init__() got an unexpected keyword argument 'alpha_min'
32,0.25,0.88,0.15,144,43,inf,inf,inf,0.0,0.0,False,False,TabularQL.__init__() got an unexpected keyword argument 'alpha_min'
33,0.25,0.88,0.15,144,44,inf,inf,inf,0.0,0.0,False,False,TabularQL.__init__() got an unexpected keyword argument 'alpha_min'
34,0.25,0.88,0.15,168,42,inf,inf,inf,0.0,0.0,False,False,TabularQL.__init__() got an unexpected keyword argument 'alpha_min'
35,0.25,0.88,0.15,168,43,inf,inf,inf,0.0,0.0,False,False,TabularQL.__init__() got an unexpected keyword argument 'alpha_min'
36,0.25,0.88,0.15,168,44,inf,inf,inf,0.0,0.0,False,False,TabularQL.__init__() got an unexpected keyword argument 'alpha_min'
37,0.25,0.88,0.18,96,42,inf,inf,inf,0.0,0.0,False,False,TabularQL.__init__() got an unexpected keyword argument 'alpha_min'
38,0.25,0.88,0.18,96,43,inf,inf,inf,0.0,0.0,False,False,TabularQL.__init__() got an unexpected keyword argument 'alpha_min'
39,0.25,0.88,0.18,96,44,inf,inf,inf,0.0,0.0,False,False,TabularQL.__init__() got an unexpected keyword argument 'alpha_min'
40,0.25,0.88,0.18,120,42,inf,inf,inf,0.0,0.0,False,False,TabularQL.__init__() got an unexpected keyword argument 'alpha_min'
41,0.25,0.88,0.18,120,43,inf,inf,inf,0.0,0.0,False,False,TabularQL.__init__() got an unexpected keyword argument 'alpha_min'
42,0.25,0.88,0.18,120,44,inf,inf,inf,0.0,0.0,False,False,TabularQL.__init__() got an unexpected keyword argument 'alpha_min'
43,0.25,0.88,0.18,144,42,inf,inf,inf,0.0,0.0,False,False,TabularQL.__init__() got an unexpected keyword argument 'alpha_min'
44,0.25,0.88,0.18,144,43,inf,inf,inf,0.0,0.0,False,False,TabularQL.__init__() got an unexpected keyword argument 'alpha_min'
45,0.25,0.88,0.18,144,44,inf,inf,inf,0.0,0.0,False,False,TabularQL.__init__() got an unexpected keyword argument 'alpha_min'
46,0.25,0.88,0.18,168,42,inf,inf,inf,0.0,0.0,False,False,TabularQL.__init__() got an unexpected keyword argument 'alpha_min'
47,0.25,0.88,0.18,168,43,inf,inf,inf,0.0,0.0,False,False,TabularQL.__init__() got an unexpected keyword argument 'alpha_min'
48,0.25,0.88,0.18,168,44,inf,inf,inf,0.0,0.0,False,False,TabularQL.__init__() got an unexpected keyword argument 'alpha_min'
49,0.25,0.88,0.2,96,42,inf,inf,inf,0.0,0.0,False,False,TabularQL.__init__() got an unexpected keyword argument 'alpha_min'
50,0.25,0.88,0.2,96,43,inf,inf,inf,0.0,0.0,False,False,TabularQL.__init__() got an unexpected keyword argument 'alpha_min'
51,0.25,0.88,0.2,96,44,inf,inf,inf,0.0,0.0,False,False,TabularQL.__init__() got an unexpected keyword argument 'alpha_min'
52,0.25,0.88,0.2,120,42,inf,inf,inf,0.0,0.0,False,False,TabularQL.__init__() got an unexpected keyword argument 'alpha_min'
53,0.25,0.88,0.2,120,43,inf,inf,inf,0.0,0.0,False,False,TabularQL.__init__() got an unexpected keyword argument 'alpha_min'
54,0.25,0.88,0.2,120,44,inf,inf,inf,0.0,0.0,False,False,TabularQL.__init__() got an unexpected keyword argument 'alpha_min'
55,0.25,0.88,0.2,144,42,inf,inf,inf,0.0,0.0,False,False,TabularQL.__init__() got an unexpected keyword argument 'alpha_min'
56,0.25,0.88,0.2,144,43,inf,inf,inf,0.0,0.0,False,False,TabularQL.__init__() got an unexpected keyword argument 'alpha_min'
57,0.25,0.88,0.2,144,44,inf,inf,inf,0.0,0.0,False,False,TabularQL.__init__() got an unexpected keyword argument 'alpha_min'
58,0.25,0.88,0.2,168,42,inf,inf,inf,0.0,0.0,False,False,TabularQL.__init__() got an unexpected keyword argument 'alpha_min'
59,0.25,0.88,0.2,168,43,inf,inf,inf,0.0,0.0,False,False,TabularQL.__init__() got an unexpected keyword argument 'alpha_min'
60,0.25,0.88,0.2,168,44,inf,inf,inf,0.0,0.0,False,False,TabularQL.__init__() got an unexpected keyword argument 'alpha_min'
61,0.25,0.9,0.1,96,42,inf,inf,inf,0.0,0.0,False,False,TabularQL.__init__() got an unexpected keyword argument 'alpha_min'
62,0.25,0.9,0.1,96,43,inf,inf,inf,0.0,0.0,False,False,TabularQL.__init__() got an unexpected keyword argument 'alpha_min'
63,0.25,0.9,0.1,96,44,inf,inf,inf,0.0,0.0,False,False,TabularQL.__init__() got an unexpected keyword argument 'alpha_min'
64,0.25,0.9,0.1,120,42,inf,inf,inf,0.0,0.0,False,False,TabularQL.__init__() got an unexpected keyword argument 'alpha_min'
65,0.25,0.9,0.1,120,43,inf,inf,inf,0.0,0.0,False,False,TabularQL.__init__() got an unexpected keyword argument 'alpha_min'
66,0.25,0.9,0.1,120,44,inf,inf,inf,0.0,0.0,False,False,TabularQL.__init__() got an unexpected keyword argument 'alpha_min'
67,0.25,0.9,0.1,144,42,inf,inf,inf,0.0,0.0,False,False,TabularQL.__init__() got an unexpected keyword argument 'alpha_min'
68,0.25,0.9,0.1,144,43,inf,inf,inf,0.0,0.0,False,False,TabularQL.__init__() got an unexpected keyword argument 'alpha_min'
69,0.25,0.9,0.1,144,44,inf,inf,inf,0.0,0.0,False,False,TabularQL.__init__() got an unexpected keyword argument 'alpha_min'
70,0.25,0.9,0.1,168,42,inf,inf,inf,0.0,0.0,False,False,TabularQL.__init__() got an unexpected keyword argument 'alpha_min'
71,0.25,0.9,0.1,168,43,inf,inf,inf,0.0,0.0,False,False,TabularQL.__init__() got an unexpected keyword argument 'alpha_min'
72,0.25,0.9,0.1,168,44,inf,inf,inf,0.0,0.0,False,False,TabularQL.__init__() got an unexpected keyword argument 'alpha_min'
73,0.25,0.9,0.12,96,42,inf,inf,inf,0.0,0.0,False,False,TabularQL.__init__() got an unexpected keyword argument 'alpha_min'
74,0.25,0.9,0.12,96,43,inf,inf,inf,0.0,0.0,False,False,TabularQL.__init__() got an unexpected keyword argument 'alpha_min'
75,0.25,0.9,0.12,96,44,inf,inf,inf,0.0,0.0,False,False,TabularQL.__init__() got an unexpected keyword argument 'alpha_min'
76,0.25,0.9,0.12,120,42,inf,inf,inf,0.0,0.0,False,False,TabularQL.__init__() got an unexpected keyword argument 'alpha_min'
77,0.25,0.9,0.12,120,43,inf,inf,inf,0.0,0.0,False,False,TabularQL.__init__() got an unexpected keyword argument 'alpha_min'
78,0.25,0.9,0.12,120,44,inf,inf,inf,0.0,0.0,False,False,TabularQL.__init__() got an unexpected keyword argument 'alpha_min'
79,0.25,0.9,0.12,144,42,inf,inf,inf,0.0,0.0,False,False,TabularQL.__init__() got an unexpected keyword argument 'alpha_min'
80,0.25,0.9,0.12,144,43,inf,inf,inf,0.0,0.0,False,False,TabularQL.__init__() got an unexpected keyword argument 'alpha_min'
81,0.25,0.9,0.12,144,44,inf,inf,inf,0.0,0.0,False,False,TabularQL.__init__() got an unexpected keyword argument 'alpha_min'
82,0.25,0.9,0.12,168,42,inf,inf,inf,0.0,0.0,False,False,TabularQL.__init__() got an unexpected keyword argument 'alpha_min'
83,0.25,0.9,0.12,168,43,inf,inf,inf,0.0,0.0,False,False,TabularQL.__init__() got an unexpected keyword argument 'alpha_min'
84,0.25,0.9,0.12,168,44,inf,inf,inf,0.0,0.0,False,False,TabularQL.__init__() got an unexpected keyword argument 'alpha_min'
85,0.25,0.9,0.15,96,42,inf,inf,inf,0.0,0.0,False,False,TabularQL.__init__() got an unexpected keyword argument 'alpha_min'
86,0.25,0.9,0.15,96,43,inf,inf,inf,0.0,0.0,False,False,TabularQL.__init__() got an unexpected keyword argument 'alpha_min'
87,0.25,0.9,0.15,96,44,inf,inf,inf,0.0,0.0,False,False,TabularQL.__init__() got an unexpected keyword argument 'alpha_min'
88,0.25,0.9,0.15,120,42,inf,inf,inf,0.0,0.0,False,False,TabularQL.__init__() got an unexpected keyword argument 'alpha_min'
89,0.25,0.9,0.15,120,43,inf,inf,inf,0.0,0.0,False,False,TabularQL.__init__() got an unexpected keyword argument 'alpha_min'
90,0.25,0.9,0.15,120,44,inf,inf,inf,0.0,0.0,False,False,TabularQL.__init__() got an unexpected keyword argument 'alpha_min'
91,0.25,0.9,0.15,144,42,inf,inf,inf,0.0,0.0,False,False,TabularQL.__init__() got an unexpected keyword argument 'alpha_min'
92,0.25,0.9,0.15,144,43,inf,inf,inf,0.0,0.0,False,False,TabularQL.__init__() got an unexpected keyword argument 'alpha_min'
93,0.25,0.9,0.15,144,44,inf,inf,inf,0.0,0.0,False,False,TabularQL.__init__() got an unexpected keyword argument 'alpha_min'
94,0.25,0.9,0.15,168,42,inf,inf,inf,0.0,0.0,False,False,TabularQL.__init__() got an unexpected keyword argument 'alpha_min'
95,0.25,0.9,0.15,168,43,inf,inf,inf,0.0,0.0,False,False,TabularQL.__init__() got an unexpected keyword argument 'alpha_min'
96,0.25,0.9,0.15,168,44,inf,inf,inf,0.0,0.0,False,False,TabularQL.__init__() got an unexpected keyword argument 'alpha_min'
97,0.25,0.9,0.18,96,42,inf,inf,inf,0.0,0.0,False,False,TabularQL.__init__() got an unexpected keyword argument 'alpha_min'
98,0.25,0.9,0.18,96,43,inf,inf,inf,0.0,0.0,False,False,TabularQL.__init__() got an unexpected keyword argument 'alpha_min'
99,0.25,0.9,0.18,96,44,inf,inf,inf,0.0,0.0,False,False,TabularQL.__init__() got an unexpected keyword argument 'alpha_min'
100,0.25,0.9,0.18,120,42,inf,inf,inf,0.0,0.0,False,False,TabularQL.__init__() got an unexpected keyword argument 'alpha_min'
101,0.25,0.9,0.18,120,43,inf,inf,inf,0.0,0.0,False,False,TabularQL.__init__() got an unexpected keyword argument 'alpha_min'
102,0.25,0.9,0.18,120,44,inf,inf,inf,0.0,0.0,False,False,TabularQL.__init__() got an unexpected keyword argument 'alpha_min'
103,0.25,0.9,0.18,144,42,inf,inf,inf,0.0,0.0,False,False,TabularQL.__init__() got an unexpected keyword argument 'alpha_min'
104,0.25,0.9,0.18,144,43,inf,inf,inf,0.0,0.0,False,False,TabularQL.__init__() got an unexpected keyword argument 'alpha_min'
105,0.25,0.9,0.18,144,44,inf,inf,inf,0.0,0.0,False,False,TabularQL.__init__() got an unexpected keyword argument 'alpha_min'
106,0.25,0.9,0.18,168,42,inf,inf,inf,0.0,0.0,False,False,TabularQL.__init__() got an unexpected keyword argument 'alpha_min'
107,0.25,0.9,0.18,168,43,inf,inf,inf,0.0,0.0,False,False,TabularQL.__init__() got an unexpected keyword argument 'alpha_min'
108,0.25,0.9,0.18,168,44,inf,inf,inf,0.0,0.0,False,False,TabularQL.__init__() got an unexpected keyword argument 'alpha_min'
109,0.25,0.9,0.2,96,42,inf,inf,inf,0.0,0.0,False,False,TabularQL.__init__() got an unexpected keyword argument 'alpha_min'
110,0.25,0.9,0.2,96,43,inf,inf,inf,0.0,0.0,False,False,TabularQL.__init__() got an unexpected keyword argument 'alpha_min'
111,0.25,0.9,0.2,96,44,inf,inf,inf,0.0,0.0,False,False,TabularQL.__init__() got an unexpected keyword argument 'alpha_min'
112,0.25,0.9,0.2,120,42,inf,inf,inf,0.0,0.0,False,False,TabularQL.__init__() got an unexpected keyword argument 'alpha_min'
113,0.25,0.9,0.2,120,43,inf,inf,inf,0.0,0.0,False,False,TabularQL.__init__() got an unexpected keyword argument 'alpha_min'
114,0.25,0.9,0.2,120,44,inf,inf,inf,0.0,0.0,False,False,TabularQL.__init__() got an unexpected keyword argument 'alpha_min'
115,0.25,0.9,0.2,144,42,inf,inf,inf,0.0,0.0,False,False,TabularQL.__init__() got an unexpected keyword argument 'alpha_min'
116,0.25,0.9,0.2,144,43,inf,inf,inf,0.0,0.0,False,False,TabularQL.__init__() got an unexpected keyword argument 'alpha_min'
117,0.25,0.9,0.2,144,44,inf,inf,inf,0.0,0.0,False,False,TabularQL.__init__() got an unexpected keyword argument 'alpha_min'
118,0.25,0.9,0.2,168,42,inf,inf,inf,0.0,0.0,False,False,TabularQL.__init__() got an unexpected keyword argument 'alpha_min'
119,0.25,0.9,0.2,168,43,inf,inf,inf,0.0,0.0,False,False,TabularQL.__init__() got an unexpected keyword argument 'alpha_min'
120,0.25,0.9,0.2,168,44,inf,inf,inf,0.0,0.0,False,False,TabularQL.__init__() got an unexpected keyword argument 'alpha_min'
121,0.25,0.92,0.1,96,42,inf,inf,inf,0.0,0.0,False,False,TabularQL.__init__() got an unexpected keyword argument 'alpha_min'
122,0.25,0.92,0.1,96,43,inf,inf,inf,0.0,0.0,False,False,TabularQL.__init__() got an unexpected keyword argument 'alpha_min'
123,0.25,0.92,0.1,96,44,inf,inf,inf,0.0,0.0,False,False,TabularQL.__init__() got an unexpected keyword argument 'alpha_min'
124,0.25,0.92,0.1,120,42,inf,inf,inf,0.0,0.0,False,False,TabularQL.__init__() got an unexpected keyword argument 'alpha_min'
125,0.25,0.92,0.1,120,43,inf,inf,inf,0.0,0.0,False,False,TabularQL.__init__() got an unexpected keyword argument 'alpha_min'
126,0.25,0.92,0.1,120,44,inf,inf,inf,0.0,0.0,False,False,TabularQL.__init__() got an unexpected keyword argument 'alpha_min'
127,0.25,0.92,0.1,144,42,inf,inf,inf,0.0,0.0,False,False,TabularQL.__init__() got an unexpected keyword argument 'alpha_min'
128,0.25,0.92,0.1,144,43,inf,inf,inf,0.0,0.0,False,False,TabularQL.__init__() got an unexpected keyword argument 'alpha_min'
129,0.25,0.92,0.1,144,44,inf,inf,inf,0.0,0.0,False,False,TabularQL.__init__() got an unexpected keyword argument 'alpha_min'
130,0.25,0.92,0.1,168,42,inf,inf,inf,0.0,0.0,False,False,TabularQL.__init__() got an unexpected keyword argument 'alpha_min'
131,0.25,0.92,0.1,168,43,inf,inf,inf,0.0,0.0,False,False,TabularQL.__init__() got an unexpected keyword argument 'alpha_min'
132,0.25,0.92,0.1,168,44,inf,inf,inf,0.0,0.0,False,False,TabularQL.__init__() got an unexpected keyword argument 'alpha_min'
133,0.25,0.92,0.12,96,42,inf,inf,inf,0.0,0.0,False,False,TabularQL.__init__() got an unexpected keyword argument 'alpha_min'
134,0.25,0.92,0.12,96,43,inf,inf,inf,0.0,0.0,False,False,TabularQL.__init__() got an unexpected keyword argument 'alpha_min'
135,0.25,0.92,0.12,96,44,inf,inf,inf,0.0,0.0,False,False,TabularQL.__init__() got an unexpected keyword argument 'alpha_min'
136,0.25,0.92,0.12,120,42,inf,inf,inf,0.0,0.0,False,False,TabularQL.__init__() got an unexpected keyword argument 'alpha_min'
137,0.25,0.92,0.12,120,43,inf,inf,inf,0.0,0.0,False,False,TabularQL.__init__() got an unexpected keyword argument 'alpha_min'
138,0.25,0.92,0.12,120,44,inf,inf,inf,0.0,0.0,False,False,TabularQL.__init__() got an unexpected keyword argument 'alpha_min'
139,0.25,0.92,0.12,144,42,inf,inf,inf,0.0,0.0,False,False,TabularQL.__init__() got an unexpected keyword argument 'alpha_min'
140,0.25,0.92,0.12,144,43,inf,inf,inf,0.0,0.0,False,False,TabularQL.__init__() got an unexpected keyword argument 'alpha_min'
141,0.25,0.92,0.12,144,44,inf,inf,inf,0.0,0.0,False,False,TabularQL.__init__() got an unexpected keyword argument 'alpha_min'
142,0.25,0.92,0.12,168,42,inf,inf,inf,0.0,0.0,False,False,TabularQL.__init__() got an unexpected keyword argument 'alpha_min'
143,0.25,0.92,0.12,168,43,inf,inf,inf,0.0,0.0,False,False,TabularQL.__init__() got an unexpected keyword argument 'alpha_min'
144,0.25,0.92,0.12,168,44,inf,inf,inf,0.0,0.0,False,False,TabularQL.__init__() got an unexpected keyword argument 'alpha_min'
145,0.25,0.92,0.15,96,42,inf,inf,inf,0.0,0.0,False,False,TabularQL.__init__() got an unexpected keyword argument 'alpha_min'
146,0.25,0.92,0.15,96,43,inf,inf,inf,0.0,0.0,False,False,TabularQL.__init__() got an unexpected keyword argument 'alpha_min'
147,0.25,0.92,0.15,96,44,inf,inf,inf,0.0,0.0,False,False,TabularQL.__init__() got an unexpected keyword argument 'alpha_min'
148,0.25,0.92,0.15,120,42,inf,inf,inf,0.0,0.0,False,False,TabularQL.__init__() got an unexpected keyword argument 'alpha_min'
149,0.25,0.92,0.15,120,43,inf,inf,inf,0.0,0.0,False,False,TabularQL.__init__() got an unexpected keyword argument 'alpha_min'
150,0.25,0.92,0.15,120,44,inf,inf,inf,0.0,0.0,False,False,TabularQL.__init__() got an unexpected keyword argument 'alpha_min'
151,0.25,0.92,0.15,144,42,inf,inf,inf,0.0,0.0,False,False,TabularQL.__init__() got an unexpected keyword argument 'alpha_min'
152,0.25,0.92,0.15,144,43,inf,inf,inf,0.0,0.0,False,False,TabularQL.__init__() got an unexpected keyword argument 'alpha_min'
153,0.25,0.92,0.15,144,44,inf,inf,inf,0.0,0.0,False,False,TabularQL.__init__() got an unexpected keyword argument 'alpha_min'
154,0.25,0.92,0.15,168,42,inf,inf,inf,0.0,0.0,False,False,TabularQL.__init__() got an unexpected keyword argument 'alpha_min'
155,0.25,0.92,0.15,168,43,inf,inf,inf,0.0,0.0,False,False,TabularQL.__init__() got an unexpected keyword argument 'alpha_min'
156,0.25,0.92,0.15,168,44,inf,inf,inf,0.0,0.0,False,False,TabularQL.__init__() got an unexpected keyword argument 'alpha_min'
157,0.25,0.92,0.18,96,42,inf,inf,inf,0.0,0.0,False,False,TabularQL.__init__() got an unexpected keyword argument 'alpha_min'
158,0.25,0.92,0.18,96,43,inf,inf,inf,0.0,0.0,False,False,TabularQL.__init__() got an unexpected keyword argument 'alpha_min'
159,0.25,0.92,0.18,96,44,inf,inf,inf,0.0,0.0,False,False,TabularQL.__init__() got an unexpected keyword argument 'alpha_min'
160,0.25,0.92,0.18,120,42,inf,inf,inf,0.0,0.0,False,False,TabularQL.__init__() got an unexpected keyword argument 'alpha_min'
161,0.25,0.92,0.18,120,43,inf,inf,inf,0.0,0.0,False,False,TabularQL.__init__() got an unexpected keyword argument 'alpha_min'
162,0.25,0.92,0.18,120,44,inf,inf,inf,0.0,0.0,False,False,TabularQL.__init__() got an unexpected keyword argument 'alpha_min'
163,0.25,0.92,0.18,144,42,inf,inf,inf,0.0,0.0,False,False,TabularQL.__init__() got an unexpected keyword argument 'alpha_min'
164,0.25,0.92,0.18,144,43,inf,inf,inf,0.0,0.0,False,False,TabularQL.__init__() got an unexpected keyword argument 'alpha_min'
165,0.25,0.92,0.18,144,44,inf,inf,inf,0.0,0.0,False,False,TabularQL.__init__() got an unexpected keyword argument 'alpha_min'
166,0.25,0.92,0.18,168,42,inf,inf,inf,0.0,0.0,False,False,TabularQL.__init__() got an unexpected keyword argument 'alpha_min'
167,0.25,0.92,0.18,168,43,inf,inf,inf,0.0,0.0,False,False,TabularQL.__init__() got an unexpected keyword argument 'alpha_min'
168,0.25,0.92,0.18,168,44,inf,inf,inf,0.0,0.0,False,False,TabularQL.__init__() got an unexpected keyword argument 'alpha_min'
169,0.25,0.92,0.2,96,42,inf,inf,inf,0.0,0.0,False,False,TabularQL.__init__() got an unexpected keyword argument 'alpha_min'
170,0.25,0.92,0.2,96,43,inf,inf,inf,0.0,0.0,False,False,TabularQL.__init__() got an unexpected keyword argument 'alpha_min'
171,0.25,0.92,0.2,96,44,inf,inf,inf,0.0,0.0,False,False,TabularQL.__init__() got an unexpected keyword argument 'alpha_min'
172,0.25,0.92,0.2,120,42,inf,inf,inf,0.0,0.0,False,False,TabularQL.__init__() got an unexpected keyword argument 'alpha_min'
173,0.25,0.92,0.2,120,43,inf,inf,inf,0.0,0.0,False,False,TabularQL.__init__() got an unexpected keyword argument 'alpha_min'
174,0.25,0.92,0.2,120,44,inf,inf,inf,0.0,0.0,False,False,TabularQL.__init__() got an unexpected keyword argument 'alpha_min'
175,0.25,0.92,0.2,144,42,inf,inf,inf,0.0,0.0,False,False,TabularQL.__init__() got an unexpected keyword argument 'alpha_min'
176,0.25,0.92,0.2,144,43,inf,inf,inf,0.0,0.0,False,False,TabularQL.__init__() got an unexpected keyword argument 'alpha_min'
177,0.25,0.92,0.2,144,44,inf,inf,inf,0.0,0.0,False,False,TabularQL.__init__() got an unexpected keyword argument 'alpha_min'
178,0.25,0.92,0.2,168,42,inf,inf,inf,0.0,0.0,False,False,TabularQL.__init__() got an unexpected keyword argument 'alpha_min'
179,0.25,0.92,0.2,168,43,inf,inf,inf,0.0,0.0,False,False,TabularQL.__init__() got an unexpected keyword argument 'alpha_min'
180,0.25,0.92,0.2,168,44,inf,inf,inf,0.0,0.0,False,False,TabularQL.__init__() got an unexpected keyword argument 'alpha_min'
181,0.25,0.95,0.1,96,42,inf,inf,inf,0.0,0.0,False,False,TabularQL.__init__() got an unexpected keyword argument 'alpha_min'
182,0.25,0.95,0.1,96,43,inf,inf,inf,0.0,0.0,False,False,TabularQL.__init__() got an unexpected keyword argument 'alpha_min'
183,0.25,0.95,0.1,96,44,inf,inf,inf,0.0,0.0,False,False,TabularQL.__init__() got an unexpected keyword argument 'alpha_min'
184,0.25,0.95,0.1,120,42,inf,inf,inf,0.0,0.0,False,False,TabularQL.__init__() got an unexpected keyword argument 'alpha_min'
185,0.25,0.95,0.1,120,43,inf,inf,inf,0.0,0.0,False,False,TabularQL.__init__() got an unexpected keyword argument 'alpha_min'
186,0.25,0.95,0.1,120,44,inf,inf,inf,0.0,0.0,False,False,TabularQL.__init__() got an unexpected keyword argument 'alpha_min'
187,0.25,0.95,0.1,144,42,inf,inf,inf,0.0,0.0,False,False,TabularQL.__init__() got an unexpected keyword argument 'alpha_min'
188,0.25,0.95,0.1,144,43,inf,inf,inf,0.0,0.0,False,False,TabularQL.__init__() got an unexpected keyword argument 'alpha_min'
189,0.25,0.95,0.1,144,44,inf,inf,inf,0.0,0.0,False,False,TabularQL.__init__() got an unexpected keyword argument 'alpha_min'
190,0.25,0.95,0.1,168,42,inf,inf,inf,0.0,0.0,False,False,TabularQL.__init__() got an unexpected keyword argument 'alpha_min'
191,0.25,0.95,0.1,168,43,inf,inf,inf,0.0,0.0,False,False,TabularQL.__init__() got an unexpected keyword argument 'alpha_min'
192,0.25,0.95,0.1,168,44,inf,inf,inf,0.0,0.0,False,False,TabularQL.__init__() got an unexpected keyword argument 'alpha_min'
193,0.25,0.95,0.12,96,42,inf,inf,inf,0.0,0.0,False,False,TabularQL.__init__() got an unexpected keyword argument 'alpha_min'
194,0.25,0.95,0.12,96,43,inf,inf,inf,0.0,0.0,False,False,TabularQL.__init__() got an unexpected keyword argument 'alpha_min'
195,0.25,0.95,0.12,96,44,inf,inf,inf,0.0,0.0,False,False,TabularQL.__init__() got an unexpected keyword argument 'alpha_min'
196,0.25,0.95,0.12,120,42,inf,inf,inf,0.0,0.0,False,False,TabularQL.__init__() got an unexpected keyword argument 'alpha_min'
197,0.25,0.95,0.12,120,43,inf,inf,inf,0.0,0.0,False,False,TabularQL.__init__() got an unexpected keyword argument 'alpha_min'
198,0.25,0.95,0.12,120,44,inf,inf,inf,0.0,0.0,False,False,TabularQL.__init__() got an unexpected keyword argument 'alpha_min'
199,0.25,0.95,0.12,144,42,inf,inf,inf,0.0,0.0,False,False,TabularQL.__init__() got an unexpected keyword argument 'alpha_min'
200,0.25,0.95,0.12,144,43,inf,inf,inf,0.0,0.0,False,False,TabularQL.__init__() got an unexpected keyword argument 'alpha_min'
201,0.25,0.95,0.12,144,44,inf,inf,inf,0.0,0.0,False,False,TabularQL.__init__() got an unexpected keyword argument 'alpha_min'
202,0.25,0.95,0.12,168,42,inf,inf,inf,0.0,0.0,False,False,TabularQL.__init__() got an unexpected keyword argument 'alpha_min'
203,0.25,0.95,0.12,168,43,inf,inf,inf,0.0,0.0,False,False,TabularQL.__init__() got an unexpected keyword argument 'alpha_min'
204,0.25,0.95,0.12,168,44,inf,inf,inf,0.0,0.0,False,False,TabularQL.__init__() got an unexpected keyword argument 'alpha_min'
205,0.25,0.95,0.15,96,42,inf,inf,inf,0.0,0.0,False,False,TabularQL.__init__() got an unexpected keyword argument 'alpha_min'
206,0.25,0.95,0.15,96,43,inf,inf,inf,0.0,0.0,False,False,TabularQL.__init__() got an unexpected keyword argument 'alpha_min'
207,0.25,0.95,0.15,96,44,inf,inf,inf,0.0,0.0,False,False,TabularQL.__init__() got an unexpected keyword argument 'alpha_min'
208,0.25,0.95,0.15,120,42,inf,inf,inf,0.0,0.0,False,False,TabularQL.__init__() got an unexpected keyword argument 'alpha_min'
209,0.25,0.95,0.15,120,43,inf,inf,inf,0.0,0.0,False,False,TabularQL.__init__() got an unexpected keyword argument 'alpha_min'
210,0.25,0.95,0.15,120,44,inf,inf,inf,0.0,0.0,False,False,TabularQL.__init__() got an unexpected keyword argument 'alpha_min'
211,0.25,0.95,0.15,144,42,inf,inf,inf,0.0,0.0,False,False,TabularQL.__init__() got an unexpected keyword argument 'alpha_min'
212,0.25,0.95,0.15,144,43,inf,inf,inf,0.0,0.0,False,False,TabularQL.__init__() got an unexpected keyword argument 'alpha_min'
213,0.25,0.95,0.15,144,44,inf,inf,inf,0.0,0.0,False,False,TabularQL.__init__() got an unexpected keyword argument 'alpha_min'
214,0.25,0.95,0.15,168,42,inf,inf,inf,0.0,0.0,False,False,TabularQL.__init__() got an unexpected keyword argument 'alpha_min'
215,0.25,0.95,0.15,168,43,inf,inf,inf,0.0,0.0,False,False,TabularQL.__init__() got an unexpected keyword argument 'alpha_min'
216,0.25,0.95,0.15,168,44,inf,inf,inf,0.0,0.0,False,False,TabularQL.__init__() got an unexpected keyword argument 'alpha_min'
217,0.25,0.95,0.18,96,42,inf,inf,inf,0.0,0.0,False,False,TabularQL.__init__() got an unexpected keyword argument 'alpha_min'
218,0.25,0.95,0.18,96,43,inf,inf,inf,0.0,0.0,False,False,TabularQL.__init__() got an unexpected keyword argument 'alpha_min'
219,0.25,0.95,0.18,96,44,inf,inf,inf,0.0,0.0,False,False,TabularQL.__init__() got an unexpected keyword argument 'alpha_min'
220,0.25,0.95,0.18,120,42,inf,inf,inf,0.0,0.0,False,False,TabularQL.__init__() got an unexpected keyword argument 'alpha_min'
221,0.25,0.95,0.18,120,43,inf,inf,inf,0.0,0.0,False,False,TabularQL.__init__() got an unexpected keyword argument 'alpha_min'
222,0.25,0.95,0.18,120,44,inf,inf,inf,0.0,0.0,False,False,TabularQL.__init__() got an unexpected keyword argument 'alpha_min'
223,0.25,0.95,0.18,144,42,inf,inf,inf,0.0,0.0,False,False,TabularQL.__init__() got an unexpected keyword argument 'alpha_min'
224,0.25,0.95,0.18,144,43,inf,inf,inf,0.0,0.0,False,False,TabularQL.__init__() got an unexpected keyword argument 'alpha_min'
225,0.25,0.95,0.18,144,44,inf,inf,inf,0.0,0.0,False,False,TabularQL.__init__() got an unexpected keyword argument 'alpha_min'
226,0.25,0.95,0.18,168,42,inf,inf,inf,0.0,0.0,False,False,TabularQL.__init__() got an unexpected keyword argument 'alpha_min'
227,0.25,0.95,0.18,168,43,inf,inf,inf,0.0,0.0,False,False,TabularQL.__init__() got an unexpected keyword argument 'alpha_min'
228,0.25,0.95,0.18,168,44,inf,inf,inf,0.0,0.0,False,False,TabularQL.__init__() got an unexpected keyword argument 'alpha_min'
229,0.25,0.95,0.2,96,42,inf,inf,inf,0.0,0.0,False,False,TabularQL.__init__() got an unexpected keyword argument 'alpha_min'
230,0.25,0.95,0.2,96,43,inf,inf,inf,0.0,0.0,False,False,TabularQL.__init__() got an unexpected keyword argument 'alpha_min'
231,0.25,0.95,0.2,96,44,inf,inf,inf,0.0,0.0,False,False,TabularQL.__init__() got an unexpected keyword argument 'alpha_min'
232,0.25,0.95,0.2,120,42,inf,inf,inf,0.0,0.0,False,False,TabularQL.__init__() got an unexpected keyword argument 'alpha_min'
233,0.25,0.95,0.2,120,43,inf,inf,inf,0.0,0.0,False,False,TabularQL.__init__() got an unexpected keyword argument 'alpha_min'
234,0.25,0.95,0.2,120,44,inf,inf,inf,0.0,0.0,False,False,TabularQL.__init__() got an unexpected keyword argument 'alpha_min'
235,0.25,0.95,0.2,144,42,inf,inf,inf,0.0,0.0,False,False,TabularQL.__init__() got an unexpected keyword argument 'alpha_min'
236,0.25,0.95,0.2,144,43,inf,inf,inf,0.0,0.0,False,False,TabularQL.__init__() got an unexpected keyword argument 'alpha_min'
237,0.25,0.95,0.2,144,44,inf,inf,inf,0.0,0.0,False,False,TabularQL.__init__() got an unexpected keyword argument 'alpha_min'
238,0.25,0.95,0.2,168,42,inf,inf,inf,0.0,0.0,False,False,TabularQL.__init__() got an unexpected keyword argument 'alpha_min'
239,0.25,0.95,0.2,168,43,inf,inf,inf,0.0,0.0,False,False,TabularQL.__init__() got an unexpected keyword argument 'alpha_min'
240,0.25,0.95,0.2,168,44,inf,inf,inf,0.0,0.0,False,False,TabularQL.__init__() got an unexpected keyword argument 'alpha_min'
241,0.3,0.88,0.1,96,42,inf,inf,inf,0.0,0.0,False,False,TabularQL.__init__() got an unexpected keyword argument 'alpha_min'
242,0.3,0.88,0.1,96,43,inf,inf,inf,0.0,0.0,False,False,TabularQL.__init__() got an unexpected keyword argument 'alpha_min'
243,0.3,0.88,0.1,96,44,inf,inf,inf,0.0,0.0,False,False,TabularQL.__init__() got an unexpected keyword argument 'alpha_min'
244,0.3,0.88,0.1,120,42,inf,inf,inf,0.0,0.0,False,False,TabularQL.__init__() got an unexpected keyword argument 'alpha_min'
245,0.3,0.88,0.1,120,43,inf,inf,inf,0.0,0.0,False,False,TabularQL.__init__() got an unexpected keyword argument 'alpha_min'
246,0.3,0.88,0.1,120,44,inf,inf,inf,0.0,0.0,False,False,TabularQL.__init__() got an unexpected keyword argument 'alpha_min'
247,0.3,0.88,0.1,144,42,inf,inf,inf,0.0,0.0,False,False,TabularQL.__init__() got an unexpected keyword argument 'alpha_min'
248,0.3,0.88,0.1,144,43,inf,inf,inf,0.0,0.0,False,False,TabularQL.__init__() got an unexpected keyword argument 'alpha_min'
249,0.3,0.88,0.1,144,44,inf,inf,inf,0.0,0.0,False,False,TabularQL.__init__() got an unexpected keyword argument 'alpha_min'
250,0.3,0.88,0.1,168,42,inf,inf,inf,0.0,0.0,False,False,TabularQL.__init__() got an unexpected keyword argument 'alpha_min'
251,0.3,0.88,0.1,168,43,inf,inf,inf,0.0,0.0,False,False,TabularQL.__init__() got an unexpected keyword argument 'alpha_min'
252,0.3,0.88,0.1,168,44,inf,inf,inf,0.0,0.0,False,False,TabularQL.__init__() got an unexpected keyword argument 'alpha_min'
253,0.3,0.88,0.12,96,42,inf,inf,inf,0.0,0.0,False,False,TabularQL.__init__() got an unexpected keyword argument 'alpha_min'
254,0.3,0.88,0.12,96,43,inf,inf,inf,0.0,0.0,False,False,TabularQL.__init__() got an unexpected keyword argument 'alpha_min'
255,0.3,0.88,0.12,96,44,inf,inf,inf,0.0,0.0,False,False,TabularQL.__init__() got an unexpected keyword argument 'alpha_min'
256,0.3,0.88,0.12,120,42,inf,inf,inf,0.0,0.0,False,False,TabularQL.__init__() got an unexpected keyword argument 'alpha_min'
257,0.3,0.88,0.12,120,43,inf,inf,inf,0.0,0.0,False,False,TabularQL.__init__() got an unexpected keyword argument 'alpha_min'
258,0.3,0.88,0.12,120,44,inf,inf,inf,0.0,0.0,False,False,TabularQL.__init__() got an unexpected keyword argument 'alpha_min'
259,0.3,0.88,0.12,144,42,inf,inf,inf,0.0,0.0,False,False,TabularQL.__init__() got an unexpected keyword argument 'alpha_min'
260,0.3,0.88,0.12,144,43,inf,inf,inf,0.0,0.0,False,False,TabularQL.__init__() got an unexpected keyword argument 'alpha_min'
261,0.3,0.88,0.12,144,44,inf,inf,inf,0.0,0.0,False,False,TabularQL.__init__() got an unexpected keyword argument 'alpha_min'
262,0.3,0.88,0.12,168,42,inf,inf,inf,0.0,0.0,False,False,TabularQL.__init__() got an unexpected keyword argument 'alpha_min'
263,0.3,0.88,0.12,168,43,inf,inf,inf,0.0,0.0,False,False,TabularQL.__init__() got an unexpected keyword argument 'alpha_min'
264,0.3,0.88,0.12,168,44,inf,inf,inf,0.0,0.0,False,False,TabularQL.__init__() got an unexpected keyword argument 'alpha_min'
265,0.3,0.88,0.15,96,42,inf,inf,inf,0.0,0.0,False,False,TabularQL.__init__() got an unexpected keyword argument 'alpha_min'
266,0.3,0.88,0.15,96,43,inf,inf,inf,0.0,0.0,False,False,TabularQL.__init__() got an unexpected keyword argument 'alpha_min'
267,0.3,0.88,0.15,96,44,inf,inf,inf,0.0,0.0,False,False,TabularQL.__init__() got an unexpected keyword argument 'alpha_min'
268,0.3,0.88,0.15,120,42,inf,inf,inf,0.0,0.0,False,False,TabularQL.__init__() got an unexpected keyword argument 'alpha_min'
269,0.3,0.88,0.15,120,43,inf,inf,inf,0.0,0.0,False,False,TabularQL.__init__() got an unexpected keyword argument 'alpha_min'
270,0.3,0.88,0.15,120,44,inf,inf,inf,0.0,0.0,False,False,TabularQL.__init__() got an unexpected keyword argument 'alpha_min'
271,0.3,0.88,0.15,144,42,inf,inf,inf,0.0,0.0,False,False,TabularQL.__init__() got an unexpected keyword argument 'alpha_min'
272,0.3,0.88,0.15,144,43,inf,inf,inf,0.0,0.0,False,False,TabularQL.__init__() got an unexpected keyword argument 'alpha_min'
273,0.3,0.88,0.15,144,44,inf,inf,inf,0.0,0.0,False,False,TabularQL.__init__() got an unexpected keyword argument 'alpha_min'
274,0.3,0.88,0.15,168,42,inf,inf,inf,0.0,0.0,False,False,TabularQL.__init__() got an unexpected keyword argument 'alpha_min'
275,0.3,0.88,0.15,168,43,inf,inf,inf,0.0,0.0,False,False,TabularQL.__init__() got an unexpected keyword argument 'alpha_min'
276,0.3,0.88,0.15,168,44,inf,inf,inf,0.0,0.0,False,False,TabularQL.__init__() got an unexpected keyword argument 'alpha_min'
277,0.3,0.88,0.18,96,42,inf,inf,inf,0.0,0.0,False,False,TabularQL.__init__() got an unexpected keyword argument 'alpha_min'
278,0.3,0.88,0.18,96,43,inf,inf,inf,0.0,0.0,False,False,TabularQL.__init__() got an unexpected keyword argument 'alpha_min'
279,0.3,0.88,0.18,96,44,inf,inf,inf,0.0,0.0,False,False,TabularQL.__init__() got an unexpected keyword argument 'alpha_min'
280,0.3,0.88,0.18,120,42,inf,inf,inf,0.0,0.0,False,False,TabularQL.__init__() got an unexpected keyword argument 'alpha_min'
281,0.3,0.88,0.18,120,43,inf,inf,inf,0.0,0.0,False,False,TabularQL.__init__() got an unexpected keyword argument 'alpha_min'
282,0.3,0.88,0.18,120,44,inf,inf,inf,0.0,0.0,False,False,TabularQL.__init__() got an unexpected keyword argument 'alpha_min'
283,0.3,0.88,0.18,144,42,inf,inf,inf,0.0,0.0,False,False,TabularQL.__init__() got an unexpected keyword argument 'alpha_min'
284,0.3,0.88,0.18,144,43,inf,inf,inf,0.0,0.0,False,False,TabularQL.__init__() got an unexpected keyword argument 'alpha_min'
285,0.3,0.88,0.18,144,44,inf,inf,inf,0.0,0.0,False,False,TabularQL.__init__() got an unexpected keyword argument 'alpha_min'
286,0.3,0.88,0.18,168,42,inf,inf,inf,0.0,0.0,False,False,TabularQL.__init__() got an unexpected keyword argument 'alpha_min'
287,0.3,0.88,0.18,168,43,inf,inf,inf,0.0,0.0,False,False,TabularQL.__init__() got an unexpected keyword argument 'alpha_min'
288,0.3,0.88,0.18,168,44,inf,inf,inf,0.0,0.0,False,False,TabularQL.__init__() got an unexpected keyword argument 'alpha_min'
289,0.3,0.88,0.2,96,42,inf,inf,inf,0.0,0.0,False,False,TabularQL.__init__() got an unexpected keyword argument 'alpha_min'
290,0.3,0.88,0.2,96,43,inf,inf,inf,0.0,0.0,False,False,TabularQL.__init__() got an unexpected keyword argument 'alpha_min'
291,0.3,0.88,0.2,96,44,inf,inf,inf,0.0,0.0,False,False,TabularQL.__init__() got an unexpected keyword argument 'alpha_min'
292,0.3,0.88,0.2,120,42,inf,inf,inf,0.0,0.0,False,False,TabularQL.__init__() got an unexpected keyword argument 'alpha_min'
293,0.3,0.88,0.2,120,43,inf,inf,inf,0.0,0.0,False,False,TabularQL.__init__() got an unexpected keyword argument 'alpha_min'
294,0.3,0.88,0.2,120,44,inf,inf,inf,0.0,0.0,False,False,TabularQL.__init__() got an unexpected keyword argument 'alpha_min'
295,0.3,0.88,0.2,144,42,inf,inf,inf,0.0,0.0,False,False,TabularQL.__init__() got an unexpected keyword argument 'alpha_min'
296,0.3,0.88,0.2,144,43,inf,inf,inf,0.0,0.0,False,False,TabularQL.__init__() got an unexpected keyword argument 'alpha_min'
297,0.3,0.88,0.2,144,44,inf,inf,inf,0.0,0.0,False,False,TabularQL.__init__() got an unexpected keyword argument 'alpha_min'
298,0.3,0.88,0.2,168,42,inf,inf,inf,0.0,0.0,False,False,TabularQL.__init__() got an unexpected keyword argument 'alpha_min'
299,0.3,0.88,0.2,168,43,inf,inf,inf,0.0,0.0,False,False,TabularQL.__init__() got an unexpected keyword argument 'alpha_min'
300,0.3,0.88,0.2,168,44,inf,inf,inf,0.0,0.0,False,False,TabularQL.__init__() got an unexpected keyword argument 'alpha_min'
301,0.3,0.9,0.1,96,42,inf,inf,inf,0.0,0.0,False,False,TabularQL.__init__() got an unexpected keyword argument 'alpha_min'
302,0.3,0.9,0.1,96,43,inf,inf,inf,0.0,0.0,False,False,TabularQL.__init__() got an unexpected keyword argument 'alpha_min'
303,0.3,0.9,0.1,96,44,inf,inf,inf,0.0,0.0,False,False,TabularQL.__init__() got an unexpected keyword argument 'alpha_min'
304,0.3,0.9,0.1,120,42,inf,inf,inf,0.0,0.0,False,False,TabularQL.__init__() got an unexpected keyword argument 'alpha_min'
305,0.3,0.9,0.1,120,43,inf,inf,inf,0.0,0.0,False,False,TabularQL.__init__() got an unexpected keyword argument 'alpha_min'
306,0.3,0.9,0.1,120,44,inf,inf,inf,0.0,0.0,False,False,TabularQL.__init__() got an unexpected keyword argument 'alpha_min'
307,0.3,0.9,0.1,144,42,inf,inf,inf,0.0,0.0,False,False,TabularQL.__init__() got an unexpected keyword argument 'alpha_min'
308,0.3,0.9,0.1,144,43,inf,inf,inf,0.0,0.0,False,False,TabularQL.__init__() got an unexpected keyword argument 'alpha_min'
309,0.3,0.9,0.1,144,44,inf,inf,inf,0.0,0.0,False,False,TabularQL.__init__() got an unexpected keyword argument 'alpha_min'
310,0.3,0.9,0.1,168,42,inf,inf,inf,0.0,0.0,False,False,TabularQL.__init__() got an unexpected keyword argument 'alpha_min'
311,0.3,0.9,0.1,168,43,inf,inf,inf,0.0,0.0,False,False,TabularQL.__init__() got an unexpected keyword argument 'alpha_min'
312,0.3,0.9,0.1,168,44,inf,inf,inf,0.0,0.0,False,False,TabularQL.__init__() got an unexpected keyword argument 'alpha_min'
313,0.3,0.9,0.12,96,42,inf,inf,inf,0.0,0.0,False,False,TabularQL.__init__() got an unexpected keyword argument 'alpha_min'
314,0.3,0.9,0.12,96,43,inf,inf,inf,0.0,0.0,False,False,TabularQL.__init__() got an unexpected keyword argument 'alpha_min'
315,0.3,0.9,0.12,96,44,inf,inf,inf,0.0,0.0,False,False,TabularQL.__init__() got an unexpected keyword argument 'alpha_min'
316,0.3,0.9,0.12,120,42,inf,inf,inf,0.0,0.0,False,False,TabularQL.__init__() got an unexpected keyword argument 'alpha_min'
317,0.3,0.9,0.12,120,43,inf,inf,inf,0.0,0.0,False,False,TabularQL.__init__() got an unexpected keyword argument 'alpha_min'
318,0.3,0.9,0.12,120,44,inf,inf,inf,0.0,0.0,False,False,TabularQL.__init__() got an unexpected keyword argument 'alpha_min'
319,0.3,0.9,0.12,144,42,inf,inf,inf,0.0,0.0,False,False,TabularQL.__init__() got an unexpected keyword argument 'alpha_min'
320,0.3,0.9,0.12,144,43,inf,inf,inf,0.0,0.0,False,False,TabularQL.__init__() got an unexpected keyword argument 'alpha_min'
321,0.3,0.9,0.12,144,44,inf,inf,inf,0.0,0.0,False,False,TabularQL.__init__() got an unexpected keyword argument 'alpha_min'
322,0.3,0.9,0.12,168,42,inf,inf,inf,0.0,0.0,False,False,TabularQL.__init__() got an unexpected keyword argument 'alpha_min'
323,0.3,0.9,0.12,168,43,inf,inf,inf,0.0,0.0,False,False,TabularQL.__init__() got an unexpected keyword argument 'alpha_min'
324,0.3,0.9,0.12,168,44,inf,inf,inf,0.0,0.0,False,False,TabularQL.__init__() got an unexpected keyword argument 'alpha_min'
325,0.3,0.9,0.15,96,42,inf,inf,inf,0.0,0.0,False,False,TabularQL.__init__() got an unexpected keyword argument 'alpha_min'
326,0.3,0.9,0.15,96,43,inf,inf,inf,0.0,0.0,False,False,TabularQL.__init__() got an unexpected keyword argument 'alpha_min'
327,0.3,0.9,0.15,96,44,inf,inf,inf,0.0,0.0,False,False,TabularQL.__init__() got an unexpected keyword argument 'alpha_min'
328,0.3,0.9,0.15,120,42,inf,inf,inf,0.0,0.0,False,False,TabularQL.__init__() got an unexpected keyword argument 'alpha_min'
329,0.3,0.9,0.15,120,43,inf,inf,inf,0.0,0.0,False,False,TabularQL.__init__() got an unexpected keyword argument 'alpha_min'
330,0.3,0.9,0.15,120,44,inf,inf,inf,0.0,0.0,False,False,TabularQL.__init__() got an unexpected keyword argument 'alpha_min'
331,0.3,0.9,0.15,144,42,inf,inf,inf,0.0,0.0,False,False,TabularQL.__init__() got an unexpected keyword argument 'alpha_min'
332,0.3,0.9,0.15,144,43,inf,inf,inf,0.0,0.0,False,False,TabularQL.__init__() got an unexpected keyword argument 'alpha_min'
333,0.3,0.9,0.15,144,44,inf,inf,inf,0.0,0.0,False,False,TabularQL.__init__() got an unexpected keyword argument 'alpha_min'
334,0.3,0.9,0.15,168,42,inf,inf,inf,0.0,0.0,False,False,TabularQL.__init__() got an unexpected keyword argument 'alpha_min'
335,0.3,0.9,0.15,168,43,inf,inf,inf,0.0,0.0,False,False,TabularQL.__init__() got an unexpected keyword argument 'alpha_min'
336,0.3,0.9,0.15,168,44,inf,inf,inf,0.0,0.0,False,False,TabularQL.__init__() got an unexpected keyword argument 'alpha_min'
337,0.3,0.9,0.18,96,42,inf,inf,inf,0.0,0.0,False,False,TabularQL.__init__() got an unexpected keyword argument 'alpha_min'
338,0.3,0.9,0.18,96,43,inf,inf,inf,0.0,0.0,False,False,TabularQL.__init__() got an unexpected keyword argument 'alpha_min'
339,0.3,0.9,0.18,96,44,inf,inf,inf,0.0,0.0,False,False,TabularQL.__init__() got an unexpected keyword argument 'alpha_min'
340,0.3,0.9,0.18,120,42,inf,inf,inf,0.0,0.0,False,False,TabularQL.__init__() got an unexpected keyword argument 'alpha_min'
341,0.3,0.9,0.18,120,43,inf,inf,inf,0.0,0.0,False,False,TabularQL.__init__() got an unexpected keyword argument 'alpha_min'
342,0.3,0.9,0.18,120,44,inf,inf,inf,0.0,0.0,False,False,TabularQL.__init__() got an unexpected keyword argument 'alpha_min'
343,0.3,0.9,0.18,144,42,inf,inf,inf,0.0,0.0,False,False,TabularQL.__init__() got an unexpected keyword argument 'alpha_min'
344,0.3,0.9,0.18,144,43,inf,inf,inf,0.0,0.0,False,False,TabularQL.__init__() got an unexpected keyword argument 'alpha_min'
345,0.3,0.9,0.18,144,44,inf,inf,inf,0.0,0.0,False,False,TabularQL.__init__() got an unexpected keyword argument 'alpha_min'
346,0.3,0.9,0.18,168,42,inf,inf,inf,0.0,0.0,False,False,TabularQL.__init__() got an unexpected keyword argument 'alpha_min'
347,0.3,0.9,0.18,168,43,inf,inf,inf,0.0,0.0,False,False,TabularQL.__init__() got an unexpected keyword argument 'alpha_min'
348,0.3,0.9,0.18,168,44,inf,inf,inf,0.0,0.0,False,False,TabularQL.__init__() got an unexpected keyword argument 'alpha_min'
349,0.3,0.9,0.2,96,42,inf,inf,inf,0.0,0.0,False,False,TabularQL.__init__() got an unexpected keyword argument 'alpha_min'
350,0.3,0.9,0.2,96,43,inf,inf,inf,0.0,0.0,False,False,TabularQL.__init__() got an unexpected keyword argument 'alpha_min'
351,0.3,0.9,0.2,96,44,inf,inf,inf,0.0,0.0,False,False,TabularQL.__init__() got an unexpected keyword argument 'alpha_min'
352,0.3,0.9,0.2,120,42,inf,inf,inf,0.0,0.0,False,False,TabularQL.__init__() got an unexpected keyword argument 'alpha_min'
353,0.3,0.9,0.2,120,43,inf,inf,inf,0.0,0.0,False,False,TabularQL.__init__() got an unexpected keyword argument 'alpha_min'
354,0.3,0.9,0.2,120,44,inf,inf,inf,0.0,0.0,False,False,TabularQL.__init__() got an unexpected keyword argument 'alpha_min'
355,0.3,0.9,0.2,144,42,inf,inf,inf,0.0,0.0,False,False,TabularQL.__init__() got an unexpected keyword argument 'alpha_min'
356,0.3,0.9,0.2,144,43,inf,inf,inf,0.0,0.0,False,False,TabularQL.__init__() got an unexpected keyword argument 'alpha_min'
357,0.3,0.9,0.2,144,44,inf,inf,inf,0.0,0.0,False,False,TabularQL.__init__() got an unexpected keyword argument 'alpha_min'
358,0.3,0.9,0.2,168,42,inf,inf,inf,0.0,0.0,False,False,TabularQL.__init__() got an unexpected keyword argument 'alpha_min'
359,0.3,0.9,0.2,168,43,inf,inf,inf,0.0,0.0,False,False,TabularQL.__init__() got an unexpected keyword argument 'alpha_min'
360,0.3,0.9,0.2,168,44,inf,inf,inf,0.0,0.0,False,False,TabularQL.__init__() got an unexpected keyword argument 'alpha_min'
361,0.3,0.92,0.1,96,42,inf,inf,inf,0.0,0.0,False,False,TabularQL.__init__() got an unexpected keyword argument 'alpha_min'
362,0.3,0.92,0.1,96,43,inf,inf,inf,0.0,0.0,False,False,TabularQL.__init__() got an unexpected keyword argument 'alpha_min'
363,0.3,0.92,0.1,96,44,inf,inf,inf,0.0,0.0,False,False,TabularQL.__init__() got an unexpected keyword argument 'alpha_min'
364,0.3,0.92,0.1,120,42,inf,inf,inf,0.0,0.0,False,False,TabularQL.__init__() got an unexpected keyword argument 'alpha_min'
365,0.3,0.92,0.1,120,43,inf,inf,inf,0.0,0.0,False,False,TabularQL.__init__() got an unexpected keyword argument 'alpha_min'
366,0.3,0.92,0.1,120,44,inf,inf,inf,0.0,0.0,False,False,TabularQL.__init__() got an unexpected keyword argument 'alpha_min'
367,0.3,0.92,0.1,144,42,inf,inf,inf,0.0,0.0,False,False,TabularQL.__init__() got an unexpected keyword argument 'alpha_min'
368,0.3,0.92,0.1,144,43,inf,inf,inf,0.0,0.0,False,False,TabularQL.__init__() got an unexpected keyword argument 'alpha_min'
369,0.3,0.92,0.1,144,44,inf,inf,inf,0.0,0.0,False,False,TabularQL.__init__() got an unexpected keyword argument 'alpha_min'
370,0.3,0.92,0.1,168,42,inf,inf,inf,0.0,0.0,False,False,TabularQL.__init__() got an unexpected keyword argument 'alpha_min'
371,0.3,0.92,0.1,168,43,inf,inf,inf,0.0,0.0,False,False,TabularQL.__init__() got an unexpected keyword argument 'alpha_min'
372,0.3,0.92,0.1,168,44,inf,inf,inf,0.0,0.0,False,False,TabularQL.__init__() got an unexpected keyword argument 'alpha_min'
373,0.3,0.92,0.12,96,42,inf,inf,inf,0.0,0.0,False,False,TabularQL.__init__() got an unexpected keyword argument 'alpha_min'
374,0.3,0.92,0.12,96,43,inf,inf,inf,0.0,0.0,False,False,TabularQL.__init__() got an unexpected keyword argument 'alpha_min'
375,0.3,0.92,0.12,96,44,inf,inf,inf,0.0,0.0,False,False,TabularQL.__init__() got an unexpected keyword argument 'alpha_min'
376,0.3,0.92,0.12,120,42,inf,inf,inf,0.0,0.0,False,False,TabularQL.__init__() got an unexpected keyword argument 'alpha_min'
377,0.3,0.92,0.12,120,43,inf,inf,inf,0.0,0.0,False,False,TabularQL.__init__() got an unexpected keyword argument 'alpha_min'
378,0.3,0.92,0.12,120,44,inf,inf,inf,0.0,0.0,False,False,TabularQL.__init__() got an unexpected keyword argument 'alpha_min'
379,0.3,0.92,0.12,144,42,inf,inf,inf,0.0,0.0,False,False,TabularQL.__init__() got an unexpected keyword argument 'alpha_min'
380,0.3,0.92,0.12,144,43,inf,inf,inf,0.0,0.0,False,False,TabularQL.__init__() got an unexpected keyword argument 'alpha_min'
381,0.3,0.92,0.12,144,44,inf,inf,inf,0.0,0.0,False,False,TabularQL.__init__() got an unexpected keyword argument 'alpha_min'
382,0.3,0.92,0.12,168,42,inf,inf,inf,0.0,0.0,False,False,TabularQL.__init__() got an unexpected keyword argument 'alpha_min'
383,0.3,0.92,0.12,168,43,inf,inf,inf,0.0,0.0,False,False,TabularQL.__init__() got an unexpected keyword argument 'alpha_min'
384,0.3,0.92,0.12,168,44,inf,inf,inf,0.0,0.0,False,False,TabularQL.__init__() got an unexpected keyword argument 'alpha_min'
385,0.3,0.92,0.15,96,42,inf,inf,inf,0.0,0.0,False,False,TabularQL.__init__() got an unexpected keyword argument 'alpha_min'
386,0.3,0.92,0.15,96,43,inf,inf,inf,0.0,0.0,False,False,TabularQL.__init__() got an unexpected keyword argument 'alpha_min'
387,0.3,0.92,0.15,96,44,inf,inf,inf,0.0,0.0,False,False,TabularQL.__init__() got an unexpected keyword argument 'alpha_min'
388,0.3,0.92,0.15,120,42,inf,inf,inf,0.0,0.0,False,False,TabularQL.__init__() got an unexpected keyword argument 'alpha_min'
389,0.3,0.92,0.15,120,43,inf,inf,inf,0.0,0.0,False,False,TabularQL.__init__() got an unexpected keyword argument 'alpha_min'
390,0.3,0.92,0.15,120,44,inf,inf,inf,0.0,0.0,False,False,TabularQL.__init__() got an unexpected keyword argument 'alpha_min'
391,0.3,0.92,0.15,144,42,inf,inf,inf,0.0,0.0,False,False,TabularQL.__init__() got an unexpected keyword argument 'alpha_min'
392,0.3,0.92,0.15,144,43,inf,inf,inf,0.0,0.0,False,False,TabularQL.__init__() got an unexpected keyword argument 'alpha_min'
393,0.3,0.92,0.15,144,44,inf,inf,inf,0.0,0.0,False,False,TabularQL.__init__() got an unexpected keyword argument 'alpha_min'
394,0.3,0.92,0.15,168,42,inf,inf,inf,0.0,0.0,False,False,TabularQL.__init__() got an unexpected keyword argument 'alpha_min'
395,0.3,0.92,0.15,168,43,inf,inf,inf,0.0,0.0,False,False,TabularQL.__init__() got an unexpected keyword argument 'alpha_min'
396,0.3,0.92,0.15,168,44,inf,inf,inf,0.0,0.0,False,False,TabularQL.__init__() got an unexpected keyword argument 'alpha_min'
397,0.3,0.92,0.18,96,42,inf,inf,inf,0.0,0.0,False,False,TabularQL.__init__() got an unexpected keyword argument 'alpha_min'
398,0.3,0.92,0.18,96,43,inf,inf,inf,0.0,0.0,False,False,TabularQL.__init__() got an unexpected keyword argument 'alpha_min'
399,0.3,0.92,0.18,96,44,inf,inf,inf,0.0,0.0,False,False,TabularQL.__init__() got an unexpected keyword argument 'alpha_min'
400,0.3,0.92,0.18,120,42,inf,inf,inf,0.0,0.0,False,False,TabularQL.__init__() got an unexpected keyword argument 'alpha_min'
401,0.3,0.92,0.18,120,43,inf,inf,inf,0.0,0.0,False,False,TabularQL.__init__() got an unexpected keyword argument 'alpha_min'
402,0.3,0.92,0.18,120,44,inf,inf,inf,0.0,0.0,False,False,TabularQL.__init__() got an unexpected keyword argument 'alpha_min'
403,0.3,0.92,0.18,144,42,inf,inf,inf,0.0,0.0,False,False,TabularQL.__init__() got an unexpected keyword argument 'alpha_min'
404,0.3,0.92,0.18,144,43,inf,inf,inf,0.0,0.0,False,False,TabularQL.__init__() got an unexpected keyword argument 'alpha_min'
405,0.3,0.92,0.18,144,44,inf,inf,inf,0.0,0.0,False,False,TabularQL.__init__() got an unexpected keyword argument 'alpha_min'
406,0.3,0.92,0.18,168,42,inf,inf,inf,0.0,0.0,False,False,TabularQL.__init__() got an unexpected keyword argument 'alpha_min'
407,0.3,0.92,0.18,168,43,inf,inf,inf,0.0,0.0,False,False,TabularQL.__init__() got an unexpected keyword argument 'alpha_min'
408,0.3,0.92,0.18,168,44,inf,inf,inf,0.0,0.0,False,False,TabularQL.__init__() got an unexpected keyword argument 'alpha_min'
409,0.3,0.92,0.2,96,42,inf,inf,inf,0.0,0.0,False,False,TabularQL.__init__() got an unexpected keyword argument 'alpha_min'
410,0.3,0.92,0.2,96,43,inf,inf,inf,0.0,0.0,False,False,TabularQL.__init__() got an unexpected keyword argument 'alpha_min'
411,0.3,0.92,0.2,96,44,inf,inf,inf,0.0,0.0,False,False,TabularQL.__init__() got an unexpected keyword argument 'alpha_min'
412,0.3,0.92,0.2,120,42,inf,inf,inf,0.0,0.0,False,False,TabularQL.__init__() got an unexpected keyword argument 'alpha_min'
413,0.3,0.92,0.2,120,43,inf,inf,inf,0.0,0.0,False,False,TabularQL.__init__() got an unexpected keyword argument 'alpha_min'
414,0.3,0.92,0.2,120,44,inf,inf,inf,0.0,0.0,False,False,TabularQL.__init__() got an unexpected keyword argument 'alpha_min'
415,0.3,0.92,0.2,144,42,inf,inf,inf,0.0,0.0,False,False,TabularQL.__init__() got an unexpected keyword argument 'alpha_min'
416,0.3,0.92,0.2,144,43,inf,inf,inf,0.0,0.0,False,False,TabularQL.__init__() got an unexpected keyword argument 'alpha_min'
417,0.3,0.92,0.2,144,44,inf,inf,inf,0.0,0.0,False,False,TabularQL.__init__() got an unexpected keyword argument 'alpha_min'
418,0.3,0.92,0.2,168,42,inf,inf,inf,0.0,0.0,False,False,TabularQL.__init__() got an unexpected keyword argument 'alpha_min'
419,0.3,0.92,0.2,168,43,inf,inf,inf,0.0,0.0,False,False,TabularQL.__init__() got an unexpected keyword argument 'alpha_min'
420,0.3,0.92,0.2,168,44,inf,inf,inf,0.0,0.0,False,False,TabularQL.__init__() got an unexpected keyword argument 'alpha_min'
421,0.3,0.95,0.1,96,42,inf,inf,inf,0.0,0.0,False,False,TabularQL.__init__() got an unexpected keyword argument 'alpha_min'
422,0.3,0.95,0.1,96,43,inf,inf,inf,0.0,0.0,False,False,TabularQL.__init__() got an unexpected keyword argument 'alpha_min'
423,0.3,0.95,0.1,96,44,inf,inf,inf,0.0,0.0,False,False,TabularQL.__init__() got an unexpected keyword argument 'alpha_min'
424,0.3,0.95,0.1,120,42,inf,inf,inf,0.0,0.0,False,False,TabularQL.__init__() got an unexpected keyword argument 'alpha_min'
425,0.3,0.95,0.1,120,43,inf,inf,inf,0.0,0.0,False,False,TabularQL.__init__() got an unexpected keyword argument 'alpha_min'
426,0.3,0.95,0.1,120,44,inf,inf,inf,0.0,0.0,False,False,TabularQL.__init__() got an unexpected keyword argument 'alpha_min'
427,0.3,0.95,0.1,144,42,inf,inf,inf,0.0,0.0,False,False,TabularQL.__init__() got an unexpected keyword argument 'alpha_min'
428,0.3,0.95,0.1,144,43,inf,inf,inf,0.0,0.0,False,False,TabularQL.__init__() got an unexpected keyword argument 'alpha_min'
429,0.3,0.95,0.1,144,44,inf,inf,inf,0.0,0.0,False,False,TabularQL.__init__() got an unexpected keyword argument 'alpha_min'
430,0.3,0.95,0.1,168,42,inf,inf,inf,0.0,0.0,False,False,TabularQL.__init__() got an unexpected keyword argument 'alpha_min'
431,0.3,0.95,0.1,168,43,inf,inf,inf,0.0,0.0,False,False,TabularQL.__init__() got an unexpected keyword argument 'alpha_min'
432,0.3,0.95,0.1,168,44,inf,inf,inf,0.0,0.0,False,False,TabularQL.__init__() got an unexpected keyword argument 'alpha_min'
433,0.3,0.95,0.12,96,42,inf,inf,inf,0.0,0.0,False,False,TabularQL.__init__() got an unexpected keyword argument 'alpha_min'
434,0.3,0.95,0.12,96,43,inf,inf,inf,0.0,0.0,False,False,TabularQL.__init__() got an unexpected keyword argument 'alpha_min'
435,0.3,0.95,0.12,96,44,inf,inf,inf,0.0,0.0,False,False,TabularQL.__init__() got an unexpected keyword argument 'alpha_min'
436,0.3,0.95,0.12,120,42,inf,inf,inf,0.0,0.0,False,False,TabularQL.__init__() got an unexpected keyword argument 'alpha_min'
437,0.3,0.95,0.12,120,43,inf,inf,inf,0.0,0.0,False,False,TabularQL.__init__() got an unexpected keyword argument 'alpha_min'
438,0.3,0.95,0.12,120,44,inf,inf,inf,0.0,0.0,False,False,TabularQL.__init__() got an unexpected keyword argument 'alpha_min'
439,0.3,0.95,0.12,144,42,inf,inf,inf,0.0,0.0,False,False,TabularQL.__init__() got an unexpected keyword argument 'alpha_min'
440,0.3,0.95,0.12,144,43,inf,inf,inf,0.0,0.0,False,False,TabularQL.__init__() got an unexpected keyword argument 'alpha_min'
441,0.3,0.95,0.12,144,44,inf,inf,inf,0.0,0.0,False,False,TabularQL.__init__() got an unexpected keyword argument 'alpha_min'
442,0.3,0.95,0.12,168,42,inf,inf,inf,0.0,0.0,False,False,TabularQL.__init__() got an unexpected keyword argument 'alpha_min'
443,0.3,0.95,0.12,168,43,inf,inf,inf,0.0,0.0,False,False,TabularQL.__init__() got an unexpected keyword argument 'alpha_min'
444,0.3,0.95,0.12,168,44,inf,inf,inf,0.0,0.0,False,False,TabularQL.__init__() got an unexpected keyword argument 'alpha_min'
445,0.3,0.95,0.15,96,42,inf,inf,inf,0.0,0.0,False,False,TabularQL.__init__() got an unexpected keyword argument 'alpha_min'
446,0.3,0.95,0.15,96,43,inf,inf,inf,0.0,0.0,False,False,TabularQL.__init__() got an unexpected keyword argument 'alpha_min'
447,0.3,0.95,0.15,96,44,inf,inf,inf,0.0,0.0,False,False,TabularQL.__init__() got an unexpected keyword argument 'alpha_min'
448,0.3,0.95,0.15,120,42,inf,inf,inf,0.0,0.0,False,False,TabularQL.__init__() got an unexpected keyword argument 'alpha_min'
449,0.3,0.95,0.15,120,43,inf,inf,inf,0.0,0.0,False,False,TabularQL.__init__() got an unexpected keyword argument 'alpha_min'
450,0.3,0.95,0.15,120,44,inf,inf,inf,0.0,0.0,False,False,TabularQL.__init__() got an unexpected keyword argument 'alpha_min'
451,0.3,0.95,0.15,144,42,inf,inf,inf,0.0,0.0,False,False,TabularQL.__init__() got an unexpected keyword argument 'alpha_min'
452,0.3,0.95,0.15,144,43,inf,inf,inf,0.0,0.0,False,False,TabularQL.__init__() got an unexpected keyword argument 'alpha_min'
453,0.3,0.95,0.15,144,44,inf,inf,inf,0.0,0.0,False,False,TabularQL.__init__() got an unexpected keyword argument 'alpha_min'
454,0.3,0.95,0.15,168,42,inf,inf,inf,0.0,0.0,False,False,TabularQL.__init__() got an unexpected keyword argument 'alpha_min'
455,0.3,0.95,0.15,168,43,inf,inf,inf,0.0,0.0,False,False,TabularQL.__init__() got an unexpected keyword argument 'alpha_min'
456,0.3,0.95,0.15,168,44,inf,inf,inf,0.0,0.0,False,False,TabularQL.__init__() got an unexpected keyword argument 'alpha_min'
457,0.3,0.95,0.18,96,42,inf,inf,inf,0.0,0.0,False,False,TabularQL.__init__() got an unexpected keyword argument 'alpha_min'
458,0.3,0.95,0.18,96,43,inf,inf,inf,0.0,0.0,False,False,TabularQL.__init__() got an unexpected keyword argument 'alpha_min'
459,0.3,0.95,0.18,96,44,inf,inf,inf,0.0,0.0,False,False,TabularQL.__init__() got an unexpected keyword argument 'alpha_min'
460,0.3,0.95,0.18,120,42,inf,inf,inf,0.0,0.0,False,False,TabularQL.__init__() got an unexpected keyword argument 'alpha_min'
461,0.3,0.95,0.18,120,43,inf,inf,inf,0.0,0.0,False,False,TabularQL.__init__() got an unexpected keyword argument 'alpha_min'
462,0.3,0.95,0.18,120,44,inf,inf,inf,0.0,0.0,False,False,TabularQL.__init__() got an unexpected keyword argument 'alpha_min'
463,0.3,0.95,0.18,144,42,inf,inf,inf,0.0,0.0,False,False,TabularQL.__init__() got an unexpected keyword argument 'alpha_min'
464,0.3,0.95,0.18,144,43,inf,inf,inf,0.0,0.0,False,False,TabularQL.__init__() got an unexpected keyword argument 'alpha_min'
465,0.3,0.95,0.18,144,44,inf,inf,inf,0.0,0.0,False,False,TabularQL.__init__() got an unexpected keyword argument 'alpha_min'
466,0.3,0.95,0.18,168,42,inf,inf,inf,0.0,0.0,False,False,TabularQL.__init__() got an unexpected keyword argument 'alpha_min'
467,0.3,0.95,0.18,168,43,inf,inf,inf,0.0,0.0,False,False,TabularQL.__init__() got an unexpected keyword argument 'alpha_min'
468,0.3,0.95,0.18,168,44,inf,inf,inf,0.0,0.0,False,False,TabularQL.__init__() got an unexpected keyword argument 'alpha_min'
469,0.3,0.95,0.2,96,42,inf,inf,inf,0.0,0.0,False,False,TabularQL.__init__() got an unexpected keyword argument 'alpha_min'
470,0.3,0.95,0.2,96,43,inf,inf,inf,0.0,0.0,False,False,TabularQL.__init__() got an unexpected keyword argument 'alpha_min'
471,0.3,0.95,0.2,96,44,inf,inf,inf,0.0,0.0,False,False,TabularQL.__init__() got an unexpected keyword argument 'alpha_min'
472,0.3,0.95,0.2,120,42,inf,inf,inf,0.0,0.0,False,False,TabularQL.__init__() got an unexpected keyword argument 'alpha_min'
473,0.3,0.95,0.2,120,43,inf,inf,inf,0.0,0.0,False,False,TabularQL.__init__() got an unexpected keyword argument 'alpha_min'
474,0.3,0.95,0.2,120,44,inf,inf,inf,0.0,0.0,False,False,TabularQL.__init__() got an unexpected keyword argument 'alpha_min'
475,0.3,0.95,0.2,144,42,inf,inf,inf,0.0,0.0,False,False,TabularQL.__init__() got an unexpected keyword argument 'alpha_min'
476,0.3,0.95,0.2,144,43,inf,inf,inf,0.0,0.0,False,False,TabularQL.__init__() got an unexpected keyword argument 'alpha_min'
477,0.3,0.95,0.2,144,44,inf,inf,inf,0.0,0.0,False,False,TabularQL.__init__() got an unexpected keyword argument 'alpha_min'
478,0.3,0.95,0.2,168,42,inf,inf,inf,0.0,0.0,False,False,TabularQL.__init__() got an unexpected keyword argument 'alpha_min'
479,0.3,0.95,0.2,168,43,inf,inf,inf,0.0,0.0,False,False,TabularQL.__init__() got an unexpected keyword argument 'alpha_min'
480,0.3,0.95,0.2,168,44,inf,inf,inf,0.0,0.0,False,False,TabularQL.__init__() got an unexpected keyword argument 'alpha_min'
481,0.35,0.88,0.1,96,42,inf,inf,inf,0.0,0.0,False,False,TabularQL.__init__() got an unexpected keyword argument 'alpha_min'
482,0.35,0.88,0.1,96,43,inf,inf,inf,0.0,0.0,False,False,TabularQL.__init__() got an unexpected keyword argument 'alpha_min'
483,0.35,0.88,0.1,96,44,inf,inf,inf,0.0,0.0,False,False,TabularQL.__init__() got an unexpected keyword argument 'alpha_min'
484,0.35,0.88,0.1,120,42,inf,inf,inf,0.0,0.0,False,False,TabularQL.__init__() got an unexpected keyword argument 'alpha_min'
485,0.35,0.88,0.1,120,43,inf,inf,inf,0.0,0.0,False,False,TabularQL.__init__() got an unexpected keyword argument 'alpha_min'
486,0.35,0.88,0.1,120,44,inf,inf,inf,0.0,0.0,False,False,TabularQL.__init__() got an unexpected keyword argument 'alpha_min'
487,0.35,0.88,0.1,144,42,inf,inf,inf,0.0,0.0,False,False,TabularQL.__init__() got an unexpected keyword argument 'alpha_min'
488,0.35,0.88,0.1,144,43,inf,inf,inf,0.0,0.0,False,False,TabularQL.__init__() got an unexpected keyword argument 'alpha_min'
489,0.35,0.88,0.1,144,44,inf,inf,inf,0.0,0.0,False,False,TabularQL.__init__() got an unexpected keyword argument 'alpha_min'
490,0.35,0.88,0.1,168,42,inf,inf,inf,0.0,0.0,False,False,TabularQL.__init__() got an unexpected keyword argument 'alpha_min'
491,0.35,0.88,0.1,168,43,inf,inf,inf,0.0,0.0,False,False,TabularQL.__init__() got an unexpected keyword argument 'alpha_min'
492,0.35,0.88,0.1,168,44,inf,inf,inf,0.0,0.0,False,False,TabularQL.__init__() got an unexpected keyword argument 'alpha_min'
493,0.35,0.88,0.12,96,42,inf,inf,inf,0.0,0.0,False,False,TabularQL.__init__() got an unexpected keyword argument 'alpha_min'
494,0.35,0.88,0.12,96,43,inf,inf,inf,0.0,0.0,False,False,TabularQL.__init__() got an unexpected keyword argument 'alpha_min'
495,0.35,0.88,0.12,96,44,inf,inf,inf,0.0,0.0,False,False,TabularQL.__init__() got an unexpected keyword argument 'alpha_min'
496,0.35,0.88,0.12,120,42,inf,inf,inf,0.0,0.0,False,False,TabularQL.__init__() got an unexpected keyword argument 'alpha_min'
497,0.35,0.88,0.12,120,43,inf,inf,inf,0.0,0.0,False,False,TabularQL.__init__() got an unexpected keyword argument 'alpha_min'
498,0.35,0.88,0.12,120,44,inf,inf,inf,0.0,0.0,False,False,TabularQL.__init__() got an unexpected keyword argument 'alpha_min'
499,0.35,0.88,0.12,144,42,inf,inf,inf,0.0,0.0,False,False,TabularQL.__init__() got an unexpected keyword argument 'alpha_min'
500,0.35,0.88,0.12,144,43,inf,inf,inf,0.0,0.0,False,False,TabularQL.__init__() got an unexpected keyword argument 'alpha_min'
501,0.35,0.88,0.12,144,44,inf,inf,inf,0.0,0.0,False,False,TabularQL.__init__() got an unexpected keyword argument 'alpha_min'
502,0.35,0.88,0.12,168,42,inf,inf,inf,0.0,0.0,False,False,TabularQL.__init__() got an unexpected keyword argument 'alpha_min'
503,0.35,0.88,0.12,168,43,inf,inf,inf,0.0,0.0,False,False,TabularQL.__init__() got an unexpected keyword argument 'alpha_min'
504,0.35,0.88,0.12,168,44,inf,inf,inf,0.0,0.0,False,False,TabularQL.__init__() got an unexpected keyword argument 'alpha_min'
505,0.35,0.88,0.15,96,42,inf,inf,inf,0.0,0.0,False,False,TabularQL.__init__() got an unexpected keyword argument 'alpha_min'
506,0.35,0.88,0.15,96,43,inf,inf,inf,0.0,0.0,False,False,TabularQL.__init__() got an unexpected keyword argument 'alpha_min'
507,0.35,0.88,0.15,96,44,inf,inf,inf,0.0,0.0,False,False,TabularQL.__init__() got an unexpected keyword argument 'alpha_min'
508,0.35,0.88,0.15,120,42,inf,inf,inf,0.0,0.0,False,False,TabularQL.__init__() got an unexpected keyword argument 'alpha_min'
509,0.35,0.88,0.15,120,43,inf,inf,inf,0.0,0.0,False,False,TabularQL.__init__() got an unexpected keyword argument 'alpha_min'
510,0.35,0.88,0.15,120,44,inf,inf,inf,0.0,0.0,False,False,TabularQL.__init__() got an unexpected keyword argument 'alpha_min'
511,0.35,0.88,0.15,144,42,inf,inf,inf,0.0,0.0,False,False,TabularQL.__init__() got an unexpected keyword argument 'alpha_min'
512,0.35,0.88,0.15,144,43,inf,inf,inf,0.0,0.0,False,False,TabularQL.__init__() got an unexpected keyword argument 'alpha_min'
513,0.35,0.88,0.15,144,44,inf,inf,inf,0.0,0.0,False,False,TabularQL.__init__() got an unexpected keyword argument 'alpha_min'
514,0.35,0.88,0.15,168,42,inf,inf,inf,0.0,0.0,False,False,TabularQL.__init__() got an unexpected keyword argument 'alpha_min'
515,0.35,0.88,0.15,168,43,inf,inf,inf,0.0,0.0,False,False,TabularQL.__init__() got an unexpected keyword argument 'alpha_min'
516,0.35,0.88,0.15,168,44,inf,inf,inf,0.0,0.0,False,False,TabularQL.__init__() got an unexpected keyword argument 'alpha_min'
517,0.35,0.88,0.18,96,42,inf,inf,inf,0.0,0.0,False,False,TabularQL.__init__() got an unexpected keyword argument 'alpha_min'
518,0.35,0.88,0.18,96,43,inf,inf,inf,0.0,0.0,False,False,TabularQL.__init__() got an unexpected keyword argument 'alpha_min'
519,0.35,0.88,0.18,96,44,inf,inf,inf,0.0,0.0,False,False,TabularQL.__init__() got an unexpected keyword argument 'alpha_min'
520,0.35,0.88,0.18,120,42,inf,inf,inf,0.0,0.0,False,False,TabularQL.__init__() got an unexpected keyword argument 'alpha_min'
521,0.35,0.88,0.18,120,43,inf,inf,inf,0.0,0.0,False,False,TabularQL.__init__() got an unexpected keyword argument 'alpha_min'
522,0.35,0.88,0.18,120,44,inf,inf,inf,0.0,0.0,False,False,TabularQL.__init__() got an unexpected keyword argument 'alpha_min'
523,0.35,0.88,0.18,144,42,inf,inf,inf,0.0,0.0,False,False,TabularQL.__init__() got an unexpected keyword argument 'alpha_min'
524,0.35,0.88,0.18,144,43,inf,inf,inf,0.0,0.0,False,False,TabularQL.__init__() got an unexpected keyword argument 'alpha_min'
525,0.35,0.88,0.18,144,44,inf,inf,inf,0.0,0.0,False,False,TabularQL.__init__() got an unexpected keyword argument 'alpha_min'
526,0.35,0.88,0.18,168,42,inf,inf,inf,0.0,0.0,False,False,TabularQL.__init__() got an unexpected keyword argument 'alpha_min'
527,0.35,0.88,0.18,168,43,inf,inf,inf,0.0,0.0,False,False,TabularQL.__init__() got an unexpected keyword argument 'alpha_min'
528,0.35,0.88,0.18,168,44,inf,inf,inf,0.0,0.0,False,False,TabularQL.__init__() got an unexpected keyword argument 'alpha_min'
529,0.35,0.88,0.2,96,42,inf,inf,inf,0.0,0.0,False,False,TabularQL.__init__() got an unexpected keyword argument 'alpha_min'
530,0.35,0.88,0.2,96,43,inf,inf,inf,0.0,0.0,False,False,TabularQL.__init__() got an unexpected keyword argument 'alpha_min'
531,0.35,0.88,0.2,96,44,inf,inf,inf,0.0,0.0,False,False,TabularQL.__init__() got an unexpected keyword argument 'alpha_min'
532,0.35,0.88,0.2,120,42,inf,inf,inf,0.0,0.0,False,False,TabularQL.__init__() got an unexpected keyword argument 'alpha_min'
533,0.35,0.88,0.2,120,43,inf,inf,inf,0.0,0.0,False,False,TabularQL.__init__() got an unexpected keyword argument 'alpha_min'
534,0.35,0.88,0.2,120,44,inf,inf,inf,0.0,0.0,False,False,TabularQL.__init__() got an unexpected keyword argument 'alpha_min'
535,0.35,0.88,0.2,144,42,inf,inf,inf,0.0,0.0,False,False,TabularQL.__init__() got an unexpected keyword argument 'alpha_min'
536,0.35,0.88,0.2,144,43,inf,inf,inf,0.0,0.0,False,False,TabularQL.__init__() got an unexpected keyword argument 'alpha_min'
537,0.35,0.88,0.2,144,44,inf,inf,inf,0.0,0.0,False,False,TabularQL.__init__() got an unexpected keyword argument 'alpha_min'
538,0.35,0.88,0.2,168,42,inf,inf,inf,0.0,0.0,False,False,TabularQL.__init__() got an unexpected keyword argument 'alpha_min'
539,0.35,0.88,0.2,168,43,inf,inf,inf,0.0,0.0,False,False,TabularQL.__init__() got an unexpected keyword argument 'alpha_min'
540,0.35,0.88,0.2,168,44,inf,inf,inf,0.0,0.0,False,False,TabularQL.__init__() got an unexpected keyword argument 'alpha_min'
541,0.35,0.9,0.1,96,42,inf,inf,inf,0.0,0.0,False,False,TabularQL.__init__() got an unexpected keyword argument 'alpha_min'
542,0.35,0.9,0.1,96,43,inf,inf,inf,0.0,0.0,False,False,TabularQL.__init__() got an unexpected keyword argument 'alpha_min'
543,0.35,0.9,0.1,96,44,inf,inf,inf,0.0,0.0,False,False,TabularQL.__init__() got an unexpected keyword argument 'alpha_min'
544,0.35,0.9,0.1,120,42,inf,inf,inf,0.0,0.0,False,False,TabularQL.__init__() got an unexpected keyword argument 'alpha_min'
545,0.35,0.9,0.1,120,43,inf,inf,inf,0.0,0.0,False,False,TabularQL.__init__() got an unexpected keyword argument 'alpha_min'
546,0.35,0.9,0.1,120,44,inf,inf,inf,0.0,0.0,False,False,TabularQL.__init__() got an unexpected keyword argument 'alpha_min'
547,0.35,0.9,0.1,144,42,inf,inf,inf,0.0,0.0,False,False,TabularQL.__init__() got an unexpected keyword argument 'alpha_min'
548,0.35,0.9,0.1,144,43,inf,inf,inf,0.0,0.0,False,False,TabularQL.__init__() got an unexpected keyword argument 'alpha_min'
549,0.35,0.9,0.1,144,44,inf,inf,inf,0.0,0.0,False,False,TabularQL.__init__() got an unexpected keyword argument 'alpha_min'
550,0.35,0.9,0.1,168,42,inf,inf,inf,0.0,0.0,False,False,TabularQL.__init__() got an unexpected keyword argument 'alpha_min'
551,0.35,0.9,0.1,168,43,inf,inf,inf,0.0,0.0,False,False,TabularQL.__init__() got an unexpected keyword argument 'alpha_min'
552,0.35,0.9,0.1,168,44,inf,inf,inf,0.0,0.0,False,False,TabularQL.__init__() got an unexpected keyword argument 'alpha_min'
553,0.35,0.9,0.12,96,42,inf,inf,inf,0.0,0.0,False,False,TabularQL.__init__() got an unexpected keyword argument 'alpha_min'
554,0.35,0.9,0.12,96,43,inf,inf,inf,0.0,0.0,False,False,TabularQL.__init__() got an unexpected keyword argument 'alpha_min'
555,0.35,0.9,0.12,96,44,inf,inf,inf,0.0,0.0,False,False,TabularQL.__init__() got an unexpected keyword argument 'alpha_min'
556,0.35,0.9,0.12,120,42,inf,inf,inf,0.0,0.0,False,False,TabularQL.__init__() got an unexpected keyword argument 'alpha_min'
557,0.35,0.9,0.12,120,43,inf,inf,inf,0.0,0.0,False,False,TabularQL.__init__() got an unexpected keyword argument 'alpha_min'
558,0.35,0.9,0.12,120,44,inf,inf,inf,0.0,0.0,False,False,TabularQL.__init__() got an unexpected keyword argument 'alpha_min'
559,0.35,0.9,0.12,144,42,inf,inf,inf,0.0,0.0,False,False,TabularQL.__init__() got an unexpected keyword argument 'alpha_min'
560,0.35,0.9,0.12,144,43,inf,inf,inf,0.0,0.0,False,False,TabularQL.__init__() got an unexpected keyword argument 'alpha_min'
561,0.35,0.9,0.12,144,44,inf,inf,inf,0.0,0.0,False,False,TabularQL.__init__() got an unexpected keyword argument 'alpha_min'
562,0.35,0.9,0.12,168,42,inf,inf,inf,0.0,0.0,False,False,TabularQL.__init__() got an unexpected keyword argument 'alpha_min'
563,0.35,0.9,0.12,168,43,inf,inf,inf,0.0,0.0,False,False,TabularQL.__init__() got an unexpected keyword argument 'alpha_min'
564,0.35,0.9,0.12,168,44,inf,inf,inf,0.0,0.0,False,False,TabularQL.__init__() got an unexpected keyword argument 'alpha_min'
565,0.35,0.9,0.15,96,42,inf,inf,inf,0.0,0.0,False,False,TabularQL.__init__() got an unexpected keyword argument 'alpha_min'
566,0.35,0.9,0.15,96,43,inf,inf,inf,0.0,0.0,False,False,TabularQL.__init__() got an unexpected keyword argument 'alpha_min'
567,0.35,0.9,0.15,96,44,inf,inf,inf,0.0,0.0,False,False,TabularQL.__init__() got an unexpected keyword argument 'alpha_min'
568,0.35,0.9,0.15,120,42,inf,inf,inf,0.0,0.0,False,False,TabularQL.__init__() got an unexpected keyword argument 'alpha_min'
569,0.35,0.9,0.15,120,43,inf,inf,inf,0.0,0.0,False,False,TabularQL.__init__() got an unexpected keyword argument 'alpha_min'
570,0.35,0.9,0.15,120,44,inf,inf,inf,0.0,0.0,False,False,TabularQL.__init__() got an unexpected keyword argument 'alpha_min'
571,0.35,0.9,0.15,144,42,inf,inf,inf,0.0,0.0,False,False,TabularQL.__init__() got an unexpected keyword argument 'alpha_min'
572,0.35,0.9,0.15,144,43,inf,inf,inf,0.0,0.0,False,False,TabularQL.__init__() got an unexpected keyword argument 'alpha_min'
573,0.35,0.9,0.15,144,44,inf,inf,inf,0.0,0.0,False,False,TabularQL.__init__() got an unexpected keyword argument 'alpha_min'
574,0.35,0.9,0.15,168,42,inf,inf,inf,0.0,0.0,False,False,TabularQL.__init__() got an unexpected keyword argument 'alpha_min'
575,0.35,0.9,0.15,168,43,inf,inf,inf,0.0,0.0,False,False,TabularQL.__init__() got an unexpected keyword argument 'alpha_min'
576,0.35,0.9,0.15,168,44,inf,inf,inf,0.0,0.0,False,False,TabularQL.__init__() got an unexpected keyword argument 'alpha_min'
577,0.35,0.9,0.18,96,42,inf,inf,inf,0.0,0.0,False,False,TabularQL.__init__() got an unexpected keyword argument 'alpha_min'
578,0.35,0.9,0.18,96,43,inf,inf,inf,0.0,0.0,False,False,TabularQL.__init__() got an unexpected keyword argument 'alpha_min'
579,0.35,0.9,0.18,96,44,inf,inf,inf,0.0,0.0,False,False,TabularQL.__init__() got an unexpected keyword argument 'alpha_min'
580,0.35,0.9,0.18,120,42,inf,inf,inf,0.0,0.0,False,False,TabularQL.__init__() got an unexpected keyword argument 'alpha_min'
581,0.35,0.9,0.18,120,43,inf,inf,inf,0.0,0.0,False,False,TabularQL.__init__() got an unexpected keyword argument 'alpha_min'
582,0.35,0.9,0.18,120,44,inf,inf,inf,0.0,0.0,False,False,TabularQL.__init__() got an unexpected keyword argument 'alpha_min'
583,0.35,0.9,0.18,144,42,inf,inf,inf,0.0,0.0,False,False,TabularQL.__init__() got an unexpected keyword argument 'alpha_min'
584,0.35,0.9,0.18,144,43,inf,inf,inf,0.0,0.0,False,False,TabularQL.__init__() got an unexpected keyword argument 'alpha_min'
585,0.35,0.9,0.18,144,44,inf,inf,inf,0.0,0.0,False,False,TabularQL.__init__() got an unexpected keyword argument 'alpha_min'
586,0.35,0.9,0.18,168,42,inf,inf,inf,0.0,0.0,False,False,TabularQL.__init__() got an unexpected keyword argument 'alpha_min'
587,0.35,0.9,0.18,168,43,inf,inf,inf,0.0,0.0,False,False,TabularQL.__init__() got an unexpected keyword argument 'alpha_min'
588,0.35,0.9,0.18,168,44,inf,inf,inf,0.0,0.0,False,False,TabularQL.__init__() got an unexpected keyword argument 'alpha_min'
589,0.35,0.9,0.2,96,42,inf,inf,inf,0.0,0.0,False,False,TabularQL.__init__() got an unexpected keyword argument 'alpha_min'
590,0.35,0.9,0.2,96,43,inf,inf,inf,0.0,0.0,False,False,TabularQL.__init__() got an unexpected keyword argument 'alpha_min'
591,0.35,0.9,0.2,96,44,inf,inf,inf,0.0,0.0,False,False,TabularQL.__init__() got an unexpected keyword argument 'alpha_min'
592,0.35,0.9,0.2,120,42,inf,inf,inf,0.0,0.0,False,False,TabularQL.__init__() got an unexpected keyword argument 'alpha_min'
593,0.35,0.9,0.2,120,43,inf,inf,inf,0.0,0.0,False,False,TabularQL.__init__() got an unexpected keyword argument 'alpha_min'
594,0.35,0.9,0.2,120,44,inf,inf,inf,0.0,0.0,False,False,TabularQL.__init__() got an unexpected keyword argument 'alpha_min'
595,0.35,0.9,0.2,144,42,inf,inf,inf,0.0,0.0,False,False,TabularQL.__init__() got an unexpected keyword argument 'alpha_min'
596,0.35,0.9,0.2,144,43,inf,inf,inf,0.0,0.0,False,False,TabularQL.__init__() got an unexpected keyword argument 'alpha_min'
597,0.35,0.9,0.2,144,44,inf,inf,inf,0.0,0.0,False,False,TabularQL.__init__() got an unexpected keyword argument 'alpha_min'
598,0.35,0.9,0.2,168,42,inf,inf,inf,0.0,0.0,False,False,TabularQL.__init__() got an unexpected keyword argument 'alpha_min'
599,0.35,0.9,0.2,168,43,inf,inf,inf,0.0,0.0,False,False,TabularQL.__init__() got an unexpected keyword argument 'alpha_min'
600,0.35,0.9,0.2,168,44,inf,inf,inf,0.0,0.0,False,False,TabularQL.__init__() got an unexpected keyword argument 'alpha_min'
601,0.35,0.92,0.1,96,42,inf,inf,inf,0.0,0.0,False,False,TabularQL.__init__() got an unexpected keyword argument 'alpha_min'
602,0.35,0.92,0.1,96,43,inf,inf,inf,0.0,0.0,False,False,TabularQL.__init__() got an unexpected keyword argument 'alpha_min'
603,0.35,0.92,0.1,96,44,inf,inf,inf,0.0,0.0,False,False,TabularQL.__init__() got an unexpected keyword argument 'alpha_min'
604,0.35,0.92,0.1,120,42,inf,inf,inf,0.0,0.0,False,False,TabularQL.__init__() got an unexpected keyword argument 'alpha_min'
605,0.35,0.92,0.1,120,43,inf,inf,inf,0.0,0.0,False,False,TabularQL.__init__() got an unexpected keyword argument 'alpha_min'
606,0.35,0.92,0.1,120,44,inf,inf,inf,0.0,0.0,False,False,TabularQL.__init__() got an unexpected keyword argument 'alpha_min'
607,0.35,0.92,0.1,144,42,inf,inf,inf,0.0,0.0,False,False,TabularQL.__init__() got an unexpected keyword argument 'alpha_min'
608,0.35,0.92,0.1,144,43,inf,inf,inf,0.0,0.0,False,False,TabularQL.__init__() got an unexpected keyword argument 'alpha_min'
609,0.35,0.92,0.1,144,44,inf,inf,inf,0.0,0.0,False,False,TabularQL.__init__() got an unexpected keyword argument 'alpha_min'
610,0.35,0.92,0.1,168,42,inf,inf,inf,0.0,0.0,False,False,TabularQL.__init__() got an unexpected keyword argument 'alpha_min'
611,0.35,0.92,0.1,168,43,inf,inf,inf,0.0,0.0,False,False,TabularQL.__init__() got an unexpected keyword argument 'alpha_min'
612,0.35,0.92,0.1,168,44,inf,inf,inf,0.0,0.0,False,False,TabularQL.__init__() got an unexpected keyword argument 'alpha_min'
613,0.35,0.92,0.12,96,42,inf,inf,inf,0.0,0.0,False,False,TabularQL.__init__() got an unexpected keyword argument 'alpha_min'
614,0.35,0.92,0.12,96,43,inf,inf,inf,0.0,0.0,False,False,TabularQL.__init__() got an unexpected keyword argument 'alpha_min'
615,0.35,0.92,0.12,96,44,inf,inf,inf,0.0,0.0,False,False,TabularQL.__init__() got an unexpected keyword argument 'alpha_min'
616,0.35,0.92,0.12,120,42,inf,inf,inf,0.0,0.0,False,False,TabularQL.__init__() got an unexpected keyword argument 'alpha_min'
617,0.35,0.92,0.12,120,43,inf,inf,inf,0.0,0.0,False,False,TabularQL.__init__() got an unexpected keyword argument 'alpha_min'
618,0.35,0.92,0.12,120,44,inf,inf,inf,0.0,0.0,False,False,TabularQL.__init__() got an unexpected keyword argument 'alpha_min'
619,0.35,0.92,0.12,144,42,inf,inf,inf,0.0,0.0,False,False,TabularQL.__init__() got an unexpected keyword argument 'alpha_min'
620,0.35,0.92,0.12,144,43,inf,inf,inf,0.0,0.0,False,False,TabularQL.__init__() got an unexpected keyword argument 'alpha_min'
621,0.35,0.92,0.12,144,44,inf,inf,inf,0.0,0.0,False,False,TabularQL.__init__() got an unexpected keyword argument 'alpha_min'
622,0.35,0.92,0.12,168,42,inf,inf,inf,0.0,0.0,False,False,TabularQL.__init__() got an unexpected keyword argument 'alpha_min'
623,0.35,0.92,0.12,168,43,inf,inf,inf,0.0,0.0,False,False,TabularQL.__init__() got an unexpected keyword argument 'alpha_min'
624,0.35,0.92,0.12,168,44,inf,inf,inf,0.0,0.0,False,False,TabularQL.__init__() got an unexpected keyword argument 'alpha_min'
625,0.35,0.92,0.15,96,42,inf,inf,inf,0.0,0.0,False,False,TabularQL.__init__() got an unexpected keyword argument 'alpha_min'
626,0.35,0.92,0.15,96,43,inf,inf,inf,0.0,0.0,False,False,TabularQL.__init__() got an unexpected keyword argument 'alpha_min'
627,0.35,0.92,0.15,96,44,inf,inf,inf,0.0,0.0,False,False,TabularQL.__init__() got an unexpected keyword argument 'alpha_min'
628,0.35,0.92,0.15,120,42,inf,inf,inf,0.0,0.0,False,False,TabularQL.__init__() got an unexpected keyword argument 'alpha_min'
629,0.35,0.92,0.15,120,43,inf,inf,inf,0.0,0.0,False,False,TabularQL.__init__() got an unexpected keyword argument 'alpha_min'
630,0.35,0.92,0.15,120,44,inf,inf,inf,0.0,0.0,False,False,TabularQL.__init__() got an unexpected keyword argument 'alpha_min'
631,0.35,0.92,0.15,144,42,inf,inf,inf,0.0,0.0,False,False,TabularQL.__init__() got an unexpected keyword argument 'alpha_min'
632,0.35,0.92,0.15,144,43,inf,inf,inf,0.0,0.0,False,False,TabularQL.__init__() got an unexpected keyword argument 'alpha_min'
633,0.35,0.92,0.15,144,44,inf,inf,inf,0.0,0.0,False,False,TabularQL.__init__() got an unexpected keyword argument 'alpha_min'
634,0.35,0.92,0.15,168,42,inf,inf,inf,0.0,0.0,False,False,TabularQL.__init__() got an unexpected keyword argument 'alpha_min'
635,0.35,0.92,0.15,168,43,inf,inf,inf,0.0,0.0,False,False,TabularQL.__init__() got an unexpected keyword argument 'alpha_min'
636,0.35,0.92,0.15,168,44,inf,inf,inf,0.0,0.0,False,False,TabularQL.__init__() got an unexpected keyword argument 'alpha_min'
637,0.35,0.92,0.18,96,42,inf,inf,inf,0.0,0.0,False,False,TabularQL.__init__() got an unexpected keyword argument 'alpha_min'
638,0.35,0.92,0.18,96,43,inf,inf,inf,0.0,0.0,False,False,TabularQL.__init__() got an unexpected keyword argument 'alpha_min'
639,0.35,0.92,0.18,96,44,inf,inf,inf,0.0,0.0,False,False,TabularQL.__init__() got an unexpected keyword argument 'alpha_min'
640,0.35,0.92,0.18,120,42,inf,inf,inf,0.0,0.0,False,False,TabularQL.__init__() got an unexpected keyword argument 'alpha_min'
641,0.35,0.92,0.18,120,43,inf,inf,inf,0.0,0.0,False,False,TabularQL.__init__() got an unexpected keyword argument 'alpha_min'
642,0.35,0.92,0.18,120,44,inf,inf,inf,0.0,0.0,False,False,TabularQL.__init__() got an unexpected keyword argument 'alpha_min'
643,0.35,0.92,0.18,144,42,inf,inf,inf,0.0,0.0,False,False,TabularQL.__init__() got an unexpected keyword argument 'alpha_min'
644,0.35,0.92,0.18,144,43,inf,inf,inf,0.0,0.0,False,False,TabularQL.__init__() got an unexpected keyword argument 'alpha_min'
645,0.35,0.92,0.18,144,44,inf,inf,inf,0.0,0.0,False,False,TabularQL.__init__() got an unexpected keyword argument 'alpha_min'
646,0.35,0.92,0.18,168,42,inf,inf,inf,0.0,0.0,False,False,TabularQL.__init__() got an unexpected keyword argument 'alpha_min'
647,0.35,0.92,0.18,168,43,inf,inf,inf,0.0,0.0,False,False,TabularQL.__init__() got an unexpected keyword argument 'alpha_min'
648,0.35,0.92,0.18,168,44,inf,inf,inf,0.0,0.0,False,False,TabularQL.__init__() got an unexpected keyword argument 'alpha_min'
649,0.35,0.92,0.2,96,42,inf,inf,inf,0.0,0.0,False,False,TabularQL.__init__() got an unexpected keyword argument 'alpha_min'
650,0.35,0.92,0.2,96,43,inf,inf,inf,0.0,0.0,False,False,TabularQL.__init__() got an unexpected keyword argument 'alpha_min'
651,0.35,0.92,0.2,96,44,inf,inf,inf,0.0,0.0,False,False,TabularQL.__init__() got an unexpected keyword argument 'alpha_min'
652,0.35,0.92,0.2,120,42,inf,inf,inf,0.0,0.0,False,False,TabularQL.__init__() got an unexpected keyword argument 'alpha_min'
653,0.35,0.92,0.2,120,43,inf,inf,inf,0.0,0.0,False,False,TabularQL.__init__() got an unexpected keyword argument 'alpha_min'
654,0.35,0.92,0.2,120,44,inf,inf,inf,0.0,0.0,False,False,TabularQL.__init__() got an unexpected keyword argument 'alpha_min'
655,0.35,0.92,0.2,144,42,inf,inf,inf,0.0,0.0,False,False,TabularQL.__init__() got an unexpected keyword argument 'alpha_min'
656,0.35,0.92,0.2,144,43,inf,inf,inf,0.0,0.0,False,False,TabularQL.__init__() got an unexpected keyword argument 'alpha_min'
657,0.35,0.92,0.2,144,44,inf,inf,inf,0.0,0.0,False,False,TabularQL.__init__() got an unexpected keyword argument 'alpha_min'
658,0.35,0.92,0.2,168,42,inf,inf,inf,0.0,0.0,False,False,TabularQL.__init__() got an unexpected keyword argument 'alpha_min'
659,0.35,0.92,0.2,168,43,inf,inf,inf,0.0,0.0,False,False,TabularQL.__init__() got an unexpected keyword argument 'alpha_min'
660,0.35,0.92,0.2,168,44,inf,inf,inf,0.0,0.0,False,False,TabularQL.__init__() got an unexpected keyword argument 'alpha_min'
661,0.35,0.95,0.1,96,42,inf,inf,inf,0.0,0.0,False,False,TabularQL.__init__() got an unexpected keyword argument 'alpha_min'
662,0.35,0.95,0.1,96,43,inf,inf,inf,0.0,0.0,False,False,TabularQL.__init__() got an unexpected keyword argument 'alpha_min'
663,0.35,0.95,0.1,96,44,inf,inf,inf,0.0,0.0,False,False,TabularQL.__init__() got an unexpected keyword argument 'alpha_min'
664,0.35,0.95,0.1,120,42,inf,inf,inf,0.0,0.0,False,False,TabularQL.__init__() got an unexpected keyword argument 'alpha_min'
665,0.35,0.95,0.1,120,43,inf,inf,inf,0.0,0.0,False,False,TabularQL.__init__() got an unexpected keyword argument 'alpha_min'
666,0.35,0.95,0.1,120,44,inf,inf,inf,0.0,0.0,False,False,TabularQL.__init__() got an unexpected keyword argument 'alpha_min'
667,0.35,0.95,0.1,144,42,inf,inf,inf,0.0,0.0,False,False,TabularQL.__init__() got an unexpected keyword argument 'alpha_min'
668,0.35,0.95,0.1,144,43,inf,inf,inf,0.0,0.0,False,False,TabularQL.__init__() got an unexpected keyword argument 'alpha_min'
669,0.35,0.95,0.1,144,44,inf,inf,inf,0.0,0.0,False,False,TabularQL.__init__() got an unexpected keyword argument 'alpha_min'
670,0.35,0.95,0.1,168,42,inf,inf,inf,0.0,0.0,False,False,TabularQL.__init__() got an unexpected keyword argument 'alpha_min'
671,0.35,0.95,0.1,168,43,inf,inf,inf,0.0,0.0,False,False,TabularQL.__init__() got an unexpected keyword argument 'alpha_min'
672,0.35,0.95,0.1,168,44,inf,inf,inf,0.0,0.0,False,False,TabularQL.__init__() got an unexpected keyword argument 'alpha_min'
673,0.35,0.95,0.12,96,42,inf,inf,inf,0.0,0.0,False,False,TabularQL.__init__() got an unexpected keyword argument 'alpha_min'
674,0.35,0.95,0.12,96,43,inf,inf,inf,0.0,0.0,False,False,TabularQL.__init__() got an unexpected keyword argument 'alpha_min'
675,0.35,0.95,0.12,96,44,inf,inf,inf,0.0,0.0,False,False,TabularQL.__init__() got an unexpected keyword argument 'alpha_min'
676,0.35,0.95,0.12,120,42,inf,inf,inf,0.0,0.0,False,False,TabularQL.__init__() got an unexpected keyword argument 'alpha_min'
677,0.35,0.95,0.12,120,43,inf,inf,inf,0.0,0.0,False,False,TabularQL.__init__() got an unexpected keyword argument 'alpha_min'
678,0.35,0.95,0.12,120,44,inf,inf,inf,0.0,0.0,False,False,TabularQL.__init__() got an unexpected keyword argument 'alpha_min'
679,0.35,0.95,0.12,144,42,inf,inf,inf,0.0,0.0,False,False,TabularQL.__init__() got an unexpected keyword argument 'alpha_min'
680,0.35,0.95,0.12,144,43,inf,inf,inf,0.0,0.0,False,False,TabularQL.__init__() got an unexpected keyword argument 'alpha_min'
681,0.35,0.95,0.12,144,44,inf,inf,inf,0.0,0.0,False,False,TabularQL.__init__() got an unexpected keyword argument 'alpha_min'
682,0.35,0.95,0.12,168,42,inf,inf,inf,0.0,0.0,False,False,TabularQL.__init__() got an unexpected keyword argument 'alpha_min'
683,0.35,0.95,0.12,168,43,inf,inf,inf,0.0,0.0,False,False,TabularQL.__init__() got an unexpected keyword argument 'alpha_min'
684,0.35,0.95,0.12,168,44,inf,inf,inf,0.0,0.0,False,False,TabularQL.__init__() got an unexpected keyword argument 'alpha_min'
685,0.35,0.95,0.15,96,42,inf,inf,inf,0.0,0.0,False,False,TabularQL.__init__() got an unexpected keyword argument 'alpha_min'
686,0.35,0.95,0.15,96,43,inf,inf,inf,0.0,0.0,False,False,TabularQL.__init__() got an unexpected keyword argument 'alpha_min'
687,0.35,0.95,0.15,96,44,inf,inf,inf,0.0,0.0,False,False,TabularQL.__init__() got an unexpected keyword argument 'alpha_min'
688,0.35,0.95,0.15,120,42,inf,inf,inf,0.0,0.0,False,False,TabularQL.__init__() got an unexpected keyword argument 'alpha_min'
689,0.35,0.95,0.15,120,43,inf,inf,inf,0.0,0.0,False,False,TabularQL.__init__() got an unexpected keyword argument 'alpha_min'
690,0.35,0.95,0.15,120,44,inf,inf,inf,0.0,0.0,False,False,TabularQL.__init__() got an unexpected keyword argument 'alpha_min'
691,0.35,0.95,0.15,144,42,inf,inf,inf,0.0,0.0,False,False,TabularQL.__init__() got an unexpected keyword argument 'alpha_min'
692,0.35,0.95,0.15,144,43,inf,inf,inf,0.0,0.0,False,False,TabularQL.__init__() got an unexpected keyword argument 'alpha_min'
693,0.35,0.95,0.15,144,44,inf,inf,inf,0.0,0.0,False,False,TabularQL.__init__() got an unexpected keyword argument 'alpha_min'
694,0.35,0.95,0.15,168,42,inf,inf,inf,0.0,0.0,False,False,TabularQL.__init__() got an unexpected keyword argument 'alpha_min'
695,0.35,0.95,0.15,168,43,inf,inf,inf,0.0,0.0,False,False,TabularQL.__init__() got an unexpected keyword argument 'alpha_min'
696,0.35,0.95,0.15,168,44,inf,inf,inf,0.0,0.0,False,False,TabularQL.__init__() got an unexpected keyword argument 'alpha_min'
697,0.35,0.95,0.18,96,42,inf,inf,inf,0.0,0.0,False,False,TabularQL.__init__() got an unexpected keyword argument 'alpha_min'
698,0.35,0.95,0.18,96,43,inf,inf,inf,0.0,0.0,False,False,TabularQL.__init__() got an unexpected keyword argument 'alpha_min'
699,0.35,0.95,0.18,96,44,inf,inf,inf,0.0,0.0,False,False,TabularQL.__init__() got an unexpected keyword argument 'alpha_min'
700,0.35,0.95,0.18,120,42,inf,inf,inf,0.0,0.0,False,False,TabularQL.__init__() got an unexpected keyword argument 'alpha_min'
701,0.35,0.95,0.18,120,43,inf,inf,inf,0.0,0.0,False,False,TabularQL.__init__() got an unexpected keyword argument 'alpha_min'
702,0.35,0.95,0.18,120,44,inf,inf,inf,0.0,0.0,False,False,TabularQL.__init__() got an unexpected keyword argument 'alpha_min'
703,0.35,0.95,0.18,144,42,inf,inf,inf,0.0,0.0,False,False,TabularQL.__init__() got an unexpected keyword argument 'alpha_min'
704,0.35,0.95,0.18,144,43,inf,inf,inf,0.0,0.0,False,False,TabularQL.__init__() got an unexpected keyword argument 'alpha_min'
705,0.35,0.95,0.18,144,44,inf,inf,inf,0.0,0.0,False,False,TabularQL.__init__() got an unexpected keyword argument 'alpha_min'
706,0.35,0.95,0.18,168,42,inf,inf,inf,0.0,0.0,False,False,TabularQL.__init__() got an unexpected keyword argument 'alpha_min'
707,0.35,0.95,0.18,168,43,inf,inf,inf,0.0,0.0,False,False,TabularQL.__init__() got an unexpected keyword argument 'alpha_min'
708,0.35,0.95,0.18,168,44,inf,inf,inf,0.0,0.0,False,False,TabularQL.__init__() got an unexpected keyword argument 'alpha_min'
709,0.35,0.95,0.2,96,42,inf,inf,inf,0.0,0.0,False,False,TabularQL.__init__() got an unexpected keyword argument 'alpha_min'
710,0.35,0.95,0.2,96,43,inf,inf,inf,0.0,0.0,False,False,TabularQL.__init__() got an unexpected keyword argument 'alpha_min'
711,0.35,0.95,0.2,96,44,inf,inf,inf,0.0,0.0,False,False,TabularQL.__init__() got an unexpected keyword argument 'alpha_min'
712,0.35,0.95,0.2,120,42,inf,inf,inf,0.0,0.0,False,False,TabularQL.__init__() got an unexpected keyword argument 'alpha_min'
713,0.35,0.95,0.2,120,43,inf,inf,inf,0.0,0.0,False,False,TabularQL.__init__() got an unexpected keyword argument 'alpha_min'
714,0.35,0.95,0.2,120,44,inf,inf,inf,0.0,0.0,False,False,TabularQL.__init__() got an unexpected keyword argument 'alpha_min'
715,0.35,0.95,0.2,144,42,inf,inf,inf,0.0,0.0,False,False,TabularQL.__init__() got an unexpected keyword argument 'alpha_min'
716,0.35,0.95,0.2,144,43,inf,inf,inf,0.0,0.0,False,False,TabularQL.__init__() got an unexpected keyword argument 'alpha_min'
717,0.35,0.95,0.2,144,44,inf,inf,inf,0.0,0.0,False,False,TabularQL.__init__() got an unexpected keyword argument 'alpha_min'
718,0.35,0.95,0.2,168,42,inf,inf,inf,0.0,0.0,False,False,TabularQL.__init__() got an unexpected keyword argument 'alpha_min'
719,0.35,0.95,0.2,168,43,inf,inf,inf,0.0,0.0,False,False,TabularQL.__init__() got an unexpected keyword argument 'alpha_min'
720,0.35,0.95,0.2,168,44,inf,inf,inf,0.0,0.0,False,False,TabularQL.__init__() got an unexpected keyword argument 'alpha_min'
721,0.4,0.88,0.1,96,42,inf,inf,inf,0.0,0.0,False,False,TabularQL.__init__() got an unexpected keyword argument 'alpha_min'
722,0.4,0.88,0.1,96,43,inf,inf,inf,0.0,0.0,False,False,TabularQL.__init__() got an unexpected keyword argument 'alpha_min'
723,0.4,0.88,0.1,96,44,inf,inf,inf,0.0,0.0,False,False,TabularQL.__init__() got an unexpected keyword argument 'alpha_min'
724,0.4,0.88,0.1,120,42,inf,inf,inf,0.0,0.0,False,False,TabularQL.__init__() got an unexpected keyword argument 'alpha_min'
725,0.4,0.88,0.1,120,43,inf,inf,inf,0.0,0.0,False,False,TabularQL.__init__() got an unexpected keyword argument 'alpha_min'
726,0.4,0.88,0.1,120,44,inf,inf,inf,0.0,0.0,False,False,TabularQL.__init__() got an unexpected keyword argument 'alpha_min'
727,0.4,0.88,0.1,144,42,inf,inf,inf,0.0,0.0,False,False,TabularQL.__init__() got an unexpected keyword argument 'alpha_min'
728,0.4,0.88,0.1,144,43,inf,inf,inf,0.0,0.0,False,False,TabularQL.__init__() got an unexpected keyword argument 'alpha_min'
729,0.4,0.88,0.1,144,44,inf,inf,inf,0.0,0.0,False,False,TabularQL.__init__() got an unexpected keyword argument 'alpha_min'
730,0.4,0.88,0.1,168,42,inf,inf,inf,0.0,0.0,False,False,TabularQL.__init__() got an unexpected keyword argument 'alpha_min'
731,0.4,0.88,0.1,168,43,inf,inf,inf,0.0,0.0,False,False,TabularQL.__init__() got an unexpected keyword argument 'alpha_min'
732,0.4,0.88,0.1,168,44,inf,inf,inf,0.0,0.0,False,False,TabularQL.__init__() got an unexpected keyword argument 'alpha_min'
733,0.4,0.88,0.12,96,42,inf,inf,inf,0.0,0.0,False,False,TabularQL.__init__() got an unexpected keyword argument 'alpha_min'
734,0.4,0.88,0.12,96,43,inf,inf,inf,0.0,0.0,False,False,TabularQL.__init__() got an unexpected keyword argument 'alpha_min'
735,0.4,0.88,0.12,96,44,inf,inf,inf,0.0,0.0,False,False,TabularQL.__init__() got an unexpected keyword argument 'alpha_min'
736,0.4,0.88,0.12,120,42,inf,inf,inf,0.0,0.0,False,False,TabularQL.__init__() got an unexpected keyword argument 'alpha_min'
737,0.4,0.88,0.12,120,43,inf,inf,inf,0.0,0.0,False,False,TabularQL.__init__() got an unexpected keyword argument 'alpha_min'
738,0.4,0.88,0.12,120,44,inf,inf,inf,0.0,0.0,False,False,TabularQL.__init__() got an unexpected keyword argument 'alpha_min'
739,0.4,0.88,0.12,144,42,inf,inf,inf,0.0,0.0,False,False,TabularQL.__init__() got an unexpected keyword argument 'alpha_min'
740,0.4,0.88,0.12,144,43,inf,inf,inf,0.0,0.0,False,False,TabularQL.__init__() got an unexpected keyword argument 'alpha_min'
741,0.4,0.88,0.12,144,44,inf,inf,inf,0.0,0.0,False,False,TabularQL.__init__() got an unexpected keyword argument 'alpha_min'
742,0.4,0.88,0.12,168,42,inf,inf,inf,0.0,0.0,False,False,TabularQL.__init__() got an unexpected keyword argument 'alpha_min'
743,0.4,0.88,0.12,168,43,inf,inf,inf,0.0,0.0,False,False,TabularQL.__init__() got an unexpected keyword argument 'alpha_min'
744,0.4,0.88,0.12,168,44,inf,inf,inf,0.0,0.0,False,False,TabularQL.__init__() got an unexpected keyword argument 'alpha_min'
745,0.4,0.88,0.15,96,42,inf,inf,inf,0.0,0.0,False,False,TabularQL.__init__() got an unexpected keyword argument 'alpha_min'
746,0.4,0.88,0.15,96,43,inf,inf,inf,0.0,0.0,False,False,TabularQL.__init__() got an unexpected keyword argument 'alpha_min'
747,0.4,0.88,0.15,96,44,inf,inf,inf,0.0,0.0,False,False,TabularQL.__init__() got an unexpected keyword argument 'alpha_min'
748,0.4,0.88,0.15,120,42,inf,inf,inf,0.0,0.0,False,False,TabularQL.__init__() got an unexpected keyword argument 'alpha_min'
749,0.4,0.88,0.15,120,43,inf,inf,inf,0.0,0.0,False,False,TabularQL.__init__() got an unexpected keyword argument 'alpha_min'
750,0.4,0.88,0.15,120,44,inf,inf,inf,0.0,0.0,False,False,TabularQL.__init__() got an unexpected keyword argument 'alpha_min'
751,0.4,0.88,0.15,144,42,inf,inf,inf,0.0,0.0,False,False,TabularQL.__init__() got an unexpected keyword argument 'alpha_min'
752,0.4,0.88,0.15,144,43,inf,inf,inf,0.0,0.0,False,False,TabularQL.__init__() got an unexpected keyword argument 'alpha_min'
753,0.4,0.88,0.15,144,44,inf,inf,inf,0.0,0.0,False,False,TabularQL.__init__() got an unexpected keyword argument 'alpha_min'
754,0.4,0.88,0.15,168,42,inf,inf,inf,0.0,0.0,False,False,TabularQL.__init__() got an unexpected keyword argument 'alpha_min'
755,0.4,0.88,0.15,168,43,inf,inf,inf,0.0,0.0,False,False,TabularQL.__init__() got an unexpected keyword argument 'alpha_min'
756,0.4,0.88,0.15,168,44,inf,inf,inf,0.0,0.0,False,False,TabularQL.__init__() got an unexpected keyword argument 'alpha_min'
757,0.4,0.88,0.18,96,42,inf,inf,inf,0.0,0.0,False,False,TabularQL.__init__() got an unexpected keyword argument 'alpha_min'
758,0.4,0.88,0.18,96,43,inf,inf,inf,0.0,0.0,False,False,TabularQL.__init__() got an unexpected keyword argument 'alpha_min'
759,0.4,0.88,0.18,96,44,inf,inf,inf,0.0,0.0,False,False,TabularQL.__init__() got an unexpected keyword argument 'alpha_min'
760,0.4,0.88,0.18,120,42,inf,inf,inf,0.0,0.0,False,False,TabularQL.__init__() got an unexpected keyword argument 'alpha_min'
761,0.4,0.88,0.18,120,43,inf,inf,inf,0.0,0.0,False,False,TabularQL.__init__() got an unexpected keyword argument 'alpha_min'
762,0.4,0.88,0.18,120,44,inf,inf,inf,0.0,0.0,False,False,TabularQL.__init__() got an unexpected keyword argument 'alpha_min'
763,0.4,0.88,0.18,144,42,inf,inf,inf,0.0,0.0,False,False,TabularQL.__init__() got an unexpected keyword argument 'alpha_min'
764,0.4,0.88,0.18,144,43,inf,inf,inf,0.0,0.0,False,False,TabularQL.__init__() got an unexpected keyword argument 'alpha_min'
765,0.4,0.88,0.18,144,44,inf,inf,inf,0.0,0.0,False,False,TabularQL.__init__() got an unexpected keyword argument 'alpha_min'
766,0.4,0.88,0.18,168,42,inf,inf,inf,0.0,0.0,False,False,TabularQL.__init__() got an unexpected keyword argument 'alpha_min'
767,0.4,0.88,0.18,168,43,inf,inf,inf,0.0,0.0,False,False,TabularQL.__init__() got an unexpected keyword argument 'alpha_min'
768,0.4,0.88,0.18,168,44,inf,inf,inf,0.0,0.0,False,False,TabularQL.__init__() got an unexpected keyword argument 'alpha_min'
769,0.4,0.88,0.2,96,42,inf,inf,inf,0.0,0.0,False,False,TabularQL.__init__() got an unexpected keyword argument 'alpha_min'
770,0.4,0.88,0.2,96,43,inf,inf,inf,0.0,0.0,False,False,TabularQL.__init__() got an unexpected keyword argument 'alpha_min'
771,0.4,0.88,0.2,96,44,inf,inf,inf,0.0,0.0,False,False,TabularQL.__init__() got an unexpected keyword argument 'alpha_min'
772,0.4,0.88,0.2,120,42,inf,inf,inf,0.0,0.0,False,False,TabularQL.__init__() got an unexpected keyword argument 'alpha_min'
773,0.4,0.88,0.2,120,43,inf,inf,inf,0.0,0.0,False,False,TabularQL.__init__() got an unexpected keyword argument 'alpha_min'
774,0.4,0.88,0.2,120,44,inf,inf,inf,0.0,0.0,False,False,TabularQL.__init__() got an unexpected keyword argument 'alpha_min'
775,0.4,0.88,0.2,144,42,inf,inf,inf,0.0,0.0,False,False,TabularQL.__init__() got an unexpected keyword argument 'alpha_min'
776,0.4,0.88,0.2,144,43,inf,inf,inf,0.0,0.0,False,False,TabularQL.__init__() got an unexpected keyword argument 'alpha_min'
777,0.4,0.88,0.2,144,44,inf,inf,inf,0.0,0.0,False,False,TabularQL.__init__() got an unexpected keyword argument 'alpha_min'
778,0.4,0.88,0.2,168,42,inf,inf,inf,0.0,0.0,False,False,TabularQL.__init__() got an unexpected keyword argument 'alpha_min'
779,0.4,0.88,0.2,168,43,inf,inf,inf,0.0,0.0,False,False,TabularQL.__init__() got an unexpected keyword argument 'alpha_min'
780,0.4,0.88,0.2,168,44,inf,inf,inf,0.0,0.0,False,False,TabularQL.__init__() got an unexpected keyword argument 'alpha_min'
781,0.4,0.9,0.1,96,42,inf,inf,inf,0.0,0.0,False,False,TabularQL.__init__() got an unexpected keyword argument 'alpha_min'
782,0.4,0.9,0.1,96,43,inf,inf,inf,0.0,0.0,False,False,TabularQL.__init__() got an unexpected keyword argument 'alpha_min'
783,0.4,0.9,0.1,96,44,inf,inf,inf,0.0,0.0,False,False,TabularQL.__init__() got an unexpected keyword argument 'alpha_min'
784,0.4,0.9,0.1,120,42,inf,inf,inf,0.0,0.0,False,False,TabularQL.__init__() got an unexpected keyword argument 'alpha_min'
785,0.4,0.9,0.1,120,43,inf,inf,inf,0.0,0.0,False,False,TabularQL.__init__() got an unexpected keyword argument 'alpha_min'
786,0.4,0.9,0.1,120,44,inf,inf,inf,0.0,0.0,False,False,TabularQL.__init__() got an unexpected keyword argument 'alpha_min'
787,0.4,0.9,0.1,144,42,inf,inf,inf,0.0,0.0,False,False,TabularQL.__init__() got an unexpected keyword argument 'alpha_min'
788,0.4,0.9,0.1,144,43,inf,inf,inf,0.0,0.0,False,False,TabularQL.__init__() got an unexpected keyword argument 'alpha_min'
789,0.4,0.9,0.1,144,44,inf,inf,inf,0.0,0.0,False,False,TabularQL.__init__() got an unexpected keyword argument 'alpha_min'
790,0.4,0.9,0.1,168,42,inf,inf,inf,0.0,0.0,False,False,TabularQL.__init__() got an unexpected keyword argument 'alpha_min'
791,0.4,0.9,0.1,168,43,inf,inf,inf,0.0,0.0,False,False,TabularQL.__init__() got an unexpected keyword argument 'alpha_min'
792,0.4,0.9,0.1,168,44,inf,inf,inf,0.0,0.0,False,False,TabularQL.__init__() got an unexpected keyword argument 'alpha_min'
793,0.4,0.9,0.12,96,42,inf,inf,inf,0.0,0.0,False,False,TabularQL.__init__() got an unexpected keyword argument 'alpha_min'
794,0.4,0.9,0.12,96,43,inf,inf,inf,0.0,0.0,False,False,TabularQL.__init__() got an unexpected keyword argument 'alpha_min'
795,0.4,0.9,0.12,96,44,inf,inf,inf,0.0,0.0,False,False,TabularQL.__init__() got an unexpected keyword argument 'alpha_min'
796,0.4,0.9,0.12,120,42,inf,inf,inf,0.0,0.0,False,False,TabularQL.__init__() got an unexpected keyword argument 'alpha_min'
797,0.4,0.9,0.12,120,43,inf,inf,inf,0.0,0.0,False,False,TabularQL.__init__() got an unexpected keyword argument 'alpha_min'
798,0.4,0.9,0.12,120,44,inf,inf,inf,0.0,0.0,False,False,TabularQL.__init__() got an unexpected keyword argument 'alpha_min'
799,0.4,0.9,0.12,144,42,inf,inf,inf,0.0,0.0,False,False,TabularQL.__init__() got an unexpected keyword argument 'alpha_min'
800,0.4,0.9,0.12,144,43,inf,inf,inf,0.0,0.0,False,False,TabularQL.__init__() got an unexpected keyword argument 'alpha_min'
801,0.4,0.9,0.12,144,44,inf,inf,inf,0.0,0.0,False,False,TabularQL.__init__() got an unexpected keyword argument 'alpha_min'
802,0.4,0.9,0.12,168,42,inf,inf,inf,0.0,0.0,False,False,TabularQL.__init__() got an unexpected keyword argument 'alpha_min'
803,0.4,0.9,0.12,168,43,inf,inf,inf,0.0,0.0,False,False,TabularQL.__init__() got an unexpected keyword argument 'alpha_min'
804,0.4,0.9,0.12,168,44,inf,inf,inf,0.0,0.0,False,False,TabularQL.__init__() got an unexpected keyword argument 'alpha_min'
805,0.4,0.9,0.15,96,42,inf,inf,inf,0.0,0.0,False,False,TabularQL.__init__() got an unexpected keyword argument 'alpha_min'
806,0.4,0.9,0.15,96,43,inf,inf,inf,0.0,0.0,False,False,TabularQL.__init__() got an unexpected keyword argument 'alpha_min'
807,0.4,0.9,0.15,96,44,inf,inf,inf,0.0,0.0,False,False,TabularQL.__init__() got an unexpected keyword argument 'alpha_min'
808,0.4,0.9,0.15,120,42,inf,inf,inf,0.0,0.0,False,False,TabularQL.__init__() got an unexpected keyword argument 'alpha_min'
809,0.4,0.9,0.15,120,43,inf,inf,inf,0.0,0.0,False,False,TabularQL.__init__() got an unexpected keyword argument 'alpha_min'
810,0.4,0.9,0.15,120,44,inf,inf,inf,0.0,0.0,False,False,TabularQL.__init__() got an unexpected keyword argument 'alpha_min'
811,0.4,0.9,0.15,144,42,inf,inf,inf,0.0,0.0,False,False,TabularQL.__init__() got an unexpected keyword argument 'alpha_min'
812,0.4,0.9,0.15,144,43,inf,inf,inf,0.0,0.0,False,False,TabularQL.__init__() got an unexpected keyword argument 'alpha_min'
813,0.4,0.9,0.15,144,44,inf,inf,inf,0.0,0.0,False,False,TabularQL.__init__() got an unexpected keyword argument 'alpha_min'
814,0.4,0.9,0.15,168,42,inf,inf,inf,0.0,0.0,False,False,TabularQL.__init__() got an unexpected keyword argument 'alpha_min'
815,0.4,0.9,0.15,168,43,inf,inf,inf,0.0,0.0,False,False,TabularQL.__init__() got an unexpected keyword argument 'alpha_min'
816,0.4,0.9,0.15,168,44,inf,inf,inf,0.0,0.0,False,False,TabularQL.__init__() got an unexpected keyword argument 'alpha_min'
817,0.4,0.9,0.18,96,42,inf,inf,inf,0.0,0.0,False,False,TabularQL.__init__() got an unexpected keyword argument 'alpha_min'
818,0.4,0.9,0.18,96,43,inf,inf,inf,0.0,0.0,False,False,TabularQL.__init__() got an unexpected keyword argument 'alpha_min'
819,0.4,0.9,0.18,96,44,inf,inf,inf,0.0,0.0,False,False,TabularQL.__init__() got an unexpected keyword argument 'alpha_min'
820,0.4,0.9,0.18,120,42,inf,inf,inf,0.0,0.0,False,False,TabularQL.__init__() got an unexpected keyword argument 'alpha_min'
821,0.4,0.9,0.18,120,43,inf,inf,inf,0.0,0.0,False,False,TabularQL.__init__() got an unexpected keyword argument 'alpha_min'
822,0.4,0.9,0.18,120,44,inf,inf,inf,0.0,0.0,False,False,TabularQL.__init__() got an unexpected keyword argument 'alpha_min'
823,0.4,0.9,0.18,144,42,inf,inf,inf,0.0,0.0,False,False,TabularQL.__init__() got an unexpected keyword argument 'alpha_min'
824,0.4,0.9,0.18,144,43,inf,inf,inf,0.0,0.0,False,False,TabularQL.__init__() got an unexpected keyword argument 'alpha_min'
825,0.4,0.9,0.18,144,44,inf,inf,inf,0.0,0.0,False,False,TabularQL.__init__() got an unexpected keyword argument 'alpha_min'
826,0.4,0.9,0.18,168,42,inf,inf,inf,0.0,0.0,False,False,TabularQL.__init__() got an unexpected keyword argument 'alpha_min'
827,0.4,0.9,0.18,168,43,inf,inf,inf,0.0,0.0,False,False,TabularQL.__init__() got an unexpected keyword argument 'alpha_min'
828,0.4,0.9,0.18,168,44,inf,inf,inf,0.0,0.0,False,False,TabularQL.__init__() got an unexpected keyword argument 'alpha_min'
829,0.4,0.9,0.2,96,42,inf,inf,inf,0.0,0.0,False,False,TabularQL.__init__() got an unexpected keyword argument 'alpha_min'
830,0.4,0.9,0.2,96,43,inf,inf,inf,0.0,0.0,False,False,TabularQL.__init__() got an unexpected keyword argument 'alpha_min'
831,0.4,0.9,0.2,96,44,inf,inf,inf,0.0,0.0,False,False,TabularQL.__init__() got an unexpected keyword argument 'alpha_min'
832,0.4,0.9,0.2,120,42,inf,inf,inf,0.0,0.0,False,False,TabularQL.__init__() got an unexpected keyword argument 'alpha_min'
833,0.4,0.9,0.2,120,43,inf,inf,inf,0.0,0.0,False,False,TabularQL.__init__() got an unexpected keyword argument 'alpha_min'
834,0.4,0.9,0.2,120,44,inf,inf,inf,0.0,0.0,False,False,TabularQL.__init__() got an unexpected keyword argument 'alpha_min'
835,0.4,0.9,0.2,144,42,inf,inf,inf,0.0,0.0,False,False,TabularQL.__init__() got an unexpected keyword argument 'alpha_min'
836,0.4,0.9,0.2,144,43,inf,inf,inf,0.0,0.0,False,False,TabularQL.__init__() got an unexpected keyword argument 'alpha_min'
837,0.4,0.9,0.2,144,44,inf,inf,inf,0.0,0.0,False,False,TabularQL.__init__() got an unexpected keyword argument 'alpha_min'
838,0.4,0.9,0.2,168,42,inf,inf,inf,0.0,0.0,False,False,TabularQL.__init__() got an unexpected keyword argument 'alpha_min'
839,0.4,0.9,0.2,168,43,inf,inf,inf,0.0,0.0,False,False,TabularQL.__init__() got an unexpected keyword argument 'alpha_min'
840,0.4,0.9,0.2,168,44,inf,inf,inf,0.0,0.0,False,False,TabularQL.__init__() got an unexpected keyword argument 'alpha_min'
841,0.4,0.92,0.1,96,42,inf,inf,inf,0.0,0.0,False,False,TabularQL.__init__() got an unexpected keyword argument 'alpha_min'
842,0.4,0.92,0.1,96,43,inf,inf,inf,0.0,0.0,False,False,TabularQL.__init__() got an unexpected keyword argument 'alpha_min'
843,0.4,0.92,0.1,96,44,inf,inf,inf,0.0,0.0,False,False,TabularQL.__init__() got an unexpected keyword argument 'alpha_min'
844,0.4,0.92,0.1,120,42,inf,inf,inf,0.0,0.0,False,False,TabularQL.__init__() got an unexpected keyword argument 'alpha_min'
845,0.4,0.92,0.1,120,43,inf,inf,inf,0.0,0.0,False,False,TabularQL.__init__() got an unexpected keyword argument 'alpha_min'
846,0.4,0.92,0.1,120,44,inf,inf,inf,0.0,0.0,False,False,TabularQL.__init__() got an unexpected keyword argument 'alpha_min'
847,0.4,0.92,0.1,144,42,inf,inf,inf,0.0,0.0,False,False,TabularQL.__init__() got an unexpected keyword argument 'alpha_min'
848,0.4,0.92,0.1,144,43,inf,inf,inf,0.0,0.0,False,False,TabularQL.__init__() got an unexpected keyword argument 'alpha_min'
849,0.4,0.92,0.1,144,44,inf,inf,inf,0.0,0.0,False,False,TabularQL.__init__() got an unexpected keyword argument 'alpha_min'
850,0.4,0.92,0.1,168,42,inf,inf,inf,0.0,0.0,False,False,TabularQL.__init__() got an unexpected keyword argument 'alpha_min'
851,0.4,0.92,0.1,168,43,inf,inf,inf,0.0,0.0,False,False,TabularQL.__init__() got an unexpected keyword argument 'alpha_min'
852,0.4,0.92,0.1,168,44,inf,inf,inf,0.0,0.0,False,False,TabularQL.__init__() got an unexpected keyword argument 'alpha_min'
853,0.4,0.92,0.12,96,42,inf,inf,inf,0.0,0.0,False,False,TabularQL.__init__() got an unexpected keyword argument 'alpha_min'
854,0.4,0.92,0.12,96,43,inf,inf,inf,0.0,0.0,False,False,TabularQL.__init__() got an unexpected keyword argument 'alpha_min'
855,0.4,0.92,0.12,96,44,inf,inf,inf,0.0,0.0,False,False,TabularQL.__init__() got an unexpected keyword argument 'alpha_min'
856,0.4,0.92,0.12,120,42,inf,inf,inf,0.0,0.0,False,False,TabularQL.__init__() got an unexpected keyword argument 'alpha_min'
857,0.4,0.92,0.12,120,43,inf,inf,inf,0.0,0.0,False,False,TabularQL.__init__() got an unexpected keyword argument 'alpha_min'
858,0.4,0.92,0.12,120,44,inf,inf,inf,0.0,0.0,False,False,TabularQL.__init__() got an unexpected keyword argument 'alpha_min'
859,0.4,0.92,0.12,144,42,inf,inf,inf,0.0,0.0,False,False,TabularQL.__init__() got an unexpected keyword argument 'alpha_min'
860,0.4,0.92,0.12,144,43,inf,inf,inf,0.0,0.0,False,False,TabularQL.__init__() got an unexpected keyword argument 'alpha_min'
861,0.4,0.92,0.12,144,44,inf,inf,inf,0.0,0.0,False,False,TabularQL.__init__() got an unexpected keyword argument 'alpha_min'
862,0.4,0.92,0.12,168,42,inf,inf,inf,0.0,0.0,False,False,TabularQL.__init__() got an unexpected keyword argument 'alpha_min'
863,0.4,0.92,0.12,168,43,inf,inf,inf,0.0,0.0,False,False,TabularQL.__init__() got an unexpected keyword argument 'alpha_min'
864,0.4,0.92,0.12,168,44,inf,inf,inf,0.0,0.0,False,False,TabularQL.__init__() got an unexpected keyword argument 'alpha_min'
865,0.4,0.92,0.15,96,42,inf,inf,inf,0.0,0.0,False,False,TabularQL.__init__() got an unexpected keyword argument 'alpha_min'
866,0.4,0.92,0.15,96,43,inf,inf,inf,0.0,0.0,False,False,TabularQL.__init__() got an unexpected keyword argument 'alpha_min'
867,0.4,0.92,0.15,96,44,inf,inf,inf,0.0,0.0,False,False,TabularQL.__init__() got an unexpected keyword argument 'alpha_min'
868,0.4,0.92,0.15,120,42,inf,inf,inf,0.0,0.0,False,False,TabularQL.__init__() got an unexpected keyword argument 'alpha_min'
869,0.4,0.92,0.15,120,43,inf,inf,inf,0.0,0.0,False,False,TabularQL.__init__() got an unexpected keyword argument 'alpha_min'
870,0.4,0.92,0.15,120,44,inf,inf,inf,0.0,0.0,False,False,TabularQL.__init__() got an unexpected keyword argument 'alpha_min'
871,0.4,0.92,0.15,144,42,inf,inf,inf,0.0,0.0,False,False,TabularQL.__init__() got an unexpected keyword argument 'alpha_min'
872,0.4,0.92,0.15,144,43,inf,inf,inf,0.0,0.0,False,False,TabularQL.__init__() got an unexpected keyword argument 'alpha_min'
873,0.4,0.92,0.15,144,44,inf,inf,inf,0.0,0.0,False,False,TabularQL.__init__() got an unexpected keyword argument 'alpha_min'
874,0.4,0.92,0.15,168,42,inf,inf,inf,0.0,0.0,False,False,TabularQL.__init__() got an unexpected keyword argument 'alpha_min'
875,0.4,0.92,0.15,168,43,inf,inf,inf,0.0,0.0,False,False,TabularQL.__init__() got an unexpected keyword argument 'alpha_min'
876,0.4,0.92,0.15,168,44,inf,inf,inf,0.0,0.0,False,False,TabularQL.__init__() got an unexpected keyword argument 'alpha_min'
877,0.4,0.92,0.18,96,42,inf,inf,inf,0.0,0.0,False,False,TabularQL.__init__() got an unexpected keyword argument 'alpha_min'
878,0.4,0.92,0.18,96,43,inf,inf,inf,0.0,0.0,False,False,TabularQL.__init__() got an unexpected keyword argument 'alpha_min'
879,0.4,0.92,0.18,96,44,inf,inf,inf,0.0,0.0,False,False,TabularQL.__init__() got an unexpected keyword argument 'alpha_min'
880,0.4,0.92,0.18,120,42,inf,inf,inf,0.0,0.0,False,False,TabularQL.__init__() got an unexpected keyword argument 'alpha_min'
881,0.4,0.92,0.18,120,43,inf,inf,inf,0.0,0.0,False,False,TabularQL.__init__() got an unexpected keyword argument 'alpha_min'
882,0.4,0.92,0.18,120,44,inf,inf,inf,0.0,0.0,False,False,TabularQL.__init__() got an unexpected keyword argument 'alpha_min'
883,0.4,0.92,0.18,144,42,inf,inf,inf,0.0,0.0,False,False,TabularQL.__init__() got an unexpected keyword argument 'alpha_min'
884,0.4,0.92,0.18,144,43,inf,inf,inf,0.0,0.0,False,False,TabularQL.__init__() got an unexpected keyword argument 'alpha_min'
885,0.4,0.92,0.18,144,44,inf,inf,inf,0.0,0.0,False,False,TabularQL.__init__() got an unexpected keyword argument 'alpha_min'
886,0.4,0.92,0.18,168,42,inf,inf,inf,0.0,0.0,False,False,TabularQL.__init__() got an unexpected keyword argument 'alpha_min'
887,0.4,0.92,0.18,168,43,inf,inf,inf,0.0,0.0,False,False,TabularQL.__init__() got an unexpected keyword argument 'alpha_min'
888,0.4,0.92,0.18,168,44,inf,inf,inf,0.0,0.0,False,False,TabularQL.__init__() got an unexpected keyword argument 'alpha_min'
889,0.4,0.92,0.2,96,42,inf,inf,inf,0.0,0.0,False,False,TabularQL.__init__() got an unexpected keyword argument 'alpha_min'
890,0.4,0.92,0.2,96,43,inf,inf,inf,0.0,0.0,False,False,TabularQL.__init__() got an unexpected keyword argument 'alpha_min'
891,0.4,0.92,0.2,96,44,inf,inf,inf,0.0,0.0,False,False,TabularQL.__init__() got an unexpected keyword argument 'alpha_min'
892,0.4,0.92,0.2,120,42,inf,inf,inf,0.0,0.0,False,False,TabularQL.__init__() got an unexpected keyword argument 'alpha_min'
893,0.4,0.92,0.2,120,43,inf,inf,inf,0.0,0.0,False,False,TabularQL.__init__() got an unexpected keyword argument 'alpha_min'
894,0.4,0.92,0.2,120,44,inf,inf,inf,0.0,0.0,False,False,TabularQL.__init__() got an unexpected keyword argument 'alpha_min'
895,0.4,0.92,0.2,144,42,inf,inf,inf,0.0,0.0,False,False,TabularQL.__init__() got an unexpected keyword argument 'alpha_min'
896,0.4,0.92,0.2,144,43,inf,inf,inf,0.0,0.0,False,False,TabularQL.__init__() got an unexpected keyword argument 'alpha_min'
897,0.4,0.92,0.2,144,44,inf,inf,inf,0.0,0.0,False,False,TabularQL.__init__() got an unexpected keyword argument 'alpha_min'
898,0.4,0.92,0.2,168,42,inf,inf,inf,0.0,0.0,False,False,TabularQL.__init__() got an unexpected keyword argument 'alpha_min'
899,0.4,0.92,0.2,168,43,inf,inf,inf,0.0,0.0,False,False,TabularQL.__init__() got an unexpected keyword argument 'alpha_min'
900,0.4,0.92,0.2,168,44,inf,inf,inf,0.0,0.0,False,False,TabularQL.__init__() got an unexpected keyword argument 'alpha_min'
901,0.4,0.95,0.1,96,42,inf,inf,inf,0.0,0.0,False,False,TabularQL.__init__() got an unexpected keyword argument 'alpha_min'
902,0.4,0.95,0.1,96,43,inf,inf,inf,0.0,0.0,False,False,TabularQL.__init__() got an unexpected keyword argument 'alpha_min'
903,0.4,0.95,0.1,96,44,inf,inf,inf,0.0,0.0,False,False,TabularQL.__init__() got an unexpected keyword argument 'alpha_min'
904,0.4,0.95,0.1,120,42,inf,inf,inf,0.0,0.0,False,False,TabularQL.__init__() got an unexpected keyword argument 'alpha_min'
905,0.4,0.95,0.1,120,43,inf,inf,inf,0.0,0.0,False,False,TabularQL.__init__() got an unexpected keyword argument 'alpha_min'
906,0.4,0.95,0.1,120,44,inf,inf,inf,0.0,0.0,False,False,TabularQL.__init__() got an unexpected keyword argument 'alpha_min'
907,0.4,0.95,0.1,144,42,inf,inf,inf,0.0,0.0,False,False,TabularQL.__init__() got an unexpected keyword argument 'alpha_min'
908,0.4,0.95,0.1,144,43,inf,inf,inf,0.0,0.0,False,False,TabularQL.__init__() got an unexpected keyword argument 'alpha_min'
909,0.4,0.95,0.1,144,44,inf,inf,inf,0.0,0.0,False,False,TabularQL.__init__() got an unexpected keyword argument 'alpha_min'
910,0.4,0.95,0.1,168,42,inf,inf,inf,0.0,0.0,False,False,TabularQL.__init__() got an unexpected keyword argument 'alpha_min'
911,0.4,0.95,0.1,168,43,inf,inf,inf,0.0,0.0,False,False,TabularQL.__init__() got an unexpected keyword argument 'alpha_min'
912,0.4,0.95,0.1,168,44,inf,inf,inf,0.0,0.0,False,False,TabularQL.__init__() got an unexpected keyword argument 'alpha_min'
913,0.4,0.95,0.12,96,42,inf,inf,inf,0.0,0.0,False,False,TabularQL.__init__() got an unexpected keyword argument 'alpha_min'
914,0.4,0.95,0.12,96,43,inf,inf,inf,0.0,0.0,False,False,TabularQL.__init__() got an unexpected keyword argument 'alpha_min'
915,0.4,0.95,0.12,96,44,inf,inf,inf,0.0,0.0,False,False,TabularQL.__init__() got an unexpected keyword argument 'alpha_min'
916,0.4,0.95,0.12,120,42,inf,inf,inf,0.0,0.0,False,False,TabularQL.__init__() got an unexpected keyword argument 'alpha_min'
917,0.4,0.95,0.12,120,43,inf,inf,inf,0.0,0.0,False,False,TabularQL.__init__() got an unexpected keyword argument 'alpha_min'
918,0.4,0.95,0.12,120,44,inf,inf,inf,0.0,0.0,False,False,TabularQL.__init__() got an unexpected keyword argument 'alpha_min'
919,0.4,0.95,0.12,144,42,inf,inf,inf,0.0,0.0,False,False,TabularQL.__init__() got an unexpected keyword argument 'alpha_min'
920,0.4,0.95,0.12,144,43,inf,inf,inf,0.0,0.0,False,False,TabularQL.__init__() got an unexpected keyword argument 'alpha_min'
921,0.4,0.95,0.12,144,44,inf,inf,inf,0.0,0.0,False,False,TabularQL.__init__() got an unexpected keyword argument 'alpha_min'
922,0.4,0.95,0.12,168,42,inf,inf,inf,0.0,0.0,False,False,TabularQL.__init__() got an unexpected keyword argument 'alpha_min'
923,0.4,0.95,0.12,168,43,inf,inf,inf,0.0,0.0,False,False,TabularQL.__init__() got an unexpected keyword argument 'alpha_min'
924,0.4,0.95,0.12,168,44,inf,inf,inf,0.0,0.0,False,False,TabularQL.__init__() got an unexpected keyword argument 'alpha_min'
925,0.4,0.95,0.15,96,42,inf,inf,inf,0.0,0.0,False,False,TabularQL.__init__() got an unexpected keyword argument 'alpha_min'
926,0.4,0.95,0.15,96,43,inf,inf,inf,0.0,0.0,False,False,TabularQL.__init__() got an unexpected keyword argument 'alpha_min'
927,0.4,0.95,0.15,96,44,inf,inf,inf,0.0,0.0,False,False,TabularQL.__init__() got an unexpected keyword argument 'alpha_min'
928,0.4,0.95,0.15,120,42,inf,inf,inf,0.0,0.0,False,False,TabularQL.__init__() got an unexpected keyword argument 'alpha_min'
929,0.4,0.95,0.15,120,43,inf,inf,inf,0.0,0.0,False,False,TabularQL.__init__() got an unexpected keyword argument 'alpha_min'
930,0.4,0.95,0.15,120,44,inf,inf,inf,0.0,0.0,False,False,TabularQL.__init__() got an unexpected keyword argument 'alpha_min'
931,0.4,0.95,0.15,144,42,inf,inf,inf,0.0,0.0,False,False,TabularQL.__init__() got an unexpected keyword argument 'alpha_min'
932,0.4,0.95,0.15,144,43,inf,inf,inf,0.0,0.0,False,False,TabularQL.__init__() got an unexpected keyword argument 'alpha_min'
933,0.4,0.95,0.15,144,44,inf,inf,inf,0.0,0.0,False,False,TabularQL.__init__() got an unexpected keyword argument 'alpha_min'
934,0.4,0.95,0.15,168,42,inf,inf,inf,0.0,0.0,False,False,TabularQL.__init__() got an unexpected keyword argument 'alpha_min'
935,0.4,0.95,0.15,168,43,inf,inf,inf,0.0,0.0,False,False,TabularQL.__init__() got an unexpected keyword argument 'alpha_min'
936,0.4,0.95,0.15,168,44,inf,inf,inf,0.0,0.0,False,False,TabularQL.__init__() got an unexpected keyword argument 'alpha_min'
937,0.4,0.95,0.18,96,42,inf,inf,inf,0.0,0.0,False,False,TabularQL.__init__() got an unexpected keyword argument 'alpha_min'
938,0.4,0.95,0.18,96,43,inf,inf,inf,0.0,0.0,False,False,TabularQL.__init__() got an unexpected keyword argument 'alpha_min'
939,0.4,0.95,0.18,96,44,inf,inf,inf,0.0,0.0,False,False,TabularQL.__init__() got an unexpected keyword argument 'alpha_min'
940,0.4,0.95,0.18,120,42,inf,inf,inf,0.0,0.0,False,False,TabularQL.__init__() got an unexpected keyword argument 'alpha_min'
941,0.4,0.95,0.18,120,43,inf,inf,inf,0.0,0.0,False,False,TabularQL.__init__() got an unexpected keyword argument 'alpha_min'
942,0.4,0.95,0.18,120,44,inf,inf,inf,0.0,0.0,False,False,TabularQL.__init__() got an unexpected keyword argument 'alpha_min'
943,0.4,0.95,0.18,144,42,inf,inf,inf,0.0,0.0,False,False,TabularQL.__init__() got an unexpected keyword argument 'alpha_min'
944,0.4,0.95,0.18,144,43,inf,inf,inf,0.0,0.0,False,False,TabularQL.__init__() got an unexpected keyword argument 'alpha_min'
945,0.4,0.95,0.18,144,44,inf,inf,inf,0.0,0.0,False,False,TabularQL.__init__() got an unexpected keyword argument 'alpha_min'
946,0.4,0.95,0.18,168,42,inf,inf,inf,0.0,0.0,False,False,TabularQL.__init__() got an unexpected keyword argument 'alpha_min'
947,0.4,0.95,0.18,168,43,inf,inf,inf,0.0,0.0,False,False,TabularQL.__init__() got an unexpected keyword argument 'alpha_min'
948,0.4,0.95,0.18,168,44,inf,inf,inf,0.0,0.0,False,False,TabularQL.__init__() got an unexpected keyword argument 'alpha_min'
949,0.4,0.95,0.2,96,42,inf,inf,inf,0.0,0.0,False,False,TabularQL.__init__() got an unexpected keyword argument 'alpha_min'
950,0.4,0.95,0.2,96,43,inf,inf,inf,0.0,0.0,False,False,TabularQL.__init__() got an unexpected keyword argument 'alpha_min'
951,0.4,0.95,0.2,96,44,inf,inf,inf,0.0,0.0,False,False,TabularQL.__init__() got an unexpected keyword argument 'alpha_min'
952,0.4,0.95,0.2,120,42,inf,inf,inf,0.0,0.0,False,False,TabularQL.__init__() got an unexpected keyword argument 'alpha_min'
953,0.4,0.95,0.2,120,43,inf,inf,inf,0.0,0.0,False,False,TabularQL.__init__() got an unexpected keyword argument 'alpha_min'
954,0.4,0.95,0.2,120,44,inf,inf,inf,0.0,0.0,False,False,TabularQL.__init__() got an unexpected keyword argument 'alpha_min'
955,0.4,0.95,0.2,144,42,inf,inf,inf,0.0,0.0,False,False,TabularQL.__init__() got an unexpected keyword argument 'alpha_min'
956,0.4,0.95,0.2,144,43,inf,inf,inf,0.0,0.0,False,False,TabularQL.__init__() got an unexpected keyword argument 'alpha_min'
957,0.4,0.95,0.2,144,44,inf,inf,inf,0.0,0.0,False,False,TabularQL.__init__() got an unexpected keyword argument 'alpha_min'
958,0.4,0.95,0.2,168,42,inf,inf,inf,0.0,0.0,False,False,TabularQL.__init__() got an unexpected keyword argument 'alpha_min'
959,0.4,0.95,0.2,168,43,inf,inf,inf,0.0,0.0,False,False,TabularQL.__init__() got an unexpected keyword argument 'alpha_min'
960,0.4,0.95,0.2,168,44,inf,inf,inf,0.0,0.0,False,False,TabularQL.__init__() got an unexpected keyword argument 'alpha_min'
961,0.45,0.88,0.1,96,42,inf,inf,inf,0.0,0.0,False,False,TabularQL.__init__() got an unexpected keyword argument 'alpha_min'
962,0.45,0.88,0.1,96,43,inf,inf,inf,0.0,0.0,False,False,TabularQL.__init__() got an unexpected keyword argument 'alpha_min'
963,0.45,0.88,0.1,96,44,inf,inf,inf,0.0,0.0,False,False,TabularQL.__init__() got an unexpected keyword argument 'alpha_min'
964,0.45,0.88,0.1,120,42,inf,inf,inf,0.0,0.0,False,False,TabularQL.__init__() got an unexpected keyword argument 'alpha_min'
965,0.45,0.88,0.1,120,43,inf,inf,inf,0.0,0.0,False,False,TabularQL.__init__() got an unexpected keyword argument 'alpha_min'
966,0.45,0.88,0.1,120,44,inf,inf,inf,0.0,0.0,False,False,TabularQL.__init__() got an unexpected keyword argument 'alpha_min'
967,0.45,0.88,0.1,144,42,inf,inf,inf,0.0,0.0,False,False,TabularQL.__init__() got an unexpected keyword argument 'alpha_min'
968,0.45,0.88,0.1,144,43,inf,inf,inf,0.0,0.0,False,False,TabularQL.__init__() got an unexpected keyword argument 'alpha_min'
969,0.45,0.88,0.1,144,44,inf,inf,inf,0.0,0.0,False,False,TabularQL.__init__() got an unexpected keyword argument 'alpha_min'
970,0.45,0.88,0.1,168,42,inf,inf,inf,0.0,0.0,False,False,TabularQL.__init__() got an unexpected keyword argument 'alpha_min'
971,0.45,0.88,0.1,168,43,inf,inf,inf,0.0,0.0,False,False,TabularQL.__init__() got an unexpected keyword argument 'alpha_min'
972,0.45,0.88,0.1,168,44,inf,inf,inf,0.0,0.0,False,False,TabularQL.__init__() got an unexpected keyword argument 'alpha_min'
973,0.45,0.88,0.12,96,42,inf,inf,inf,0.0,0.0,False,False,TabularQL.__init__() got an unexpected keyword argument 'alpha_min'
974,0.45,0.88,0.12,96,43,inf,inf,inf,0.0,0.0,False,False,TabularQL.__init__() got an unexpected keyword argument 'alpha_min'
975,0.45,0.88,0.12,96,44,inf,inf,inf,0.0,0.0,False,False,TabularQL.__init__() got an unexpected keyword argument 'alpha_min'
976,0.45,0.88,0.12,120,42,inf,inf,inf,0.0,0.0,False,False,TabularQL.__init__() got an unexpected keyword argument 'alpha_min'
977,0.45,0.88,0.12,120,43,inf,inf,inf,0.0,0.0,False,False,TabularQL.__init__() got an unexpected keyword argument 'alpha_min'
978,0.45,0.88,0.12,120,44,inf,inf,inf,0.0,0.0,False,False,TabularQL.__init__() got an unexpected keyword argument 'alpha_min'
979,0.45,0.88,0.12,144,42,inf,inf,inf,0.0,0.0,False,False,TabularQL.__init__() got an unexpected keyword argument 'alpha_min'
980,0.45,0.88,0.12,144,43,inf,inf,inf,0.0,0.0,False,False,TabularQL.__init__() got an unexpected keyword argument 'alpha_min'
981,0.45,0.88,0.12,144,44,inf,inf,inf,0.0,0.0,False,False,TabularQL.__init__() got an unexpected keyword argument 'alpha_min'
982,0.45,0.88,0.12,168,42,inf,inf,inf,0.0,0.0,False,False,TabularQL.__init__() got an unexpected keyword argument 'alpha_min'
983,0.45,0.88,0.12,168,43,inf,inf,inf,0.0,0.0,False,False,TabularQL.__init__() got an unexpected keyword argument 'alpha_min'
984,0.45,0.88,0.12,168,44,inf,inf,inf,0.0,0.0,False,False,TabularQL.__init__() got an unexpected keyword argument 'alpha_min'
985,0.45,0.88,0.15,96,42,inf,inf,inf,0.0,0.0,False,False,TabularQL.__init__() got an unexpected keyword argument 'alpha_min'
986,0.45,0.88,0.15,96,43,inf,inf,inf,0.0,0.0,False,False,TabularQL.__init__() got an unexpected keyword argument 'alpha_min'
987,0.45,0.88,0.15,96,44,inf,inf,inf,0.0,0.0,False,False,TabularQL.__init__() got an unexpected keyword argument 'alpha_min'
988,0.45,0.88,0.15,120,42,inf,inf,inf,0.0,0.0,False,False,TabularQL.__init__() got an unexpected keyword argument 'alpha_min'
989,0.45,0.88,0.15,120,43,inf,inf,inf,0.0,0.0,False,False,TabularQL.__init__() got an unexpected keyword argument 'alpha_min'
990,0.45,0.88,0.15,120,44,inf,inf,inf,0.0,0.0,False,False,TabularQL.__init__() got an unexpected keyword argument 'alpha_min'
991,0.45,0.88,0.15,144,42,inf,inf,inf,0.0,0.0,False,False,TabularQL.__init__() got an unexpected keyword argument 'alpha_min'
992,0.45,0.88,0.15,144,43,inf,inf,inf,0.0,0.0,False,False,TabularQL.__init__() got an unexpected keyword argument 'alpha_min'
993,0.45,0.88,0.15,144,44,inf,inf,inf,0.0,0.0,False,False,TabularQL.__init__() got an unexpected keyword argument 'alpha_min'
994,0.45,0.88,0.15,168,42,inf,inf,inf,0.0,0.0,False,False,TabularQL.__init__() got an unexpected keyword argument 'alpha_min'
995,0.45,0.88,0.15,168,43,inf,inf,inf,0.0,0.0,False,False,TabularQL.__init__() got an unexpected keyword argument 'alpha_min'
996,0.45,0.88,0.15,168,44,inf,inf,inf,0.0,0.0,False,False,TabularQL.__init__() got an unexpected keyword argument 'alpha_min'
997,0.45,0.88,0.18,96,42,inf,inf,inf,0.0,0.0,False,False,TabularQL.__init__() got an unexpected keyword argument 'alpha_min'
998,0.45,0.88,0.18,96,43,inf,inf,inf,0.0,0.0,False,False,TabularQL.__init__() got an unexpected keyword argument 'alpha_min'
999,0.45,0.88,0.18,96,44,inf,inf,inf,0.0,0.0,False,False,TabularQL.__init__() got an unexpected keyword argument 'alpha_min'
1000,0.45,0.88,0.18,120,42,inf,inf,inf,0.0,0.0,False,False,TabularQL.__init__() got an unexpected keyword argument 'alpha_min'
1001,0.45,0.88,0.18,120,43,inf,inf,inf,0.0,0.0,False,False,TabularQL.__init__() got an unexpected keyword argument 'alpha_min'
1002,0.45,0.88,0.18,120,44,inf,inf,inf,0.0,0.0,False,False,TabularQL.__init__() got an unexpected keyword argument 'alpha_min'
1003,0.45,0.88,0.18,144,42,inf,inf,inf,0.0,0.0,False,False,TabularQL.__init__() got an unexpected keyword argument 'alpha_min'
1004,0.45,0.88,0.18,144,43,inf,inf,inf,0.0,0.0,False,False,TabularQL.__init__() got an unexpected keyword argument 'alpha_min'
1005,0.45,0.88,0.18,144,44,inf,inf,inf,0.0,0.0,False,False,TabularQL.__init__() got an unexpected keyword argument 'alpha_min'
1006,0.45,0.88,0.18,168,42,inf,inf,inf,0.0,0.0,False,False,TabularQL.__init__() got an unexpected keyword argument 'alpha_min'
1007,0.45,0.88,0.18,168,43,inf,inf,inf,0.0,0.0,False,False,TabularQL.__init__() got an unexpected keyword argument 'alpha_min'
1008,0.45,0.88,0.18,168,44,inf,inf,inf,0.0,0.0,False,False,TabularQL.__init__() got an unexpected keyword argument 'alpha_min'
1009,0.45,0.88,0.2,96,42,inf,inf,inf,0.0,0.0,False,False,TabularQL.__init__() got an unexpected keyword argument 'alpha_min'
1010,0.45,0.88,0.2,96,43,inf,inf,inf,0.0,0.0,False,False,TabularQL.__init__() got an unexpected keyword argument 'alpha_min'
1011,0.45,0.88,0.2,96,44,inf,inf,inf,0.0,0.0,False,False,TabularQL.__init__() got an unexpected keyword argument 'alpha_min'
1012,0.45,0.88,0.2,120,42,inf,inf,inf,0.0,0.0,False,False,TabularQL.__init__() got an unexpected keyword argument 'alpha_min'
1013,0.45,0.88,0.2,120,43,inf,inf,inf,0.0,0.0,False,False,TabularQL.__init__() got an unexpected keyword argument 'alpha_min'
1014,0.45,0.88,0.2,120,44,inf,inf,inf,0.0,0.0,False,False,TabularQL.__init__() got an unexpected keyword argument 'alpha_min'
1015,0.45,0.88,0.2,144,42,inf,inf,inf,0.0,0.0,False,False,TabularQL.__init__() got an unexpected keyword argument 'alpha_min'
1016,0.45,0.88,0.2,144,43,inf,inf,inf,0.0,0.0,False,False,TabularQL.__init__() got an unexpected keyword argument 'alpha_min'
1017,0.45,0.88,0.2,144,44,inf,inf,inf,0.0,0.0,False,False,TabularQL.__init__() got an unexpected keyword argument 'alpha_min'
1018,0.45,0.88,0.2,168,42,inf,inf,inf,0.0,0.0,False,False,TabularQL.__init__() got an unexpected keyword argument 'alpha_min'
1019,0.45,0.88,0.2,168,43,inf,inf,inf,0.0,0.0,False,False,TabularQL.__init__() got an unexpected keyword argument 'alpha_min'
1020,0.45,0.88,0.2,168,44,inf,inf,inf,0.0,0.0,False,False,TabularQL.__init__() got an unexpected keyword argument 'alpha_min'
1021,0.45,0.9,0.1,96,42,inf,inf,inf,0.0,0.0,False,False,TabularQL.__init__() got an unexpected keyword argument 'alpha_min'
1022,0.45,0.9,0.1,96,43,inf,inf,inf,0.0,0.0,False,False,TabularQL.__init__() got an unexpected keyword argument 'alpha_min'
1023,0.45,0.9,0.1,96,44,inf,inf,inf,0.0,0.0,False,False,TabularQL.__init__() got an unexpected keyword argument 'alpha_min'
1024,0.45,0.9,0.1,120,42,inf,inf,inf,0.0,0.0,False,False,TabularQL.__init__() got an unexpected keyword argument 'alpha_min'
1025,0.45,0.9,0.1,120,43,inf,inf,inf,0.0,0.0,False,False,TabularQL.__init__() got an unexpected keyword argument 'alpha_min'
1026,0.45,0.9,0.1,120,44,inf,inf,inf,0.0,0.0,False,False,TabularQL.__init__() got an unexpected keyword argument 'alpha_min'
1027,0.45,0.9,0.1,144,42,inf,inf,inf,0.0,0.0,False,False,TabularQL.__init__() got an unexpected keyword argument 'alpha_min'
1028,0.45,0.9,0.1,144,43,inf,inf,inf,0.0,0.0,False,False,TabularQL.__init__() got an unexpected keyword argument 'alpha_min'
1029,0.45,0.9,0.1,144,44,inf,inf,inf,0.0,0.0,False,False,TabularQL.__init__() got an unexpected keyword argument 'alpha_min'
1030,0.45,0.9,0.1,168,42,inf,inf,inf,0.0,0.0,False,False,TabularQL.__init__() got an unexpected keyword argument 'alpha_min'
1031,0.45,0.9,0.1,168,43,inf,inf,inf,0.0,0.0,False,False,TabularQL.__init__() got an unexpected keyword argument 'alpha_min'
1032,0.45,0.9,0.1,168,44,inf,inf,inf,0.0,0.0,False,False,TabularQL.__init__() got an unexpected keyword argument 'alpha_min'
1033,0.45,0.9,0.12,96,42,inf,inf,inf,0.0,0.0,False,False,TabularQL.__init__() got an unexpected keyword argument 'alpha_min'
1034,0.45,0.9,0.12,96,43,inf,inf,inf,0.0,0.0,False,False,TabularQL.__init__() got an unexpected keyword argument 'alpha_min'
1035,0.45,0.9,0.12,96,44,inf,inf,inf,0.0,0.0,False,False,TabularQL.__init__() got an unexpected keyword argument 'alpha_min'
1036,0.45,0.9,0.12,120,42,inf,inf,inf,0.0,0.0,False,False,TabularQL.__init__() got an unexpected keyword argument 'alpha_min'
1037,0.45,0.9,0.12,120,43,inf,inf,inf,0.0,0.0,False,False,TabularQL.__init__() got an unexpected keyword argument 'alpha_min'
1038,0.45,0.9,0.12,120,44,inf,inf,inf,0.0,0.0,False,False,TabularQL.__init__() got an unexpected keyword argument 'alpha_min'
1039,0.45,0.9,0.12,144,42,inf,inf,inf,0.0,0.0,False,False,TabularQL.__init__() got an unexpected keyword argument 'alpha_min'
1040,0.45,0.9,0.12,144,43,inf,inf,inf,0.0,0.0,False,False,TabularQL.__init__() got an unexpected keyword argument 'alpha_min'
1041,0.45,0.9,0.12,144,44,inf,inf,inf,0.0,0.0,False,False,TabularQL.__init__() got an unexpected keyword argument 'alpha_min'
1042,0.45,0.9,0.12,168,42,inf,inf,inf,0.0,0.0,False,False,TabularQL.__init__() got an unexpected keyword argument 'alpha_min'
1043,0.45,0.9,0.12,168,43,inf,inf,inf,0.0,0.0,False,False,TabularQL.__init__() got an unexpected keyword argument 'alpha_min'
1044,0.45,0.9,0.12,168,44,inf,inf,inf,0.0,0.0,False,False,TabularQL.__init__() got an unexpected keyword argument 'alpha_min'
1045,0.45,0.9,0.15,96,42,inf,inf,inf,0.0,0.0,False,False,TabularQL.__init__() got an unexpected keyword argument 'alpha_min'
1046,0.45,0.9,0.15,96,43,inf,inf,inf,0.0,0.0,False,False,TabularQL.__init__() got an unexpected keyword argument 'alpha_min'
1047,0.45,0.9,0.15,96,44,inf,inf,inf,0.0,0.0,False,False,TabularQL.__init__() got an unexpected keyword argument 'alpha_min'
1048,0.45,0.9,0.15,120,42,inf,inf,inf,0.0,0.0,False,False,TabularQL.__init__() got an unexpected keyword argument 'alpha_min'
1049,0.45,0.9,0.15,120,43,inf,inf,inf,0.0,0.0,False,False,TabularQL.__init__() got an unexpected keyword argument 'alpha_min'
1050,0.45,0.9,0.15,120,44,inf,inf,inf,0.0,0.0,False,False,TabularQL.__init__() got an unexpected keyword argument 'alpha_min'
1051,0.45,0.9,0.15,144,42,inf,inf,inf,0.0,0.0,False,False,TabularQL.__init__() got an unexpected keyword argument 'alpha_min'
1052,0.45,0.9,0.15,144,43,inf,inf,inf,0.0,0.0,False,False,TabularQL.__init__() got an unexpected keyword argument 'alpha_min'
1053,0.45,0.9,0.15,144,44,inf,inf,inf,0.0,0.0,False,False,TabularQL.__init__() got an unexpected keyword argument 'alpha_min'
1054,0.45,0.9,0.15,168,42,inf,inf,inf,0.0,0.0,False,False,TabularQL.__init__() got an unexpected keyword argument 'alpha_min'
1055,0.45,0.9,0.15,168,43,inf,inf,inf,0.0,0.0,False,False,TabularQL.__init__() got an unexpected keyword argument 'alpha_min'
1056,0.45,0.9,0.15,168,44,inf,inf,inf,0.0,0.0,False,False,TabularQL.__init__() got an unexpected keyword argument 'alpha_min'
1057,0.45,0.9,0.18,96,42,inf,inf,inf,0.0,0.0,False,False,TabularQL.__init__() got an unexpected keyword argument 'alpha_min'
1058,0.45,0.9,0.18,96,43,inf,inf,inf,0.0,0.0,False,False,TabularQL.__init__() got an unexpected keyword argument 'alpha_min'
1059,0.45,0.9,0.18,96,44,inf,inf,inf,0.0,0.0,False,False,TabularQL.__init__() got an unexpected keyword argument 'alpha_min'
1060,0.45,0.9,0.18,120,42,inf,inf,inf,0.0,0.0,False,False,TabularQL.__init__() got an unexpected keyword argument 'alpha_min'
1061,0.45,0.9,0.18,120,43,inf,inf,inf,0.0,0.0,False,False,TabularQL.__init__() got an unexpected keyword argument 'alpha_min'
1062,0.45,0.9,0.18,120,44,inf,inf,inf,0.0,0.0,False,False,TabularQL.__init__() got an unexpected keyword argument 'alpha_min'
1063,0.45,0.9,0.18,144,42,inf,inf,inf,0.0,0.0,False,False,TabularQL.__init__() got an unexpected keyword argument 'alpha_min'
1064,0.45,0.9,0.18,144,43,inf,inf,inf,0.0,0.0,False,False,TabularQL.__init__() got an unexpected keyword argument 'alpha_min'
1065,0.45,0.9,0.18,144,44,inf,inf,inf,0.0,0.0,False,False,TabularQL.__init__() got an unexpected keyword argument 'alpha_min'
1066,0.45,0.9,0.18,168,42,inf,inf,inf,0.0,0.0,False,False,TabularQL.__init__() got an unexpected keyword argument 'alpha_min'
1067,0.45,0.9,0.18,168,43,inf,inf,inf,0.0,0.0,False,False,TabularQL.__init__() got an unexpected keyword argument 'alpha_min'
1068,0.45,0.9,0.18,168,44,inf,inf,inf,0.0,0.0,False,False,TabularQL.__init__() got an unexpected keyword argument 'alpha_min'
1069,0.45,0.9,0.2,96,42,inf,inf,inf,0.0,0.0,False,False,TabularQL.__init__() got an unexpected keyword argument 'alpha_min'
1070,0.45,0.9,0.2,96,43,inf,inf,inf,0.0,0.0,False,False,TabularQL.__init__() got an unexpected keyword argument 'alpha_min'
1071,0.45,0.9,0.2,96,44,inf,inf,inf,0.0,0.0,False,False,TabularQL.__init__() got an unexpected keyword argument 'alpha_min'
1072,0.45,0.9,0.2,120,42,inf,inf,inf,0.0,0.0,False,False,TabularQL.__init__() got an unexpected keyword argument 'alpha_min'
1073,0.45,0.9,0.2,120,43,inf,inf,inf,0.0,0.0,False,False,TabularQL.__init__() got an unexpected keyword argument 'alpha_min'
1074,0.45,0.9,0.2,120,44,inf,inf,inf,0.0,0.0,False,False,TabularQL.__init__() got an unexpected keyword argument 'alpha_min'
1075,0.45,0.9,0.2,144,42,inf,inf,inf,0.0,0.0,False,False,TabularQL.__init__() got an unexpected keyword argument 'alpha_min'
1076,0.45,0.9,0.2,144,43,inf,inf,inf,0.0,0.0,False,False,TabularQL.__init__() got an unexpected keyword argument 'alpha_min'
1077,0.45,0.9,0.2,144,44,inf,inf,inf,0.0,0.0,False,False,TabularQL.__init__() got an unexpected keyword argument 'alpha_min'
1078,0.45,0.9,0.2,168,42,inf,inf,inf,0.0,0.0,False,False,TabularQL.__init__() got an unexpected keyword argument 'alpha_min'
1079,0.45,0.9,0.2,168,43,inf,inf,inf,0.0,0.0,False,False,TabularQL.__init__() got an unexpected keyword argument 'alpha_min'
1080,0.45,0.9,0.2,168,44,inf,inf,inf,0.0,0.0,False,False,TabularQL.__init__() got an unexpected keyword argument 'alpha_min'
1081,0.45,0.92,0.1,96,42,inf,inf,inf,0.0,0.0,False,False,TabularQL.__init__() got an unexpected keyword argument 'alpha_min'
1082,0.45,0.92,0.1,96,43,inf,inf,inf,0.0,0.0,False,False,TabularQL.__init__() got an unexpected keyword argument 'alpha_min'
1083,0.45,0.92,0.1,96,44,inf,inf,inf,0.0,0.0,False,False,TabularQL.__init__() got an unexpected keyword argument 'alpha_min'
1084,0.45,0.92,0.1,120,42,inf,inf,inf,0.0,0.0,False,False,TabularQL.__init__() got an unexpected keyword argument 'alpha_min'
1085,0.45,0.92,0.1,120,43,inf,inf,inf,0.0,0.0,False,False,TabularQL.__init__() got an unexpected keyword argument 'alpha_min'
1086,0.45,0.92,0.1,120,44,inf,inf,inf,0.0,0.0,False,False,TabularQL.__init__() got an unexpected keyword argument 'alpha_min'
1087,0.45,0.92,0.1,144,42,inf,inf,inf,0.0,0.0,False,False,TabularQL.__init__() got an unexpected keyword argument 'alpha_min'
1088,0.45,0.92,0.1,144,43,inf,inf,inf,0.0,0.0,False,False,TabularQL.__init__() got an unexpected keyword argument 'alpha_min'
1089,0.45,0.92,0.1,144,44,inf,inf,inf,0.0,0.0,False,False,TabularQL.__init__() got an unexpected keyword argument 'alpha_min'
1090,0.45,0.92,0.1,168,42,inf,inf,inf,0.0,0.0,False,False,TabularQL.__init__() got an unexpected keyword argument 'alpha_min'
1091,0.45,0.92,0.1,168,43,inf,inf,inf,0.0,0.0,False,False,TabularQL.__init__() got an unexpected keyword argument 'alpha_min'
1092,0.45,0.92,0.1,168,44,inf,inf,inf,0.0,0.0,False,False,TabularQL.__init__() got an unexpected keyword argument 'alpha_min'
1093,0.45,0.92,0.12,96,42,inf,inf,inf,0.0,0.0,False,False,TabularQL.__init__() got an unexpected keyword argument 'alpha_min'
1094,0.45,0.92,0.12,96,43,inf,inf,inf,0.0,0.0,False,False,TabularQL.__init__() got an unexpected keyword argument 'alpha_min'
1095,0.45,0.92,0.12,96,44,inf,inf,inf,0.0,0.0,False,False,TabularQL.__init__() got an unexpected keyword argument 'alpha_min'
1096,0.45,0.92,0.12,120,42,inf,inf,inf,0.0,0.0,False,False,TabularQL.__init__() got an unexpected keyword argument 'alpha_min'
1097,0.45,0.92,0.12,120,43,inf,inf,inf,0.0,0.0,False,False,TabularQL.__init__() got an unexpected keyword argument 'alpha_min'
1098,0.45,0.92,0.12,120,44,inf,inf,inf,0.0,0.0,False,False,TabularQL.__init__() got an unexpected keyword argument 'alpha_min'
1099,0.45,0.92,0.12,144,42,inf,inf,inf,0.0,0.0,False,False,TabularQL.__init__() got an unexpected keyword argument 'alpha_min'
1100,0.45,0.92,0.12,144,43,inf,inf,inf,0.0,0.0,False,False,TabularQL.__init__() got an unexpected keyword argument 'alpha_min'
1101,0.45,0.92,0.12,144,44,inf,inf,inf,0.0,0.0,False,False,TabularQL.__init__() got an unexpected keyword argument 'alpha_min'
1102,0.45,0.92,0.12,168,42,inf,inf,inf,0.0,0.0,False,False,TabularQL.__init__() got an unexpected keyword argument 'alpha_min'
1103,0.45,0.92,0.12,168,43,inf,inf,inf,0.0,0.0,False,False,TabularQL.__init__() got an unexpected keyword argument 'alpha_min'
1104,0.45,0.92,0.12,168,44,inf,inf,inf,0.0,0.0,False,False,TabularQL.__init__() got an unexpected keyword argument 'alpha_min'
1105,0.45,0.92,0.15,96,42,inf,inf,inf,0.0,0.0,False,False,TabularQL.__init__() got an unexpected keyword argument 'alpha_min'
1106,0.45,0.92,0.15,96,43,inf,inf,inf,0.0,0.0,False,False,TabularQL.__init__() got an unexpected keyword argument 'alpha_min'
1107,0.45,0.92,0.15,96,44,inf,inf,inf,0.0,0.0,False,False,TabularQL.__init__() got an unexpected keyword argument 'alpha_min'
1108,0.45,0.92,0.15,120,42,inf,inf,inf,0.0,0.0,False,False,TabularQL.__init__() got an unexpected keyword argument 'alpha_min'
1109,0.45,0.92,0.15,120,43,inf,inf,inf,0.0,0.0,False,False,TabularQL.__init__() got an unexpected keyword argument 'alpha_min'
1110,0.45,0.92,0.15,120,44,inf,inf,inf,0.0,0.0,False,False,TabularQL.__init__() got an unexpected keyword argument 'alpha_min'
1111,0.45,0.92,0.15,144,42,inf,inf,inf,0.0,0.0,False,False,TabularQL.__init__() got an unexpected keyword argument 'alpha_min'
1112,0.45,0.92,0.15,144,43,inf,inf,inf,0.0,0.0,False,False,TabularQL.__init__() got an unexpected keyword argument 'alpha_min'
1113,0.45,0.92,0.15,144,44,inf,inf,inf,0.0,0.0,False,False,TabularQL.__init__() got an unexpected keyword argument 'alpha_min'
1114,0.45,0.92,0.15,168,42,inf,inf,inf,0.0,0.0,False,False,TabularQL.__init__() got an unexpected keyword argument 'alpha_min'
1115,0.45,0.92,0.15,168,43,inf,inf,inf,0.0,0.0,False,False,TabularQL.__init__() got an unexpected keyword argument 'alpha_min'
1116,0.45,0.92,0.15,168,44,inf,inf,inf,0.0,0.0,False,False,TabularQL.__init__() got an unexpected keyword argument 'alpha_min'
1117,0.45,0.92,0.18,96,42,inf,inf,inf,0.0,0.0,False,False,TabularQL.__init__() got an unexpected keyword argument 'alpha_min'
1118,0.45,0.92,0.18,96,43,inf,inf,inf,0.0,0.0,False,False,TabularQL.__init__() got an unexpected keyword argument 'alpha_min'
1119,0.45,0.92,0.18,96,44,inf,inf,inf,0.0,0.0,False,False,TabularQL.__init__() got an unexpected keyword argument 'alpha_min'
1120,0.45,0.92,0.18,120,42,inf,inf,inf,0.0,0.0,False,False,TabularQL.__init__() got an unexpected keyword argument 'alpha_min'
1121,0.45,0.92,0.18,120,43,inf,inf,inf,0.0,0.0,False,False,TabularQL.__init__() got an unexpected keyword argument 'alpha_min'
1122,0.45,0.92,0.18,120,44,inf,inf,inf,0.0,0.0,False,False,TabularQL.__init__() got an unexpected keyword argument 'alpha_min'
1123,0.45,0.92,0.18,144,42,inf,inf,inf,0.0,0.0,False,False,TabularQL.__init__() got an unexpected keyword argument 'alpha_min'
1124,0.45,0.92,0.18,144,43,inf,inf,inf,0.0,0.0,False,False,TabularQL.__init__() got an unexpected keyword argument 'alpha_min'
1125,0.45,0.92,0.18,144,44,inf,inf,inf,0.0,0.0,False,False,TabularQL.__init__() got an unexpected keyword argument 'alpha_min'
1126,0.45,0.92,0.18,168,42,inf,inf,inf,0.0,0.0,False,False,TabularQL.__init__() got an unexpected keyword argument 'alpha_min'
1127,0.45,0.92,0.18,168,43,inf,inf,inf,0.0,0.0,False,False,TabularQL.__init__() got an unexpected keyword argument 'alpha_min'
1128,0.45,0.92,0.18,168,44,inf,inf,inf,0.0,0.0,False,False,TabularQL.__init__() got an unexpected keyword argument 'alpha_min'
1129,0.45,0.92,0.2,96,42,inf,inf,inf,0.0,0.0,False,False,TabularQL.__init__() got an unexpected keyword argument 'alpha_min'
1130,0.45,0.92,0.2,96,43,inf,inf,inf,0.0,0.0,False,False,TabularQL.__init__() got an unexpected keyword argument 'alpha_min'
1131,0.45,0.92,0.2,96,44,inf,inf,inf,0.0,0.0,False,False,TabularQL.__init__() got an unexpected keyword argument 'alpha_min'
1132,0.45,0.92,0.2,120,42,inf,inf,inf,0.0,0.0,False,False,TabularQL.__init__() got an unexpected keyword argument 'alpha_min'
1133,0.45,0.92,0.2,120,43,inf,inf,inf,0.0,0.0,False,False,TabularQL.__init__() got an unexpected keyword argument 'alpha_min'
1134,0.45,0.92,0.2,120,44,inf,inf,inf,0.0,0.0,False,False,TabularQL.__init__() got an unexpected keyword argument 'alpha_min'
1135,0.45,0.92,0.2,144,42,inf,inf,inf,0.0,0.0,False,False,TabularQL.__init__() got an unexpected keyword argument 'alpha_min'
1136,0.45,0.92,0.2,144,43,inf,inf,inf,0.0,0.0,False,False,TabularQL.__init__() got an unexpected keyword argument 'alpha_min'
1137,0.45,0.92,0.2,144,44,inf,inf,inf,0.0,0.0,False,False,TabularQL.__init__() got an unexpected keyword argument 'alpha_min'
1138,0.45,0.92,0.2,168,42,inf,inf,inf,0.0,0.0,False,False,TabularQL.__init__() got an unexpected keyword argument 'alpha_min'
1139,0.45,0.92,0.2,168,43,inf,inf,inf,0.0,0.0,False,False,TabularQL.__init__() got an unexpected keyword argument 'alpha_min'
1140,0.45,0.92,0.2,168,44,inf,inf,inf,0.0,0.0,False,False,TabularQL.__init__() got an unexpected keyword argument 'alpha_min'
1141,0.45,0.95,0.1,96,42,inf,inf,inf,0.0,0.0,False,False,TabularQL.__init__() got an unexpected keyword argument 'alpha_min'
1142,0.45,0.95,0.1,96,43,inf,inf,inf,0.0,0.0,False,False,TabularQL.__init__() got an unexpected keyword argument 'alpha_min'
1143,0.45,0.95,0.1,96,44,inf,inf,inf,0.0,0.0,False,False,TabularQL.__init__() got an unexpected keyword argument 'alpha_min'
1144,0.45,0.95,0.1,120,42,inf,inf,inf,0.0,0.0,False,False,TabularQL.__init__() got an unexpected keyword argument 'alpha_min'
1145,0.45,0.95,0.1,120,43,inf,inf,inf,0.0,0.0,False,False,TabularQL.__init__() got an unexpected keyword argument 'alpha_min'
1146,0.45,0.95,0.1,120,44,inf,inf,inf,0.0,0.0,False,False,TabularQL.__init__() got an unexpected keyword argument 'alpha_min'
1147,0.45,0.95,0.1,144,42,inf,inf,inf,0.0,0.0,False,False,TabularQL.__init__() got an unexpected keyword argument 'alpha_min'
1148,0.45,0.95,0.1,144,43,inf,inf,inf,0.0,0.0,False,False,TabularQL.__init__() got an unexpected keyword argument 'alpha_min'
1149,0.45,0.95,0.1,144,44,inf,inf,inf,0.0,0.0,False,False,TabularQL.__init__() got an unexpected keyword argument 'alpha_min'
1150,0.45,0.95,0.1,168,42,inf,inf,inf,0.0,0.0,False,False,TabularQL.__init__() got an unexpected keyword argument 'alpha_min'
1151,0.45,0.95,0.1,168,43,inf,inf,inf,0.0,0.0,False,False,TabularQL.__init__() got an unexpected keyword argument 'alpha_min'
1152,0.45,0.95,0.1,168,44,inf,inf,inf,0.0,0.0,False,False,TabularQL.__init__() got an unexpected keyword argument 'alpha_min'
1153,0.45,0.95,0.12,96,42,inf,inf,inf,0.0,0.0,False,False,TabularQL.__init__() got an unexpected keyword argument 'alpha_min'
1154,0.45,0.95,0.12,96,43,inf,inf,inf,0.0,0.0,False,False,TabularQL.__init__() got an unexpected keyword argument 'alpha_min'
1155,0.45,0.95,0.12,96,44,inf,inf,inf,0.0,0.0,False,False,TabularQL.__init__() got an unexpected keyword argument 'alpha_min'
1156,0.45,0.95,0.12,120,42,inf,inf,inf,0.0,0.0,False,False,TabularQL.__init__() got an unexpected keyword argument 'alpha_min'
1157,0.45,0.95,0.12,120,43,inf,inf,inf,0.0,0.0,False,False,TabularQL.__init__() got an unexpected keyword argument 'alpha_min'
1158,0.45,0.95,0.12,120,44,inf,inf,inf,0.0,0.0,False,False,TabularQL.__init__() got an unexpected keyword argument 'alpha_min'
1159,0.45,0.95,0.12,144,42,inf,inf,inf,0.0,0.0,False,False,TabularQL.__init__() got an unexpected keyword argument 'alpha_min'
1160,0.45,0.95,0.12,144,43,inf,inf,inf,0.0,0.0,False,False,TabularQL.__init__() got an unexpected keyword argument 'alpha_min'
1161,0.45,0.95,0.12,144,44,inf,inf,inf,0.0,0.0,False,False,TabularQL.__init__() got an unexpected keyword argument 'alpha_min'
1162,0.45,0.95,0.12,168,42,inf,inf,inf,0.0,0.0,False,False,TabularQL.__init__() got an unexpected keyword argument 'alpha_min'
1163,0.45,0.95,0.12,168,43,inf,inf,inf,0.0,0.0,False,False,TabularQL.__init__() got an unexpected keyword argument 'alpha_min'
1164,0.45,0.95,0.12,168,44,inf,inf,inf,0.0,0.0,False,False,TabularQL.__init__() got an unexpected keyword argument 'alpha_min'
1165,0.45,0.95,0.15,96,42,inf,inf,inf,0.0,0.0,False,False,TabularQL.__init__() got an unexpected keyword argument 'alpha_min'
1166,0.45,0.95,0.15,96,43,inf,inf,inf,0.0,0.0,False,False,TabularQL.__init__() got an unexpected keyword argument 'alpha_min'
1167,0.45,0.95,0.15,96,44,inf,inf,inf,0.0,0.0,False,False,TabularQL.__init__() got an unexpected keyword argument 'alpha_min'
1168,0.45,0.95,0.15,120,42,inf,inf,inf,0.0,0.0,False,False,TabularQL.__init__() got an unexpected keyword argument 'alpha_min'
1169,0.45,0.95,0.15,120,43,inf,inf,inf,0.0,0.0,False,False,TabularQL.__init__() got an unexpected keyword argument 'alpha_min'
1170,0.45,0.95,0.15,120,44,inf,inf,inf,0.0,0.0,False,False,TabularQL.__init__() got an unexpected keyword argument 'alpha_min'
1171,0.45,0.95,0.15,144,42,inf,inf,inf,0.0,0.0,False,False,TabularQL.__init__() got an unexpected keyword argument 'alpha_min'
1172,0.45,0.95,0.15,144,43,inf,inf,inf,0.0,0.0,False,False,TabularQL.__init__() got an unexpected keyword argument 'alpha_min'
1173,0.45,0.95,0.15,144,44,inf,inf,inf,0.0,0.0,False,False,TabularQL.__init__() got an unexpected keyword argument 'alpha_min'
1174,0.45,0.95,0.15,168,42,inf,inf,inf,0.0,0.0,False,False,TabularQL.__init__() got an unexpected keyword argument 'alpha_min'
1175,0.45,0.95,0.15,168,43,inf,inf,inf,0.0,0.0,False,False,TabularQL.__init__() got an unexpected keyword argument 'alpha_min'
1176,0.45,0.95,0.15,168,44,inf,inf,inf,0.0,0.0,False,False,TabularQL.__init__() got an unexpected keyword argument 'alpha_min'
1177,0.45,0.95,0.18,96,42,inf,inf,inf,0.0,0.0,False,False,TabularQL.__init__() got an unexpected keyword argument 'alpha_min'
1178,0.45,0.95,0.18,96,43,inf,inf,inf,0.0,0.0,False,False,TabularQL.__init__() got an unexpected keyword argument 'alpha_min'
1179,0.45,0.95,0.18,96,44,inf,inf,inf,0.0,0.0,False,False,TabularQL.__init__() got an unexpected keyword argument 'alpha_min'
1180,0.45,0.95,0.18,120,42,inf,inf,inf,0.0,0.0,False,False,TabularQL.__init__() got an unexpected keyword argument 'alpha_min'
1181,0.45,0.95,0.18,120,43,inf,inf,inf,0.0,0.0,False,False,TabularQL.__init__() got an unexpected keyword argument 'alpha_min'
1182,0.45,0.95,0.18,120,44,inf,inf,inf,0.0,0.0,False,False,TabularQL.__init__() got an unexpected keyword argument 'alpha_min'
1183,0.45,0.95,0.18,144,42,inf,inf,inf,0.0,0.0,False,False,TabularQL.__init__() got an unexpected keyword argument 'alpha_min'
1184,0.45,0.95,0.18,144,43,inf,inf,inf,0.0,0.0,False,False,TabularQL.__init__() got an unexpected keyword argument 'alpha_min'
1185,0.45,0.95,0.18,144,44,inf,inf,inf,0.0,0.0,False,False,TabularQL.__init__() got an unexpected keyword argument 'alpha_min'
1186,0.45,0.95,0.18,168,42,inf,inf,inf,0.0,0.0,False,False,TabularQL.__init__() got an unexpected keyword argument 'alpha_min'
1187,0.45,0.95,0.18,168,43,inf,inf,inf,0.0,0.0,False,False,TabularQL.__init__() got an unexpected keyword argument 'alpha_min'
1188,0.45,0.95,0.18,168,44,inf,inf,inf,0.0,0.0,False,False,TabularQL.__init__() got an unexpected keyword argument 'alpha_min'
1189,0.45,0.95,0.2,96,42,inf,inf,inf,0.0,0.0,False,False,TabularQL.__init__() got an unexpected keyword argument 'alpha_min'
1190,0.45,0.95,0.2,96,43,inf,inf,inf,0.0,0.0,False,False,TabularQL.__init__() got an unexpected keyword argument 'alpha_min'
1191,0.45,0.95,0.2,96,44,inf,inf,inf,0.0,0.0,False,False,TabularQL.__init__() got an unexpected keyword argument 'alpha_min'
1192,0.45,0.95,0.2,120,42,inf,inf,inf,0.0,0.0,False,False,TabularQL.__init__() got an unexpected keyword argument 'alpha_min'
1193,0.45,0.95,0.2,120,43,inf,inf,inf,0.0,0.0,False,False,TabularQL.__init__() got an unexpected keyword argument 'alpha_min'
1194,0.45,0.95,0.2,120,44,inf,inf,inf,0.0,0.0,False,False,TabularQL.__init__() got an unexpected keyword argument 'alpha_min'
1195,0.45,0.95,0.2,144,42,inf,inf,inf,0.0,0.0,False,False,TabularQL.__init__() got an unexpected keyword argument 'alpha_min'
1196,0.45,0.95,0.2,144,43,inf,inf,inf,0.0,0.0,False,False,TabularQL.__init__() got an unexpected keyword argument 'alpha_min'
1197,0.45,0.95,0.2,144,44,inf,inf,inf,0.0,0.0,False,False,TabularQL.__init__() got an unexpected keyword argument 'alpha_min'
1198,0.45,0.95,0.2,168,42,inf,inf,inf,0.0,0.0,False,False,TabularQL.__init__() got an unexpected keyword argument 'alpha_min'
1199,0.45,0.95,0.2,168,43,inf,inf,inf,0.0,0.0,False,False,TabularQL.__init__() got an unexpected keyword argument 'alpha_min'
1200,0.45,0.95,0.2,168,44,inf,inf,inf,0.0,0.0,False,False,TabularQL.__init__() got an unexpected keyword argument 'alpha_min'
