episode,mean_demand_power,mean_energy_balance,mean_renewable_power,mean_total_power,total_reward_solar,total_reward_wind,total_reward_battery,total_reward_grid,total_reward_load,solar_activation_rate,wind_activation_rate,battery_charge_rate,battery_discharge_rate,grid_import_rate,load_reduction_rate
0,107078.96021012779,-41772.434244176395,52484.92421990973,65306.5259659514,-1.4576269791586667,-0.6556457501246671,-11.441250014012638,1.2413503837820024,-1.9499999999999997,0.4166666666666667,0.4583333333333333,0.3333333333333333,0.2777777777777778,0.5694444444444444,0.3888888888888889
1,141688.75050488056,-90462.52167626111,12320.666455952778,51226.228828619445,3.5274933588860007,2.154187114038667,-2.5217786392042685,3.7333625118216673,-9.6,0.4166666666666667,0.5,0.2777777777777778,0.3055555555555556,0.4861111111111111,0.625
10,133206.3426113736,-53409.214125363884,60549.45448541806,79797.12848600972,6.17497739724,2.153356370298334,-4.733039294138376,11.534811960689002,-6.8999999999999995,0.5277777777777778,0.5,0.3194444444444444,0.3333333333333333,0.4305555555555556,0.5416666666666666
100,115357.16695419446,-30327.545022287504,73014.54034907917,85029.62193190695,-1.6448356925136667,4.461563948364001,-9.465389478038144,1.556590627327668,-3.3000000000000003,0.4444444444444444,0.625,0.3888888888888889,0.2638888888888889,0.5416666666666666,0.4305555555555556
101,122937.63634033056,-73644.58425238333,25569.99542306111,49293.052087947224,3.7592582484419994,2.7326761302889997,-8.277626702419312,8.175709756575335,-2.8499999999999996,0.4305555555555556,0.4583333333333333,0.3611111111111111,0.25,0.4166666666666667,0.4166666666666667
102,131035.68308840558,-81804.8670079889,13873.755615156944,49230.81608041666,0.476130117259,4.644385174864999,-1.599854077708407,2.5479030342933346,-0.6000000000000001,0.5694444444444444,0.4305555555555556,0.2777777777777778,0.3194444444444444,0.4444444444444444,0.3472222222222222
103,143762.23245721112,-86995.77462722221,13332.447172008331,56766.45782998888,3.3532024628609998,4.284874462243,-6.900815584359796,4.674019936032668,-3.3,0.5,0.4444444444444444,0.3472222222222222,0.3472222222222222,0.5694444444444444,0.4305555555555556
104,122883.99540472639,-42305.86962902222,66238.64219765138,80578.12577570416,2.4273143517766655,5.322233729839667,-6.562781824090878,4.157884752441667,-1.9500000000000002,0.4861111111111111,0.5833333333333334,0.375,0.3194444444444444,0.5,0.3888888888888889
105,133707.30028485,-50491.51176847639,72681.00115291945,83215.7885163736,3.6291207226866664,6.391780049325335,-5.761738664304342,7.179761289230336,-1.5,0.5416666666666666,0.6111111111111112,0.5,0.2361111111111111,0.4305555555555556,0.375
106,123992.62302928751,-40751.20607727639,70081.78264244444,83241.41695201112,4.090419356511333,1.5799888773313335,-11.32467421767345,2.939629310957335,-6.000000000000002,0.5277777777777778,0.5138888888888888,0.3888888888888889,0.3194444444444444,0.5277777777777778,0.5138888888888888
107,137785.06572302085,-61466.08966692501,56688.81563116667,76318.97605609584,4.948120731067333,5.502326100488666,-4.3080731346748316,5.229681864594669,-3.75,0.5555555555555556,0.4861111111111111,0.4305555555555556,0.2361111111111111,0.5,0.4444444444444444
108,130365.56717288474,-42570.434147611115,75894.62286951387,87795.13302527361,6.821271707218333,6.341644177357667,-9.33256253972407,7.668614247292669,-1.9499999999999997,0.5972222222222222,0.5833333333333334,0.4027777777777778,0.25,0.4583333333333333,0.3888888888888889
109,137517.28096380696,-68473.48007013889,53629.633732874994,69043.80089366804,4.451518538861333,5.262460447593334,-3.6633834989677014,9.928301656032668,-2.4,0.4722222222222222,0.5277777777777778,0.375,0.3194444444444444,0.3472222222222222,0.4027777777777778
11,114463.92829243054,-48741.13837458333,53242.944075613894,65722.78991784721,6.247987934536667,3.3397038354903343,-10.804626938685109,10.739863636054668,-6.0,0.625,0.5138888888888888,0.2222222222222222,0.3472222222222222,0.4305555555555556,0.5138888888888888
110,131475.13179866943,-78119.03000723889,12186.10533112639,53356.10179143055,3.116531043885,3.4510692973329995,0.7478342787437586,6.134476203119334,-3.7499999999999996,0.4166666666666667,0.3888888888888889,0.19444444444444445,0.4722222222222222,0.4166666666666667,0.4444444444444444
111,113761.80225157083,-49364.37734995278,49715.63896523611,64397.424901618055,3.7647366103690003,2.2499784965516665,-6.941051190906789,6.957324045528669,-3.3,0.5138888888888888,0.5555555555555556,0.3888888888888889,0.3055555555555556,0.5555555555555556,0.4305555555555556
112,139965.00648838334,-85284.62466258195,11290.142364818057,54680.38182580139,3.3190660159986662,2.8730922921339994,-7.415881159843584,5.328500174348334,-1.0499999999999998,0.4305555555555556,0.4305555555555556,0.2916666666666667,0.3472222222222222,0.5138888888888888,0.3611111111111111
113,119194.7028184486,-43736.79196643333,54685.36127655,75457.91085201528,5.009958343558999,4.233691343185667,-6.72381558905369,7.805446408311335,-1.4999999999999998,0.5972222222222222,0.4861111111111111,0.3611111111111111,0.3333333333333333,0.5138888888888888,0.375
114,100575.99007935556,-56980.041974655556,27182.39497762361,43595.9481047,5.054284736854333,3.3678714586006664,-5.875502109384815,8.598641897232335,-6.8999999999999995,0.5694444444444444,0.4583333333333333,0.3472222222222222,0.2638888888888889,0.3888888888888889,0.5416666666666666
115,115557.9943816889,-48368.71506638612,48265.79351154584,67189.27931530277,3.6839690484456673,3.4606917554116663,-4.900276874945813,9.202066576080668,-2.3999999999999995,0.4861111111111111,0.6111111111111112,0.4027777777777778,0.3194444444444444,0.4722222222222222,0.4027777777777778
116,103111.77228162916,-41311.91340400278,50030.8322102875,61799.85887762638,0.7916219006870006,4.884037951098667,-8.070670370213573,9.498431076313668,-1.4999999999999996,0.4166666666666667,0.5416666666666666,0.4166666666666667,0.2222222222222222,0.4166666666666667,0.375
117,143540.3770521722,-98837.8639844639,9717.072622843056,44702.51306770833,3.250588217952333,0.5239452498616669,-12.89637913917803,3.367772962878335,-1.5,0.4305555555555556,0.5,0.2916666666666667,0.3472222222222222,0.5138888888888888,0.375
118,133258.60106805,-84730.82860747361,16660.6560365625,48527.772460576394,4.935505444764666,0.9441671028406664,-1.2478476735387645,5.602623144263333,-4.6499999999999995,0.3611111111111111,0.5277777777777778,0.3194444444444444,0.4166666666666667,0.4444444444444444,0.4722222222222222
119,128674.9624290903,-49867.524245466666,62216.52234736111,78807.43818362361,3.880928241676334,4.363927473602335,-9.529182367919352,4.843900084207002,-0.5999999999999999,0.5416666666666666,0.5,0.3194444444444444,0.2638888888888889,0.5138888888888888,0.3472222222222222
12,137990.375992975,-87874.21197309166,10752.78668313889,50116.164019883334,0.499376575899667,2.6397036990456657,-11.220427243418596,5.808061132662335,-7.800000000000001,0.5555555555555556,0.4583333333333333,0.4166666666666667,0.20833333333333334,0.5555555555555556,0.5694444444444444
120,124259.54645991388,-41445.618790701395,71919.29889336249,82813.92766921251,4.233360673025333,2.075133050167,-5.4884167004926585,9.422959274574335,-2.8500000000000005,0.5138888888888888,0.5416666666666666,0.5,0.2361111111111111,0.4166666666666667,0.4166666666666667
121,131954.73512324027,-65258.12150015695,43416.61511977499,66696.61362308334,4.563899948250667,4.645758501832001,-6.771397254495625,11.045250187872002,-1.5,0.4861111111111111,0.4444444444444444,0.3888888888888889,0.3194444444444444,0.375,0.375
122,113324.71251335833,-42168.43737021528,60853.53352104306,71156.27514314305,1.2640071529440005,2.1370797607976657,-4.116261509048958,9.888363877009002,-1.9499999999999997,0.4861111111111111,0.5,0.4722222222222222,0.2361111111111111,0.3888888888888889,0.3888888888888889
123,109793.0450515043,-30461.6391039432,67978.71311880695,79331.4059475611,4.345967114184667,5.537249118726669,-9.623114824137147,10.346572901895335,-3.7499999999999996,0.5694444444444444,0.5833333333333334,0.3194444444444444,0.3055555555555556,0.4305555555555556,0.4444444444444444
124,130839.62514707498,-58726.19783572638,58719.93683585277,72113.42731134861,7.625963250043332,3.542570268112667,-8.87413915254156,8.791303712991335,-2.8499999999999996,0.5972222222222222,0.5138888888888888,0.2777777777777778,0.25,0.4305555555555556,0.4166666666666667
125,114738.64237589446,-52944.6406156375,48972.99073015556,61794.00176025694,8.593585199907666,5.356184631768999,-6.122545468236436,13.745211238258001,-4.65,0.5833333333333334,0.5138888888888888,0.4305555555555556,0.3194444444444444,0.3333333333333333,0.4722222222222222
126,126781.59469007498,-72389.64649686667,33704.97926080278,54391.948193208336,4.717568678187,2.2694557389853336,-5.636823913668513,10.020142617553002,-4.65,0.4861111111111111,0.4722222222222222,0.4444444444444444,0.2361111111111111,0.3888888888888889,0.4722222222222222
127,127507.57383602501,-58349.66616518195,50072.78264413195,69157.90767084305,1.7789269458776669,3.407951965216667,-6.681461642856342,13.061970779997,-1.4999999999999996,0.4305555555555556,0.4861111111111111,0.4166666666666667,0.3333333333333333,0.3472222222222222,0.375
128,124170.56904843333,-72443.00996931529,23473.98305271111,51727.55907911806,1.7039380979110006,4.697018836391333,-4.680935966944498,10.564912288714334,-0.5999999999999996,0.3888888888888889,0.5416666666666666,0.3333333333333333,0.3472222222222222,0.4861111111111111,0.3472222222222222
129,137252.53667709584,-84780.32552362916,14225.253687516666,52472.21115346667,1.7603578513453337,4.405741194118333,-3.7877651901660188,6.022348740746334,-2.3999999999999995,0.5,0.3611111111111111,0.25,0.4444444444444444,0.4583333333333333,0.4027777777777778
13,131301.29890516668,-57336.5942752375,54480.87843752638,73964.70462992917,0.7373597916893337,-0.5366208027933328,-8.2114272258117,1.2162606925176684,-2.4,0.4305555555555556,0.4583333333333333,0.3472222222222222,0.3611111111111111,0.5694444444444444,0.4027777777777778
130,100448.56942240694,-38009.76502880416,54777.14130042362,62438.80439360278,4.819184418043,5.704223204112667,-6.616779157117324,8.771275474027336,-4.6499999999999995,0.5694444444444444,0.6111111111111112,0.4027777777777778,0.2916666666666667,0.4722222222222222,0.4722222222222222
131,129651.7721394389,-78417.10682167501,15593.841737377777,51234.665317763895,5.324232154323333,4.355570827507332,-4.517881469038333,6.61210419903,-2.8499999999999996,0.5277777777777778,0.4027777777777778,0.3888888888888889,0.2777777777777778,0.6111111111111112,0.4166666666666667
132,119738.75860045974,-65434.12247677222,35921.577530181945,54304.636123687495,2.7052362267633336,4.897523053564667,-5.8645746525990194,9.543150627384335,-8.25,0.5555555555555556,0.5277777777777778,0.4027777777777778,0.25,0.5,0.5833333333333334
133,130883.8091479,-79922.76645150139,14352.470431127778,50961.04269639861,4.960182841532999,2.6682313792089998,-10.453303412920864,3.2116724396806675,-1.0499999999999998,0.3472222222222222,0.3888888888888889,0.20833333333333334,0.3888888888888889,0.5,0.3611111111111111
134,125729.18948368472,-76923.5324116625,16763.852450162503,48805.65707202222,4.116786523805667,0.3604863464406677,-11.015571176048251,7.01548043113,-1.4999999999999998,0.4583333333333333,0.5694444444444444,0.3611111111111111,0.3333333333333333,0.5,0.375
135,125776.84891783056,-80103.19030726528,9463.7112578875,45673.658610565275,4.145828493720666,2.8382638460486667,-2.1645665476638816,7.851274710267666,-1.9499999999999993,0.4027777777777778,0.4583333333333333,0.2777777777777778,0.3611111111111111,0.4583333333333333,0.3888888888888889
136,125013.6816398236,-52430.76580494167,64453.29539423612,72582.91583488193,1.752710754392667,0.9520034719093335,-8.324298962530511,13.771165857275001,-2.8499999999999996,0.5,0.5138888888888888,0.3888888888888889,0.2222222222222222,0.3055555555555556,0.4166666666666667
137,129124.97543093748,-60684.897942837495,49866.885581055554,68440.0774881,4.779427733609666,3.818502483200667,-7.920293190758325,11.085762360113335,-2.8499999999999996,0.5694444444444444,0.5,0.3472222222222222,0.3333333333333333,0.3888888888888889,0.4166666666666667
138,132452.7210917389,-48919.52029344167,71739.45571205,83533.20079829723,8.613398901077002,4.612395790526667,-10.456878178687527,13.822384486855334,-1.05,0.6527777777777778,0.4722222222222222,0.3472222222222222,0.2916666666666667,0.3194444444444444,0.3611111111111111
139,114992.32874104583,-57019.59125783472,37208.119947744446,57972.73748321111,5.320669177438,3.372023408409,-5.869352558437534,9.891260589353335,-3.7499999999999996,0.5555555555555556,0.4027777777777778,0.5,0.1527777777777778,0.4861111111111111,0.4444444444444444
14,136506.90163827362,-67370.00899052639,45350.370489495835,69136.89264774723,4.406860673299667,5.983671147830334,-9.704459857912248,5.985472518575,-7.8,0.625,0.5,0.3611111111111111,0.3194444444444444,0.4861111111111111,0.5694444444444444
140,116755.53421099305,-48674.09106412222,55427.44354471666,68081.44314687084,5.572988771164334,3.500506843261334,-6.508593817122382,7.409543697247669,-4.2,0.6111111111111112,0.5694444444444444,0.4305555555555556,0.3194444444444444,0.4166666666666667,0.4583333333333333
141,138984.98022815,-80476.18200358751,11057.436167020835,58508.798224562495,1.061513089165667,4.103263639906666,-3.052590925049226,-0.7443247397203319,1.2000000000000006,0.4583333333333333,0.4444444444444444,0.2916666666666667,0.4166666666666667,0.5277777777777778,0.2916666666666667
142,127737.63570501945,-45279.79071585417,71867.2128353236,82457.84498916527,5.224695351934333,4.764827551271667,-3.355886769457868,9.596165998883,-1.9499999999999995,0.5972222222222222,0.5416666666666666,0.4305555555555556,0.2222222222222222,0.4444444444444444,0.3888888888888889
143,121511.47922588333,-46702.36371277639,62250.109779527775,74809.11551310694,5.547098555311,6.396843223734667,-4.846468496961921,12.370903886588334,-3.3,0.5833333333333334,0.5833333333333334,0.4027777777777778,0.3888888888888889,0.3472222222222222,0.4305555555555556
144,126449.6898603264,-53891.92653772222,55005.85918220972,72557.76332260418,3.9418608647146667,7.300802860538665,-7.4268741343903955,8.546206678747335,-0.5999999999999999,0.4305555555555556,0.6111111111111112,0.3888888888888889,0.3611111111111111,0.4722222222222222,0.3472222222222222
145,132217.36589640134,-59191.740158690285,61485.3813572361,73025.62573771112,5.701996662601999,8.850363345027333,-2.981560599687132,11.338981187581336,-0.5999999999999998,0.5,0.6666666666666666,0.4861111111111111,0.20833333333333334,0.3888888888888889,0.3472222222222222
146,141316.55765919446,-80844.14243470972,23033.02394204306,60472.41522448472,2.5541417983530006,7.084152343195999,-2.848999263151991,8.702546995912336,-1.9499999999999997,0.5972222222222222,0.4583333333333333,0.3611111111111111,0.3194444444444444,0.4722222222222222,0.3888888888888889
147,127278.106173325,-52015.209296227775,61895.881825175005,75262.89687709723,3.8509019063186676,3.368643471153667,-5.867444127915025,9.361287002676999,-0.5999999999999994,0.5416666666666666,0.4861111111111111,0.4305555555555556,0.3888888888888889,0.4444444444444444,0.3472222222222222
148,127769.84502123472,-75537.99158672501,24706.899944929166,52231.85343450972,5.427008683986333,3.3553638546500006,-7.687693318790805,11.271714470719335,-1.9499999999999997,0.5138888888888888,0.5416666666666666,0.3194444444444444,0.3472222222222222,0.4583333333333333,0.3888888888888889
149,118437.57568259025,-68429.4339281736,19991.983595472222,50008.14175441666,3.996532741826667,4.6578506587329995,-0.7974180430659897,5.587313864356334,0.75,0.4861111111111111,0.5,0.3055555555555556,0.3888888888888889,0.4722222222222222,0.3055555555555556
15,139936.72315196667,-84827.96409180695,20302.94616497222,55108.75906015972,3.329947826241,3.5284639718473336,-2.205349075590375,0.8803218710600007,-4.200000000000001,0.5277777777777778,0.4861111111111111,0.3055555555555556,0.3888888888888889,0.5694444444444444,0.4583333333333333
150,130600.44859147501,-57898.08482338195,42559.79505685695,72702.36376809306,3.0167711841710005,4.755168838655333,-5.5001406627666904,7.974331829945001,-1.4999999999999998,0.5138888888888888,0.4027777777777778,0.3611111111111111,0.3472222222222222,0.5416666666666666,0.375
151,136919.08161382223,-77902.19569330833,36203.97863817361,59016.88592051389,4.595989211366999,2.8879040892859993,-7.34494040856387,7.442411294852001,0.7500000000000009,0.6111111111111112,0.4722222222222222,0.4305555555555556,0.20833333333333334,0.4583333333333333,0.3055555555555556
152,121924.93590164304,-48715.215598113886,63469.58465150416,73209.72030352917,5.471066696314665,1.4955523549870005,-0.18401575062758602,7.474311137364335,-1.9499999999999995,0.5416666666666666,0.4861111111111111,0.5555555555555556,0.2222222222222222,0.4583333333333333,0.3888888888888889
153,121775.94967828474,-51913.54634743334,51378.06052097221,69862.4033308514,5.222652483272666,3.509535288803667,-5.669779130180667,9.743093811253999,-1.0499999999999998,0.5416666666666666,0.4861111111111111,0.4305555555555556,0.2777777777777778,0.4027777777777778,0.3611111111111111
154,108613.71282931979,-47376.19758692257,48757.811117758334,61237.51524239722,5.939392773871999,2.193084136537667,-9.459441041336058,9.718622691567335,0.30000000000000004,0.5694444444444444,0.4166666666666667,0.4583333333333333,0.2638888888888889,0.4305555555555556,0.3194444444444444
155,118512.31491192637,-58300.77348904027,42792.41277717778,60211.541422886105,6.204698380256667,5.5231465465196665,-2.083835927589932,9.870592174087001,0.30000000000000016,0.5555555555555556,0.5138888888888888,0.4722222222222222,0.3333333333333333,0.4166666666666667,0.3194444444444444
156,135906.6281777611,-76311.86399894861,37862.95171017222,59594.764178812504,3.345768535174667,2.440602327072667,-6.345638576407131,9.606027472394,-2.8499999999999996,0.5138888888888888,0.5138888888888888,0.4861111111111111,0.2777777777777778,0.4444444444444444,0.4166666666666667
157,139111.012850975,-85771.23072330139,10185.078336523611,53339.78212767361,5.435077450861333,0.8732051497456668,-8.666393951129663,6.082754940706334,-1.9499999999999997,0.4027777777777778,0.4861111111111111,0.3611111111111111,0.375,0.4861111111111111,0.3888888888888889
158,135959.33669021667,-90280.37013986976,10225.27171535,45678.96655034691,5.555615417438666,3.773775007364333,-11.575403574259798,8.110237313356,-1.0499999999999998,0.4444444444444444,0.4305555555555556,0.2638888888888889,0.375,0.5694444444444444,0.3611111111111111
159,139465.32038753195,-78273.4365814875,34675.06181056527,61191.88380604444,2.121456469725668,4.161163544489,-9.842376337103639,10.911662768237665,-7.35,0.5,0.5277777777777778,0.3472222222222222,0.2777777777777778,0.4722222222222222,0.5555555555555556
16,140375.99231219306,-85536.45468135277,23916.98779483333,54839.537630840285,3.170724800885334,3.4003535130403333,-8.938096727302092,2.045616638715001,-3.7499999999999996,0.4027777777777778,0.5277777777777778,0.3055555555555556,0.3055555555555556,0.5,0.4444444444444444
160,124008.17438327082,-67262.79262568055,39285.41701242778,56745.38175759028,3.8355665778693324,4.740195243236332,-6.397327277499249,6.9588585881956675,-2.8499999999999996,0.4583333333333333,0.5694444444444444,0.3333333333333333,0.3333333333333333,0.4444444444444444,0.4166666666666667
161,118580.24939231115,-51579.34650297916,56537.05200231111,67000.90288933195,3.5812323414690006,3.5642787298959995,-7.359380627613648,8.682961874061668,-2.8500000000000005,0.5416666666666666,0.4861111111111111,0.375,0.3055555555555556,0.4305555555555556,0.4166666666666667
162,118394.02740337916,-38296.43657825278,63044.28478387223,80097.59082512638,5.586956415435999,8.025530922808667,-7.181499344460457,11.007958257958,-1.0499999999999994,0.5555555555555556,0.5555555555555556,0.3611111111111111,0.3055555555555556,0.4027777777777778,0.3611111111111111
163,143883.83103752777,-95332.54680010898,14238.246368436112,48551.28423741882,5.275479263639,3.2843989723759996,-8.823804083001253,1.7666575754160012,-1.0499999999999998,0.4444444444444444,0.4583333333333333,0.20833333333333334,0.3055555555555556,0.4722222222222222,0.3611111111111111
164,129514.97954619443,-84687.00652803056,11222.781667076388,44827.973018163895,5.333612073130666,5.035398623397666,-10.180431792436853,8.925711774682334,-4.2,0.3194444444444444,0.4305555555555556,0.4027777777777778,0.20833333333333334,0.4722222222222222,0.4583333333333333
165,138868.43471798472,-67364.01819701112,44787.50233216111,71504.41652097361,3.8739663633640005,7.561419087693665,-4.839411888474514,8.682525876987334,-0.5999999999999999,0.4444444444444444,0.5694444444444444,0.3055555555555556,0.4166666666666667,0.4722222222222222,0.3472222222222222
166,125738.90018555416,-40910.60761456528,69252.06961856666,84828.29257098888,6.025044303641668,6.177800228904667,-5.2905371613373315,8.660061945304333,0.30000000000000027,0.5694444444444444,0.5555555555555556,0.4027777777777778,0.3194444444444444,0.3888888888888889,0.3194444444444444
167,122007.67884402223,-45663.45804907222,61156.123122877776,76344.22079495,2.3894259310790003,3.364588832156666,-2.8069344561912657,7.818353907395667,-3.75,0.4722222222222222,0.5277777777777778,0.4305555555555556,0.2361111111111111,0.4305555555555556,0.4444444444444444
168,122613.39440154999,-48748.85756346806,60949.48541510972,73864.53683808196,6.945846582332667,4.374457301891001,-9.22447970652986,13.607331369302333,-1.05,0.5694444444444444,0.5138888888888888,0.3194444444444444,0.3611111111111111,0.3333333333333333,0.3611111111111111
169,112797.38590254585,-44802.941124784724,54884.595668511116,67994.4447777611,6.166697183346668,4.853420174920332,-7.657160683275203,10.391210088531,0.7500000000000002,0.5277777777777778,0.5,0.5,0.25,0.4027777777777778,0.3055555555555556
17,125967.33227532916,-59193.32855431945,44293.848237544444,66774.00372100974,0.5153844119940001,3.1534310568923334,-9.236420426448069,3.7063988019176684,-1.0499999999999998,0.4444444444444444,0.4583333333333333,0.2638888888888889,0.4027777777777778,0.5555555555555556,0.3611111111111111
170,129341.26820108473,-87250.68068617083,9166.728566161111,42090.58751491389,5.823816044925998,4.988833274593999,-9.783552056710338,4.174439715753666,-3.7499999999999996,0.4027777777777778,0.3611111111111111,0.25,0.2916666666666667,0.5416666666666666,0.4444444444444444
171,125928.40833585,-76101.67003390139,12112.907429511111,49826.73830194861,6.491684259047332,2.339403966848,-11.07798571634941,6.367210927248333,-3.2999999999999994,0.3194444444444444,0.4722222222222222,0.2638888888888889,0.3611111111111111,0.4583333333333333,0.4305555555555556
172,124475.38204988472,-74304.68057654443,19054.78711859722,50170.701473340276,4.763062312657333,3.827874043374001,-5.094298517025981,7.091738389855334,-2.3999999999999995,0.4861111111111111,0.3888888888888889,0.3055555555555556,0.3333333333333333,0.4861111111111111,0.4027777777777778
173,119297.0864562653,-36684.08461165833,70501.6677447139,82613.00184460694,1.8018471283613344,5.629796564136666,-6.763910996288763,10.750172950141334,-5.1,0.4444444444444444,0.5555555555555556,0.4166666666666667,0.2916666666666667,0.3888888888888889,0.4861111111111111
174,120392.57307284168,-53530.368663875,52503.23266320277,66862.20440896667,5.7141393727950005,4.196403935289335,-5.93953363502976,5.532685759515669,-3.7499999999999996,0.625,0.5,0.4305555555555556,0.2361111111111111,0.5277777777777778,0.4444444444444444
175,133791.07367289724,-75722.8387713736,33847.52300339167,58068.23490152362,3.3691639482563334,4.9341398996859995,-7.522753232147407,8.971438379759668,-2.8499999999999996,0.5,0.5,0.4166666666666667,0.20833333333333334,0.4166666666666667,0.4166666666666667
176,127230.04852651112,-74309.46690392222,8297.037567451389,52920.581622588885,5.551344168349,2.5841121506110003,-4.1751691294114925,5.380088965182333,-1.05,0.4305555555555556,0.5,0.19444444444444445,0.4583333333333333,0.4722222222222222,0.3611111111111111
177,139626.34898224164,-63210.03284581668,49615.656734069446,76416.316136425,4.939368267857667,5.345085942354666,-6.668742457480338,12.259585877306002,-1.05,0.5833333333333334,0.5555555555555556,0.2916666666666667,0.3611111111111111,0.4166666666666667,0.3611111111111111
178,129532.74772358473,-87052.37126145132,11195.235539206944,42480.37646213341,2.458177839300667,1.6398018626939992,-8.3995955396943,2.9476729162923343,-3.3,0.4166666666666667,0.4583333333333333,0.20833333333333334,0.2638888888888889,0.5277777777777778,0.4305555555555556
179,137743.90726654863,-76533.8256631014,36726.11441445695,61210.08160344722,4.594319948064333,4.932820486573332,-4.695966448502286,9.409771075943667,-1.9500000000000002,0.3888888888888889,0.5,0.3888888888888889,0.18055555555555555,0.5,0.3888888888888889
18,103110.210312025,-45254.03666320278,43885.94851148611,57856.17364882222,0.48707412914833337,1.5611452195776672,-6.2343261401605705,3.2364133674910014,-3.750000000000001,0.4166666666666667,0.4861111111111111,0.3888888888888889,0.2777777777777778,0.5138888888888888,0.4444444444444444
180,127297.81005275834,-51782.07369052361,61910.49478471249,75515.73636223472,4.21817611939,6.2952646731936674,-5.570416161322873,15.063866602705666,-0.1499999999999999,0.6388888888888888,0.5555555555555556,0.4583333333333333,0.3611111111111111,0.3055555555555556,0.3333333333333333
181,139084.15702345833,-92874.33410667222,8823.777436340279,46209.822916786106,6.453558963830666,5.761679153968334,-8.765809834272707,6.666232812755,-1.9500000000000002,0.3888888888888889,0.4027777777777778,0.2222222222222222,0.2638888888888889,0.4722222222222222,0.3888888888888889
182,143043.9512238236,-96148.79183632608,18126.2787572625,46895.15938749753,4.805474031243332,5.102547472126999,-9.851986398995098,6.878493655820335,-0.5999999999999996,0.3888888888888889,0.4583333333333333,0.20833333333333334,0.2916666666666667,0.4583333333333333,0.3472222222222222
183,128487.70301001666,-70864.16864984723,27637.82541706528,57623.53436016945,3.665689120805,4.058637534559999,-7.881823838457558,10.688013902656667,-1.0499999999999996,0.5,0.4583333333333333,0.3055555555555556,0.375,0.4166666666666667,0.3611111111111111
184,117603.60672225694,-34093.481316008336,75364.6801352875,83510.1254062486,0.6147422586129996,6.523384666364667,-7.448384794258299,7.385687234202335,-1.0499999999999998,0.4861111111111111,0.6527777777777778,0.4305555555555556,0.2777777777777778,0.4166666666666667,0.3611111111111111
185,136294.59045855276,-84006.88846430695,19845.15166689722,52287.701994245836,5.501191721490667,6.607302942464333,-6.0190299851000955,9.239013607568335,-2.399999999999999,0.3333333333333333,0.4027777777777778,0.3333333333333333,0.2777777777777778,0.4861111111111111,0.4027777777777778
186,132440.28775802223,-83745.98021066251,8788.247820219443,48694.30754735972,0.060793415970666675,2.32160225372,-9.689245008269097,8.710122205145336,-1.9499999999999993,0.4583333333333333,0.4583333333333333,0.25,0.25,0.5416666666666666,0.3888888888888889
187,127930.84175957221,-42890.53291832083,72351.64984249166,85040.30884125138,3.1854350885060003,8.369663870204333,-9.695935859897194,15.239736550432333,-2.8499999999999988,0.5277777777777778,0.625,0.3611111111111111,0.3472222222222222,0.3194444444444444,0.4166666666666667
188,99665.609792475,-28017.35777499722,61496.63034052917,71648.25201747779,7.581303315994,6.136750963328666,-5.095206327431292,11.971232431724001,-1.9499999999999997,0.6111111111111112,0.6388888888888888,0.4305555555555556,0.2638888888888889,0.375,0.3888888888888889
189,126190.56890906667,-68885.0284119875,33093.23633550278,57305.54049707917,2.421140829972667,2.911581634446,-6.1974404574386925,10.229458175607,-1.0500000000000007,0.5277777777777778,0.5,0.3333333333333333,0.3333333333333333,0.5277777777777778,0.3611111111111111
19,109823.97497329445,-49605.34501103921,42287.44310841945,60218.62996225523,6.015093965576334,3.565357832693667,-7.106385033917151,8.395086374624334,-2.8499999999999996,0.4583333333333333,0.5416666666666666,0.3055555555555556,0.3333333333333333,0.4861111111111111,0.4166666666666667
190,136661.11818586112,-77704.88672938471,15832.320276447223,58956.231456476395,2.4560956884389995,2.263476917445666,-9.481434866726385,3.174689477028667,-1.0499999999999998,0.4583333333333333,0.4861111111111111,0.3194444444444444,0.25,0.6527777777777778,0.3611111111111111
191,124612.84729659447,-72632.99516859722,10644.038953345833,51979.85212799723,5.679981123400665,5.431136989204998,-1.6337679503991243,4.005711555882667,-1.9499999999999997,0.3194444444444444,0.3472222222222222,0.20833333333333334,0.4027777777777778,0.5555555555555556,0.3888888888888889
192,110912.22451949028,-59625.83356974583,25315.141448022223,51286.39094974444,3.9398890222339995,4.585941271138999,-7.498301057505698,9.134568566465333,-1.5,0.4444444444444444,0.4444444444444444,0.25,0.3333333333333333,0.5138888888888888,0.375
193,135116.27997670416,-55188.578105075,57651.546373730554,79927.70187162916,7.765404959211668,5.098788885847333,-4.720013502842187,6.792755951819334,0.30000000000000004,0.6527777777777778,0.5694444444444444,0.4861111111111111,0.3055555555555556,0.5694444444444444,0.3194444444444444
194,114575.86185560276,-65061.938238645824,30958.99854759722,49513.92361695695,5.012119529773998,3.2444337465640003,-7.939954707590871,9.671016123122001,-6.0,0.5138888888888888,0.4722222222222222,0.3055555555555556,0.3333333333333333,0.4444444444444444,0.5138888888888888
195,123249.76520254862,-74550.69737984861,22694.770623144446,48699.067822699995,3.5723856388273334,4.580175688549666,-6.6054711257714525,2.6815158186353347,-2.8499999999999996,0.4722222222222222,0.4305555555555556,0.3055555555555556,0.2916666666666667,0.5416666666666666,0.4166666666666667
196,118148.60868563612,-40149.89543730417,66155.80574626528,77998.71324833194,7.250875945211,4.339344241599334,-9.244556979374792,7.734301083137334,-2.8499999999999996,0.6666666666666666,0.5416666666666666,0.3055555555555556,0.3055555555555556,0.4444444444444444,0.4166666666666667
197,103174.42063692916,-38375.525239177776,53753.530496723615,64798.89539775139,6.490730952818334,5.076722375638001,-7.192437954220036,9.394451630754668,-0.6,0.5416666666666666,0.5972222222222222,0.4166666666666667,0.2638888888888889,0.4444444444444444,0.3472222222222222
198,124267.58824701943,-35566.572149438885,81293.01707098473,88701.01609758056,4.707665097542666,7.630846312556333,-7.703185503442182,9.768229005744335,-1.4999999999999998,0.5833333333333334,0.6527777777777778,0.4305555555555556,0.2916666666666667,0.3888888888888889,0.375
199,126097.75869985693,-81919.35767836389,20238.570589394443,44178.40102149305,3.6852413049916666,1.647079042586001,-8.560648672402461,9.054300592757333,-1.9499999999999997,0.5138888888888888,0.4166666666666667,0.3611111111111111,0.2916666666666667,0.375,0.3888888888888889
2,129840.33703364029,-73221.7281331375,26622.41073418611,56618.608900502775,2.5812382785566665,2.934005371778,-9.68122712713848,7.576535004866001,-3.75,0.3888888888888889,0.5138888888888888,0.2916666666666667,0.3888888888888889,0.4722222222222222,0.4444444444444444
20,135614.46581500417,-78830.43043060834,29276.31276056389,56784.03538439583,4.255267180525,4.493398900856666,-4.939449681188377,5.736027719807334,-3.7499999999999996,0.4722222222222222,0.5277777777777778,0.3472222222222222,0.3611111111111111,0.5,0.4444444444444444
200,140570.2325964417,-87159.23490317223,6092.106212862501,53410.99769326945,3.203829045501333,6.010782764001666,0.3017674702194637,3.9225824110153344,-4.200000000000001,0.3888888888888889,0.2777777777777778,0.25,0.4166666666666667,0.5138888888888888,0.4583333333333333
201,125585.97755536667,-73355.81330863056,8365.661845484723,52230.164246736116,3.8607002401736676,5.180462319174,-1.4515994714611589,9.423244798801667,-1.9500000000000006,0.4722222222222222,0.3611111111111111,0.2638888888888889,0.4305555555555556,0.5833333333333334,0.3888888888888889
202,122077.96870660417,-72215.57315229306,8475.754153627779,49862.39555431111,3.512450599748667,2.573692550154999,-8.381634550765433,8.182618524446667,-1.0499999999999998,0.3888888888888889,0.4305555555555556,0.2222222222222222,0.3333333333333333,0.5833333333333334,0.3611111111111111
203,133029.08486122498,-77748.94148713195,29557.048899054163,55280.14337409306,2.862462067463667,3.5476090184399998,-4.256024939516898,10.741958890092334,-1.4999999999999998,0.4583333333333333,0.5138888888888888,0.4305555555555556,0.2777777777777778,0.5,0.375
204,133272.51933579304,-69140.05233724305,44019.619151645835,64132.46699854999,6.237627697684001,5.632171190672667,-6.882592557945773,7.532051029404334,-0.5999999999999998,0.4305555555555556,0.4583333333333333,0.3333333333333333,0.2638888888888889,0.4861111111111111,0.3472222222222222
205,119418.18996216387,-57699.89151933472,46970.55280243472,61718.29844282917,6.720295085940332,3.7417528940033336,-5.300799148989901,11.887242318302668,-1.5000000000000002,0.5138888888888888,0.4861111111111111,0.4166666666666667,0.2916666666666667,0.375,0.375
206,101518.63984106155,-16396.309816080993,78048.28561725278,85122.33002498055,7.486375889856333,6.5492332215876665,-12.11085060062737,3.531722060610002,-5.1,0.625,0.625,0.4027777777777778,0.2916666666666667,0.4861111111111111,0.4861111111111111
207,132156.24262869306,-82478.67582850557,19938.28350247639,49677.566800187495,4.797330583592666,5.566982710574333,-6.390257867469427,13.369374827606666,-2.8499999999999996,0.3472222222222222,0.4305555555555556,0.3611111111111111,0.2222222222222222,0.4305555555555556,0.4166666666666667
208,145148.60699288888,-87304.25916347223,15766.76132722917,57844.34782941666,2.0366795858413327,0.8446475233896673,-1.7648641896361785,5.836581566019,-0.5999999999999996,0.4305555555555556,0.5138888888888888,0.3055555555555556,0.4444444444444444,0.4305555555555556,0.3472222222222222
209,116048.94218578018,-27526.289529069065,74907.66527268055,88522.65265671111,5.077373781143668,7.210136274322666,-10.519079207059457,9.139777121652335,-1.9499999999999997,0.5555555555555556,0.6666666666666666,0.3472222222222222,0.4305555555555556,0.4027777777777778,0.3888888888888889
21,119400.19043412362,-75313.82902590833,14897.191261401387,44086.36140821528,3.2057758837906665,1.5737186429553334,-2.8747343696799312,5.459095443412668,-3.3,0.4305555555555556,0.5277777777777778,0.2916666666666667,0.3055555555555556,0.4444444444444444,0.4305555555555556
210,139920.5243635153,-79555.2786034139,29885.495902437502,60365.24576010139,5.066121369894667,1.5337645653813339,-7.861515814322485,9.459807464541335,0.7500000000000002,0.4305555555555556,0.5555555555555556,0.2916666666666667,0.2638888888888889,0.4861111111111111,0.3055555555555556
211,131377.2091226861,-40170.26970829305,78389.78625222779,91206.93941439305,8.25404953956,6.398097050128666,-3.3293153101486794,7.085255160933668,0.7500000000000004,0.6666666666666666,0.5694444444444444,0.4583333333333333,0.2777777777777778,0.4583333333333333,0.3055555555555556
212,114621.91340654605,-34802.734088198835,68784.91168934583,79819.17931834722,9.002677367225,4.413122933181333,-8.796643714189333,9.791282062408667,-0.1499999999999999,0.6111111111111112,0.5694444444444444,0.4583333333333333,0.2638888888888889,0.3888888888888889,0.3333333333333333
213,140557.31784870973,-75834.02383242223,34109.301910309725,64723.29401628751,4.047857812299334,2.0905010207973342,-3.748647064639961,9.747497175685336,-6.0,0.4583333333333333,0.4583333333333333,0.3888888888888889,0.2916666666666667,0.4722222222222222,0.5138888888888888
214,135678.2101521125,-55480.68287088749,65260.05079642223,80197.527281225,8.129854423733,9.664085563014666,-6.1778229236048565,8.142568528238334,1.2000000000000006,0.5972222222222222,0.6805555555555556,0.4444444444444444,0.2916666666666667,0.4722222222222222,0.2916666666666667
215,117751.23570667223,-36245.615165002775,70108.25135936389,81505.62054166946,0.8921388555256675,3.833210276259332,-9.80000824901374,7.985068450303334,-2.4000000000000004,0.4861111111111111,0.6111111111111112,0.4305555555555556,0.2916666666666667,0.4444444444444444,0.4027777777777778
216,143831.886501575,-85597.11842935001,18844.893606799997,58234.768072225,2.3312230508050007,5.561754699772,-7.213328688697632,7.721955507598,0.30000000000000004,0.4861111111111111,0.4861111111111111,0.2777777777777778,0.2361111111111111,0.5833333333333334,0.3194444444444444
217,123048.95881169861,-65793.54899131527,21130.99069312083,57255.409820383335,5.225255174542333,3.7889779018266667,-4.482937446628062,8.742324371736,-1.0499999999999998,0.5138888888888888,0.4444444444444444,0.3194444444444444,0.4027777777777778,0.5416666666666666,0.3611111111111111
218,120011.93270816111,-71451.02400204746,12873.568179877779,48560.908706113645,4.595048736400666,2.182972054087333,-9.09777062352898,4.858166179814667,2.5500000000000003,0.3055555555555556,0.4722222222222222,0.20833333333333334,0.2916666666666667,0.5555555555555556,0.25
219,129093.59525335833,-55040.55200921112,63498.40932304444,74053.04324414722,5.5600466465446665,3.7086428043966664,-6.853924295741669,11.162173442149667,-1.4999999999999998,0.5416666666666666,0.5,0.5,0.19444444444444445,0.3472222222222222,0.375
22,134804.0767104514,-71413.81502413888,32793.442208351385,63390.2616863125,3.0657712472873335,2.9261516847763334,-6.661086928452224,10.243792661961002,-7.35,0.5555555555555556,0.4305555555555556,0.3194444444444444,0.3194444444444444,0.4444444444444444,0.5555555555555556
220,111022.55702801944,-66861.91021837777,20549.983137584724,44160.646809641665,4.997706658609332,5.309607459425333,-6.134721127462184,11.270058166612667,-3.75,0.4166666666666667,0.5,0.2916666666666667,0.2222222222222222,0.4722222222222222,0.4444444444444444
221,115535.3706787389,-66425.94571897498,22430.49263768889,49109.42495976389,3.890737575686667,5.024032192665999,-4.946846746734455,8.612166888859,-3.3,0.4861111111111111,0.5,0.20833333333333334,0.4027777777777778,0.5,0.4305555555555556
222,118872.25244842084,-39152.164065970836,71324.6736078625,79720.08838244999,7.903965388856332,9.02184790556,-6.493716060058591,10.277382754451668,-1.95,0.625,0.6944444444444444,0.4166666666666667,0.2777777777777778,0.4305555555555556,0.3888888888888889
223,136521.46240237085,-72748.923409375,33107.42323220278,63772.53899299583,4.677357412369666,4.096213665783666,-6.3295161742171135,6.207731971212334,-1.5,0.5277777777777778,0.4583333333333333,0.3472222222222222,0.3194444444444444,0.5277777777777778,0.375
224,134786.87687807085,-80264.5708896,14344.34384099861,54522.30598847083,0.48387765813700034,4.597201570918333,-9.631542344137468,7.543495433598668,-0.14999999999999983,0.4583333333333333,0.4027777777777778,0.2916666666666667,0.2916666666666667,0.5277777777777778,0.3333333333333333
225,144286.36121942362,-88435.4364067486,13746.765384783334,55850.924812675,2.190835946949334,3.0136880668903334,-5.737250432084748,6.131241324044001,-1.0499999999999998,0.5555555555555556,0.4027777777777778,0.2361111111111111,0.3611111111111111,0.5694444444444444,0.3611111111111111
226,133874.48068638335,-63628.57719729167,48686.54525352778,70245.90348909167,1.5136767390730004,3.3583305723103343,-5.26699687471375,9.726796411974,-1.95,0.4444444444444444,0.5138888888888888,0.4444444444444444,0.3611111111111111,0.4583333333333333,0.3888888888888889
227,137292.10448150415,-68590.7215561639,45880.95727674722,68701.38292534027,5.384291990394667,4.348880664506,-3.983371580790771,9.767808674797335,-0.6000000000000001,0.5555555555555556,0.5416666666666666,0.4305555555555556,0.2361111111111111,0.4722222222222222,0.3472222222222222
228,127967.92064219025,-45901.20531035694,74252.44781045556,82066.71533183333,7.059597195807667,7.820799328228001,-3.2639179385335817,10.660403973943335,0.30000000000000004,0.5833333333333334,0.625,0.5138888888888888,0.2361111111111111,0.3611111111111111,0.3194444444444444
229,126560.96542187777,-80187.04100826806,12433.677734387502,46373.92441360972,3.3810139334406655,0.27264890919700036,-9.377757899527882,5.9489912959546665,-1.4999999999999998,0.375,0.5,0.2916666666666667,0.2638888888888889,0.5694444444444444,0.375
23,127075.12642264861,-75956.23221634999,24230.41527739722,51118.89420629861,3.215385302237667,3.6412294991179994,-10.655004913024364,7.476939513015334,-5.55,0.5,0.5555555555555556,0.3333333333333333,0.375,0.4861111111111111,0.5
230,122075.72478458751,-49269.93781872222,51162.400578547225,72805.78696586528,2.6740602580129993,5.457885972842333,-4.023704619721987,7.5112972390743336,-1.5,0.4166666666666667,0.5277777777777778,0.4444444444444444,0.3333333333333333,0.4583333333333333,0.375
231,124372.39783657498,-55291.83403421388,53791.24040749444,69080.5638023611,7.408409264197333,7.299631974515334,-7.116018131744509,12.507860130064334,-0.5999999999999995,0.5416666666666666,0.4861111111111111,0.4027777777777778,0.2777777777777778,0.3611111111111111,0.3472222222222222
232,112399.96305305554,-49083.29750608889,51784.869661080564,63316.665546966666,8.818196592639334,3.4502459655753333,-6.294259617866627,10.956106719448668,-5.1,0.5972222222222222,0.5138888888888888,0.4027777777777778,0.20833333333333334,0.4166666666666667,0.4861111111111111
233,120941.4187540125,-66361.25424655696,28884.359996654166,54580.164507455556,5.806859216478667,3.502227621139,-0.6619585132163246,6.697650146306334,-2.3999999999999995,0.5416666666666666,0.4722222222222222,0.3055555555555556,0.4444444444444444,0.5277777777777778,0.4027777777777778
234,140481.08253936528,-88448.06254384304,16576.875521495836,52033.01999552222,6.828804849,3.0962091343919997,-7.20635760650203,8.177835182842333,-0.5999999999999995,0.3611111111111111,0.4444444444444444,0.2777777777777778,0.2916666666666667,0.5416666666666666,0.3472222222222222
235,119308.7879941361,-62540.07806269444,36550.56856982222,56768.70993144167,6.279951707798666,5.3180389816943325,-3.1017656989435243,13.494602124576332,3.45,0.5277777777777778,0.4722222222222222,0.5416666666666666,0.18055555555555555,0.3888888888888889,0.2222222222222222
236,120481.4721998125,-42122.18064425556,62757.426386816674,78359.29155555693,7.727234380930332,7.727510546862667,-6.834543487299726,10.228405471575002,0.30000000000000043,0.5694444444444444,0.6388888888888888,0.3194444444444444,0.3472222222222222,0.4722222222222222,0.3194444444444444
237,107827.16373528611,-21704.807053093056,81318.0910804,86122.35668219306,5.804763799958666,9.032111911430334,-8.172564993001396,11.960796509090333,-0.5999999999999999,0.6111111111111112,0.6388888888888888,0.3888888888888889,0.375,0.3194444444444444,0.3472222222222222
238,120289.90000188335,-69447.88421589584,34733.33807965834,50842.0157859875,6.026791182647331,3.626699922688,-5.032942797380472,10.949528753447334,-1.5,0.4166666666666667,0.4583333333333333,0.4166666666666667,0.19444444444444445,0.3611111111111111,0.375
239,130856.39253310137,-77552.0030523861,17582.32992687778,53304.38948071528,2.0761977639276674,5.010705282067667,-0.5657236671055799,9.442141260660001,-1.9500000000000004,0.5277777777777778,0.4444444444444444,0.2638888888888889,0.4722222222222222,0.4583333333333333,0.3888888888888889
24,113228.10006391251,-39797.32505350139,57520.16580269166,73430.7750104111,2.4469380041793327,4.75532868911,-11.160151306462595,1.8931708662693345,-6.0,0.5416666666666666,0.5138888888888888,0.3194444444444444,0.375,0.5555555555555556,0.5138888888888888
240,120556.64863680833,-80163.91180278889,7584.545397300001,40392.73683401945,5.055421067129998,4.146849736767667,-10.865960865052841,6.8012422347433334,-1.4999999999999998,0.3055555555555556,0.3611111111111111,0.2361111111111111,0.375,0.5,0.375
241,140859.1059332597,-87410.38540245473,29304.479112051387,53448.72053080498,4.255031371786,5.461376022830667,-6.901728969635921,8.878685614925669,-0.6000000000000001,0.4166666666666667,0.5555555555555556,0.4583333333333333,0.2361111111111111,0.4722222222222222,0.3472222222222222
242,120046.03052004862,-71515.47137728333,10842.931184548612,48530.559142765276,3.711260416197333,5.536295549270667,-3.7322616331898817,8.231873327994332,-4.199999999999999,0.4305555555555556,0.375,0.2777777777777778,0.3472222222222222,0.6111111111111112,0.4583333333333333
243,135292.6657946889,-55761.57994155138,60365.785208738875,79531.08585313748,6.171926304592667,5.849540322410999,-7.199758312165539,10.343132237898333,-1.9499999999999997,0.5972222222222222,0.6111111111111112,0.3888888888888889,0.3333333333333333,0.4444444444444444,0.3888888888888889
244,123384.03698395278,-39601.794261265284,70137.28652044306,83782.24272268749,10.066096701871665,4.635084953590333,-7.594511884558246,8.718828459055667,-1.05,0.625,0.5138888888888888,0.5277777777777778,0.19444444444444445,0.4305555555555556,0.3611111111111111
245,136053.97432815554,-97284.08904136797,7316.751591922224,38769.885286787576,7.227110357661332,3.434181794369333,-9.091021560987585,8.567520249372334,1.2000000000000002,0.3888888888888889,0.3611111111111111,0.2361111111111111,0.2777777777777778,0.4444444444444444,0.2916666666666667
246,142000.82412175142,-73599.69774883472,41948.229618770834,68401.12637291668,3.8088031247666665,5.077161910799,-3.625385095765573,12.491776964365332,-0.5999999999999996,0.5,0.6388888888888888,0.3333333333333333,0.3055555555555556,0.4583333333333333,0.3472222222222222
247,134188.6015224333,-86420.65299458611,13581.517090915278,47767.94852784722,6.4145674402833315,1.9833334922799986,-10.138009339742329,6.483423218773666,-2.85,0.4027777777777778,0.4027777777777778,0.4027777777777778,0.2916666666666667,0.5277777777777778,0.4166666666666667
248,125741.58570142779,-35649.94153429167,78337.60831414028,90091.64416713611,5.185400203519667,6.2945585060403335,-5.556236627914579,5.909344792317335,-4.6499999999999995,0.5833333333333334,0.5833333333333334,0.4583333333333333,0.20833333333333334,0.5,0.4722222222222222
249,138826.34507960695,-88906.09237504427,13592.112708152777,49920.25270456266,5.639328553487665,6.403648469339666,-8.419198035731572,11.777565635548001,-2.85,0.3888888888888889,0.3888888888888889,0.2222222222222222,0.2916666666666667,0.4722222222222222,0.4166666666666667
25,105640.91964515278,-29202.541569970832,67353.98662868472,76438.37807518194,3.658575434743666,5.165920992591001,-11.73858381294857,5.752754989567668,-7.35,0.5277777777777778,0.5694444444444444,0.2916666666666667,0.4027777777777778,0.4583333333333333,0.5555555555555556
250,141976.28656924723,-81851.34462678751,16683.465578631945,60124.94194245972,6.150864894247999,5.728909151372999,-4.836021011552626,8.456678825109,1.2000000000000002,0.4166666666666667,0.4305555555555556,0.2916666666666667,0.3611111111111111,0.5416666666666666,0.2916666666666667
251,124212.56787116389,-59283.80545687916,46397.51933987778,64928.76241428472,2.9317859971963336,2.524072461167667,-3.0847264705488446,13.123929360295332,0.2999999999999998,0.5,0.4444444444444444,0.4305555555555556,0.3333333333333333,0.3472222222222222,0.3194444444444444
252,119768.99317310554,-45632.32865688611,60806.75804085556,74136.66451621945,6.281810406407999,5.8369023150776655,-2.139856103138099,8.034811462302335,0.3000000000000005,0.5694444444444444,0.5694444444444444,0.4722222222222222,0.2222222222222222,0.4861111111111111,0.3194444444444444
253,129118.54384160417,-44732.95033941945,75936.96727824028,84385.59350218473,6.864541292774,7.772719896561334,-5.487255034924605,11.442487933164667,0.75,0.5833333333333334,0.5972222222222222,0.5416666666666666,0.1527777777777778,0.3472222222222222,0.3055555555555556
254,135368.01861413752,-47144.562954556946,80409.96360053889,88223.45565958056,7.948760373077665,5.3343485183486665,-7.005531918591005,11.884066542169666,-2.3999999999999995,0.6527777777777778,0.5833333333333334,0.5,0.20833333333333334,0.3611111111111111,0.4027777777777778
255,140958.71112801527,-52482.49397048334,76926.17017802084,88476.21715753194,8.117420779139334,4.327717291238667,-5.518565270114492,11.013208932280001,2.1,0.6527777777777778,0.5555555555555556,0.4861111111111111,0.3055555555555556,0.3611111111111111,0.2638888888888889
256,132471.05235442778,-91288.87612453749,6508.197733965277,41182.17622989028,4.101659466001665,5.321774906050332,-12.218149020736856,3.6711885413803333,-0.1499999999999998,0.375,0.3888888888888889,0.2638888888888889,0.3611111111111111,0.4722222222222222,0.3333333333333333
257,127060.9626747263,-39754.12349675962,78558.40346594028,87306.83917796666,4.867342105886333,9.182706738316332,-8.163389264764064,13.998654019519002,0.3000000000000001,0.5833333333333334,0.6388888888888888,0.4444444444444444,0.3333333333333333,0.3333333333333333,0.3194444444444444
258,126531.78727608749,-44576.91526559722,73052.20675396945,81954.87201049029,7.925287420644333,6.271058840085001,0.26592419720360816,10.595796442050002,-1.0499999999999996,0.5833333333333334,0.5833333333333334,0.6388888888888888,0.1527777777777778,0.375,0.3611111111111111
259,118239.15212953888,-54915.38091046806,50161.0915417375,63323.77121907085,6.512041686597667,6.686288447933,-8.518490376339123,12.267763768635001,-0.1499999999999992,0.5833333333333334,0.625,0.3472222222222222,0.25,0.3888888888888889,0.3333333333333333
26,139972.39556410137,-100272.16807908441,7826.126392880555,39700.227485016985,-0.481377944968,1.2709440664063338,-11.346600474418956,1.2676135869966676,-3.3,0.4861111111111111,0.4861111111111111,0.4166666666666667,0.2361111111111111,0.4583333333333333,0.4305555555555556
260,134386.86203552777,-79972.06186242361,10297.171386954167,54414.800173104166,5.197055312734332,6.830965589765332,-3.0928154328128605,8.938518520427333,-0.15000000000000013,0.3472222222222222,0.2777777777777778,0.20833333333333334,0.3611111111111111,0.5555555555555556,0.3333333333333333
261,111955.3271747,-65769.62737289307,20941.65805101806,46185.69980180694,5.996436197991333,5.6979409407973325,-8.61636116126892,9.214214244480333,-1.95,0.4305555555555556,0.4444444444444444,0.3194444444444444,0.3194444444444444,0.5138888888888888,0.3888888888888889
262,140861.35155141808,-88973.41079327361,10801.01434070139,51887.94075814445,6.494391004440667,6.3518433444066655,-9.411256621390397,6.7466389619010005,-1.95,0.3472222222222222,0.3194444444444444,0.20833333333333334,0.25,0.5416666666666666,0.3888888888888889
263,138876.79662819166,-64784.140731273605,54376.06673537639,74092.65589691805,5.824245915276333,7.752411656862333,-4.5308230947680155,10.407528617958667,-1.0500000000000005,0.5138888888888888,0.6388888888888888,0.375,0.2916666666666667,0.4444444444444444,0.3611111111111111
264,124375.57073874166,-33948.443804916664,79805.27909433194,90427.126933825,8.349753740472002,4.260575815332333,-7.731527955460704,12.352111305232,2.55,0.6111111111111112,0.5694444444444444,0.4027777777777778,0.3333333333333333,0.3472222222222222,0.25
265,131712.0108517278,-86312.14494596804,5010.7097363972225,45399.86590575972,7.032538615158999,2.4776957984116654,-10.516190236647365,9.449391366027001,-1.5,0.2638888888888889,0.3472222222222222,0.3611111111111111,0.19444444444444445,0.4722222222222222,0.375
266,126037.53902235138,-74552.56001427917,9336.477315302778,51484.97900807222,3.4546709481006657,5.717875074098665,-3.9816017599596676,6.592658486361334,-0.15000000000000013,0.375,0.3333333333333333,0.2916666666666667,0.3888888888888889,0.5833333333333334,0.3333333333333333
267,116806.39269182639,-67730.72281222223,25052.62569052222,49075.66987960417,5.626464071692332,4.522925328130333,-4.841614422199898,13.118195840393334,-1.5,0.4722222222222222,0.4444444444444444,0.4305555555555556,0.125,0.4444444444444444,0.375
268,112714.83810461946,-32047.21676433611,74669.34786086112,80667.62134028334,7.676375546992666,5.668877175479999,-2.5676611768372366,10.867547962076667,-0.5999999999999999,0.6111111111111112,0.5833333333333334,0.5416666666666666,0.2222222222222222,0.3611111111111111,0.3472222222222222
269,121982.34206512637,-41687.10374940139,68011.77736266806,80295.238315725,4.115624440641333,3.571195974197667,-4.874034776056124,14.855983583248,0.2999999999999996,0.5833333333333334,0.5277777777777778,0.4583333333333333,0.3333333333333333,0.2916666666666667,0.3194444444444444
27,118947.62926704582,-39876.336556231945,65775.35447383749,79071.29271081388,3.454499544467,5.482054776538667,-9.705371380816858,3.849664996650669,-5.1,0.4583333333333333,0.5555555555555556,0.2916666666666667,0.3194444444444444,0.5694444444444444,0.4861111111111111
270,133886.9892267361,-67127.58300684861,44709.34468577083,66759.40621988749,5.313501217593331,5.044409513342,-5.246068184136039,10.923468497919,-5.1,0.4583333333333333,0.5277777777777778,0.3888888888888889,0.2222222222222222,0.4166666666666667,0.4861111111111111
271,100194.63987322085,-50197.07439318587,35347.27838785417,49997.565480034966,4.152915283845667,4.953018170562666,-5.4038601775077915,12.792009943544,-2.849999999999999,0.5138888888888888,0.5,0.3611111111111111,0.18055555555555555,0.4027777777777778,0.4166666666666667
272,135025.22596723473,-86229.06320501251,10097.865215473612,48796.162762222215,6.812924962760332,4.915110549011332,-5.3701784871675295,6.885884772325333,-0.5999999999999994,0.3888888888888889,0.375,0.2777777777777778,0.3055555555555556,0.5277777777777778,0.3472222222222222
273,133543.7896614861,-86106.20120558335,15438.559425909722,47437.588455902776,5.2570369491873326,1.9551646660883337,-7.381498011273868,5.633705920514,-3.75,0.3472222222222222,0.5,0.3333333333333333,0.2222222222222222,0.5,0.4444444444444444
274,142365.26947,-94187.65830329723,9205.251685843055,48177.61116670278,4.825265820366332,5.235493252504333,-6.659479559947735,9.970929503697,2.1,0.4027777777777778,0.3888888888888889,0.3472222222222222,0.2222222222222222,0.4444444444444444,0.2638888888888889
275,128753.20965547916,-76154.24366882362,32101.194774973606,52598.96598665555,5.356911629405666,3.275222857601001,-4.182898329151287,13.369559750176336,1.65,0.5277777777777778,0.5,0.4583333333333333,0.2361111111111111,0.4305555555555556,0.2777777777777778
276,131100.9332352514,-73756.07576434861,35193.83109404722,57344.857470902774,2.4422090424403327,3.346593979316,-4.042973720252979,8.382802775514334,1.6500000000000004,0.4166666666666667,0.5277777777777778,0.4305555555555556,0.3055555555555556,0.5138888888888888,0.2777777777777778
277,115988.30749361665,-32018.83808893889,76459.1666030514,83969.46940467779,8.781959429516,6.321699777691666,-4.837624869306829,8.223500843046669,2.1000000000000005,0.7222222222222222,0.6111111111111112,0.5138888888888888,0.25,0.4305555555555556,0.2638888888888889
278,137238.1171990194,-78903.93802011944,9186.88570035,58334.1791789,3.014208080594666,4.652680741478665,-7.597218486379709,10.225096580875999,-3.7499999999999996,0.4305555555555556,0.375,0.25,0.4583333333333333,0.5694444444444444,0.4444444444444444
279,128671.58100439722,-84173.57596123888,6835.911238788889,44498.00504315834,4.543932925547667,6.704569928201999,-9.588178906652963,11.447427694632333,-1.95,0.4027777777777778,0.3472222222222222,0.25,0.2222222222222222,0.5277777777777778,0.3888888888888889
28,118272.0223758028,-35989.70303484166,73765.72820612362,82282.31934096111,3.945241107148666,4.957050421542001,-4.127395277252834,10.186948769235668,-5.550000000000001,0.5833333333333334,0.5694444444444444,0.4166666666666667,0.2777777777777778,0.375,0.5
280,125331.46979380555,-52384.68604012916,58755.28312412916,72946.7837536764,3.9142910773353337,4.145022244744999,-3.5222254288127464,8.702070803189335,2.1,0.5,0.5555555555555556,0.4166666666666667,0.20833333333333334,0.5,0.2638888888888889
281,138079.56422009584,-56780.59508744167,70540.65689902361,81298.96913265417,5.264866641212667,8.361156193170332,-4.843650708636095,11.841406182768335,-0.14999999999999974,0.5555555555555556,0.6111111111111112,0.4444444444444444,0.2777777777777778,0.2916666666666667,0.3333333333333333
282,123939.27922189469,-30935.57229379329,85950.74875622778,93003.70692810138,10.003337637396665,4.417601297122332,-8.317874685608968,11.064108842559333,-1.5,0.6944444444444444,0.5833333333333334,0.4861111111111111,0.25,0.3472222222222222,0.375
283,127702.83807452086,-86638.24307128334,9983.449781070834,41064.595003237504,7.168288504251999,4.04359864882,-9.60465644323907,7.028287244434001,0.7500000000000002,0.2222222222222222,0.3611111111111111,0.3472222222222222,0.2222222222222222,0.4444444444444444,0.3055555555555556
284,121488.56658870417,-79722.78100388333,11756.624714009722,41765.785584820835,5.768480685625333,6.168584898015999,-6.628719321675691,7.203680386524668,-0.14999999999999947,0.375,0.3194444444444444,0.2361111111111111,0.2361111111111111,0.4722222222222222,0.3333333333333333
285,143173.42343799723,-96051.22839335575,13189.566820862501,47122.19504464147,4.258476426041332,3.7394920317736657,-8.791306818978779,5.783370093344667,-1.9499999999999997,0.375,0.3888888888888889,0.2638888888888889,0.20833333333333334,0.5277777777777778,0.3888888888888889
286,103968.95419723057,-51212.33053855834,34566.14086675694,52756.62365867222,5.406257232173665,2.918960706889667,-3.8119148319321696,12.161577350716,-1.0499999999999996,0.6111111111111112,0.4722222222222222,0.4166666666666667,0.375,0.4305555555555556,0.3611111111111111
287,104705.73454005137,-14788.05708576387,84369.74943338055,89917.67745428749,5.872733653933667,10.649761270662001,-8.75464004215829,10.686099162665332,-0.5999999999999996,0.6111111111111112,0.6527777777777778,0.5,0.19444444444444445,0.3611111111111111,0.3472222222222222
288,141389.60636785137,-88154.53259894166,16448.165097111112,53235.073768909715,5.292683584874999,3.8915499594503338,-2.423116994284991,9.918940028685334,-4.6499999999999995,0.3333333333333333,0.4444444444444444,0.25,0.3194444444444444,0.4444444444444444,0.4722222222222222
289,121271.31540541387,-45957.99457781667,63591.90178558056,75313.32082759723,6.790755554390333,5.945660838563,-3.705169939933816,9.948075382544669,2.0999999999999996,0.6111111111111112,0.5138888888888888,0.5555555555555556,0.2638888888888889,0.4027777777777778,0.2638888888888889
29,106526.27925695974,-49902.96493608975,43169.79365174584,56623.31432086996,6.826790556076,2.863096055521667,-6.309973077501153,7.265189468448335,-6.449999999999999,0.6111111111111112,0.4444444444444444,0.25,0.375,0.4444444444444444,0.5277777777777778
290,130390.69361694028,-47080.751460695836,68338.24776653333,83309.94215624445,4.147919537746667,6.887327521839667,-2.789243000273235,8.927827665956334,2.1,0.5138888888888888,0.5694444444444444,0.5138888888888888,0.2638888888888889,0.4305555555555556,0.2638888888888889
291,103884.15159981564,-19369.324589598975,79684.5476801389,84514.82701021666,6.8556013552736665,5.8669977651076675,-9.247368473481213,10.932477881908667,0.3000000000000003,0.5972222222222222,0.6111111111111112,0.5,0.25,0.3611111111111111,0.3194444444444444
292,132162.63019137777,-81966.58515649305,7359.276352297222,50196.04503488472,5.093723500666332,-0.07957296310633333,-0.24969586110391528,6.807029910041999,0.7499999999999999,0.3194444444444444,0.4444444444444444,0.2222222222222222,0.4166666666666667,0.5277777777777778,0.3055555555555556
293,144937.2465109236,-72408.12419511944,46690.42968634723,72529.12231580418,5.546677419554667,7.321233831357999,-1.5592726316896184,7.372414487359667,0.75,0.4861111111111111,0.6527777777777778,0.4583333333333333,0.3194444444444444,0.5416666666666666,0.3055555555555556
294,101488.41493285139,-55892.006338834726,25966.460776215277,45596.40859401667,5.345317497588667,6.0655172410223335,-1.7737190549524962,12.020615138677334,0.30000000000000027,0.5138888888888888,0.5138888888888888,0.3055555555555556,0.3611111111111111,0.4583333333333333,0.3194444444444444
295,131089.1728324139,-73101.31236878334,8934.043227365277,57987.86046363055,5.316224650922333,7.466089006945666,1.407253649089851,8.266248512701333,-2.4,0.375,0.375,0.2777777777777778,0.4444444444444444,0.5833333333333334,0.4027777777777778
296,131656.86685264585,-38808.75300166944,86536.35611138056,92848.1138509764,8.442962307504665,9.507234505005666,-4.51796100209025,12.355476543350665,-1.5,0.6527777777777778,0.6527777777777778,0.4444444444444444,0.20833333333333334,0.3611111111111111,0.375
297,137047.31752834722,-51732.48577464861,74638.68480442639,85314.83175369861,5.107536568937333,6.748981573896668,-1.1063853700462054,10.711761615114,1.2000000000000004,0.5972222222222222,0.6111111111111112,0.5694444444444444,0.18055555555555555,0.4166666666666667,0.2916666666666667
298,139089.73607460834,-81730.38103157222,25420.570984127775,57359.355043036114,4.596859665329999,4.387164986586667,-0.7273168468349424,9.476391481693334,-1.0499999999999998,0.4305555555555556,0.4861111111111111,0.4166666666666667,0.3472222222222222,0.4166666666666667,0.3611111111111111
299,126776.28987901944,-36461.30364212778,84593.14436459306,90314.98623689167,11.186134448923665,6.898136160673334,-2.8275648398146944,11.791691875957333,-1.0499999999999996,0.7083333333333334,0.5972222222222222,0.5,0.16666666666666666,0.3333333333333333,0.3611111111111111
3,138056.46176554722,-88854.70542230696,10648.097123794445,49201.756343240275,4.011482544235333,1.8941344989056668,-6.276374775229794,4.391805289533335,-6.45,0.4305555555555556,0.4583333333333333,0.3611111111111111,0.2777777777777778,0.5,0.5277777777777778
30,126737.8367235875,-40399.68953258472,69403.81783434167,86338.14719100279,-0.5122863187649997,5.364838632368333,-7.8980782208270375,4.110329209843003,-9.15,0.4305555555555556,0.6111111111111112,0.2916666666666667,0.4305555555555556,0.5555555555555556,0.6111111111111112
300,122250.3726411875,-38501.01248048472,70651.9591487764,83749.36016070278,9.343255325735333,9.155249490863667,-4.399311710447744,8.262169688766333,-2.3999999999999995,0.6111111111111112,0.6527777777777778,0.4027777777777778,0.3055555555555556,0.4861111111111111,0.4027777777777778
301,122420.60133137777,-54311.037655594446,53753.89256022361,68109.56367578333,6.215226711205,7.557482524496999,-4.529728676436324,10.441340334897335,1.2000000000000002,0.5138888888888888,0.6388888888888888,0.375,0.2361111111111111,0.4027777777777778,0.2916666666666667
302,144862.9913869417,-101523.09246950973,6732.322182733334,43339.89891743194,7.634132401643333,1.719937645375,-8.121296830557927,6.7020179851710004,0.7500000000000001,0.2638888888888889,0.4166666666666667,0.2777777777777778,0.19444444444444445,0.4861111111111111,0.3055555555555556
303,112791.20778841668,-62136.744802470836,26304.05792383472,50654.46298594584,5.063485358503,5.449979964509666,-4.033680030528363,13.393072196429001,-0.1499999999999998,0.5555555555555556,0.4305555555555556,0.3611111111111111,0.3333333333333333,0.3888888888888889,0.3333333333333333
304,124647.6211277,-71688.91574460972,14207.396775633335,52958.70538309027,6.089051681404667,6.809551936520332,-1.1857136789298102,8.515382759537665,-1.4999999999999993,0.4305555555555556,0.3055555555555556,0.2916666666666667,0.4722222222222222,0.4861111111111111,0.375
305,128841.57535439999,-51943.73684054305,63362.28845497778,76897.83851385693,6.736949574296666,5.937577825774666,-6.7770226401669085,11.892116038929668,-1.0499999999999998,0.5833333333333334,0.5972222222222222,0.3611111111111111,0.2916666666666667,0.4305555555555556,0.3611111111111111
306,138814.95895847084,-89132.64954577362,21651.030801248613,49682.30941269722,6.191576054742333,4.154767534614,-5.282365295411102,11.981580593941668,1.6500000000000004,0.4305555555555556,0.5,0.2916666666666667,0.25,0.4305555555555556,0.2777777777777778
307,128567.08973274444,-80366.01246244862,10691.912113515278,48201.077270295835,2.705951773329333,3.3143337384129996,-7.768388641416157,8.191204524118332,-0.5999999999999999,0.3888888888888889,0.3611111111111111,0.1527777777777778,0.25,0.5555555555555556,0.3472222222222222
308,124840.84027823055,-72414.43549597915,9362.7963564,52426.40478225139,4.1385811929619996,2.443507768510666,0.19699197497977272,5.053188333153,-2.8499999999999988,0.4166666666666667,0.3888888888888889,0.2222222222222222,0.5555555555555556,0.5,0.4166666666666667
309,120827.44963661944,-72820.51501363056,23127.654498833333,48006.93462298889,4.515371685538333,5.925307703058333,-7.353280948813225,13.556615846897667,-0.5999999999999999,0.5,0.4861111111111111,0.3472222222222222,0.2638888888888889,0.3888888888888889,0.3472222222222222
31,117647.18170757499,-73961.09928312362,22065.540459293057,43686.08242445139,5.379389639429666,3.9946803032519997,-7.463510127062063,8.272207882894,-5.1,0.5416666666666666,0.5555555555555556,0.4305555555555556,0.18055555555555555,0.4583333333333333,0.4861111111111111
310,120282.67116270972,-31078.259876484724,83530.32838183055,89204.411286225,10.143746611038999,8.714673373540666,-5.45104198757367,14.978633203162,-1.4999999999999996,0.7222222222222222,0.625,0.5138888888888888,0.2777777777777778,0.2777777777777778,0.375
311,133099.5224980028,-46336.285662858354,78900.30359828194,86763.23683514445,3.2656694562446678,6.640398361364334,-6.997122280665888,13.864514502897332,0.2999999999999996,0.5833333333333334,0.6111111111111112,0.5694444444444444,0.19444444444444445,0.2777777777777778,0.3194444444444444
312,124356.88002379166,-34227.28560814305,82684.73909688194,90129.59441564861,7.342252007740333,9.742829256182667,-7.334606810102177,13.149481592366332,-0.1499999999999997,0.5694444444444444,0.6805555555555556,0.4444444444444444,0.25,0.3472222222222222,0.3333333333333333
313,120057.87978762916,-37034.42997110277,70307.7307746736,83023.4498165264,7.267822638973334,9.747759953544332,-7.672730355109854,8.425157692216667,3.9,0.5972222222222222,0.6527777777777778,0.4027777777777778,0.4027777777777778,0.5277777777777778,0.20833333333333334
314,128366.1175213639,-49024.23171032083,68760.84397814027,79341.88581104304,8.550174250941332,9.286910708952668,-3.469779644257083,9.759071402342668,0.3000000000000006,0.5277777777777778,0.6944444444444444,0.4444444444444444,0.2638888888888889,0.4444444444444444,0.3194444444444444
315,132387.06874619724,-59711.04355202222,54091.367812873614,72676.025194175,6.579610529238666,5.3616463682369995,-3.206916681447025,11.447977093534668,0.7500000000000001,0.5555555555555556,0.5277777777777778,0.5138888888888888,0.2777777777777778,0.4027777777777778,0.3055555555555556
316,135756.09151545275,-54928.284486980556,69733.80795591667,80827.80702847222,9.549202142877334,8.855295119952,-6.1091780562189175,12.589575409174,2.5500000000000003,0.6111111111111112,0.6388888888888888,0.4861111111111111,0.20833333333333334,0.3472222222222222,0.25
317,140946.18503604864,-56174.72441929306,71815.80057396527,84771.46061675556,7.291705798021,5.677048071631999,-4.171328261768706,10.293326318411001,3.45,0.5694444444444444,0.5972222222222222,0.4166666666666667,0.20833333333333334,0.375,0.2222222222222222
318,139783.19128650136,-52417.461534937494,78790.63930819306,87365.7297515639,9.430543900983333,6.9857293159910006,-4.297025154121556,10.587050275010002,2.1,0.6111111111111112,0.6388888888888888,0.5555555555555556,0.18055555555555555,0.4444444444444444,0.2638888888888889
319,124687.90200075124,-31245.15819804293,86146.24712201666,93442.74380270834,8.199300941195666,10.114390671272,-4.1661199112242855,11.082382533516,-1.0499999999999996,0.6527777777777778,0.6527777777777778,0.6388888888888888,0.18055555555555555,0.3611111111111111,0.3611111111111111
32,126276.83159634165,-78818.57686915278,12681.217110976391,47458.25472718888,4.117054253028666,1.8361685025976664,-11.1243259853625,2.086285670456334,-3.2999999999999994,0.3888888888888889,0.4583333333333333,0.2916666666666667,0.3888888888888889,0.4861111111111111,0.4305555555555556
320,114981.09925508013,-20343.985887955132,92620.05733050554,94637.113367125,5.932980159663666,8.821408052334998,-8.896580251630901,12.527148653804668,0.3000000000000005,0.5972222222222222,0.7083333333333334,0.5555555555555556,0.20833333333333334,0.3472222222222222,0.3194444444444444
321,119608.49470100139,-60489.8838140514,44704.300935737505,59118.61088695001,7.889510452887,6.850210379792999,-3.13696739022029,13.544158303491333,-0.14999999999999974,0.6388888888888888,0.5277777777777778,0.4583333333333333,0.2916666666666667,0.2916666666666667,0.3333333333333333
322,142139.95288014584,-89580.02248673333,14392.0007085875,52559.9303934125,6.028981143573665,5.656718365213999,-6.246011989884806,11.313243105923,-0.5999999999999996,0.3333333333333333,0.3611111111111111,0.25,0.25,0.4861111111111111,0.3472222222222222
323,115199.81061471527,-53760.442652826394,46031.961577379174,61439.367961888885,5.7409040760193335,5.3298906861283335,-4.137439272593409,13.686119232844002,-2.8500000000000005,0.6111111111111112,0.5555555555555556,0.4305555555555556,0.3333333333333333,0.4027777777777778,0.4166666666666667
324,124134.08694200001,-33264.606881476386,83422.34231685416,90869.48006052361,8.368377048658001,11.282378837022332,-3.5639801670254916,10.626355531083,1.6500000000000004,0.6111111111111112,0.6666666666666666,0.5555555555555556,0.20833333333333334,0.3472222222222222,0.2777777777777778
325,121272.29255393194,-50593.370332745835,59740.86518423472,70678.9222211861,7.633924983127667,8.572765139604666,-3.2075563292269034,9.113967244708668,-1.9499999999999997,0.6111111111111112,0.625,0.5,0.1388888888888889,0.4444444444444444,0.3888888888888889
326,133838.40541330833,-80458.57959279444,11057.558414180556,53379.82582051389,5.675317494879334,5.969626646698999,-5.25439933850924,8.075824360729332,1.1999999999999997,0.4027777777777778,0.4027777777777778,0.2222222222222222,0.3333333333333333,0.5555555555555556,0.2916666666666667
327,133106.60910788472,-88240.52933131528,10474.70421076389,44866.079776569444,4.303688799085999,2.3649784882019995,-8.401575683477752,11.663769330204666,2.1,0.375,0.4444444444444444,0.3472222222222222,0.20833333333333334,0.4583333333333333,0.2638888888888889
328,136190.17022035416,-49355.20587777917,80072.88647665555,86834.964342575,5.103211874519334,8.634174522829666,-2.7882239166580107,14.105203478463002,-0.15000000000000013,0.5972222222222222,0.6944444444444444,0.5416666666666666,0.25,0.3055555555555556,0.3333333333333333
329,145636.05262880275,-97869.16127945,14564.952764619442,47766.89134935277,7.030393831141,3.9219657600133324,-7.222918269822739,8.299372950169333,2.1000000000000005,0.3333333333333333,0.4444444444444444,0.2777777777777778,0.18055555555555555,0.5277777777777778,0.2638888888888889
33,110746.7607777,-42329.22983671528,54542.387720556944,68417.53094098473,1.7876752324440004,0.24225859870066785,-9.314989544118585,4.399114795818003,-4.2,0.5138888888888888,0.4722222222222222,0.4027777777777778,0.3611111111111111,0.4722222222222222,0.4583333333333333
330,140899.41515263056,-63910.338614650005,58926.13114289306,76989.07653798055,6.944287119380332,6.638557075635665,-4.188395388731186,10.515069408143,0.7500000000000002,0.6111111111111112,0.5833333333333334,0.3611111111111111,0.3472222222222222,0.3611111111111111,0.3055555555555556
331,128638.47653593056,-77123.59551955556,10590.916301565278,51514.881016375,6.6632730430706655,3.392769203429333,-2.193893944102788,8.210408534557335,-1.5,0.3194444444444444,0.4444444444444444,0.20833333333333334,0.4305555555555556,0.5555555555555556,0.375
332,119281.25277743473,-38260.38993116944,71213.29898226667,81020.86284626529,9.924831471838,0.7782373361096661,-4.655465592660968,13.469020782714999,-1.05,0.5694444444444444,0.5,0.4444444444444444,0.2222222222222222,0.3194444444444444,0.3611111111111111
333,142676.9903679736,-73421.46066897361,38164.17223308194,69255.529699,5.163413109522999,4.210889703423666,-3.198299102204971,12.952388076137334,-0.1499999999999998,0.5972222222222222,0.4722222222222222,0.3472222222222222,0.3888888888888889,0.3611111111111111,0.3333333333333333
334,111041.68038967361,-66528.17178828194,19515.700369393056,44513.50860139166,6.414466582773999,5.487606763184665,-5.5194831894146805,11.999204348568334,-1.05,0.5138888888888888,0.4166666666666667,0.3611111111111111,0.18055555555555555,0.4444444444444444,0.3611111111111111
335,139696.2799317722,-46062.816000747225,86668.71506126804,93633.463931025,10.971794199645998,5.345089274867,-1.5234885490759797,14.641997305503999,0.30000000000000027,0.7083333333333334,0.625,0.5,0.20833333333333334,0.3194444444444444,0.3194444444444444
336,118373.5807397513,-23083.59965013183,87252.2354527,95289.98108961945,6.973824982762,11.323350206711666,-7.02274667668069,9.000103451897667,1.2,0.6388888888888888,0.7083333333333334,0.5555555555555556,0.25,0.4444444444444444,0.2916666666666667
337,124417.93981349861,-58612.62008162917,44370.8709799,65805.31973186944,7.919658345744666,7.045850530473999,-3.6485973248152606,13.697558995347666,1.1999999999999997,0.4861111111111111,0.5555555555555556,0.4305555555555556,0.2361111111111111,0.3888888888888889,0.2916666666666667
338,125884.79144813333,-56267.131567718054,57387.32194263055,69617.65988041527,7.421721937139333,9.159946613319333,-1.6772741329325491,13.814128244981335,-0.1499999999999999,0.5555555555555556,0.6388888888888888,0.4305555555555556,0.25,0.3472222222222222,0.3333333333333333
339,138617.41341388057,-81450.73089943055,21496.633463752776,57166.682514449996,6.4869374393223325,6.129890245787667,-7.3436147590007606,13.029574293490667,0.29999999999999993,0.4444444444444444,0.4583333333333333,0.2638888888888889,0.3472222222222222,0.4722222222222222,0.3194444444444444
34,135046.75741229166,-60357.38597245834,56423.6620068,74689.37143983334,5.711836552173334,5.254069581037,-7.390062071222425,5.455159239363001,-6.0,0.5138888888888888,0.5694444444444444,0.4166666666666667,0.2777777777777778,0.5138888888888888,0.5138888888888888
340,132156.38335193053,-49936.61400779722,72694.75169311806,82219.76934413334,8.468825569828999,6.209105474417333,-1.3527158257115994,13.010458890283001,-1.9499999999999997,0.7083333333333334,0.6388888888888888,0.6388888888888888,0.19444444444444445,0.3472222222222222,0.3888888888888889
341,113612.0946686679,-14470.04098163039,91866.00597871945,99142.05368703749,8.355852306039333,16.484335181665998,-8.183445083761372,12.697380090751668,-1.4999999999999991,0.6527777777777778,0.7777777777777778,0.5138888888888888,0.2361111111111111,0.3055555555555556,0.375
342,138827.59903433608,-76666.22910635278,26606.601608090277,62161.36992798333,7.546931268309999,5.869574087196999,-2.863327822641719,12.214638669913665,-1.95,0.4027777777777778,0.4444444444444444,0.3611111111111111,0.3333333333333333,0.4305555555555556,0.3888888888888889
343,120141.46266995331,-29696.092307226925,79948.32380504723,90445.37036272639,10.146009670362332,8.900048910414,-8.44185679993328,11.675195269088334,1.2000000000000002,0.6666666666666666,0.5833333333333334,0.5277777777777778,0.2916666666666667,0.3888888888888889,0.2916666666666667
344,120208.32262441113,-66227.61131435973,18234.571170272222,53980.71131005139,4.152482898252999,4.008488657125333,-4.97189788093661,11.416383166580665,-0.1499999999999999,0.5,0.3888888888888889,0.3888888888888889,0.4027777777777778,0.5416666666666666,0.3333333333333333
345,130651.17227288472,-37968.33684487639,82077.6822025,92682.83542800834,10.059213991327333,6.155744890158,-0.5384798966344657,7.705684488204001,-1.9500000000000002,0.6805555555555556,0.5972222222222222,0.4861111111111111,0.19444444444444445,0.4444444444444444,0.3888888888888889
346,141061.9322139778,-75607.660349225,41766.32943535278,65454.27186475278,6.177898250385999,7.625777532180665,-4.886999295134181,11.747296950304335,-0.1499999999999998,0.5277777777777778,0.4861111111111111,0.4027777777777778,0.2361111111111111,0.375,0.3333333333333333
347,126202.76858803195,-55775.314252725,61845.0090850375,70427.45433530695,6.664537467632999,8.809424247877,-1.4050767408400984,16.336831452656668,0.2999999999999998,0.6388888888888888,0.625,0.5555555555555556,0.16666666666666666,0.3333333333333333,0.3194444444444444
348,128726.66836476528,-85870.38600454999,21233.674630008332,42856.28236021528,5.637134374412334,5.917626455800999,-4.465983172117161,8.155177857300334,1.1999999999999997,0.4305555555555556,0.4444444444444444,0.3611111111111111,0.1111111111111111,0.5138888888888888,0.2916666666666667
349,123892.12080512082,-46687.45721366945,62611.521166704166,77204.66359145139,6.310967211856334,8.580325203688666,-1.9653923224353282,9.099903385276335,1.65,0.5972222222222222,0.6388888888888888,0.5277777777777778,0.2638888888888889,0.4583333333333333,0.2777777777777778
35,125244.47101676666,-41030.21815076251,70278.66046274583,84214.25286600417,5.922537358371,1.9504559555326664,-12.276417250260618,5.946004997162335,-7.35,0.5138888888888888,0.5555555555555556,0.3194444444444444,0.3472222222222222,0.4722222222222222,0.5555555555555556
350,137733.99715890555,-88393.72177224307,12215.646042663888,49340.275386662506,7.6358087276176665,5.913517842726666,-7.312782226881505,8.477507563551333,2.0999999999999996,0.3611111111111111,0.2916666666666667,0.3888888888888889,0.20833333333333334,0.5833333333333334,0.2638888888888889
351,128324.69521823888,-62136.76369016527,41930.50234433195,66187.9315280736,6.334235196531666,5.807006433533999,-2.959851012943854,12.148220260681,0.30000000000000004,0.5555555555555556,0.5416666666666666,0.4305555555555556,0.375,0.4305555555555556,0.3194444444444444
352,141808.8435799514,-69337.49002062778,45931.65587213056,72471.35355932362,6.434613750416666,7.144024988796999,-3.5657278039131755,11.270202873402333,1.2000000000000002,0.5277777777777778,0.5,0.4305555555555556,0.2638888888888889,0.4722222222222222,0.2916666666666667
353,114896.29343467172,-29539.003939399496,78089.82005838334,85357.28949527223,8.424170848381333,9.507293379668665,-6.090968959428036,12.671525051461334,2.1,0.6805555555555556,0.6805555555555556,0.5416666666666666,0.2361111111111111,0.3333333333333333,0.2638888888888889
354,115164.19339893889,-63830.79151921944,20381.65208776111,51333.401879719444,6.252400769624333,5.503948097068665,-1.9105582662641585,13.332003140765,-2.4000000000000004,0.4027777777777778,0.4861111111111111,0.3888888888888889,0.3611111111111111,0.4305555555555556,0.4027777777777778
355,140124.26806848613,-91492.82372383442,19221.225169424997,48631.44434465169,5.386197904487999,6.390928875899,-5.700513264874494,11.349645144392667,-0.6000000000000003,0.3611111111111111,0.4027777777777778,0.3611111111111111,0.2222222222222222,0.4722222222222222,0.3472222222222222
356,124696.51744188332,-70411.87148813471,7956.975899795833,54284.64595374861,7.0459498514,5.458603107545666,0.3737203745130378,5.5778857554400005,-1.0499999999999998,0.3194444444444444,0.3333333333333333,0.2777777777777778,0.4722222222222222,0.5416666666666666,0.3611111111111111
357,141238.8265897875,-91957.49711887361,10174.431071672223,49281.329470913886,6.806284260991999,5.599945602229333,-3.3592949872605598,11.263597702209667,3.0,0.3194444444444444,0.375,0.2777777777777778,0.2222222222222222,0.5277777777777778,0.2361111111111111
358,116103.55570730001,-47925.56382440833,49108.609235109725,68177.99188289169,8.504035716833666,2.333861199538334,-3.3312116803592913,8.394872548921668,0.7499999999999999,0.6111111111111112,0.5277777777777778,0.5416666666666666,0.3055555555555556,0.4722222222222222,0.3055555555555556
359,107758.31126809723,-63463.81214005694,16247.337036645833,44294.499128040276,6.336037303559999,4.751433603949333,-2.6378723409391625,14.068597116553999,-2.3999999999999995,0.4305555555555556,0.4166666666666667,0.375,0.2638888888888889,0.4583333333333333,0.4027777777777778
36,117349.56847969722,-57076.415874606944,40593.64413514722,60273.152605090276,0.947496658583,5.107438233854333,-3.836902606303563,5.953081867342002,-4.6499999999999995,0.3888888888888889,0.5138888888888888,0.4583333333333333,0.375,0.4583333333333333,0.4722222222222222
360,145122.1859424875,-64109.46526800973,53470.66628932361,81012.72067447778,7.354891290191333,5.9073257887269985,-1.4859120444882097,11.119912348390667,1.2000000000000002,0.5555555555555556,0.5416666666666666,0.4583333333333333,0.3611111111111111,0.4722222222222222,0.2916666666666667
361,123935.04114896111,-83538.2592024111,9222.182127059721,40396.78194655,4.695560311278332,4.951358207945,-7.249324814924562,7.6463352079466675,-2.8499999999999996,0.3333333333333333,0.3472222222222222,0.2638888888888889,0.19444444444444445,0.4861111111111111,0.4166666666666667
362,124900.24272163474,-63748.795858872225,38604.0913995514,61151.44686276251,7.283027759718,3.626401416649333,-2.2562085033982964,12.693841021172336,-0.15000000000000002,0.625,0.5,0.3888888888888889,0.3888888888888889,0.3472222222222222,0.3333333333333333
363,140796.61603309028,-96037.85825784029,21348.572519943053,44758.75777525,7.910061299796665,8.238983342351332,-3.729407639280309,10.64355134036,0.7500000000000001,0.4027777777777778,0.4583333333333333,0.3472222222222222,0.20833333333333334,0.4027777777777778,0.3055555555555556
364,129966.07703916806,-46780.962019556944,78448.12732625417,83185.11501961111,9.165625570656001,4.616340940925333,-0.7376221720006266,13.404058740924,0.7500000000000004,0.625,0.5555555555555556,0.6111111111111112,0.20833333333333334,0.2777777777777778,0.3055555555555556
365,135128.5718910472,-73824.83390126251,30443.62151674722,61303.73798978472,6.171226213505332,6.142293617880999,-2.186677962143649,11.487217412759001,0.3000000000000005,0.5,0.4027777777777778,0.4861111111111111,0.3611111111111111,0.375,0.3194444444444444
366,134977.98671192082,-69006.74945867638,40810.87694964861,65971.23725324444,7.037139759992998,5.201739437390334,-1.9496349822692407,12.50392486529767,0.3000000000000004,0.5694444444444444,0.5277777777777778,0.4305555555555556,0.375,0.4027777777777778,0.3194444444444444
367,121381.41651575557,-30405.824848706943,86200.52705565555,90975.5916670486,9.549298637660332,13.054004602416999,-6.43442830284976,12.836405401169667,-1.05,0.7083333333333334,0.7222222222222222,0.5833333333333334,0.20833333333333334,0.3333333333333333,0.3611111111111111
368,118761.51340614722,-51535.93296026668,54876.796886009724,67225.58044588057,7.143848855603,6.729519536057667,-3.4645631949441666,18.277037505451332,0.7500000000000004,0.5,0.6388888888888888,0.5416666666666666,0.2361111111111111,0.2916666666666667,0.3055555555555556
369,132735.7680642222,-90481.8288297889,7351.976035855555,42253.93923443333,7.339973311053999,8.30431429978833,-7.185961660305685,13.09746407807,1.65,0.375,0.2361111111111111,0.19444444444444445,0.20833333333333334,0.4444444444444444,0.2777777777777778
37,96152.3122935653,-44698.45521734444,34768.858769620834,51453.85707622083,1.1997953014296674,7.0823166177536665,-5.029066252071747,7.905709231109334,-3.7500000000000004,0.4166666666666667,0.5277777777777778,0.3611111111111111,0.2777777777777778,0.5,0.4444444444444444
370,118330.59645499027,-51044.20485944028,58091.7624555139,67286.39159555,6.237449971708999,8.400609736496667,-2.5537746998310724,13.390089762773666,0.30000000000000004,0.5972222222222222,0.6805555555555556,0.4861111111111111,0.19444444444444445,0.3611111111111111,0.3194444444444444
371,110182.3845897543,-40718.56822781263,56254.360052684715,69463.81636194167,7.240783760757333,7.6702032704956675,-5.5169299861641505,13.415534886910335,1.6500000000000001,0.6666666666666666,0.5694444444444444,0.5138888888888888,0.2916666666666667,0.3888888888888889,0.2777777777777778
372,131566.56501560553,-67106.53210737777,37132.40399429583,64460.032908227775,4.258102549595668,4.191573931809667,-2.1558388737775904,16.523462970932002,-1.9499999999999997,0.5,0.5,0.4305555555555556,0.3472222222222222,0.3611111111111111,0.3888888888888889
373,133698.98996983055,-73581.947029075,17000.814355045834,60117.04294075556,3.857394079813666,6.554508976588666,-0.45812018497709084,9.811746025881666,-1.0499999999999998,0.4166666666666667,0.4583333333333333,0.25,0.4722222222222222,0.5277777777777778,0.3611111111111111
374,140771.2700848944,-96619.30256740833,8306.297954462501,44151.96751748611,8.920063150057334,5.9385979355269995,-7.439710530647796,12.077467723786,2.55,0.2916666666666667,0.375,0.2222222222222222,0.16666666666666666,0.4444444444444444,0.25
375,132296.7992340361,-43939.71085500278,78465.37702148192,88357.08837903332,11.882932986039,7.070529788996333,-2.963347566828043,13.092159818536668,-0.14999999999999974,0.625,0.6805555555555556,0.5138888888888888,0.19444444444444445,0.3472222222222222,0.3333333333333333
376,143979.8851412722,-87921.93034545139,24841.588819916666,56057.954795820835,5.200369625134999,7.189433716559998,-6.146086541182688,12.408102010389001,2.0999999999999996,0.4027777777777778,0.4583333333333333,0.4444444444444444,0.125,0.4305555555555556,0.2638888888888889
377,116830.22027770693,-52956.224551608335,52588.66654729861,63873.99572609862,6.008755568011333,7.236221512218,-2.4481325211579614,16.645099492337998,-0.5999999999999996,0.5833333333333334,0.6666666666666666,0.4027777777777778,0.3055555555555556,0.2916666666666667,0.3472222222222222
378,125146.0627731139,-72743.99075109046,29770.588416263887,52402.07202202343,5.479824470441999,5.0350540792953336,-5.2458535812786415,12.183383622492002,1.2,0.4583333333333333,0.5694444444444444,0.3194444444444444,0.2361111111111111,0.4722222222222222,0.2916666666666667
379,125126.58502401246,-36295.77220110135,79640.16907449305,88830.81282291112,4.679533890290333,7.339931591190002,-3.704886927897059,14.154149091483667,-0.5999999999999999,0.5555555555555556,0.6666666666666666,0.6527777777777778,0.1527777777777778,0.3194444444444444,0.3472222222222222
38,135705.59952990836,-73777.19045347084,40019.71325428333,61928.40907643751,2.2382659029010012,2.850153782355333,-5.291537395026522,4.080069914848336,-5.55,0.5555555555555556,0.5138888888888888,0.2916666666666667,0.3611111111111111,0.5555555555555556,0.5
380,121967.84401824998,-73368.18434122778,7331.648700608332,48599.659677022224,5.282408498216332,6.187999611486667,-3.7514646743804985,6.895905912494,0.7499999999999999,0.3611111111111111,0.2777777777777778,0.1527777777777778,0.4861111111111111,0.4722222222222222,0.3055555555555556
381,125722.80423549583,-86124.89576247074,7850.250430808332,39597.9084730251,5.279995480479999,3.6297063302583323,-7.647190636520399,11.390869972465001,1.2000000000000002,0.3333333333333333,0.3055555555555556,0.2916666666666667,0.18055555555555555,0.5277777777777778,0.2916666666666667
382,134832.62001470698,-82835.65568465,8222.79779764861,51996.964330056944,6.9451149848233324,6.8538902009383325,-4.094729041732068,11.137911826484668,1.2000000000000002,0.3194444444444444,0.3055555555555556,0.25,0.3194444444444444,0.5,0.2916666666666667
383,115325.89926587223,-51376.79903373333,47391.02903976806,63949.100232138895,7.600050095984999,8.279143522190665,-2.7319623754660816,12.051762719673668,0.30000000000000054,0.5833333333333334,0.5972222222222222,0.4305555555555556,0.25,0.4027777777777778,0.3194444444444444
384,117282.4033242653,-69116.77087439166,18889.90507334306,48165.63244987361,7.4255701927189985,5.197909924695,-1.6552663221351527,9.964195577124668,0.7500000000000002,0.4722222222222222,0.4027777777777778,0.4722222222222222,0.2638888888888889,0.5138888888888888,0.3055555555555556
385,132474.76375824166,-88079.7303369375,10340.974556640278,44395.033421304164,5.729843090683666,6.288766934758666,-7.273598304451886,11.014493514176333,3.8999999999999995,0.3611111111111111,0.3472222222222222,0.3472222222222222,0.18055555555555555,0.4583333333333333,0.20833333333333334
386,116939.6862532736,-66327.29649311028,27659.469289149998,50612.38976016335,7.679300987248999,6.748111361736999,-3.809752031222528,14.479893409308666,-1.95,0.5555555555555556,0.5138888888888888,0.3888888888888889,0.18055555555555555,0.4444444444444444,0.3888888888888889
387,128341.2700503875,-40669.12644554584,77555.628756725,87672.14360484165,11.911869328596666,8.564778130996999,0.1535873631455023,14.541350668652,-1.5,0.7777777777777778,0.6388888888888888,0.5833333333333334,0.16666666666666666,0.3194444444444444,0.375
388,128733.72578788611,-82201.76049775138,9551.729362405555,46531.96529013472,6.542714108679665,6.523290998033332,-4.592691148295223,9.531198632621333,1.65,0.2916666666666667,0.3611111111111111,0.25,0.18055555555555555,0.4861111111111111,0.2777777777777778
389,123117.40074929026,-68552.85604124167,16428.601439072223,54564.544708048605,6.04966053005,6.613080313187,-1.434682776612231,10.600648305362,0.30000000000000027,0.4027777777777778,0.3611111111111111,0.3611111111111111,0.4027777777777778,0.4861111111111111,0.3194444444444444
39,118490.55916385834,-46461.38483138194,54543.9026831764,72029.1743324764,-0.05044718500499956,-0.862846380985666,-7.991737603167566,6.663446761250334,-4.65,0.5277777777777778,0.4722222222222222,0.3194444444444444,0.3333333333333333,0.4861111111111111,0.4722222222222222
390,117973.87371067639,-76743.13268682639,13638.591567747222,41230.74102385,3.428890971205,6.408978635873334,-7.228194512886802,9.580372334207,0.3000000000000003,0.4305555555555556,0.4444444444444444,0.2916666666666667,0.20833333333333334,0.5277777777777778,0.3194444444444444
391,117911.11125077639,-80124.78187130002,15442.08080295139,37786.32937947639,5.1906150776696665,7.4292060595906655,-3.605798194616236,12.044665406867,2.1000000000000005,0.4722222222222222,0.3333333333333333,0.3055555555555556,0.125,0.4583333333333333,0.2638888888888889
392,115828.5783226786,-37580.2279221536,70563.14048848889,78248.35040052499,9.302350839440333,6.757639860201666,-6.0892496887293195,14.860792079963332,1.2,0.6805555555555556,0.5833333333333334,0.625,0.19444444444444445,0.2916666666666667,0.2916666666666667
393,138141.88761762498,-84279.43921544583,8671.756974529166,53862.448402179165,7.113769146401333,4.285838474357666,-5.799685165077916,11.579145372713667,-0.15000000000000013,0.3194444444444444,0.3888888888888889,0.2777777777777778,0.3611111111111111,0.4861111111111111,0.3333333333333333
394,118000.28863426388,-73717.13800237917,17373.553827323612,44283.150631884724,6.256876073127333,4.807870440656334,-6.133014474343095,11.903539833221334,2.1,0.4027777777777778,0.4166666666666667,0.3055555555555556,0.2638888888888889,0.4305555555555556,0.2638888888888889
395,129103.04057271882,-25456.372338881323,98460.77583723333,103646.6682338375,11.234461408913333,13.284584959976002,-6.95481758221413,14.013563769370334,0.7499999999999998,0.6944444444444444,0.7083333333333334,0.5833333333333334,0.19444444444444445,0.2777777777777778,0.3055555555555556
396,114222.02023770833,-50833.65225953612,50848.29129001111,63388.367978172224,7.744889864455666,5.4364268693646665,-3.1584834610177426,14.849576494398333,3.0,0.5972222222222222,0.6111111111111112,0.4166666666666667,0.16666666666666666,0.3611111111111111,0.2361111111111111
397,137716.0508727264,-92879.24687659305,6937.120687597223,44836.803996133334,4.9224752665309985,5.857333257746999,-8.700377184186179,9.945263981611333,4.35,0.2777777777777778,0.2916666666666667,0.2916666666666667,0.19444444444444445,0.5,0.19444444444444445
398,118930.19437295139,-55713.685439406945,51239.31646126806,63216.50893354444,6.691736237204665,7.957821024639333,-1.5874331741354908,15.42443264014,0.75,0.5694444444444444,0.5555555555555556,0.5138888888888888,0.2638888888888889,0.3055555555555556,0.3055555555555556
399,121525.70467257158,-23745.38408879518,90842.98979718055,97780.3205837764,9.601586833840667,6.630710143776666,-9.29427453117217,13.865745905357333,-1.0499999999999996,0.6805555555555556,0.625,0.5,0.25,0.3194444444444444,0.3611111111111111
4,98193.37528545417,-56904.854422751385,18519.787805226388,41288.520862702775,3.283473728064334,1.689502660534334,-7.506775441839066,5.843907370168669,-4.65,0.3611111111111111,0.3611111111111111,0.3055555555555556,0.3055555555555556,0.5138888888888888,0.4722222222222222
40,138564.5070997597,-75124.10450707917,32802.248973213886,63440.40259268055,3.5799896765583332,2.906365806148001,-9.45228126739444,8.190956570283667,-8.25,0.5833333333333334,0.5138888888888888,0.25,0.4583333333333333,0.4166666666666667,0.5833333333333334
400,150400.95138044443,-59130.813902445836,83635.01208677917,91270.1374779986,7.365444984892665,10.596681825998997,0.5615069371332617,12.588406258576,4.3500000000000005,0.6111111111111112,0.7222222222222222,0.6666666666666666,0.18055555555555555,0.375,0.19444444444444445
401,116821.36616696388,-71666.02537962917,20786.32997546111,45155.340787334724,5.612358963261332,6.412163248870666,-3.723360543063615,10.374735986468668,1.2000000000000004,0.3888888888888889,0.4722222222222222,0.4027777777777778,0.18055555555555555,0.4722222222222222,0.2916666666666667
402,135896.83746905832,-50956.68705837638,73998.30419690971,84940.15041068193,9.078746325403333,8.323649567911666,-1.3149888183060063,10.062935036351002,-2.85,0.7083333333333334,0.625,0.5972222222222222,0.2638888888888889,0.4305555555555556,0.4166666666666667
403,118284.47267283726,-63926.312039269214,23720.516715624995,54358.160633568055,7.590509038153333,7.272224480675,-2.0674193758955797,14.093452973945666,-2.85,0.5555555555555556,0.4444444444444444,0.2916666666666667,0.4444444444444444,0.3611111111111111,0.4166666666666667
404,140897.34774684586,-64201.91609048334,61130.6388641514,76695.43165636249,5.593689657171666,9.110532447804667,-0.017037838485508217,15.796210438738669,4.35,0.5555555555555556,0.5833333333333334,0.5277777777777778,0.2222222222222222,0.2916666666666667,0.19444444444444445
405,127731.94054427363,-78362.09170393889,11477.842619233335,49369.848840334715,7.1716349114629985,7.087845335263999,-6.57015176173627,9.869923776234668,0.7500000000000004,0.3333333333333333,0.3472222222222222,0.25,0.25,0.5833333333333334,0.3055555555555556
406,115801.54903268056,-68114.39049430277,27701.517187533333,47687.15853837778,6.599803997610666,7.193462338883998,-4.356057829123205,12.464627636434999,-1.4999999999999996,0.6111111111111112,0.5833333333333334,0.5,0.18055555555555555,0.4166666666666667,0.375
407,144455.00984219168,-94171.49418251665,11105.802084406945,50283.515659675,6.874047527093332,5.078964206056666,-7.4262527472855275,9.897348963438999,1.2000000000000002,0.2638888888888889,0.3472222222222222,0.18055555555555555,0.2777777777777778,0.5694444444444444,0.2916666666666667
408,134111.55388909724,-57805.47260832499,65100.53812709444,76306.08128077222,9.323760560435332,9.698021343375,-0.834270962847909,12.182162841382,2.55,0.625,0.6111111111111112,0.5,0.16666666666666666,0.3472222222222222,0.25
409,134805.2810334736,-83163.86834078195,14890.420977984722,51641.412692691665,6.3632109128373315,4.673585167351666,-3.7323188728653114,15.113628236891,1.65,0.3472222222222222,0.4305555555555556,0.2777777777777778,0.3194444444444444,0.5,0.2777777777777778
41,95328.111827975,-54960.905844525005,23191.101274995835,40367.20598345,5.0476633400590005,3.9987197990243333,-8.247227131717125,8.983183904669001,-6.900000000000001,0.4861111111111111,0.4444444444444444,0.25,0.375,0.4722222222222222,0.5416666666666666
410,129594.81442716112,-88137.39931774721,7306.841627744444,41457.41510941389,7.151566487118999,7.849149568472666,-4.418228756893682,8.884117808275334,-0.6000000000000001,0.3055555555555556,0.3055555555555556,0.19444444444444445,0.2916666666666667,0.4583333333333333,0.3472222222222222
411,122739.69938787362,-75823.25156367084,13390.864196809724,46916.447824202776,5.526114178507999,4.206878991871999,-6.015040339470183,9.818213724901,2.1,0.3333333333333333,0.4444444444444444,0.20833333333333334,0.3333333333333333,0.5555555555555556,0.2638888888888889
412,135115.2385133778,-61098.97461039861,53695.29572732639,74016.26390297916,4.631622444120667,6.609505311718667,-1.4350945321463167,12.73411405654467,1.6500000000000004,0.4583333333333333,0.5555555555555556,0.4305555555555556,0.3472222222222222,0.3888888888888889,0.2777777777777778
413,101782.6134979007,-14599.952730935423,80261.87763090416,87182.66076696529,7.8246697372673335,9.135964304477666,-6.868157187837588,16.853294367147,2.0999999999999996,0.625,0.6527777777777778,0.6111111111111112,0.2222222222222222,0.2638888888888889,0.2638888888888889
414,129037.00907649721,-74901.37649975001,27180.154497975003,54135.63257674723,4.859537727879665,4.574668021069,-6.805111827086249,11.175138296935668,3.0,0.4444444444444444,0.5694444444444444,0.3611111111111111,0.2361111111111111,0.4722222222222222,0.2361111111111111
415,122872.98478534585,-38431.24460665417,78796.61490894029,84441.74017869166,10.556343955916667,10.986652833731664,-2.066755559461106,16.411975520882333,3.9,0.6944444444444444,0.6944444444444444,0.5972222222222222,0.20833333333333334,0.2916666666666667,0.20833333333333334
416,116673.79213667082,-41232.19358930416,65420.06557118194,75441.59854736665,5.877987416888667,8.799309002314667,-6.110762436481073,18.215627739620665,3.45,0.6111111111111112,0.6111111111111112,0.5555555555555556,0.16666666666666666,0.2777777777777778,0.2222222222222222
417,128662.54765681527,-47553.803005172216,72037.63309186946,81108.74465164306,6.055548816548667,9.316430027413332,-4.5988685570756385,12.399869303792666,-1.9499999999999997,0.5555555555555556,0.6111111111111112,0.5138888888888888,0.2361111111111111,0.3472222222222222,0.3888888888888889
418,120432.30733175139,-76445.44573400139,17492.551165761113,43986.86159775,3.504307713607,7.634449475046999,-5.7558093970441915,12.050640346152,0.30000000000000027,0.4861111111111111,0.3611111111111111,0.3194444444444444,0.18055555555555555,0.4722222222222222,0.3194444444444444
419,136847.93258021388,-63601.40908903334,61466.736414672225,73246.52349118056,5.697084493051666,7.8474369524159995,-5.0069126296987365,16.506962134304665,1.1999999999999997,0.5138888888888888,0.6388888888888888,0.4444444444444444,0.2777777777777778,0.2916666666666667,0.2916666666666667
42,130817.96034804445,-81628.6332763,14155.868790576389,49189.32707174445,3.4187246122150006,2.4228114998670005,-8.995252101649521,4.810733463199667,-2.8499999999999996,0.5138888888888888,0.5416666666666666,0.2777777777777778,0.3472222222222222,0.4583333333333333,0.4166666666666667
420,129472.5743089875,-53339.982965300005,67220.2356950625,76132.5913436875,11.083045975816665,7.469651822044,-0.23540920750417516,15.813101532662333,0.75,0.6944444444444444,0.5972222222222222,0.5555555555555556,0.2222222222222222,0.3472222222222222,0.3055555555555556
421,133129.56106922083,-42637.98550139306,76061.2672932903,90491.5755678278,6.594739410316334,9.973657003516665,-4.857175168626159,14.260157575757333,2.55,0.5833333333333334,0.6388888888888888,0.4722222222222222,0.2638888888888889,0.3055555555555556,0.25
422,126043.81112215554,-62596.43706490001,52096.973621740275,63447.374057255554,8.461589550054999,9.498734594184,-2.7845112532078957,14.787046691689333,1.2000000000000004,0.5972222222222222,0.6388888888888888,0.5,0.16666666666666666,0.3194444444444444,0.2916666666666667
423,135211.37847050972,-81645.65085852779,34627.79738343056,53565.72761198195,5.495213799498,6.256580718292333,-2.261694396707013,13.900322959203999,1.2,0.5138888888888888,0.5138888888888888,0.5277777777777778,0.09722222222222222,0.3333333333333333,0.2916666666666667
424,122523.4528291375,-78431.83482346388,10365.347499209722,44091.618005673605,5.974293316332998,6.158963102797666,-6.603083966288029,9.491856715562335,4.3500000000000005,0.2916666666666667,0.3194444444444444,0.18055555555555555,0.2638888888888889,0.5,0.19444444444444445
425,137135.53222244998,-89983.59274904167,10368.862232638889,47151.93947340833,8.555755737351332,6.338858549011334,-7.555584037355295,10.349568265872668,3.9000000000000004,0.2916666666666667,0.3888888888888889,0.18055555555555555,0.2777777777777778,0.4305555555555556,0.20833333333333334
426,127659.94975020138,-45269.45589961806,69183.11805249305,82390.49385058334,8.728341372278999,9.471527126808333,-3.738286369074105,13.608356808424668,-0.6000000000000001,0.6666666666666666,0.625,0.5138888888888888,0.2638888888888889,0.3888888888888889,0.3472222222222222
427,128892.76708403193,-36176.76750929167,90726.85847944167,92715.99957474029,12.792547939167001,14.394232477179665,-0.48161661115303317,15.073807189574666,1.2000000000000004,0.75,0.7638888888888888,0.5972222222222222,0.1527777777777778,0.25,0.2916666666666667
428,130293.00882370138,-81732.5681740611,7018.430312831944,48560.44064964028,6.314860912690665,8.765160398692665,-3.5500918370594254,8.898071516335333,1.2,0.375,0.2361111111111111,0.20833333333333334,0.2777777777777778,0.4861111111111111,0.2916666666666667
429,135825.2651952875,-80872.94334441946,9256.065666220833,54952.32185086806,7.769321604486667,4.859237825014333,-1.465541377160052,11.342353702784667,3.9000000000000004,0.2777777777777778,0.4305555555555556,0.18055555555555555,0.3888888888888889,0.5138888888888888,0.20833333333333334
43,127149.16085150556,-85179.22245612917,11108.87015025,41969.9383953764,3.0208815429199998,1.6567390608636665,-12.294402663176442,3.981315770392668,-4.65,0.4861111111111111,0.4583333333333333,0.3194444444444444,0.3055555555555556,0.5138888888888888,0.4722222222222222
430,125670.07866539304,-76650.66975967083,7684.705160656944,49019.40890572222,6.732961271973332,4.170975978673666,-1.575111049451003,8.608137708069666,0.30000000000000004,0.3055555555555556,0.375,0.2222222222222222,0.4027777777777778,0.5,0.3194444444444444
431,131198.47415146112,-56219.66547740278,55041.29037197083,74978.80867405834,7.887774838771,5.667950795405666,-5.522063029780192,9.041318261846335,1.6500000000000004,0.5694444444444444,0.5277777777777778,0.3472222222222222,0.2777777777777778,0.4444444444444444,0.2777777777777778
432,126226.43866322914,-86374.47624523591,12406.557556404166,39851.962417993265,5.2600247356336665,4.753683969018,-7.698411626244756,12.128502844610999,4.3500000000000005,0.3888888888888889,0.4305555555555556,0.2638888888888889,0.2222222222222222,0.4444444444444444,0.19444444444444445
433,127191.42392114956,-41812.96456443846,67954.47666696805,85378.45935671112,7.666820260120666,8.841620898096666,-4.335697292494514,15.344554266211667,-0.14999999999999958,0.6388888888888888,0.5694444444444444,0.5,0.3055555555555556,0.3888888888888889,0.3333333333333333
434,129008.59857938196,-71740.56333106529,31903.128498823615,57268.03524831667,4.296904608557,6.156681587103,-3.6059173292782094,12.972585928149002,2.5500000000000003,0.5138888888888888,0.4722222222222222,0.4027777777777778,0.3055555555555556,0.375,0.25
435,135810.00624108888,-39245.23341249028,94639.60110016527,96564.7728285986,10.739417321197333,7.75391414554,-0.76893012431889,11.829969148539,1.1999999999999997,0.6805555555555556,0.7222222222222222,0.6388888888888888,0.16666666666666666,0.3611111111111111,0.2916666666666667
436,130508.34369086388,-77158.69717486665,23068.80914795417,53349.64651599722,5.718744753409,6.497707233407333,-5.704401809629067,15.043007695607333,1.65,0.3888888888888889,0.5416666666666666,0.3194444444444444,0.2222222222222222,0.4027777777777778,0.2777777777777778
437,149318.440484025,-47221.79054402917,95361.18106203889,102096.64993999584,13.223641186259666,7.475087011977999,-3.8539418583580325,17.556886885463,-0.5999999999999993,0.7777777777777778,0.6666666666666666,0.5972222222222222,0.20833333333333334,0.2222222222222222,0.3472222222222222
438,138706.21292650833,-78482.89197992776,24436.110507281945,60223.32094658055,7.341817998168999,8.615922296785,-3.6297488678564536,10.874168216792,1.6500000000000001,0.4722222222222222,0.4444444444444444,0.3055555555555556,0.2916666666666667,0.4722222222222222,0.2777777777777778
439,120359.47408504893,-39523.03335579337,68075.47480550277,80836.44072925556,8.148574360688666,9.957708002879,-3.886378193537095,13.250775550045002,1.65,0.6388888888888888,0.6944444444444444,0.4583333333333333,0.3194444444444444,0.3611111111111111,0.2777777777777778
44,114450.16023675693,-34241.61526384167,67770.40397985138,80208.54497291528,0.862855361278,7.694042488411666,-10.96275153250857,11.643548788346001,-6.0,0.4722222222222222,0.625,0.2638888888888889,0.3611111111111111,0.4027777777777778,0.5138888888888888
440,128871.0658041639,-69727.94250598889,40039.71426434444,59143.123298175014,3.1858104592779997,5.883116472121333,-3.88705761629152,12.89685397326867,1.6499999999999995,0.5694444444444444,0.5277777777777778,0.4027777777777778,0.18055555555555555,0.4305555555555556,0.2777777777777778
441,148448.98637580557,-43022.265595215285,99242.49451753471,105426.72078059027,10.168071574280335,10.854735897722666,-2.233794128823845,15.822833319039667,3.9000000000000004,0.6666666666666666,0.7222222222222222,0.625,0.1527777777777778,0.2916666666666667,0.20833333333333334
442,115651.26218017361,-39662.99455421805,68016.40080319444,75988.26762595556,8.744191750246998,8.925255614862333,-3.6714889984559838,16.568128346469,1.2000000000000006,0.6388888888888888,0.6527777777777778,0.4861111111111111,0.3055555555555556,0.2777777777777778,0.2916666666666667
443,131808.76016036666,-37853.92075801527,87058.32899349584,93954.83940235138,11.599381226824665,9.836570860215332,-2.9280107684095285,17.957402905630666,1.1999999999999997,0.6944444444444444,0.7083333333333334,0.5,0.2638888888888889,0.2222222222222222,0.2916666666666667
444,136474.4435263153,-49828.77863168334,82349.6539642889,86645.66489463195,9.960223253392668,12.585679554231,-0.9008112459125532,17.204829316058667,5.25,0.6666666666666666,0.7777777777777778,0.6527777777777778,0.16666666666666666,0.2361111111111111,0.16666666666666666
445,134737.98857844586,-85621.5581506889,15343.171043566668,49116.430427756946,6.206342111147999,7.7697532806256655,-6.153542880990269,10.871727618455335,0.30000000000000016,0.3472222222222222,0.3888888888888889,0.375,0.1527777777777778,0.4722222222222222,0.3194444444444444
446,128460.0215595361,-87342.61856055417,6585.83444637639,41117.40299898195,7.489866331625999,6.567307977616665,-6.765646207081267,13.126546861133333,2.5500000000000007,0.18055555555555555,0.25,0.1527777777777778,0.16666666666666666,0.4861111111111111,0.25
447,143638.19406234307,-80507.15275388473,26801.2126110875,63131.04130845833,5.7478270407166665,7.326511797595666,-3.638891459684807,12.380694796037,-0.14999999999999958,0.4027777777777778,0.4861111111111111,0.3611111111111111,0.3055555555555556,0.4583333333333333,0.3333333333333333
448,144782.76103664443,-63231.60113747501,73137.77670028889,81551.15989916945,9.692970717656666,6.614617510833998,-1.1815974395644373,13.670898968104666,3.0,0.6944444444444444,0.6111111111111112,0.6111111111111112,0.2361111111111111,0.2916666666666667,0.2361111111111111
449,132420.31001642917,-49064.16249735695,79059.74751503333,83356.14751907223,10.665435394814999,6.666597301272667,-1.946914016890477,13.725640719959335,-0.1499999999999999,0.7222222222222222,0.625,0.5833333333333334,0.18055555555555555,0.3472222222222222,0.3333333333333333
45,122605.63210019999,-40544.09150501806,65348.42466898612,82061.54059518193,1.6648381566943335,2.8981549517300005,-9.257641674641162,6.493463810215335,-3.7499999999999996,0.5,0.5138888888888888,0.2916666666666667,0.3333333333333333,0.4583333333333333,0.4444444444444444
450,124837.79623821248,-60900.617915334726,37535.906848455554,63937.178322877786,6.8118806439593325,5.635137490951999,-1.3087150716270892,12.509438846944335,0.2999999999999996,0.5694444444444444,0.4444444444444444,0.3888888888888889,0.3194444444444444,0.4305555555555556,0.3194444444444444
451,135404.9456432974,-34922.747164761284,90389.49070364167,100482.19847853611,12.317884786211666,10.590922779444334,-7.745879223786294,18.443750545207667,0.30000000000000027,0.7083333333333334,0.6527777777777778,0.5,0.2638888888888889,0.25,0.3194444444444444
452,129178.00646752778,-89124.83512823055,11875.535073433333,40053.17133929723,7.536777977558999,7.975210568975331,-5.264946568708796,11.051821370456334,-0.1499999999999996,0.3888888888888889,0.3194444444444444,0.25,0.125,0.4444444444444444,0.3333333333333333
453,109925.51480922362,-60224.154605649994,20890.158446094447,49701.36020357361,6.650607374743666,6.116176048320667,-2.211356188934447,12.669344514766998,3.9000000000000004,0.5138888888888888,0.4166666666666667,0.2916666666666667,0.2638888888888889,0.4722222222222222,0.20833333333333334
454,138851.6518372583,-86902.16630982082,6141.306729633334,51949.4855274375,5.020209290401667,6.256789058009665,-2.481542499832878,4.701766851038332,0.3000000000000003,0.3194444444444444,0.25,0.2361111111111111,0.4166666666666667,0.5277777777777778,0.3194444444444444
455,121075.3542343861,-79781.11480152361,8249.735802884723,41294.2394328625,5.630870619425999,7.758064692447999,-3.3666367698190687,10.673482797263667,2.55,0.2916666666666667,0.2361111111111111,0.125,0.1527777777777778,0.5277777777777778,0.25
456,113300.35104467515,-3401.658650264028,105264.01862460694,109898.69239441112,12.496631308283334,16.149229908741667,-7.132825745263059,15.685382385569334,3.45,0.7361111111111112,0.8194444444444444,0.5972222222222222,0.19444444444444445,0.2638888888888889,0.2222222222222222
457,109836.08960807523,-12181.965362364104,95156.24740403751,97654.12424571111,11.906506466471999,11.860081383403,-7.039608273557358,19.123010874822334,4.35,0.6527777777777778,0.6527777777777778,0.5277777777777778,0.18055555555555555,0.19444444444444445,0.19444444444444445
458,127693.69420288467,-43326.78211513468,72940.62422029584,84366.91208775001,8.638135396479,7.471170121984333,-6.440728695010497,14.379491319290668,2.55,0.6111111111111112,0.5833333333333334,0.5416666666666666,0.25,0.3333333333333333,0.25
459,127851.78846316069,-35666.8535766954,82629.018551275,92184.93488646527,11.51615006762,8.866838767697,-8.20322591440148,13.699098124853,3.9000000000000004,0.7083333333333334,0.6388888888888888,0.5277777777777778,0.2222222222222222,0.3194444444444444,0.20833333333333334
46,138302.17560940137,-83492.67465893642,28856.39940776111,54809.500950464964,5.352524514095332,3.332534657042333,-10.232956967874347,8.403655475619669,-6.0,0.4166666666666667,0.5138888888888888,0.3611111111111111,0.2916666666666667,0.4583333333333333,0.5138888888888888
460,129698.51123815418,-77295.99412320138,8761.708990401388,52402.517114952774,6.889054832982666,6.601514194061666,-3.0144696784245566,9.595660917093333,1.6500000000000001,0.2222222222222222,0.3333333333333333,0.09722222222222222,0.4305555555555556,0.5694444444444444,0.2777777777777778
461,129873.23405877221,-80722.62168060972,4983.885912990278,49150.6123781625,8.33371090488233,8.173888793709999,-3.0160474169361544,7.16539655351,0.7500000000000001,0.2638888888888889,0.25,0.2777777777777778,0.3611111111111111,0.5416666666666666,0.3055555555555556
462,132078.8993859449,-46397.0845591463,72222.07001041528,85681.8148267986,8.013359693169333,11.674953863954002,-6.129671072365748,13.669145716944334,-0.1499999999999997,0.625,0.6111111111111112,0.5,0.2916666666666667,0.3472222222222222,0.3333333333333333
463,117790.48962537727,-18411.82448841757,94039.75904077778,99378.66513695972,10.467983260100333,11.577210951072333,-7.03642341109111,12.482072226596333,3.9,0.6944444444444444,0.75,0.5555555555555556,0.19444444444444445,0.3472222222222222,0.20833333333333334
464,138761.51502854304,-56362.39609923333,75745.4912740264,82399.11892930971,12.044170328006334,4.582640347163668,-2.8064177782875093,12.030840850017,0.7500000000000003,0.6805555555555556,0.5277777777777778,0.6388888888888888,0.16666666666666666,0.3194444444444444,0.3055555555555556
465,113363.79464127222,-68579.36434098333,24982.95483511111,44784.430300288885,7.348039340096333,5.341342378081666,-3.367660560293965,15.176179605500668,1.65,0.4444444444444444,0.5694444444444444,0.4444444444444444,0.1111111111111111,0.375,0.2777777777777778
466,141716.6236214,-66438.74917552501,47318.52348913889,75277.874445875,8.471045076634997,6.240121065079999,-0.1279881778503849,15.72858445058933,3.0,0.5833333333333334,0.5416666666666666,0.4444444444444444,0.3333333333333333,0.3333333333333333,0.2361111111111111
467,136763.1828840139,-80649.78999685,31510.104806452775,56113.392887163885,4.963319673716666,7.268008397387998,-3.3055130482704973,16.399195674830334,2.1,0.4861111111111111,0.4166666666666667,0.375,0.1527777777777778,0.375,0.2638888888888889
468,105549.38925776389,-54749.114095052784,28532.91781220278,50800.275162711114,6.54670123422,7.4501734848776655,0.785285964183933,14.568445928294,3.9,0.375,0.5694444444444444,0.4444444444444444,0.3055555555555556,0.375,0.20833333333333334
469,127296.60691818611,-27960.842709316665,91575.93331503472,99335.76420886944,8.150555395342,12.273517776275664,-6.80821941191005,16.416961538546,-0.1499999999999997,0.6111111111111112,0.75,0.5277777777777778,0.2361111111111111,0.2638888888888889,0.3333333333333333
47,129566.57870708194,-72826.32620468333,27882.52725153611,56740.2525023986,3.7539375527583334,3.1857907785326667,-6.7350855907472384,11.123521241198002,-6.9,0.375,0.4305555555555556,0.2361111111111111,0.3888888888888889,0.4444444444444444,0.5416666666666666
470,105432.39850975154,-19681.197624223758,78845.08048700834,85751.20088552777,8.474748492989999,10.620820449133664,-5.7105841453828425,8.604488991569335,2.1,0.6388888888888888,0.6944444444444444,0.6388888888888888,0.1527777777777778,0.4166666666666667,0.2638888888888889
471,103474.03500030773,-2070.785389650778,96453.07926899583,101403.24961065695,14.791758438655666,12.788901056050667,-4.731182627541194,14.565224522702001,2.1000000000000005,0.75,0.7361111111111112,0.625,0.19444444444444445,0.2916666666666667,0.2638888888888889
472,120775.05730518891,-71238.0312475625,25604.831277979167,49537.02605762639,4.0020150625349995,7.836919454063665,-5.062713593600909,17.088062038029666,0.75,0.5277777777777778,0.5416666666666666,0.3888888888888889,0.18055555555555555,0.375,0.3055555555555556
473,142801.60207558473,-41549.496099141674,92872.21300858611,101252.10597644307,10.881378591177667,12.217076674975003,-1.9760360242821167,7.947919902820335,1.65,0.6805555555555556,0.7222222222222222,0.5277777777777778,0.25,0.4583333333333333,0.2777777777777778
474,124324.44175466253,-50516.44956291113,57101.06617600695,73807.99219175139,9.966184412778999,8.096721143926665,-3.0269820939327565,11.098385898981668,3.0,0.6805555555555556,0.625,0.5277777777777778,0.2916666666666667,0.5,0.2361111111111111
475,109695.7217508875,-69465.15937132639,10842.894652405557,40230.5623795611,7.925789470447333,7.752929448578665,-4.010723634471466,11.351362159023333,2.1,0.3472222222222222,0.2361111111111111,0.25,0.18055555555555555,0.5,0.2638888888888889
476,145915.95279506527,-82170.82862919862,37839.42659162083,63745.12416586667,5.325067670697666,7.864747671611332,-1.9823127981479012,12.633015447241666,4.35,0.4166666666666667,0.5555555555555556,0.375,0.20833333333333334,0.5,0.19444444444444445
477,101131.55059173571,-6117.633015338489,90461.54811655694,95013.91757639722,13.498221414525332,14.507200348075333,-3.3735856752731674,11.543478114801667,1.2000000000000002,0.7222222222222222,0.7361111111111112,0.7222222222222222,0.08333333333333333,0.3472222222222222,0.2916666666666667
478,126972.44010478335,-79502.92275246528,6613.864716418056,47469.51735231806,6.1834526746256655,8.743933693948332,-2.723083299253921,12.210901169194333,2.55,0.2916666666666667,0.2361111111111111,0.2777777777777778,0.3611111111111111,0.5,0.25
479,119988.15556876219,-24092.49188911637,92201.25147770694,95895.66367964583,13.033329039936,11.903501339732,-5.6532215511678405,15.761322886981667,3.0,0.7083333333333334,0.7638888888888888,0.5694444444444444,0.2222222222222222,0.2777777777777778,0.2361111111111111
48,102696.86670541667,-26445.334281855554,67164.40411412639,76251.53242356112,2.508628863293667,7.679238420339333,-10.434845430577456,6.582433497976002,-3.749999999999999,0.4861111111111111,0.5833333333333334,0.3472222222222222,0.3194444444444444,0.4444444444444444,0.4444444444444444
480,99205.64511965,-46387.672788976386,38143.319110716664,52817.97233067361,5.729311870410667,7.921737223798665,-2.7637722570911767,16.607939674317333,1.2000000000000002,0.4861111111111111,0.5555555555555556,0.5,0.2638888888888889,0.2916666666666667,0.2916666666666667
481,117923.26627670278,-73677.63227057221,6956.38612952361,44245.63400613056,7.882011223975667,8.369740292436665,-1.7011649657443977,12.767639193470334,0.7500000000000006,0.2777777777777778,0.25,0.2361111111111111,0.3333333333333333,0.5416666666666666,0.3055555555555556
482,121172.63729151111,-64578.225634894436,35230.24689866389,56594.41165661667,6.434172505251999,4.318082334587666,-2.794516071381751,11.224857915007334,3.0,0.5416666666666666,0.4722222222222222,0.375,0.375,0.4027777777777778,0.2361111111111111
483,133453.11225165275,-41256.03323221697,87985.77524334026,92197.07901943581,13.576163573820999,9.399163450907,0.09664164220976135,16.816393451272333,1.6500000000000001,0.75,0.6388888888888888,0.6111111111111112,0.18055555555555555,0.2361111111111111,0.2777777777777778
484,131116.09926051943,-37426.52912246389,90208.08130403195,93689.57013805554,10.101543848466665,12.408768930865666,1.4398238718259233,15.956582127160999,1.6499999999999995,0.6527777777777778,0.8055555555555556,0.5972222222222222,0.20833333333333334,0.2638888888888889,0.2777777777777778
485,130579.79705307778,-86379.34770790834,7629.221024979168,44200.44934516944,6.906033714096998,7.230548322197333,-5.213372887906001,8.474952427206667,3.9000000000000004,0.19444444444444445,0.2638888888888889,0.18055555555555555,0.19444444444444445,0.6111111111111112,0.20833333333333334
486,137658.67808644858,-84660.55012321805,5418.909125034723,52998.12796323056,6.186470042251998,7.481186951388332,-0.11403831073132087,11.256635742291332,2.55,0.25,0.2222222222222222,0.2777777777777778,0.4444444444444444,0.5555555555555556,0.25
487,129595.3117657361,-44544.92971993055,75973.67287729583,85050.38204580556,9.797497959731999,9.829789954896,-1.2508056393862594,17.671197344101,1.6500000000000001,0.7222222222222222,0.6666666666666666,0.5416666666666666,0.20833333333333334,0.25,0.2777777777777778
488,132677.20542489438,-43309.5943202888,77561.20336916111,89367.61110460554,9.132874923709,9.729258951076332,-3.326577143101253,17.729005583350997,5.25,0.6527777777777778,0.6388888888888888,0.5833333333333334,0.25,0.2777777777777778,0.16666666666666666
489,143960.86902212084,-85684.50248644584,9042.455335209721,58276.366535675,7.679026422500666,5.3113921488096665,0.9356559442894259,8.752982157207335,3.0,0.2916666666666667,0.375,0.19444444444444445,0.4444444444444444,0.5416666666666666,0.2361111111111111
49,140298.8347710611,-92765.58549584764,10238.976418354167,47533.249275213486,0.3453126067163337,0.13032252815866752,-10.5834931466981,5.599582472413333,-2.8499999999999996,0.5277777777777778,0.4861111111111111,0.375,0.2222222222222222,0.5555555555555556,0.4166666666666667
490,136768.6089101375,-87006.64029353055,13777.370533168056,49761.96861660695,8.141739541726,7.480493800987666,-6.178503276690256,12.804197798191,-0.5999999999999999,0.3888888888888889,0.3194444444444444,0.2638888888888889,0.16666666666666666,0.5138888888888888,0.3472222222222222
491,146942.3243372653,-49159.75968358611,92091.11697553334,97782.56465367916,10.932668451132997,10.683914511221666,-1.5415199200883056,13.525165402997333,3.9000000000000004,0.7361111111111112,0.7083333333333334,0.6666666666666666,0.16666666666666666,0.3194444444444444,0.20833333333333334
492,138230.54061544721,-53129.40406934583,75079.1646884486,85101.13654610138,10.701803084398,6.819399594273333,-2.567494686974957,17.484632062390002,4.35,0.6805555555555556,0.6666666666666666,0.5555555555555556,0.20833333333333334,0.2916666666666667,0.19444444444444445
493,138405.4292744806,-62440.8942062,46596.52056933472,75964.53506828056,3.435676525086666,8.211149931264,-2.4997756343755473,14.253262236797665,0.7499999999999996,0.5138888888888888,0.5972222222222222,0.4027777777777778,0.3333333333333333,0.4027777777777778,0.3055555555555556
494,128453.01407753195,-83285.31729158334,9264.673435438888,45167.69678594862,6.440736690387332,6.972661400380665,-6.804914541741457,14.228008825244668,-0.14999999999999966,0.3055555555555556,0.375,0.25,0.16666666666666666,0.5,0.3333333333333333
495,147007.8199132319,-66994.46743860138,46153.141531494446,80013.35247463055,7.829696094593665,9.543461821536331,-2.5601055942481885,15.537429958064,3.45,0.5416666666666666,0.5972222222222222,0.4166666666666667,0.3333333333333333,0.375,0.2222222222222222
496,125734.19038304307,-58168.39913517083,39422.75140047639,67565.79124787223,6.877512428066999,7.212233657506998,-1.1295545436685541,13.842568477129333,0.7500000000000002,0.5555555555555556,0.5277777777777778,0.4583333333333333,0.375,0.375,0.3055555555555556
497,127600.04983287778,-48951.95202116805,64154.15628495556,78648.09781170973,9.367262765290999,9.168633649879666,-1.0946590024687142,14.362787875569666,1.6500000000000001,0.625,0.6388888888888888,0.5277777777777778,0.18055555555555555,0.4166666666666667,0.2777777777777778
498,144595.20857850695,-40511.07087452916,96579.44869490278,104084.13770397779,7.570974512417667,14.535417847567,1.248068960636281,11.549586430178667,5.699999999999999,0.625,0.8194444444444444,0.625,0.19444444444444445,0.375,0.1527777777777778
499,130864.09544437223,-93021.34402818825,13226.031052543058,37842.75141618397,7.307253801543667,6.880132500609665,-4.926974876824779,12.534287953557332,6.6,0.3888888888888889,0.3333333333333333,0.1527777777777778,0.2361111111111111,0.375,0.125
5,138625.1220523361,-85337.73798899444,11515.426082369444,53287.38406334166,-0.10167362980866707,1.542722909256666,-5.142911221581074,2.0678534655469996,-3.3,0.4861111111111111,0.5,0.2916666666666667,0.4027777777777778,0.5277777777777778,0.4305555555555556
50,110943.37664977083,-53503.23225095138,40645.912948968056,57440.144398819444,3.8428253991963333,5.795620179976666,-5.442574217921218,5.912981350904001,-2.3999999999999995,0.5416666666666666,0.5416666666666666,0.2916666666666667,0.3472222222222222,0.5833333333333334,0.4027777777777778
500,144810.27328846944,-48356.40056632501,88566.41644385416,96453.87272214444,9.598757268981998,8.594807855309666,1.2205135680804884,16.424828862392665,-0.14999999999999986,0.7083333333333334,0.6805555555555556,0.7222222222222222,0.1111111111111111,0.2916666666666667,0.3333333333333333
501,138290.18105749585,-66039.74527723335,46943.35496031806,72250.4357802625,6.2933467340846665,4.119632314566665,0.810665261173598,13.988105370090999,6.15,0.5138888888888888,0.4583333333333333,0.5138888888888888,0.3055555555555556,0.3888888888888889,0.1388888888888889
502,142764.1703258639,-47512.78804191805,90679.6436132,95251.38228394583,12.055430197929999,13.298048827743333,-0.782272640903517,16.529759356264332,2.1,0.75,0.6944444444444444,0.6527777777777778,0.1527777777777778,0.2638888888888889,0.2638888888888889
503,130310.75038819801,-26317.08512857998,98212.90205764167,103993.66525961805,12.872638242573,12.175256447580335,-5.9679806319882704,17.094132929537665,2.5500000000000003,0.75,0.7361111111111112,0.5833333333333334,0.19444444444444445,0.20833333333333334,0.25
504,142965.93884955416,-61311.996709658335,53789.64777442083,81653.94213989584,8.021665746107999,9.202998251009332,-0.5614884082048015,15.389149574656999,4.8,0.5694444444444444,0.6111111111111112,0.4583333333333333,0.3472222222222222,0.4027777777777778,0.18055555555555555
505,132998.11310090974,-78961.58229968332,12532.8509072375,54036.530801226385,6.7964466038463325,9.300626044838666,-2.6433241177294473,13.011694410347332,0.7500000000000002,0.375,0.2777777777777778,0.2361111111111111,0.3194444444444444,0.5,0.3055555555555556
506,127587.30164289329,-29080.14444109887,89186.82913028472,98507.15720179444,7.871445700081,9.318319618531,-2.751326302608058,17.207646513522334,4.3500000000000005,0.6805555555555556,0.6388888888888888,0.7361111111111112,0.125,0.25,0.19444444444444445
507,125697.443194275,-86822.10117513611,8787.058942725,38875.34201913889,8.388918028946332,7.610767878161665,-5.79251104539502,12.641928681783332,2.1,0.2638888888888889,0.3194444444444444,0.2638888888888889,0.1111111111111111,0.4583333333333333,0.2638888888888889
508,138132.20007736946,-84481.87996591389,4754.570623751389,53650.32011145555,6.863394897021331,9.179784089541998,-2.5755943910483325,12.036920051803333,-1.0500000000000003,0.2777777777777778,0.2361111111111111,0.20833333333333334,0.375,0.5138888888888888,0.3611111111111111
509,130756.16044411669,-89720.4934658486,8383.815901316666,41035.666978268055,9.632703602664332,5.501495855134332,-8.357349407461562,13.501132463702334,4.3500000000000005,0.3194444444444444,0.3194444444444444,0.4861111111111111,0.16666666666666666,0.4583333333333333,0.19444444444444445
51,117247.10995317221,-50422.32439207917,53914.221717595836,66824.78556109306,-2.0031252643776662,0.13995174814700118,-6.054705381411013,5.590077000532002,-6.900000000000001,0.4305555555555556,0.4722222222222222,0.375,0.25,0.4722222222222222,0.5416666666666666
510,147468.5435688344,-43286.48401183995,97414.739041,104182.05955699444,12.084233351804665,12.245318510602331,-4.8036634855722085,19.863143506673666,4.800000000000001,0.7083333333333334,0.7638888888888888,0.5833333333333334,0.16666666666666666,0.20833333333333334,0.18055555555555555
511,121143.64927408888,-80291.74186500139,10038.143691879166,40851.9074090875,8.091749418573999,5.417543132452999,-5.158887973862354,13.456679922434667,4.35,0.2638888888888889,0.3333333333333333,0.2361111111111111,0.125,0.4722222222222222,0.19444444444444445
512,139833.08776374863,-68286.4786807889,31819.68328895694,71546.60908295972,5.997343365996331,7.191885817752999,-0.5345115922050843,12.615114924838334,3.9,0.4583333333333333,0.4722222222222222,0.3472222222222222,0.4861111111111111,0.4722222222222222,0.20833333333333334
513,137505.87948645555,-84099.38768622917,12900.69303227639,53406.491800226395,8.211923878245667,5.884386382701998,-7.6562873299634004,14.73887201186,3.9,0.3333333333333333,0.375,0.18055555555555555,0.2777777777777778,0.4861111111111111,0.20833333333333334
514,118315.17817869307,-53275.36073090695,48854.32710350972,65039.81744778612,9.148617213884666,8.682519712664668,-1.7367701745488786,15.695411431491335,1.65,0.5972222222222222,0.5138888888888888,0.4027777777777778,0.20833333333333334,0.3472222222222222,0.2777777777777778
515,113526.17241933194,-68252.09425423612,21345.204513168053,45274.07816509583,5.358710547316999,7.138143057390998,-3.834997596093424,12.09436278032,4.35,0.5138888888888888,0.4722222222222222,0.375,0.19444444444444445,0.4305555555555556,0.19444444444444445
516,122667.59283902775,-61830.48766428888,40768.09841598194,60837.105174738885,7.358314965858332,6.593333665009332,-1.3519595585309083,12.411525549060332,5.25,0.5833333333333334,0.6388888888888888,0.4305555555555556,0.3333333333333333,0.4444444444444444,0.16666666666666666
517,128228.32373169862,-76103.47446171805,31544.89754417083,52124.84926998055,6.2838504256766665,6.7157918883619985,-3.867242849992783,16.643384923879,4.35,0.5555555555555556,0.5,0.3472222222222222,0.1527777777777778,0.3611111111111111,0.19444444444444445
518,145262.44882306946,-59296.317840930555,65418.58464812223,85966.13098213889,10.248692620197332,7.651734427447666,-1.5747397247278967,14.349614343771332,4.800000000000001,0.6666666666666666,0.6111111111111112,0.5694444444444444,0.25,0.3055555555555556,0.18055555555555555
519,104564.8157043429,-1114.3981476887284,96975.21375715417,103450.41755665417,12.819703407392,14.970820005276334,-4.846479930534172,15.837132167874998,5.7,0.75,0.7638888888888888,0.625,0.19444444444444445,0.2638888888888889,0.1527777777777778
52,111954.93351508473,-60631.071618824135,35123.55462826389,51323.861896260576,4.211345544436666,2.8261500256480003,-4.396911913470712,9.558985182605333,-6.0,0.5833333333333334,0.4444444444444444,0.3888888888888889,0.3194444444444444,0.4444444444444444,0.5138888888888888
520,122076.78220493227,-25086.45898836004,94095.61574607638,96990.32321657223,8.126242805330666,16.015178925611,-4.543796842020127,16.329468186425334,3.8999999999999995,0.6944444444444444,0.8055555555555556,0.6944444444444444,0.16666666666666666,0.25,0.20833333333333334
521,141208.1320740736,-55908.227058969445,61923.22024823195,85299.90501510416,9.932828754795999,5.666557654647,-3.844577177132705,14.511952846046,3.45,0.625,0.6111111111111112,0.4583333333333333,0.3611111111111111,0.4305555555555556,0.2222222222222222
522,121295.87212592084,-71507.95370702777,10626.901849227777,49787.91841889305,7.170974123313333,6.241594413434333,-3.8516437111588973,9.586355098574,1.6500000000000004,0.2638888888888889,0.3472222222222222,0.16666666666666666,0.3611111111111111,0.5138888888888888,0.2777777777777778
523,140993.8634997736,-88567.31749498195,21220.830920090277,52426.54600479167,8.767648663085998,7.483606361714,-3.4114661067289527,16.612984637811664,3.9000000000000004,0.4444444444444444,0.4722222222222222,0.3055555555555556,0.1527777777777778,0.4444444444444444,0.20833333333333334
524,144084.91599210558,-101527.9700552264,13021.861123538889,42556.94593687917,7.476745545814333,8.488640070591,-3.6048151659354337,15.668042802248333,4.35,0.3194444444444444,0.3472222222222222,0.3194444444444444,0.05555555555555555,0.375,0.19444444444444445
525,145333.86014519027,-44588.64246363611,93004.20051322639,100745.21768155418,11.199244648337666,15.200067094251331,-1.0318686116143738,16.928245607872665,2.1,0.7083333333333334,0.8055555555555556,0.6666666666666666,0.16666666666666666,0.20833333333333334,0.2638888888888889
526,119872.66910260973,-81748.47835049027,8430.873053008334,38124.190752119444,6.365919698459331,8.471320822899,-5.8840835290576035,13.248979779081331,2.1000000000000005,0.2777777777777778,0.2638888888888889,0.16666666666666666,0.18055555555555555,0.4722222222222222,0.2638888888888889
527,119310.30864482776,-73811.84476122778,21198.492199415276,45498.463883599994,6.920239147618666,6.300848318586333,-3.5009986482042317,15.428461390573,3.45,0.5,0.3611111111111111,0.3888888888888889,0.1388888888888889,0.3611111111111111,0.2222222222222222
528,126125.22858916668,-78130.36740313472,9781.661526997223,47994.86118603194,7.030028846303999,7.356881830571998,-0.4148905284971779,9.771327355482667,3.45,0.2916666666666667,0.3194444444444444,0.3055555555555556,0.4027777777777778,0.4722222222222222,0.2222222222222222
529,137526.5499961889,-53376.39538276111,82364.79521433194,84150.15461342777,13.314673887687333,10.157392641608666,-0.33875770191227006,17.321262387647334,1.1999999999999997,0.75,0.6944444444444444,0.6388888888888888,0.09722222222222222,0.2361111111111111,0.2916666666666667
53,110789.39863696945,-37127.352829959724,64569.270396348606,73662.04580700972,-1.0120572910249983,4.831573676339334,-8.711822224384411,2.069934816883335,-4.6499999999999995,0.4583333333333333,0.5694444444444444,0.4027777777777778,0.25,0.5416666666666666,0.4722222222222222
530,143020.26629461462,-41981.053612574346,96034.23049868055,101039.21268204028,13.091045470294665,11.745066105938,-3.1487249078148727,17.705514983726,3.9,0.7361111111111112,0.7222222222222222,0.625,0.16666666666666666,0.25,0.20833333333333334
531,139395.48724701387,-101459.15183225833,6765.692383995834,37936.33541475556,9.453827506762998,6.1177294028396645,-7.105948007143297,14.876435661260665,3.9,0.18055555555555555,0.2777777777777778,0.1111111111111111,0.18055555555555555,0.4027777777777778,0.20833333333333334
532,136073.85156754445,-60018.620962662506,62126.34194160972,76055.23060488194,9.436805974497666,8.018730968894666,0.9620473165749419,14.800207493474666,3.45,0.5972222222222222,0.5694444444444444,0.5,0.2222222222222222,0.3055555555555556,0.2222222222222222
533,142154.7491506764,-83517.18277532638,7755.537432445834,58637.56637535,8.652517021751333,7.7216949248479985,-2.2888224893232425,7.006007218511334,3.9000000000000004,0.2222222222222222,0.2916666666666667,0.16666666666666666,0.4444444444444444,0.625,0.20833333333333334
534,145942.38453203195,-68838.34364304306,49696.72075018611,77104.0408889889,9.994372099440666,7.841386394724665,-0.429617220512494,17.367089045039666,4.35,0.5972222222222222,0.5277777777777778,0.4583333333333333,0.3472222222222222,0.3333333333333333,0.19444444444444445
535,105527.38749508889,-48382.415877568055,50433.87962934167,57144.97161752084,8.787195681863333,8.764442197582664,2.191974232956154,19.805732164823,3.9000000000000004,0.6111111111111112,0.6388888888888888,0.5694444444444444,0.125,0.20833333333333334,0.20833333333333334
536,139347.17376328888,-68236.7988959139,47592.225414625,71110.374867375,9.025851436866,7.645311424446332,-2.0619054412452114,15.158867421717668,2.5500000000000003,0.5833333333333334,0.4722222222222222,0.5138888888888888,0.25,0.3611111111111111,0.25
537,129753.20036704306,-72993.65322792917,22532.150319290275,56759.547139113885,8.048275650975999,6.853137899299332,-1.5189542209421834,13.088921699868003,5.7,0.3611111111111111,0.5138888888888888,0.3055555555555556,0.25,0.4861111111111111,0.1527777777777778
538,139241.67617717778,-51436.926869187504,76303.4780086875,87804.74930799026,10.847386998985,8.797792114016332,-1.0753248290725583,20.159951643407997,2.5500000000000003,0.625,0.6388888888888888,0.5416666666666666,0.1388888888888889,0.25,0.25
539,143390.80828181806,-82962.4409398625,36257.049736268054,60428.367341955556,7.786011900892332,8.048637695686,-3.1432265133939863,15.497942103039334,1.2000000000000004,0.5,0.4583333333333333,0.3888888888888889,0.16666666666666666,0.3055555555555556,0.2916666666666667
54,127850.61048594443,-64688.921561437506,34300.17544597778,63161.688924506954,3.4437827861553334,3.6092196024173333,-6.8766457973655255,6.340873271559001,-8.25,0.5,0.4861111111111111,0.375,0.3333333333333333,0.5555555555555556,0.5833333333333334
540,139348.0371063889,-75704.11016838472,25133.009648719446,63643.92693800417,8.205295693092665,8.033524193900664,-0.9167320052153999,11.234039722902999,3.0,0.4583333333333333,0.4583333333333333,0.3055555555555556,0.3333333333333333,0.4722222222222222,0.2361111111111111
541,144189.74161590674,-46533.724503705365,89421.95300674862,97656.01711220139,10.352513764130332,11.356421156776333,-1.7043048212167398,19.769432861794666,4.3500000000000005,0.6666666666666666,0.6666666666666666,0.6527777777777778,0.1527777777777778,0.16666666666666666,0.19444444444444445
542,134187.7411634986,-89997.89860065139,12343.113846268057,44189.84256284722,6.968454544786999,6.9604720623939995,-3.925045058269758,15.029352318696333,-0.5999999999999999,0.3611111111111111,0.2916666666666667,0.16666666666666666,0.16666666666666666,0.4166666666666667,0.3472222222222222
543,132500.61921845557,-82058.22938148334,22637.910630056944,50442.38983697222,7.516157930425999,6.923070496275666,0.9944228397857569,15.943725404999999,3.45,0.4305555555555556,0.4027777777777778,0.2361111111111111,0.20833333333333334,0.375,0.2222222222222222
544,119525.27234937085,-45546.20730759862,60382.109916231944,73979.06504177222,10.275597736639666,10.825345384584667,-2.956296031475054,14.072868744267668,3.9,0.6666666666666666,0.6388888888888888,0.4583333333333333,0.3055555555555556,0.3611111111111111,0.20833333333333334
545,142193.23351219724,-95976.8686311125,9862.15406894861,46216.36488108473,8.144599342755999,7.753414108159999,-4.997106082811611,12.837303811836666,-0.5999999999999995,0.2361111111111111,0.2916666666666667,0.25,0.1527777777777778,0.4305555555555556,0.3472222222222222
546,132099.13517640904,-17358.063731102087,109750.76621901112,114741.07144530695,15.033142392742667,14.333199616248667,-5.836808905338658,19.998566641054666,3.9000000000000004,0.8055555555555556,0.7916666666666666,0.6527777777777778,0.16666666666666666,0.18055555555555555,0.20833333333333334
547,127729.12519988611,-45784.24587936666,70005.46811628611,81944.87932051945,9.812620958197332,7.7827118945219995,-2.692943272170644,16.673819658947,2.5500000000000003,0.625,0.6388888888888888,0.6111111111111112,0.2361111111111111,0.2916666666666667,0.25
548,128260.32429354581,-79669.91020749167,22523.959663009722,48590.41408605417,7.898212754022333,7.633950612896332,-5.102446371406575,13.480939825884667,3.45,0.4861111111111111,0.4444444444444444,0.3333333333333333,0.19444444444444445,0.4027777777777778,0.2222222222222222
549,143080.61901631526,-75620.9486789,47752.35319559028,67459.67033741527,9.000957448219665,7.805020262132333,-2.585192243242791,13.169995152181336,3.45,0.5694444444444444,0.5416666666666666,0.4444444444444444,0.19444444444444445,0.4166666666666667,0.2222222222222222
55,109422.1555886375,-38451.17942732361,53583.52053241111,70970.97616131388,1.7920947798799998,1.0427153308270007,-5.015554391850509,-0.8983128627719981,-3.75,0.4583333333333333,0.4027777777777778,0.4027777777777778,0.2777777777777778,0.5555555555555556,0.4444444444444444
550,145242.70858696947,-47910.43915245,86416.45263723056,97332.26943451945,12.483003967909,9.702385169031666,-1.053896678405108,17.247393517162667,1.6500000000000004,0.75,0.6388888888888888,0.5555555555555556,0.20833333333333334,0.25,0.2777777777777778
551,121251.95207061252,-56336.02113298611,49704.70150245834,64915.930937626385,8.820387475808666,7.921682141929665,-0.7537688689427651,17.24855067196433,3.45,0.6527777777777778,0.5694444444444444,0.4305555555555556,0.2361111111111111,0.3194444444444444,0.2222222222222222
552,143489.6106266653,-91188.33246857223,5323.671559799999,52301.27815809305,9.388765524479664,8.874856750934999,-4.636678152892477,10.625860712495665,2.5500000000000003,0.19444444444444445,0.18055555555555555,0.20833333333333334,0.2916666666666667,0.5138888888888888,0.25
553,141290.1311794111,-56011.44074772083,71676.60524321946,85278.69043169027,13.302152032591666,11.552024060328332,-1.4987599233067102,15.349279102202669,4.35,0.6666666666666666,0.6944444444444444,0.5138888888888888,0.20833333333333334,0.3611111111111111,0.19444444444444445
554,121844.18763240277,-51799.179880180556,55992.05928678889,70045.00775222221,9.866926017356331,9.764889956669,-2.2667269055590875,14.976885574407667,3.0,0.6805555555555556,0.6527777777777778,0.5833333333333334,0.20833333333333334,0.3333333333333333,0.2361111111111111
555,126095.56766817902,-29765.733070699865,87055.78551518056,96329.83459747916,11.816056785704,9.738599166895,-4.376944090582034,15.590797074032334,1.6499999999999997,0.6805555555555556,0.6805555555555556,0.6666666666666666,0.18055555555555555,0.2916666666666667,0.2777777777777778
556,141441.09285952777,-93401.358155325,4469.572975480556,48039.734704202776,6.768510159052333,10.763168080886333,-5.9917709231285095,13.668640116912332,4.8,0.3194444444444444,0.18055555555555555,0.2222222222222222,0.1527777777777778,0.5416666666666666,0.18055555555555555
557,121684.22635540279,-55236.186776316674,56095.361575233335,66448.03957908611,9.536911428257334,8.271882333029332,0.063030564289703,19.003165860763666,6.15,0.7222222222222222,0.6527777777777778,0.5833333333333334,0.125,0.25,0.1388888888888889
558,151434.08690924026,-54344.05388976251,91907.79635420279,97090.03301947779,12.032296050910332,12.538846887321,1.92449536583894,16.537543857917665,4.35,0.7222222222222222,0.7777777777777778,0.6666666666666666,0.1527777777777778,0.2361111111111111,0.19444444444444445
559,133544.45186852917,-64651.50897548612,40738.217589493055,68892.94289304306,9.056621330713,7.700411140503332,-2.803510385996986,14.824520051959999,2.55,0.5555555555555556,0.5694444444444444,0.4305555555555556,0.3472222222222222,0.3888888888888889,0.25
56,124844.12386326668,-84845.1407740778,14571.366948670833,39998.98308918889,2.8360253575589995,-0.15416087533966616,-10.270895453288563,5.979253172131001,-3.3,0.4444444444444444,0.5555555555555556,0.3333333333333333,0.25,0.4444444444444444,0.4305555555555556
560,145846.92971979166,-86639.08854175972,30830.93041446528,59207.84117803195,6.114486548667331,6.653676002833332,-3.4425323793625475,13.152727468781334,1.65,0.4722222222222222,0.4444444444444444,0.4722222222222222,0.09722222222222222,0.4305555555555556,0.2777777777777778
561,116209.7392656514,-78083.36559605,8651.549134631943,38126.37366960139,5.619459248825332,7.224270627611332,-4.964662660115275,12.780986632095999,3.8999999999999995,0.3333333333333333,0.25,0.2638888888888889,0.16666666666666666,0.5,0.20833333333333334
562,138949.90650947916,-36548.23385306666,99558.83202165,102401.6726564125,13.852424415048333,12.407151855018334,-1.8107749818465628,21.89328938477533,4.35,0.75,0.7222222222222222,0.6527777777777778,0.09722222222222222,0.1527777777777778,0.19444444444444445
563,143185.5301962625,-85622.56469693611,27234.66276625278,57562.96549932638,7.481838952120331,8.749006056224331,-3.387946715335427,15.937499857128334,4.35,0.4305555555555556,0.4305555555555556,0.4027777777777778,0.08333333333333333,0.4583333333333333,0.19444444444444445
564,143300.94091148613,-99970.95989907361,13340.587078740276,43329.98101241249,6.927996612449333,6.359983428878332,-6.106444656964933,11.917184969871002,3.45,0.3333333333333333,0.2916666666666667,0.2777777777777778,0.19444444444444445,0.4305555555555556,0.2222222222222222
565,124110.96055626667,-52220.04247243611,54246.79319728056,71890.91808383056,10.661637846485664,9.395874380081331,0.14813383525329726,14.611134802505001,0.75,0.625,0.6388888888888888,0.4722222222222222,0.2361111111111111,0.3888888888888889,0.3055555555555556
566,150786.97656569368,-48280.880607575644,98186.79986043749,102506.09595811804,12.821256722316999,13.264113693025,-3.425867187539242,15.164469069852,4.35,0.7083333333333334,0.7361111111111112,0.5972222222222222,0.125,0.2638888888888889,0.19444444444444445
567,129666.16853576113,-83648.28732823193,12893.447746897222,46017.881207529164,8.915774704954666,8.246076598191667,-5.628725552762594,14.809987326957,3.9000000000000004,0.2916666666666667,0.3333333333333333,0.2638888888888889,0.16666666666666666,0.4166666666666667,0.20833333333333334
568,125112.68512432084,-79821.54458353196,22296.716126877775,45291.14054078889,7.280156867691666,6.938173331527333,-3.8434129467929328,14.324752032858667,4.35,0.4444444444444444,0.4444444444444444,0.3194444444444444,0.125,0.4027777777777778,0.19444444444444445
569,135285.57692609582,-82639.32206133055,7320.2342899069445,52646.25486476528,5.115437266174665,8.269127153178331,-3.793054547745117,10.138265666473334,6.1499999999999995,0.2916666666666667,0.19444444444444445,0.20833333333333334,0.4027777777777778,0.5277777777777778,0.1388888888888889
57,100793.6547617861,-30985.662775817967,60420.03026890416,69807.99198596814,2.3831383565146673,3.5887590999246672,-8.088362345388626,9.064128000095334,-3.3,0.4444444444444444,0.4722222222222222,0.3055555555555556,0.3611111111111111,0.4027777777777778,0.4305555555555556
570,133580.38594439306,-81057.78266925835,5331.930190270833,52522.60327513472,9.801063197620334,10.288887341548998,-1.3680368507016532,10.531623782703331,4.8,0.2222222222222222,0.2222222222222222,0.16666666666666666,0.3888888888888889,0.5972222222222222,0.18055555555555555
571,123214.53556297052,-14306.78097713579,102406.2676011611,108907.75458583471,14.388055886042332,11.197645631130666,-5.454362032000551,16.727756222859334,4.35,0.8055555555555556,0.7222222222222222,0.6388888888888888,0.25,0.2638888888888889,0.19444444444444445
572,144382.0393152125,-37561.15209604583,99508.33472218056,106820.88721916667,13.314560850479,14.609243756239998,-2.889029343983176,22.016641758142,6.6000000000000005,0.7222222222222222,0.7777777777777778,0.625,0.19444444444444445,0.1527777777777778,0.125
573,122403.49572269927,-20842.030690933992,99098.17415836945,101561.46503176527,9.614866732454,13.358707208875666,-5.23456618156311,17.65045071762433,3.45,0.7361111111111112,0.7638888888888888,0.6527777777777778,0.2222222222222222,0.25,0.2222222222222222
574,146795.23591113195,-70177.21225909443,57154.845260425,76618.0236520375,8.401506321246664,10.229576321352665,-0.20569829917523758,19.546037009806334,4.800000000000001,0.5972222222222222,0.6527777777777778,0.5972222222222222,0.18055555555555555,0.2777777777777778,0.18055555555555555
575,145021.848655525,-72041.76447934029,42052.904785627776,72980.08417618471,7.764630202488332,8.971581487678998,0.9804790625074952,14.724515670243665,1.6499999999999997,0.5833333333333334,0.5694444444444444,0.4444444444444444,0.3472222222222222,0.375,0.2777777777777778
576,147689.71558930416,-61206.48165072917,79222.9717714111,86483.233938575,10.432025660235333,10.152727739156,3.8865202646676105,20.632753666409666,2.5500000000000003,0.6944444444444444,0.7083333333333334,0.6388888888888888,0.1388888888888889,0.2222222222222222,0.25
577,116976.09220377362,-59696.99366835139,26912.165475347225,57279.09853542222,8.003849778724666,8.618584663483333,-4.223677316854967,15.917893963455668,1.65,0.4722222222222222,0.4444444444444444,0.3194444444444444,0.2638888888888889,0.4166666666666667,0.2777777777777778
578,136997.50813770416,-47086.37356120139,83363.32263793194,89911.13457650278,9.209111304593666,13.101164922930664,-0.2574638182386633,21.081861596475,6.6,0.75,0.8055555555555556,0.6111111111111112,0.19444444444444445,0.18055555555555555,0.125
579,144273.71873324586,-97333.86348000093,6199.205754836111,46939.85525324491,8.319909069068665,8.161010619893666,-7.194013675726682,12.555417901792332,3.4499999999999993,0.20833333333333334,0.2222222222222222,0.16666666666666666,0.1388888888888889,0.5555555555555556,0.2222222222222222
58,123225.21332489722,-48619.16773892083,57336.04490095277,74606.04558597639,2.361741535141001,5.318104421208667,-7.427764304302162,2.8361043901290013,-5.550000000000001,0.5,0.5694444444444444,0.2916666666666667,0.2916666666666667,0.5833333333333334,0.5
580,147803.97550211806,-66933.87353534305,51934.74106866112,80870.101966775,8.161537689805332,9.790250808391333,0.8953599364788102,15.474840254553666,3.0,0.625,0.5972222222222222,0.4861111111111111,0.2916666666666667,0.3472222222222222,0.2361111111111111
581,135283.58098909445,-92113.97312279999,11142.659884211113,43169.60786629444,6.150775373395998,5.426865321528664,-6.036952501304337,15.059660630101998,5.25,0.2916666666666667,0.3472222222222222,0.2361111111111111,0.1388888888888889,0.5138888888888888,0.16666666666666666
582,145015.91998028057,-82382.87023073195,30734.3940977125,62633.04974954861,6.708773945477331,8.387399426353,-3.392655985549246,15.370354660774666,4.35,0.4861111111111111,0.4444444444444444,0.3055555555555556,0.2222222222222222,0.4444444444444444,0.19444444444444445
583,109621.117692675,-44627.45318052639,52637.85172948472,64993.66451214861,10.800849801717334,11.738679352011665,-0.5351736922106624,14.624728815169668,6.6,0.7083333333333334,0.6527777777777778,0.5694444444444444,0.2638888888888889,0.3472222222222222,0.125
584,133325.32926165278,-79018.40249699722,21866.962503797222,54306.926764655545,8.659273312502664,9.002895449028998,-3.837201298442318,17.193535931888665,0.75,0.3333333333333333,0.4861111111111111,0.3055555555555556,0.1527777777777778,0.4027777777777778,0.3055555555555556
585,130777.97454364767,-32911.27431505461,85451.88683906946,97866.70022859305,11.760247231791332,11.281290608618999,-1.5216973353988132,14.550110472178666,3.9000000000000004,0.6388888888888888,0.6805555555555556,0.5416666666666666,0.3055555555555556,0.3194444444444444,0.20833333333333334
586,130164.24962539722,-78007.08644291529,28515.425498998608,52157.16318248195,6.124044800726999,7.836969748647999,-2.6636373197454026,16.478989724014333,3.8999999999999995,0.4305555555555556,0.5,0.375,0.18055555555555555,0.3611111111111111,0.20833333333333334
587,114640.40258383888,-65983.75244865556,23011.342854652776,48656.65013518333,7.5056824909433315,7.869749231345331,-2.8087863949706313,12.625230288386668,1.1999999999999995,0.4583333333333333,0.375,0.3611111111111111,0.18055555555555555,0.4444444444444444,0.2916666666666667
588,153858.86463834863,-46654.19620219584,102491.52937773749,107204.66843615279,14.957097762529663,11.238131123795666,-1.6743312631770102,14.957192225728999,4.8,0.8194444444444444,0.75,0.7222222222222222,0.1527777777777778,0.2777777777777778,0.18055555555555555
589,140166.26116743332,-36014.212086488886,102305.91505671112,104152.04908094445,15.236505697182999,16.499967288539665,-0.3280931120283679,17.305746968579335,3.9,0.8194444444444444,0.8611111111111112,0.6805555555555556,0.1111111111111111,0.20833333333333334,0.20833333333333334
59,131769.95018896108,-64043.92047443056,49702.66576255972,67726.02971453055,2.9158919722573335,2.0252448658593334,-9.280736668228219,9.214170109755337,-5.55,0.5138888888888888,0.5555555555555556,0.3333333333333333,0.2916666666666667,0.4583333333333333,0.5
590,127694.53023857779,-86482.57931312227,8836.087501308335,41211.950925455494,9.783210552008665,10.852581762729333,-5.170653708394774,16.746539175285335,5.25,0.3055555555555556,0.20833333333333334,0.18055555555555555,0.20833333333333334,0.4166666666666667,0.16666666666666666
591,134766.08164491807,-64797.94782006667,35388.00289629861,69968.1338248514,9.155592780486,7.3587411692149995,-0.016689705720639048,16.540909818584332,3.9000000000000004,0.6111111111111112,0.5,0.4166666666666667,0.3888888888888889,0.4444444444444444,0.20833333333333334
592,136970.08836396664,-51147.73045415278,73855.77180907916,85822.35790981389,9.417702111589334,11.34231480875,2.3532921531175184,19.095775202903667,1.2,0.6527777777777778,0.75,0.5972222222222222,0.2777777777777778,0.2638888888888889,0.2916666666666667
593,140559.93655749166,-55743.0355345,78038.09341672917,84816.90102299167,11.560524178121666,7.339707501353999,1.8541462818053231,18.200439967552,4.3500000000000005,0.6527777777777778,0.625,0.6527777777777778,0.19444444444444445,0.25,0.19444444444444445
594,128807.6066687597,-85645.57648895695,9746.986751751389,43162.03017980278,8.679482858964333,4.101684929966666,-2.9232914423609024,13.101857200551665,3.4500000000000006,0.2916666666666667,0.3472222222222222,0.1111111111111111,0.18055555555555555,0.5416666666666666,0.2222222222222222
595,132826.057533975,-61184.32654960971,44066.09738415139,71641.73098436528,7.977196656285666,9.273703127200665,-0.14097702778381271,16.793104996664333,4.35,0.5416666666666666,0.5694444444444444,0.4444444444444444,0.3333333333333333,0.3472222222222222,0.19444444444444445
596,135833.1960034361,-81263.35762179167,26623.36181014861,54569.83838164445,8.979855511184333,8.031544936242666,-3.2662425537466095,15.885687121475332,6.15,0.4861111111111111,0.4722222222222222,0.5,0.1527777777777778,0.4027777777777778,0.1388888888888889
597,145412.49653732916,-77052.93797775556,39761.523951188894,68359.5585595736,7.756050063082665,8.135983862636664,-0.973353195156172,16.103717338303,4.35,0.5555555555555556,0.4722222222222222,0.3611111111111111,0.16666666666666666,0.4027777777777778,0.19444444444444445
598,142887.50507262402,-56807.59339167121,68547.03049638055,86079.91168095278,11.741294347146667,8.451305183169666,-3.1137998171794807,17.196527008986,4.800000000000001,0.7361111111111112,0.6388888888888888,0.5555555555555556,0.2638888888888889,0.2222222222222222,0.18055555555555555
599,144359.6083913639,-73504.41571389722,46035.45864106389,70855.19267746666,5.905598447668666,7.284547543570666,1.013826172250032,14.551803341757669,4.8,0.4305555555555556,0.5138888888888888,0.5,0.2222222222222222,0.3888888888888889,0.18055555555555555
6,131509.08110038334,-79070.25518934583,27556.917164520837,52438.82591103749,5.826192561060668,3.2985870648040008,-6.411826253995363,6.1218699135613335,-4.65,0.5416666666666666,0.5,0.4166666666666667,0.19444444444444445,0.5,0.4722222222222222
60,97186.84985107362,-28636.221079938885,59456.903699090275,68550.62877113472,4.303357633429334,7.2507092554913335,-9.249786118512146,5.386807414531002,-3.75,0.5,0.625,0.3333333333333333,0.2638888888888889,0.5138888888888888,0.4444444444444444
600,144350.0164005264,-88424.54112627362,38222.742429702776,55925.475274252785,8.519963268980334,6.594921595201332,1.6576379032824289,17.685719505416,4.35,0.5138888888888888,0.4305555555555556,0.5277777777777778,0.09722222222222222,0.3055555555555556,0.19444444444444445
601,127780.66970702779,-52587.43829320278,58440.34264291111,75193.23141382501,8.946272059076,12.625457928314999,0.8592874958208433,17.61085309265833,6.6,0.5416666666666666,0.6805555555555556,0.4722222222222222,0.19444444444444445,0.2916666666666667,0.125
602,143760.88172085694,-57722.765399472235,79781.79242423752,86038.11632138473,8.491763329611665,11.188269271901666,-0.008574558184821335,21.425550418752,2.1000000000000005,0.6666666666666666,0.6944444444444444,0.7361111111111112,0.125,0.18055555555555555,0.2638888888888889
603,150095.5613769875,-61649.919061891655,75805.42934535415,88445.64231509583,10.049352200945332,11.456288983194332,1.550402550395119,18.177370706984,4.35,0.6666666666666666,0.6388888888888888,0.6527777777777778,0.18055555555555555,0.2916666666666667,0.19444444444444445
604,144955.91613429863,-47138.37482456111,83171.62551972222,97817.54130973751,11.630729133397667,13.348593555809998,1.5023944512380658,18.34916553933333,4.8,0.6666666666666666,0.6527777777777778,0.5277777777777778,0.2638888888888889,0.3055555555555556,0.18055555555555555
605,133550.3436510889,-68995.83616006667,34045.06437597083,64554.50749102222,8.384477850019664,6.517039796041999,-0.20295321093409036,12.965143666901334,3.45,0.5833333333333334,0.4861111111111111,0.4444444444444444,0.375,0.4583333333333333,0.2222222222222222
606,134387.56283236668,-78378.68817900972,5660.742044252777,56008.874653356936,10.992270913734998,9.440441033036333,-0.370695827621047,13.423027395967331,5.699999999999999,0.2361111111111111,0.19444444444444445,0.08333333333333333,0.3888888888888889,0.5833333333333334,0.1527777777777778
607,141547.85590443193,-45349.36865016389,91501.98938286527,96198.48725426807,12.481400048950333,12.343150025790333,2.1440921774584956,17.027582482259,3.4499999999999997,0.8055555555555556,0.7083333333333334,0.75,0.09722222222222222,0.2638888888888889,0.2222222222222222
608,112228.87598876463,-40041.45845027713,56518.361072587504,72187.41753848751,10.903562966640665,8.883022724119664,-1.942397376365707,15.959470168114,7.5,0.7361111111111112,0.5833333333333334,0.5555555555555556,0.2638888888888889,0.3333333333333333,0.09722222222222222
609,139875.04124228057,-56479.19873024166,73376.49274291388,83395.8425120389,9.090510694822,12.153462471133334,2.4938293975432044,17.449751673035003,1.65,0.6111111111111112,0.6805555555555556,0.5833333333333334,0.1388888888888889,0.3055555555555556,0.2777777777777778
61,136800.46641668474,-78212.664344725,11817.075842469443,58587.802071959726,-0.21265814698566698,1.4116166187543335,-3.6442584140354057,5.618927298207,-3.3,0.5555555555555556,0.5,0.3194444444444444,0.4027777777777778,0.5972222222222222,0.4305555555555556
610,139773.54763633333,-95322.85297672407,10452.845473425,44450.69465960926,7.5110305986863315,8.408611605072664,-3.644890554255313,14.58266672331,2.5500000000000003,0.3194444444444444,0.2777777777777778,0.1388888888888889,0.1388888888888889,0.4722222222222222,0.25
611,135447.98419930416,-83602.79658829028,27029.462474834723,51845.18761101389,9.863456285607331,7.039170103540332,-3.2392228294661956,17.418297424269333,2.55,0.4722222222222222,0.4444444444444444,0.3611111111111111,0.1388888888888889,0.3611111111111111,0.25
612,127377.00383106252,-72986.95981275833,27756.08753233333,54390.044018304165,8.565538061808999,8.418942078481999,-0.6004319065474102,16.29824641335533,2.55,0.5416666666666666,0.4444444444444444,0.4305555555555556,0.2777777777777778,0.3611111111111111,0.25
613,115570.52938508193,-76246.85938431666,13048.225091355554,39323.670000765276,6.851415284023999,8.146472102197999,-1.7208654454188552,14.484549955658998,5.25,0.4583333333333333,0.3333333333333333,0.2916666666666667,0.1111111111111111,0.3888888888888889,0.16666666666666666
614,143310.94834797084,-71715.12836304167,46394.57087794305,71595.81998492916,7.8002009466586655,8.429719754620997,-1.4566047677264802,14.188179872888668,3.9,0.5694444444444444,0.5555555555555556,0.5,0.18055555555555555,0.375,0.20833333333333334
615,123461.12528207639,-71065.74908216388,24122.706998493057,52395.3761999125,7.841305148428333,8.218807021014,2.5097649901531387,17.151860456661332,4.35,0.5277777777777778,0.4166666666666667,0.3611111111111111,0.2777777777777778,0.4166666666666667,0.19444444444444445
616,143221.04517222778,-76193.70697929723,32020.349875236112,67027.33819293055,9.848189932268998,7.135479091800999,-1.3514779856246883,16.124607609294664,6.6,0.4861111111111111,0.4027777777777778,0.4305555555555556,0.20833333333333334,0.4027777777777778,0.125
617,143939.84515585832,-65322.34110781943,54021.91362303472,78617.5040480389,10.249096650714998,7.96966735133,0.9646188641512684,16.39905198138967,2.1,0.5972222222222222,0.5555555555555556,0.5972222222222222,0.2638888888888889,0.3472222222222222,0.2638888888888889
618,133447.7908642167,-60995.12174447222,51291.65104902777,72452.66911974445,9.731609351723332,8.818479773449667,0.8981888707061028,13.807333013976999,4.8,0.6111111111111112,0.5277777777777778,0.5277777777777778,0.2777777777777778,0.4444444444444444,0.18055555555555555
619,106904.2863525764,-52888.851223815276,30822.811482672216,54015.43512876111,9.298963325611332,7.840291164936998,0.4571170491396944,16.616009805069666,2.5500000000000003,0.5833333333333334,0.5555555555555556,0.3888888888888889,0.3888888888888889,0.3194444444444444,0.25
62,142108.54016188474,-88812.22004523056,19080.573649926388,53296.32011665417,3.4752701452543335,5.311881800646333,-8.450524868992138,4.758718000902001,-4.199999999999999,0.375,0.4722222222222222,0.3611111111111111,0.2638888888888889,0.4583333333333333,0.4583333333333333
620,122065.86387740694,-78976.36743247778,15047.558983349998,43089.49644492917,6.950400852618667,8.587204020656,-4.7470557241441185,17.409793132038665,3.9,0.4583333333333333,0.3055555555555556,0.3472222222222222,0.1527777777777778,0.3611111111111111,0.20833333333333334
621,143014.73099674153,-48009.81656222485,90210.24383998194,95004.91443451667,12.707896522374,14.208222128784666,0.4953244626740465,20.52165899903933,4.35,0.7638888888888888,0.75,0.7638888888888888,0.125,0.18055555555555555,0.19444444444444445
622,141693.83202962778,-101145.8867108611,4921.977745473611,40547.945318766666,8.011225632415332,8.334073383150333,-7.539841100688287,14.116102965141,6.15,0.2638888888888889,0.20833333333333334,0.18055555555555555,0.1388888888888889,0.5138888888888888,0.1388888888888889
623,147563.18344998054,-50188.55924882361,92088.05453885971,97374.62420115696,12.179903161066333,13.722064091826333,0.3063663501781595,20.572291986607663,1.6500000000000004,0.75,0.8055555555555556,0.6944444444444444,0.16666666666666666,0.20833333333333334,0.2777777777777778
624,143510.83080191445,-32666.872932592218,107945.96532408056,110843.95786932223,14.342874236754998,14.584577528304,-1.2156198781548795,16.201148076389003,2.55,0.75,0.7777777777777778,0.7083333333333334,0.1388888888888889,0.2361111111111111,0.25
625,139686.67787685557,-94225.626769675,7045.478796931945,45461.05110718055,9.498376528323666,7.047173069573999,-6.174451895348035,12.777312951102667,7.05,0.2222222222222222,0.2638888888888889,0.125,0.1527777777777778,0.5277777777777778,0.1111111111111111
626,140037.80154710278,-83660.67073263887,17687.600680695832,56377.13081446388,8.479635094937333,7.106526780148332,1.0291302668397306,14.944108082557666,5.25,0.3472222222222222,0.3611111111111111,0.2777777777777778,0.3055555555555556,0.4444444444444444,0.16666666666666666
627,144552.3647263042,-96183.41289145833,10651.995407644446,48368.95183484584,7.420822436107666,8.687814621772999,-5.458988323374804,16.542211535386,3.4499999999999997,0.25,0.2777777777777778,0.19444444444444445,0.1527777777777778,0.4861111111111111,0.2222222222222222
628,139097.1785198861,-86132.8039806389,23167.269257676387,52964.37453924722,8.329880448620665,8.75091555021,-2.488414079235824,16.161043727531666,5.25,0.4444444444444444,0.3888888888888889,0.3055555555555556,0.1388888888888889,0.4027777777777778,0.16666666666666666
629,134882.93670482363,-70416.35731465,45931.822027333335,64466.57939017361,7.957293764550666,8.164766377727998,-1.348298018796057,17.269580079896667,4.8,0.5555555555555556,0.5694444444444444,0.5416666666666666,0.125,0.3472222222222222,0.18055555555555555
63,120085.52419623396,-54742.073423664515,49596.447915768054,65343.450772569435,5.007796689642333,2.0097634939490003,-8.440706164270887,6.603029174740001,-4.199999999999999,0.5277777777777778,0.5138888888888888,0.3333333333333333,0.2916666666666667,0.5555555555555556,0.4583333333333333
630,137706.62282654725,-91841.30399472777,17720.535277843053,45865.318831819444,10.049562601767999,9.384249500949664,-3.3562163534053813,18.752882287882667,4.3500000000000005,0.4027777777777778,0.2916666666666667,0.3055555555555556,0.09722222222222222,0.375,0.19444444444444445
631,148046.61215672636,-71070.09657356667,43269.49295666528,76976.51558315972,8.902122634824998,8.724913176991333,1.5715070437500887,16.111259584646664,5.7,0.5972222222222222,0.5555555555555556,0.4444444444444444,0.375,0.4305555555555556,0.1527777777777778
632,123334.20154533473,-71888.84145002501,8482.241943680556,51445.36009530972,7.604083946877333,7.395368871056665,-0.48155076393857754,11.605613440562333,4.35,0.2638888888888889,0.2916666666666667,0.16666666666666666,0.5416666666666666,0.5694444444444444,0.19444444444444445
633,142209.9600582514,-100405.11170020277,12682.632160252779,41804.84835804861,8.300795559368664,8.026209322848665,-3.978100193849106,12.908181025193333,5.25,0.3055555555555556,0.3194444444444444,0.2222222222222222,0.1527777777777778,0.4583333333333333,0.16666666666666666
634,152054.9749135189,-47167.38355523557,99801.99410247778,104887.59135828333,12.946592531494332,14.445750567427998,-0.84172190840556,18.412536769521665,4.3500000000000005,0.7777777777777778,0.7638888888888888,0.6944444444444444,0.1111111111111111,0.2361111111111111,0.19444444444444445
635,128791.29604868668,-33296.420258063044,92270.85175267915,95494.87579062361,14.017402346413,12.906360251747667,-1.4672078253534986,21.452236612983,7.5,0.7916666666666666,0.7222222222222222,0.6805555555555556,0.125,0.1527777777777778,0.09722222222222222
636,139752.09852519445,-95343.68165618677,9721.831370295833,44408.41686900767,6.011131607824332,8.125548229099664,-3.9763598943315914,16.241915907980665,6.15,0.3055555555555556,0.2638888888888889,0.16666666666666666,0.09722222222222222,0.5138888888888888,0.1388888888888889
637,133754.53776044998,-88945.69996504585,4800.5672971722215,44808.83779540417,10.469898617935998,9.658847725323666,-2.173313700378661,13.240493959254998,5.25,0.20833333333333334,0.20833333333333334,0.09722222222222222,0.2361111111111111,0.5138888888888888,0.16666666666666666
638,155057.7331438597,-63331.00731645416,73885.33824447638,91726.72582740555,11.905123669954,11.643557967759666,1.9808499000869595,19.140700632376667,1.65,0.7083333333333334,0.625,0.6527777777777778,0.1527777777777778,0.2777777777777778,0.2777777777777778
639,141004.2908492778,-95123.4865170861,4897.4536581375005,45880.80433219167,11.304209343086665,9.062387035893332,-6.423242074924443,11.468206328075,5.7,0.125,0.19444444444444445,0.1527777777777778,0.1388888888888889,0.5833333333333334,0.1527777777777778
64,105818.52708290523,-30200.787503353837,67722.55129124029,75617.73957955139,5.223298369189666,3.356160650526,-11.860693340084055,8.606336418001668,-4.2,0.5555555555555556,0.5277777777777778,0.375,0.3194444444444444,0.4166666666666667,0.4583333333333333
640,137858.7059475,-91338.15963933195,4012.139397323611,46520.54630816806,8.40888640932933,7.859377353151665,-5.380138213040928,15.460107076930665,5.7,0.20833333333333334,0.16666666666666666,0.20833333333333334,0.19444444444444445,0.5277777777777778,0.1527777777777778
641,135976.59862542225,-49766.53655247222,70921.82547349721,86210.06207295001,9.530189134887998,7.226328106506332,-0.9464874139661664,13.760932373248666,7.499999999999999,0.6111111111111112,0.5277777777777778,0.5833333333333334,0.2638888888888889,0.375,0.09722222222222222
642,140930.87138055364,-36677.98105023418,102871.07098761667,104252.89033031945,13.802925378992335,17.349229639753,0.4155604072706088,16.89967339066167,7.050000000000001,0.75,0.8194444444444444,0.6944444444444444,0.1388888888888889,0.2222222222222222,0.1111111111111111
643,118630.26698302361,-71272.1279907764,20702.670647059724,47358.13899224722,9.214053105576,7.500059582932666,0.009645882906142988,15.754525008372333,4.35,0.4722222222222222,0.4305555555555556,0.4027777777777778,0.19444444444444445,0.3611111111111111,0.19444444444444445
644,140676.86516817778,-78078.27505806388,34324.76541167222,62598.590110113895,8.999198463053332,7.2359142402469985,0.8786171361690129,15.876843707813665,4.3500000000000005,0.4861111111111111,0.5138888888888888,0.4861111111111111,0.2916666666666667,0.375,0.19444444444444445
645,120175.10706017223,-73916.3259236153,20483.608292608333,46258.78113655694,8.230828441654998,8.412213627375998,-3.555656660583263,16.56827814506,3.4499999999999993,0.3611111111111111,0.4166666666666667,0.2777777777777778,0.09722222222222222,0.4444444444444444,0.2222222222222222
646,114711.64194900695,-74052.97377810694,12570.7531962375,40658.6681709,7.5845960835699975,7.689906304406332,-3.0750278146737093,16.257591833239665,4.35,0.3888888888888889,0.2638888888888889,0.2361111111111111,0.2222222222222222,0.4444444444444444,0.19444444444444445
647,137893.08481379435,-46598.88915048462,85617.63866880833,91294.19566330971,11.117762112479332,12.782056099560998,-2.210769574184199,24.765494058536333,3.9,0.7222222222222222,0.7361111111111112,0.6944444444444444,0.1388888888888889,0.09722222222222222,0.20833333333333334
648,123348.67619309823,-11504.962446896834,108188.88588113055,111843.71374620139,16.55072468525,15.874043329870664,-3.3201371810856157,16.923422940413666,4.35,0.8611111111111112,0.7916666666666666,0.7361111111111112,0.1111111111111111,0.25,0.19444444444444445
649,129904.7972784361,-88367.74166002084,6206.950341025,41537.055618415274,10.457420792614665,9.529495845547999,-4.4627005225975385,16.183256780056333,5.25,0.2222222222222222,0.2222222222222222,0.16666666666666666,0.1111111111111111,0.5,0.16666666666666666
65,137539.8776811361,-66442.95156315221,55436.18199884862,71096.92611798391,7.502264072626333,0.04711508318600055,-6.277143991749896,7.2249173413456695,-6.0,0.6805555555555556,0.4722222222222222,0.3472222222222222,0.3333333333333333,0.5138888888888888,0.5138888888888888
650,155517.6109739611,-49760.96626456388,99111.48688170694,105756.64470939721,11.113095682197665,17.204944062838,1.0493646205611733,20.573405615642663,6.1499999999999995,0.7083333333333334,0.8472222222222222,0.7222222222222222,0.09722222222222222,0.16666666666666666,0.1388888888888889
651,152827.46382386112,-49699.73456409167,96044.49517802362,103127.72925976945,14.571232722677,14.494607933915665,0.8953852745025829,19.526496796071,2.55,0.75,0.7916666666666666,0.6944444444444444,0.20833333333333334,0.19444444444444445,0.25
652,122761.33897494721,-74251.51371306251,18745.113720899997,48509.825261884725,7.903161412882,7.476030800690333,-1.2727503434919214,17.378053233771666,3.4499999999999997,0.4305555555555556,0.375,0.2916666666666667,0.2361111111111111,0.4166666666666667,0.2222222222222222
653,134177.62203151526,-82029.67912218055,7116.493349934722,52147.94290933472,8.395711321050666,8.612371767258331,-1.2696154733105247,11.763023954807332,6.1499999999999995,0.19444444444444445,0.20833333333333334,0.05555555555555555,0.375,0.5416666666666666,0.1388888888888889
654,137910.63926739583,-91969.70139217222,18763.61367765139,45940.93787522361,8.637870220371667,10.049143163900998,-1.0696404438893339,18.374484590268334,5.25,0.4444444444444444,0.3333333333333333,0.3055555555555556,0.09722222222222222,0.3333333333333333,0.16666666666666666
655,116648.56180591013,-7259.352797058733,105239.74627789583,109389.2090088514,16.15895903933633,12.761861627976334,-3.3557959154355923,18.708404766887668,4.800000000000001,0.8055555555555556,0.75,0.7222222222222222,0.1527777777777778,0.2361111111111111,0.18055555555555555
656,125340.55213496805,-85336.80868620833,6463.589703670833,40003.74344875973,7.8281728306259994,8.601541640079997,-3.4644283082013,16.835339331271665,5.25,0.25,0.25,0.1527777777777778,0.09722222222222222,0.4305555555555556,0.16666666666666666
657,132555.89584964167,-61721.332158054174,56232.99962836528,70834.5636915875,9.616750317106334,8.055059348913666,1.5265773705644836,20.808659767153,5.699999999999999,0.5972222222222222,0.5555555555555556,0.5694444444444444,0.2222222222222222,0.2222222222222222,0.1527777777777778
658,123545.01005479999,-64810.790548459714,19552.92091006111,58734.21950634028,7.962561842350332,8.438890635697,1.9402567429277546,14.853146695499333,5.7,0.375,0.4305555555555556,0.2777777777777778,0.4444444444444444,0.5,0.1527777777777778
659,145568.93034574448,-77084.43580009027,28174.45500779028,68484.49454565416,6.707841363806332,7.952121077881332,1.6989437721369847,13.845624540142666,3.0,0.4861111111111111,0.4722222222222222,0.4166666666666667,0.4305555555555556,0.375,0.2361111111111111
66,110578.16597502778,-51547.49287221855,35383.510924173606,59030.67310280923,6.928813910512666,3.7994843677483336,-9.642466215402038,7.1591225623433346,-1.0499999999999994,0.5416666666666666,0.5138888888888888,0.3055555555555556,0.3611111111111111,0.5555555555555556,0.3611111111111111
660,119901.69574663612,-66682.56313482362,24391.671027188888,53219.13261181251,9.854216335421333,8.944328022322333,-0.15610709573219822,15.274129015311,4.8,0.4444444444444444,0.4583333333333333,0.3194444444444444,0.3333333333333333,0.4305555555555556,0.18055555555555555
661,102429.06994073193,-57569.02469809167,32535.783169198614,44860.04524264028,7.764814125273999,8.574525113285999,0.05220798215366995,18.349777602874333,3.9,0.5416666666666666,0.5972222222222222,0.4444444444444444,0.1111111111111111,0.3055555555555556,0.20833333333333334
662,100905.50347867579,1061.1429121644915,99732.20792604028,101966.64639084028,17.710092060643333,12.207538743384667,-4.41726812186439,20.148677618689,6.599999999999999,0.8472222222222222,0.7777777777777778,0.7222222222222222,0.1388888888888889,0.16666666666666666,0.125
663,131248.04490794166,-71948.24100109446,26674.628646930556,59299.80390684722,8.837685297774664,7.118025386532999,0.16190114180695625,16.924337353244,4.8,0.4444444444444444,0.4166666666666667,0.4444444444444444,0.375,0.3888888888888889,0.18055555555555555
664,144616.4318013347,-60808.70297425139,64381.95725961666,83807.72882708332,10.301836421255999,8.375385264803,-1.4272852178278466,17.147382483197333,6.15,0.6388888888888888,0.625,0.5138888888888888,0.3055555555555556,0.3194444444444444,0.1388888888888889
665,128091.23240067779,-80145.29731300972,6287.851941386111,47945.935087668055,8.792301659121332,8.212574312022333,-6.211125855882973,13.310187972926332,3.9,0.25,0.2222222222222222,0.08333333333333333,0.3055555555555556,0.5138888888888888,0.20833333333333334
666,134518.8205020875,-93379.15108933889,9484.919417836112,41139.66941274862,11.790893283624332,9.388649515773666,-3.759672291919083,17.972472139189332,7.95,0.2361111111111111,0.2916666666666667,0.2222222222222222,0.06944444444444445,0.4027777777777778,0.08333333333333333
667,130429.5250774861,-66066.49837510556,46718.79622244028,64363.02670238056,8.630811859829997,8.301906493552998,-0.3993322963301129,19.857948131275336,2.5500000000000003,0.6388888888888888,0.5972222222222222,0.6388888888888888,0.1527777777777778,0.2777777777777778,0.25
668,137081.8520202347,-82147.20946397222,5218.558370405556,54934.6425562625,10.497631917397998,10.833470359031999,0.5069174617070481,14.161408960771666,4.35,0.19444444444444445,0.20833333333333334,0.2777777777777778,0.4305555555555556,0.6111111111111112,0.19444444444444445
669,146296.2120940847,-46299.63710308194,96650.659146475,99996.57499100278,12.344215819379666,14.717361587607,1.257971926559899,20.999268127032664,6.15,0.7777777777777778,0.7777777777777778,0.75,0.1111111111111111,0.18055555555555555,0.1388888888888889
67,124496.06860055971,-48634.53344049722,61193.051396415285,75861.5351600625,4.021543794245001,1.675691094977001,-9.743783857681002,9.23916938727767,-1.9499999999999993,0.5416666666666666,0.4583333333333333,0.3333333333333333,0.25,0.4444444444444444,0.3888888888888889
670,142468.74911879306,-56289.35639559862,78950.79201918194,86179.39272319443,12.146897075814334,13.346319578828,2.8554958438222027,18.794336991370997,3.9000000000000004,0.6944444444444444,0.7916666666666666,0.6111111111111112,0.20833333333333334,0.25,0.20833333333333334
671,145006.11294954165,-96333.42580534169,6477.639061608333,48672.687144200005,10.380347412946998,9.980274130366332,-4.059942076474002,12.196964454548667,5.7,0.18055555555555555,0.2222222222222222,0.2222222222222222,0.2916666666666667,0.5555555555555556,0.1527777777777778
672,145629.8817582958,-99094.86176528194,7042.4620329875,46535.0199930139,8.539995182064999,9.229530752378333,-4.3460011760812876,16.709579828273334,3.0,0.2222222222222222,0.2361111111111111,0.125,0.041666666666666664,0.4861111111111111,0.2361111111111111
673,119548.51213250279,-73185.98109880695,7797.159388251389,46362.53103369583,8.562067212216,6.475851172224331,-2.2818102988831193,13.10993355512333,5.25,0.20833333333333334,0.25,0.20833333333333334,0.2777777777777778,0.5277777777777778,0.16666666666666666
674,120488.21772645,-80896.89201925971,13258.586606051389,39591.325707190284,9.862226368939332,8.477451914744332,-2.340304383981999,18.995849114104665,5.25,0.2777777777777778,0.3611111111111111,0.2361111111111111,0.09722222222222222,0.4027777777777778,0.16666666666666666
675,114964.17921676597,-4712.94032150624,107271.53621415416,110251.23889525972,14.069138885470664,16.29961234053833,-3.202701508383453,20.630901523354336,4.8,0.7777777777777778,0.8472222222222222,0.7083333333333334,0.1388888888888889,0.19444444444444445,0.18055555555555555
676,153991.72351374442,-69173.44704945276,69494.29683724444,84818.27646429167,11.953189023929333,10.180817107643666,1.7136567825662499,18.351995626084666,5.25,0.7638888888888888,0.6111111111111112,0.6111111111111112,0.2222222222222222,0.25,0.16666666666666666
677,135521.94682068197,-91621.19088766111,10784.787477483333,43900.75593302083,9.729926447037665,10.67284485501333,-4.993498161275143,15.298970943230334,5.7,0.25,0.3333333333333333,0.16666666666666666,0.1388888888888889,0.4166666666666667,0.1527777777777778
678,128876.29701008508,-47244.24209523229,71440.412744275,81632.05491485278,11.613620785369331,11.632574831409666,0.14865245440847413,18.140314681687332,2.1,0.75,0.6944444444444444,0.7361111111111112,0.18055555555555555,0.2777777777777778,0.2638888888888889
679,130023.63480096527,-93026.37519196943,4695.533920019445,36997.25960899583,6.911721942735665,9.190343777777667,-3.5196504518086673,17.144008796381666,7.05,0.2777777777777778,0.20833333333333334,0.09722222222222222,0.05555555555555555,0.4861111111111111,0.1111111111111111
68,127876.67307071527,-74335.8314924625,14096.75746068889,53540.84157825277,-0.9126764952646667,1.471043377062333,-10.787461567933384,6.292390724285333,-5.55,0.5138888888888888,0.4583333333333333,0.2638888888888889,0.3888888888888889,0.5555555555555556,0.5
680,149287.77608161943,-43833.472616659725,99443.23428558472,105454.30346495972,13.500594948114,14.022182915889,-0.2142727386863187,22.268956439255334,7.5,0.75,0.7777777777777778,0.7361111111111112,0.125,0.1527777777777778,0.09722222222222222
681,137442.18706052916,-99873.667068641,3572.0614719680557,37568.51999188816,8.604759090918998,8.815349746905332,-5.100429177947575,15.080326661862333,5.25,0.125,0.1527777777777778,0.1388888888888889,0.06944444444444445,0.4861111111111111,0.16666666666666666
682,161120.733416025,-52515.03342671112,105108.05572664582,108605.69998931389,17.62259930466233,10.927850144616,2.700118177637921,19.605333616002333,7.05,0.875,0.7083333333333334,0.75,0.09722222222222222,0.19444444444444445,0.1111111111111111
683,136370.21466124445,-62042.37043355139,47875.67206120417,74327.84422769304,9.153096414163665,9.041127313993332,0.21892791307541498,16.14448614278033,5.699999999999999,0.5416666666666666,0.5833333333333334,0.4861111111111111,0.3055555555555556,0.3611111111111111,0.1527777777777778
684,129565.33465008471,-48667.26366776528,72609.88548543055,80898.07098231946,10.833814383397332,12.615761488744333,2.492825620678954,20.038245619033,6.15,0.75,0.7777777777777778,0.6666666666666666,0.06944444444444445,0.2222222222222222,0.1388888888888889
685,116758.67968806665,-73396.17589368472,16461.81737603889,43362.50379438195,7.500806453257665,8.012485047780665,-1.1311331912017866,14.210765865963,5.699999999999999,0.375,0.3611111111111111,0.3333333333333333,0.06944444444444445,0.4861111111111111,0.1527777777777778
686,128261.72673969028,-87315.87162647083,4455.1040758486115,40945.85511321944,7.698795309594333,9.070407197233665,-4.39093343685171,15.204418966122667,6.15,0.2222222222222222,0.19444444444444445,0.16666666666666666,0.08333333333333333,0.5138888888888888,0.1388888888888889
687,139678.62248282574,-40419.71582488409,88038.97819440416,99258.90665794167,12.303507001082334,12.994736863949667,-2.6540269616994507,18.679148850029666,7.949999999999999,0.6805555555555556,0.7777777777777778,0.6527777777777778,0.2361111111111111,0.2777777777777778,0.08333333333333333
688,140485.3547707861,-97309.68636612777,6019.051510009722,43175.66840465834,9.530744568566998,9.149476150385333,-6.504754970123312,14.676256704748333,4.8,0.16666666666666666,0.20833333333333334,0.16666666666666666,0.1388888888888889,0.4861111111111111,0.18055555555555555
689,127113.50853282363,-92879.08315292638,6288.344891559722,34234.42537989722,7.3827173066129985,7.310914391827664,-5.093993481027212,14.429229976896998,7.05,0.2361111111111111,0.20833333333333334,0.16666666666666666,0.1111111111111111,0.4722222222222222,0.1111111111111111
69,143051.85994122364,-80455.14182679306,30882.14571309444,62596.71811443055,1.109413879701667,3.6876066792453326,-8.62568834876522,7.649390320766001,-1.5,0.4861111111111111,0.5138888888888888,0.2638888888888889,0.2916666666666667,0.5277777777777778,0.375
690,127061.93625724445,-74230.15663129307,5370.836861547222,52831.77962595139,9.09500937432233,8.038767734678999,-0.17509243124784651,11.956758958598998,6.15,0.16666666666666666,0.20833333333333334,0.18055555555555555,0.4444444444444444,0.6111111111111112,0.1388888888888889
691,118257.4981366889,-69673.43249383473,8065.566931800002,48584.06564285417,9.14056969384433,9.850117736412997,1.4871340172582455,12.947350378525666,6.6,0.2638888888888889,0.20833333333333334,0.18055555555555555,0.3333333333333333,0.5,0.125
692,148146.21644634026,-72362.63133244861,55734.37946768611,75783.58511389166,7.614935008828666,8.70822247517033,0.5000968710919187,18.746797584737998,6.6,0.4861111111111111,0.5694444444444444,0.5277777777777778,0.1527777777777778,0.3055555555555556,0.125
693,119352.71663819446,-79601.73081861388,6722.542804118056,39750.98581958055,7.317887269469332,8.862232084926,-1.024564580308014,15.073098323948999,5.25,0.2777777777777778,0.20833333333333334,0.05555555555555555,0.25,0.5277777777777778,0.16666666666666666
694,130454.42119193196,-84501.70726460278,6084.226566663889,45952.71392732917,9.823296232333666,9.673063187263665,-2.1025716440598345,12.595356682496666,6.6,0.18055555555555555,0.20833333333333334,0.19444444444444445,0.3055555555555556,0.5138888888888888,0.125
695,143326.8517644625,-102924.82484989584,4327.791471680555,40402.02691456667,9.277009587292998,11.616401692029,-1.4093449244433058,13.694551823178333,5.25,0.1527777777777778,0.16666666666666666,0.125,0.125,0.4722222222222222,0.16666666666666666
696,137942.02316788057,-45094.36174157638,89850.04874895833,92847.66142630417,14.493053101237333,13.061689120995332,-0.5261595737977838,21.304394420130997,4.800000000000001,0.8472222222222222,0.7638888888888888,0.7361111111111112,0.09722222222222222,0.16666666666666666,0.18055555555555555
697,132705.05801288193,-86644.29390865972,6525.825327506945,46060.764104222224,8.414307746292998,9.306553007142996,-4.292122774761292,13.428256227938,5.7,0.2638888888888889,0.18055555555555555,0.1111111111111111,0.125,0.5,0.1527777777777778
698,129593.76982019917,-20514.19620674778,101534.75052600278,109079.57361345139,15.422890588961998,12.361421423490667,-3.372995585652705,20.534165082833333,4.8,0.8055555555555556,0.7222222222222222,0.7638888888888888,0.1527777777777778,0.18055555555555555,0.18055555555555555
699,122730.60237302641,-10875.636310475025,106270.96784340833,111854.9660625514,13.531347444713667,16.414682809191,-3.668719394214695,18.175840482275998,7.5,0.7222222222222222,0.8333333333333334,0.7083333333333334,0.18055555555555555,0.25,0.09722222222222222
7,114602.00811514445,-72386.28794294444,18477.894482816668,42215.7201722,3.5756935772886664,2.9038730772559997,-5.060719540310911,6.389265066090001,-1.9499999999999997,0.4861111111111111,0.4444444444444444,0.2777777777777778,0.3055555555555556,0.3888888888888889,0.3888888888888889
70,96786.91802291528,-36142.54435243611,45915.54203526667,60644.37367047918,2.171161866090334,3.044408533250666,-9.176499088433923,6.372265004758335,-2.8499999999999996,0.4583333333333333,0.4722222222222222,0.3888888888888889,0.3611111111111111,0.5138888888888888,0.4166666666666667
700,151658.3168658162,-45372.90975917454,97442.17258164861,106285.40710664165,11.919712999024998,16.809091398255998,-0.08311158000473054,18.812902467653664,5.25,0.7222222222222222,0.8055555555555556,0.7222222222222222,0.1527777777777778,0.2222222222222222,0.16666666666666666
701,151163.62432172304,-59383.36954038971,83805.32529169167,91780.25478133334,11.822261778983666,13.822488540540666,-1.1033232704996578,18.314971024615666,6.6,0.6944444444444444,0.6805555555555556,0.6388888888888888,0.1111111111111111,0.25,0.125
702,134739.39388719862,-92390.86725150139,5021.9837013013885,42348.52663569722,9.395183477324665,9.517497422255332,-1.7556139688840278,14.741346558020666,5.25,0.125,0.16666666666666666,0.1111111111111111,0.18055555555555555,0.5,0.16666666666666666
703,141562.69075973475,-84164.4784486375,16945.28607624583,57398.21231109722,10.282748323567667,10.226224361640332,2.7716871544281387,15.933164614152332,6.6,0.3194444444444444,0.3472222222222222,0.2777777777777778,0.3055555555555556,0.4861111111111111,0.125
704,99146.04044121847,6240.322692603743,103579.6960261,105386.36313382222,18.450274046704,15.925273962396666,-3.569709567693723,20.418267413869998,7.499999999999999,0.8611111111111112,0.8055555555555556,0.7777777777777778,0.06944444444444445,0.1527777777777778,0.09722222222222222
705,112722.81200053472,-67466.6558668139,14460.66690450139,45256.15613372083,6.950295246591665,8.495385846469999,1.4933668539191314,12.145946276495334,5.699999999999999,0.3472222222222222,0.3611111111111111,0.2222222222222222,0.25,0.4722222222222222,0.1527777777777778
706,138426.8265234014,-90526.70718475417,9774.83902965139,47900.11933864723,6.529797761822998,10.442002815143999,-3.7959399149230353,16.373305796825665,4.35,0.3055555555555556,0.20833333333333334,0.2638888888888889,0.1527777777777778,0.4444444444444444,0.19444444444444445
707,112527.20504627348,-44822.28397234431,54276.34009554444,67704.92107392917,10.940250424052998,13.171886893971,2.003553354554775,21.270887163973335,4.35,0.6388888888888888,0.7361111111111112,0.6805555555555556,0.18055555555555555,0.20833333333333334,0.19444444444444445
708,119586.13203608053,-71662.7556743861,22629.983611940275,47923.37636169445,9.720691551425665,7.926786863973,-1.2800841695165097,16.357204536898664,6.6,0.4444444444444444,0.4861111111111111,0.3472222222222222,0.1111111111111111,0.375,0.125
709,142343.85575174444,-71988.61793760973,50760.86074998055,70355.23781413471,10.491380161839999,8.808767485580667,-0.38840677385034295,19.005536595878997,6.15,0.5833333333333334,0.5416666666666666,0.5833333333333334,0.1527777777777778,0.2916666666666667,0.1388888888888889
71,129867.39915845972,-82474.52894164028,15658.931660908333,47392.87021681944,1.7698393888393327,3.4150542292573336,-10.402638621844522,6.4617099555473345,-5.550000000000001,0.5,0.4722222222222222,0.3888888888888889,0.3055555555555556,0.4444444444444444,0.5
710,134735.0057863403,-64795.5893338125,37570.98783521666,69939.41645252779,8.529930383289999,9.271846793913998,1.0577981654811968,15.803717522187332,6.15,0.5277777777777778,0.5277777777777778,0.4722222222222222,0.3472222222222222,0.4305555555555556,0.1388888888888889
711,127449.15411071519,-29842.282912686027,91342.59052046944,97606.87119802917,13.512615450644333,15.005167601621999,-0.6300589196973969,21.209134329659665,7.5,0.7638888888888888,0.7777777777777778,0.75,0.16666666666666666,0.16666666666666666,0.09722222222222222
712,116783.00136653887,-69839.25095405833,25344.865827091664,46943.75041248056,8.387134182911666,8.543712581443664,-1.649884200957658,19.562897813411,7.05,0.3888888888888889,0.4166666666666667,0.6388888888888888,0.1111111111111111,0.3611111111111111,0.1111111111111111
713,112699.23594212618,-5151.672367856725,103544.06006198472,107547.56357426944,15.599926023695332,13.096129439146665,-5.322887620003317,17.905183407301,4.8,0.8333333333333334,0.75,0.6805555555555556,0.1527777777777778,0.25,0.18055555555555555
714,140028.07560996804,-43493.38668728611,91845.3059086861,96534.68892268195,13.874327123060333,13.412786842794665,2.3162214393041722,22.651109740971997,7.05,0.7361111111111112,0.75,0.6666666666666666,0.08333333333333333,0.1527777777777778,0.1111111111111111
715,146555.63516184027,-77238.32023759861,24724.49222834028,69317.31492424167,8.798879974384331,8.628796510179665,1.4264211490386702,16.539902856009,7.949999999999999,0.375,0.4305555555555556,0.4444444444444444,0.3472222222222222,0.4305555555555556,0.08333333333333333
716,134478.15106470833,-68553.50489333195,33613.20538111806,65924.6461713764,8.366934624171998,7.670404112521998,2.879069562470367,17.315012045146002,8.4,0.5277777777777778,0.5277777777777778,0.4027777777777778,0.4027777777777778,0.3611111111111111,0.06944444444444445
717,138411.97731801667,-98265.61487972223,2787.245371488889,40146.36243829444,7.61461512246733,9.712107242974664,-4.565110806267064,16.485024055094,5.25,0.16666666666666666,0.1111111111111111,0.08333333333333333,0.09722222222222222,0.5,0.16666666666666666
718,148010.26179595717,-45587.09332599052,95968.7848304361,102423.16846996667,14.531590311851001,14.627018288451666,1.1868797012390755,21.287499157118333,5.699999999999999,0.7083333333333334,0.7222222222222222,0.7638888888888888,0.09722222222222222,0.1527777777777778,0.1527777777777778
719,124128.84425905556,-57252.08799222778,48960.35771891111,66876.75626682777,10.560725597986666,9.662998856257332,1.027459696007053,17.00898670020267,6.6,0.5972222222222222,0.5972222222222222,0.4861111111111111,0.3055555555555556,0.3333333333333333,0.125
72,110632.48276662255,-25713.056599844756,76641.76727841666,84919.42616677779,5.693891028489,7.616463474946667,-12.014369176308625,5.855012098676001,-6.45,0.5833333333333334,0.6388888888888888,0.4444444444444444,0.2638888888888889,0.4722222222222222,0.5277777777777778
720,143643.70380820555,-73552.09117179862,54244.301864636116,70091.61263640695,9.359413561898334,8.760222400801664,-0.37718923018229833,13.734993990199667,5.699999999999999,0.5277777777777778,0.6111111111111112,0.4722222222222222,0.1388888888888889,0.3472222222222222,0.1527777777777778
721,145243.00554657128,-29013.70292149629,111184.93961511529,116229.30262507501,17.213189733296332,18.325251075195332,-2.0750688555395884,19.12425130389733,8.399999999999999,0.8333333333333334,0.8611111111111112,0.6527777777777778,0.1527777777777778,0.20833333333333334,0.06944444444444445
722,148646.5560825708,-70857.32496571528,49743.511965570826,77789.23111685556,9.84968283738733,10.598155467339666,0.1264079208513098,18.482295197186666,5.7,0.5555555555555556,0.5833333333333334,0.5,0.19444444444444445,0.3333333333333333,0.1527777777777778
723,126851.97015574008,-24281.305230677593,97472.00356885277,102570.6649250625,14.218077657942999,16.360566527388,-2.2774809695068647,20.08117133815833,5.7,0.7916666666666666,0.8055555555555556,0.6666666666666666,0.16666666666666666,0.18055555555555555,0.1527777777777778
724,148792.69290740276,-71793.80423541111,38641.115994761116,76998.88867199166,9.196170136946332,9.69091143142433,2.2172917075665177,15.720108154022665,5.699999999999999,0.5,0.5277777777777778,0.4166666666666667,0.4027777777777778,0.4583333333333333,0.1527777777777778
725,128801.43430067868,-22753.949504859265,104078.77097018056,106047.48479581944,14.644413743003,16.262647231162667,-0.9085654222978571,22.436605513336,6.1499999999999995,0.75,0.8194444444444444,0.7638888888888888,0.125,0.125,0.1388888888888889
726,143384.8107874514,-110320.5303323139,9548.126872758334,33064.2804551375,9.372748438601333,9.35618618386033,-2.537657462424665,14.357118628902667,4.800000000000001,0.2222222222222222,0.2222222222222222,0.16666666666666666,0.05555555555555555,0.3472222222222222,0.18055555555555555
727,112271.53699848948,-20666.23418098254,81291.33882656528,91605.30281750695,9.893753551485666,13.926529289602666,-1.8972674045097593,17.02174562937133,7.050000000000001,0.6666666666666666,0.75,0.6527777777777778,0.18055555555555555,0.2916666666666667,0.1111111111111111
728,121396.56136439407,-9494.993918007964,107729.8763220486,111901.56744638612,16.195188604480666,16.551011084591334,-2.7874325694329496,22.702982848836,4.800000000000001,0.8194444444444444,0.8055555555555556,0.75,0.1388888888888889,0.1388888888888889,0.18055555555555555
729,150247.89838043333,-64414.267558404164,65332.11000922083,85833.63082202917,10.758478354681666,10.787177443924666,-1.3137863289847844,20.008752967383664,7.5,0.6111111111111112,0.6527777777777778,0.4305555555555556,0.2222222222222222,0.2777777777777778,0.09722222222222222
73,107018.83336940555,-58714.208474174986,30083.12959044444,48304.62489523057,6.142018730181,4.760283456063334,-8.14720811548513,8.378035412747668,-6.45,0.6388888888888888,0.5138888888888888,0.25,0.4027777777777778,0.5138888888888888,0.5277777777777778
730,145380.54781920972,-76271.56699877499,22824.33665658472,69108.9808204347,10.496359907912664,8.67155390700433,0.5274777571068903,15.059893192131334,7.949999999999999,0.375,0.375,0.375,0.3472222222222222,0.4861111111111111,0.08333333333333333
731,153591.97379344585,-50609.101082688896,94651.43361112084,102982.87271075694,11.632861279936,15.160079066847999,1.5516904447487634,21.951117614763998,4.35,0.6944444444444444,0.7777777777777778,0.7083333333333334,0.1388888888888889,0.18055555555555555,0.19444444444444445
732,139653.9608240125,-54002.633366127775,68881.19593142222,85651.32745788472,14.546802464948998,11.405249771397667,0.975972595326239,18.957393582224334,4.8,0.7222222222222222,0.6388888888888888,0.6111111111111112,0.2638888888888889,0.2222222222222222,0.18055555555555555
733,143951.9658413625,-45731.8049710625,93290.68603656944,98220.1608703,15.072419049574998,14.636028400929,3.4430118178385047,18.973584838542,6.6,0.8055555555555556,0.7916666666666666,0.75,0.1111111111111111,0.2222222222222222,0.125
734,146645.28984857918,-95582.00968732362,14869.693791766667,51063.280161255556,9.264135961636999,10.168911683971332,-3.316380759726382,16.730835093676,7.05,0.3472222222222222,0.3194444444444444,0.20833333333333334,0.1111111111111111,0.4305555555555556,0.1111111111111111
735,151473.07247334585,-45776.06729844307,100645.2881539375,105697.00517490279,14.237386505514666,15.963402318690997,0.9656945618830269,22.342558622347667,5.25,0.8194444444444444,0.8333333333333334,0.75,0.08333333333333333,0.1388888888888889,0.16666666666666666
736,133421.1457673139,-91455.3190911389,5369.9506836958335,41965.826676175,11.047540270434997,10.558019161591998,-3.08909441984792,15.865296095135998,6.15,0.16666666666666666,0.16666666666666666,0.09722222222222222,0.1388888888888889,0.4722222222222222,0.1388888888888889
737,144667.4300296958,-57624.128154819446,76111.0151273,87043.3018748764,12.812747968089331,11.603674021616666,2.11496290920527,20.347190056882333,6.6,0.7222222222222222,0.6666666666666666,0.5833333333333334,0.1111111111111111,0.2222222222222222,0.125
738,137991.7643914625,-86468.32993452362,2230.015952990278,51523.43445693889,10.99025489766133,10.48104654880333,-0.8494438890711811,16.204532981360998,4.35,0.09722222222222222,0.09722222222222222,0.08333333333333333,0.375,0.5972222222222222,0.19444444444444445
739,146853.07056075695,-44841.07381162499,98854.25384756806,102011.99674913194,17.292753166920996,15.709890257647666,4.380158058029085,23.017232419158667,4.8,0.875,0.8194444444444444,0.8055555555555556,0.041666666666666664,0.125,0.18055555555555555
74,141962.5938412278,-97120.89918338195,16158.744206205556,44841.69465784583,3.695081409910001,5.313253224683667,-8.609999857517769,6.281947054035001,-1.95,0.4861111111111111,0.3888888888888889,0.2916666666666667,0.3055555555555556,0.5,0.3888888888888889
740,127722.75228981388,-89167.60669600079,5516.375050590278,38555.145593813104,11.485800250674998,9.592758746534331,-3.3485523921966798,18.275860863951998,7.949999999999999,0.06944444444444445,0.2222222222222222,0.08333333333333333,0.1111111111111111,0.4444444444444444,0.08333333333333333
741,125450.80414461665,-82124.0994661153,19183.043379587503,43326.70467850139,9.993700509424665,8.905441054739665,-3.191669237094633,18.13070337118133,7.949999999999999,0.4027777777777778,0.3611111111111111,0.2916666666666667,0.1388888888888889,0.375,0.08333333333333333
742,155152.9908709764,-70726.68842430139,67325.37547305555,84426.302446675,11.68853075517333,12.805009226037331,1.4549746042521319,17.842968455883334,6.15,0.6388888888888888,0.6805555555555556,0.6111111111111112,0.1388888888888889,0.2916666666666667,0.1388888888888889
743,131726.19744153816,-15928.411318025655,110795.69485632918,115797.7861235125,17.265088013312997,16.063715031346668,0.11305555224058872,20.273673281374332,6.6,0.875,0.8055555555555556,0.8472222222222222,0.09722222222222222,0.19444444444444445,0.125
744,122705.87662837778,-52369.68677195555,62638.83986525,70336.18985642222,11.214302738201333,11.243979975729331,2.790332670585497,22.575574387108666,6.1499999999999995,0.625,0.7361111111111112,0.5555555555555556,0.1111111111111111,0.18055555555555555,0.1388888888888889
745,131368.11187226945,-72545.7335614236,36897.256540044444,58822.37831084583,7.894999553460666,7.416787013854998,0.15898088245252937,20.447505428770334,7.5,0.5833333333333334,0.5,0.5,0.1527777777777778,0.3055555555555556,0.09722222222222222
746,158541.35889518613,-48236.46231151666,104585.37836930138,110304.89658366944,17.419057479903334,14.705251575523334,4.989282245064313,22.996755340293333,6.6,0.8194444444444444,0.7916666666666666,0.7361111111111112,0.1388888888888889,0.1388888888888889,0.125
747,135792.53902260834,-89589.29463507638,21902.300839980555,46203.24438753194,9.988882372206664,10.017733278316333,-2.33484621194188,19.91851021475933,8.85,0.375,0.5,0.3472222222222222,0.08333333333333333,0.3333333333333333,0.05555555555555555
748,114580.31763222943,-12530.590406357194,98736.55749497778,102049.72722587222,16.237613446687334,12.682219147896333,-2.2634999743433895,24.26885876606,6.6000000000000005,0.875,0.8194444444444444,0.7638888888888888,0.1111111111111111,0.09722222222222222,0.125
749,148028.73730234444,-56614.02821446667,79826.31681078473,91414.70908787777,13.195182763595334,14.838639092042667,3.7485085687138366,20.355871872681668,9.3,0.7222222222222222,0.7361111111111112,0.6666666666666666,0.06944444444444445,0.2638888888888889,0.041666666666666664
75,120504.91696352915,-76194.10428130833,10158.573543473609,44310.812682220836,0.7026763309603333,0.824795006122333,-8.972439534469643,7.657048891600667,-3.75,0.4444444444444444,0.5,0.2777777777777778,0.2361111111111111,0.5555555555555556,0.4444444444444444
750,148255.38673586515,-47782.282500085974,92287.2580877986,100473.10423577916,15.017701499283334,13.583472149709332,1.0827549503610792,21.670712038189333,7.949999999999999,0.8055555555555556,0.7638888888888888,0.6805555555555556,0.19444444444444445,0.19444444444444445,0.08333333333333333
751,129364.07146928612,-53348.387275312496,70220.36792462778,76015.6841939736,11.816995628932998,11.111861407057999,2.34696232663922,21.629348748406663,6.1499999999999995,0.7361111111111112,0.7361111111111112,0.6944444444444444,0.125,0.19444444444444445,0.1388888888888889
752,127010.91086955278,-13446.385861080544,106903.82587581666,113564.5250084722,16.525913835165998,15.472088764842333,-2.806112016069044,21.689377074672663,6.6,0.8333333333333334,0.8055555555555556,0.7222222222222222,0.16666666666666666,0.19444444444444445,0.125
753,126503.09970469441,-59894.47340141944,38066.73084928889,66608.626303275,8.297134505792998,8.49214568131633,-0.22354917131519864,18.54830719039133,5.700000000000001,0.5694444444444444,0.5277777777777778,0.5555555555555556,0.3055555555555556,0.3055555555555556,0.1527777777777778
754,121706.27962621389,-82011.28362296527,11862.599540038887,39694.996003248605,8.615380912849666,8.979917330477331,-0.5659380334248043,15.436616521703996,7.05,0.3472222222222222,0.3194444444444444,0.20833333333333334,0.05555555555555555,0.4583333333333333,0.1111111111111111
755,149284.02237115087,-34898.26331994532,110375.12773119027,114385.75905120556,15.704423148264667,19.866681119647666,2.845516523975344,22.295083598130997,5.699999999999999,0.8472222222222222,0.875,0.8333333333333334,0.09722222222222222,0.16666666666666666,0.1527777777777778
756,121625.22595569771,-10117.045194049097,106366.75432607501,111508.18076164862,16.661949235281,14.599075572317664,-1.635789368119382,23.465552399519666,5.25,0.8194444444444444,0.7638888888888888,0.7638888888888888,0.125,0.1111111111111111,0.16666666666666666
757,161049.36718666667,-65086.3521059986,76440.17882841111,95963.01508066806,13.107174054294,12.036515974660333,1.1995491776605733,20.504292535139665,5.7,0.6805555555555556,0.75,0.7083333333333334,0.20833333333333334,0.20833333333333334,0.1527777777777778
758,123827.09967842858,-20541.54434092999,95900.10669575974,103285.5553374986,13.93479806485433,15.653858663667666,-4.085578834007839,24.001926811268667,5.699999999999999,0.8333333333333334,0.8055555555555556,0.6944444444444444,0.1111111111111111,0.125,0.1527777777777778
759,155892.07663381804,-82606.7414899361,53903.831965786114,73285.33514388194,10.916318366414664,11.803036819653997,1.6397921687818922,21.318867518294333,3.9,0.625,0.5833333333333334,0.5138888888888888,0.041666666666666664,0.2638888888888889,0.20833333333333334
76,115732.92358707084,-53561.11797276806,45684.869489923614,62171.805614302786,6.211995460253999,5.504129499093333,-6.3035257685838975,9.592853308135002,-1.4999999999999993,0.5972222222222222,0.5,0.4305555555555556,0.2222222222222222,0.4722222222222222,0.375
760,124411.16452651667,-76393.42392720695,12464.274590616667,48017.74059930972,10.220981237399998,8.322109889534998,-1.7085590122664018,15.621162744041332,5.7,0.3194444444444444,0.2916666666666667,0.19444444444444445,0.2916666666666667,0.4861111111111111,0.1527777777777778
761,138056.45991020743,-23749.607083725503,108366.81306508889,114306.85282648193,16.357806665671333,16.265875822135,0.22013246253651655,19.174997465513997,7.5,0.7916666666666666,0.8472222222222222,0.7916666666666666,0.1111111111111111,0.2222222222222222,0.09722222222222222
762,131546.5487423707,-48072.489046281815,71203.6289867,83474.0596960889,12.551494501032998,11.244287601937334,-1.177892165191317,21.561748272138665,4.35,0.7222222222222222,0.7083333333333334,0.6388888888888888,0.2222222222222222,0.2361111111111111,0.19444444444444445
763,151913.78423956258,-34691.74901806677,113520.26617853611,117222.03522149584,19.529098761214332,18.932174346093,4.990884222231409,20.976030163470668,8.4,0.8611111111111112,0.875,0.8194444444444444,0.08333333333333333,0.1527777777777778,0.06944444444444445
764,112265.52532447314,-4817.835682250923,104733.82850896251,107447.68964222222,14.149969108042667,16.956584158675334,-4.328099226153774,21.69671952916333,6.6,0.8055555555555556,0.8611111111111112,0.6805555555555556,0.1111111111111111,0.16666666666666666,0.125
765,147381.82612723194,-88281.62405865833,32713.05107599028,59100.20206857361,10.008310899407999,8.595912197547666,-0.9025928334815818,19.459658308784665,6.6000000000000005,0.4444444444444444,0.5138888888888888,0.4166666666666667,0.06944444444444445,0.3333333333333333,0.125
766,112925.09051283538,-5186.779099214546,103668.13114066112,107738.31141362083,12.034340773003997,13.92978394350033,-0.8687622492302969,19.694763138674,8.4,0.7222222222222222,0.7638888888888888,0.8055555555555556,0.09722222222222222,0.1527777777777778,0.06944444444444445
767,128509.67359073613,-77480.01183765971,3956.685671440278,51029.66175307639,8.596261543532998,9.715124898924998,-0.1605607171277883,14.80467117614933,8.85,0.2361111111111111,0.1388888888888889,0.1527777777777778,0.4444444444444444,0.5694444444444444,0.05555555555555555
768,142126.2104047111,-63626.187380175004,68890.66918808332,78500.02302453612,11.342968848572,12.752664056272998,6.158560151583151,21.890622000004335,7.5,0.6944444444444444,0.6944444444444444,0.6527777777777778,0.09722222222222222,0.16666666666666666,0.09722222222222222
769,153210.94862688612,-59092.38310892916,74980.85402662223,94118.56551795694,12.720559198729331,9.246299435733333,1.9335034351517812,21.05288585925633,7.949999999999999,0.6805555555555556,0.6527777777777778,0.5555555555555556,0.2361111111111111,0.2638888888888889,0.08333333333333333
77,107527.10132282361,-53706.60136405556,38847.14846699028,53820.49995876806,4.778400880555001,3.156571357290333,-5.693248038409563,13.608673565025667,-5.1,0.5833333333333334,0.4305555555555556,0.3472222222222222,0.3055555555555556,0.3472222222222222,0.4861111111111111
770,135560.08242844034,-40180.108056575045,90317.9629424736,95379.97437186529,12.036560699523335,15.199784202382666,-1.7311314662975672,23.93378782511633,7.949999999999999,0.7083333333333334,0.8194444444444444,0.6944444444444444,0.09722222222222222,0.1527777777777778,0.08333333333333333
771,151842.2633990861,-60795.72312839028,77576.72449544305,91046.54027069583,15.080708952383663,12.478748101911332,3.797140808937022,20.377956390904334,4.35,0.7777777777777778,0.6944444444444444,0.6388888888888888,0.2222222222222222,0.2222222222222222,0.19444444444444445
772,116635.07942691389,-58648.29735548334,34735.511563547225,57986.782071430556,9.159701884047665,9.398047910493998,0.9031431098778805,18.047066197127002,7.05,0.5833333333333334,0.625,0.4583333333333333,0.2777777777777778,0.3333333333333333,0.1111111111111111
773,134127.55600557776,-96058.67329603875,2943.834412975,38068.88270953903,11.086448823058998,9.201505800543998,-5.9719758348062,15.403565388766665,6.6,0.125,0.1527777777777778,0.3055555555555556,0.041666666666666664,0.5,0.125
774,143252.23894097577,-45476.66640190079,95921.26348750277,97775.57253907499,14.748796785422332,16.021326823821,2.678051978628427,21.601130976188664,7.05,0.8194444444444444,0.8472222222222222,0.8472222222222222,0.09722222222222222,0.1527777777777778,0.1111111111111111
775,110168.39256607415,3552.577260867507,109220.88917022778,113720.96982694167,17.133135523247,18.88821555140967,-2.2066751858581366,22.575554917856664,7.949999999999999,0.8333333333333334,0.8055555555555556,0.7361111111111112,0.1527777777777778,0.18055555555555555,0.08333333333333333
776,132589.85738914998,-57911.71895559167,57804.63917435695,74678.13843355834,12.383345842526666,12.349086004255664,2.14832077033136,20.244268862660334,5.25,0.6805555555555556,0.6388888888888888,0.5694444444444444,0.2638888888888889,0.25,0.16666666666666666
777,133398.10043913752,-97555.82348234305,4068.956168297222,35842.27695679445,11.153926067546998,11.22456485122133,-6.4705678720959385,14.823659044150665,6.6,0.09722222222222222,0.125,0.4166666666666667,0.05555555555555555,0.4444444444444444,0.125
778,106767.01726676823,-39434.835340109916,57043.19784665694,67332.18192665832,9.078926178776,11.855219585256332,-0.621689846607366,19.328500185507664,7.5,0.6805555555555556,0.7361111111111112,0.6944444444444444,0.1527777777777778,0.25,0.09722222222222222
779,151039.07753108893,-36183.51094317361,111711.14156178193,114855.56658791528,18.131524780049332,17.045738756366,3.882918592604469,21.91301996168,8.399999999999999,0.875,0.875,0.7361111111111112,0.18055555555555555,0.125,0.06944444444444445
78,117200.20464720491,-39947.27583226603,66683.36083999445,77252.92881493889,2.5460750506579997,5.484913421796334,-10.423660323495518,7.394191463148001,-5.1,0.4861111111111111,0.6111111111111112,0.4166666666666667,0.2916666666666667,0.4722222222222222,0.4861111111111111
780,132689.38825486109,-86370.7605818611,5164.5889114694455,46318.627673,10.057243442375665,10.185142472840997,-4.480342256328996,15.101853804535999,7.949999999999999,0.1527777777777778,0.1388888888888889,0.1111111111111111,0.3194444444444444,0.5833333333333334,0.08333333333333333
781,133765.2171356181,-89982.74969299584,7306.906406059722,43782.46744262222,9.431092252017999,8.72401733674533,-3.0965611402933204,15.964860727300998,7.949999999999999,0.20833333333333334,0.2222222222222222,0.1111111111111111,0.19444444444444445,0.5,0.08333333333333333
782,131937.45743186248,-76586.08782513194,14395.254488141667,55351.36960673056,8.632333325820666,8.551935275690665,0.03938576882565342,16.099711423518663,5.25,0.2638888888888889,0.3611111111111111,0.2222222222222222,0.3194444444444444,0.4722222222222222,0.16666666666666666
783,129437.3826739653,-56145.47022799306,56335.403853997224,73291.91244597222,9.939710087020666,11.144633674095665,3.883794430653721,20.55964365233133,6.15,0.625,0.6805555555555556,0.5694444444444444,0.2638888888888889,0.2777777777777778,0.1388888888888889
784,135810.63430773932,-35197.30689290462,93981.47006147777,100613.32741483471,13.756188914433666,16.399956747839333,0.0820807129031702,22.036731345525666,5.25,0.7777777777777778,0.7777777777777778,0.7361111111111112,0.1527777777777778,0.18055555555555555,0.16666666666666666
785,127989.05793136112,-83395.11648840972,20298.783455256944,44593.94144295139,9.171944368413332,8.108159074689999,-0.6526706894724297,18.866361000695,7.95,0.4305555555555556,0.3888888888888889,0.2777777777777778,0.1111111111111111,0.3055555555555556,0.08333333333333333
786,155028.59614011558,-41180.886578522535,107762.18368274721,113847.70956159304,13.996541528769999,14.250782554181665,0.11719947606145686,21.61408053549667,5.25,0.7916666666666666,0.7916666666666666,0.7777777777777778,0.125,0.18055555555555555,0.16666666666666666
787,134549.11492582638,-86886.37803308472,4389.939774688889,47662.73689274167,10.489800129687332,11.108575852010997,-0.0596032068021917,14.613552061012665,7.949999999999999,0.19444444444444445,0.1527777777777778,0.1388888888888889,0.3472222222222222,0.5555555555555556,0.08333333333333333
788,132020.7522783028,-74147.07386804167,38507.67036481667,57873.678410261105,8.065357881166666,8.829127727814665,0.03593891408671063,18.22503705133733,6.6000000000000005,0.5277777777777778,0.5,0.4861111111111111,0.09722222222222222,0.3333333333333333,0.125
789,151634.86875186805,-83750.937994975,49457.65516468194,67883.93075689305,11.447451101029332,11.739639712398665,0.6656999988664942,19.845975652095333,8.85,0.625,0.5416666666666666,0.5138888888888888,0.06944444444444445,0.2361111111111111,0.05555555555555555
79,122834.07682478748,-42968.88786952222,67492.03167153471,79865.18895526527,-1.0395435167819995,7.159748494864333,-10.657698059163016,8.251670170079668,-3.3000000000000007,0.4166666666666667,0.5833333333333334,0.3333333333333333,0.19444444444444445,0.4444444444444444,0.4305555555555556
790,137782.47056198918,-25482.615390071103,104573.69653328195,112299.85517191805,17.057386348180998,15.765824458493,1.8927410503755984,20.466320362264998,7.05,0.75,0.7638888888888888,0.6944444444444444,0.20833333333333334,0.19444444444444445,0.1111111111111111
791,130920.9663016989,-27093.34545010587,99881.70049934584,103827.62085159306,14.864195733688332,16.037719193382664,-0.3997548622490115,20.223952655780664,7.05,0.8055555555555556,0.8611111111111112,0.75,0.125,0.19444444444444445,0.1111111111111111
792,136140.4364598611,-98920.88328639446,5784.425145695834,37219.553173466666,10.430350617173332,10.114449215798663,-3.1272054045614004,17.922919672066335,7.95,0.2916666666666667,0.16666666666666666,0.1388888888888889,0.027777777777777776,0.4305555555555556,0.08333333333333333
793,143402.44263949752,-35999.22533413643,100519.99998962639,107403.21730536112,15.232440926510334,13.136954207286664,0.07277544447848627,23.76170064319633,8.4,0.7916666666666666,0.7638888888888888,0.7777777777777778,0.1111111111111111,0.1527777777777778,0.06944444444444445
794,145442.81275868055,-96379.17666837639,12729.754779284724,49063.636090304164,11.113530970617,11.942973457418667,-2.4410990590371435,19.369940055484665,8.399999999999999,0.25,0.2777777777777778,0.2361111111111111,0.125,0.4166666666666667,0.06944444444444445
795,137497.59494959304,-97064.3404209611,7016.189941008332,40433.25452863195,11.355403524876333,11.121957771011,-3.0767685720858275,16.530320103127668,7.949999999999999,0.2361111111111111,0.2222222222222222,0.1111111111111111,0.08333333333333333,0.4583333333333333,0.08333333333333333
796,128462.029854475,-46419.142579552776,68566.01301259444,82042.88727492222,13.617170453140666,12.348976233469667,0.9907022323932574,19.369711191057334,8.85,0.6944444444444444,0.6666666666666666,0.6527777777777778,0.2361111111111111,0.3055555555555556,0.05555555555555555
797,154693.29955770375,-38724.049548116265,110715.11446040694,115969.2500095875,15.230897350151666,16.81584306940433,1.3128824432444959,21.631073275057,6.6,0.8194444444444444,0.8611111111111112,0.8055555555555556,0.125,0.16666666666666666,0.125
798,119264.96341562498,-82195.81580799998,11767.115466679166,37069.147607625,9.279640843602998,8.260195831881665,-0.07737971588886994,17.680026792508002,9.299999999999999,0.3194444444444444,0.2916666666666667,0.2916666666666667,0.041666666666666664,0.3888888888888889,0.041666666666666664
799,129622.28507921805,-55716.98390871388,54887.5209142875,73905.30117050417,11.081306094692332,8.458150764322331,0.7012272378587043,21.060506574030335,7.949999999999999,0.6388888888888888,0.5416666666666666,0.6111111111111112,0.3055555555555556,0.2638888888888889,0.08333333333333333
8,130204.78934162503,-88094.15742735418,15158.704226884722,42110.63191427084,-0.17934608267433327,1.5337142907379997,-6.0809771926172145,0.8678986720843345,-4.199999999999999,0.5555555555555556,0.4444444444444444,0.3055555555555556,0.3333333333333333,0.4305555555555556,0.4583333333333333
80,111791.41935937639,-31743.676012040283,70531.32270418473,80047.74334733612,4.255413898436666,5.150637660347,-12.20483590173241,11.513218378480001,-1.0499999999999998,0.5138888888888888,0.5138888888888888,0.3611111111111111,0.2777777777777778,0.3472222222222222,0.3611111111111111
800,141333.5530394986,-87961.6438444486,6345.6322802597215,53371.90919505,10.510125257411,6.8883413624109995,1.2669829813451157,16.469362844374665,7.499999999999999,0.20833333333333334,0.2361111111111111,0.041666666666666664,0.375,0.5833333333333334,0.09722222222222222
801,144886.2481726736,-94414.44460428473,9333.615838169444,50471.80356838889,7.583694907124665,10.146041549095997,-1.542072376046441,16.287224184069334,8.399999999999999,0.2916666666666667,0.2361111111111111,0.16666666666666666,0.25,0.5138888888888888,0.06944444444444445
802,136183.10484902063,-22314.654267937316,108411.44740051667,113868.45058108332,16.224303841710665,17.218685721820332,-0.6347820717233659,21.144412793877667,7.5,0.7916666666666666,0.8055555555555556,0.7638888888888888,0.18055555555555555,0.16666666666666666,0.09722222222222222
803,127838.84433702778,-87975.63565258194,20991.347081506945,39863.20868444584,9.049980874400998,10.380676813188998,0.42453719222519687,17.555048377747667,7.05,0.4027777777777778,0.3888888888888889,0.375,0.013888888888888888,0.2916666666666667,0.1111111111111111
804,121501.09523262223,-77709.31534006806,12277.850494159722,43791.77989255417,9.956740758066665,10.109296984413332,-1.0852432136113244,16.68503385264633,8.85,0.2916666666666667,0.2638888888888889,0.2222222222222222,0.125,0.4583333333333333,0.05555555555555555
805,117168.59393051795,-250.12754955683826,112056.92084923889,116918.46638096111,18.11549777618066,16.553089640448,-2.2589931567996153,23.985850268761997,6.6,0.8888888888888888,0.8611111111111112,0.8194444444444444,0.1111111111111111,0.09722222222222222,0.125
806,119118.8289398878,-11916.65155845167,101846.40860895833,107202.17738143611,14.360450747240664,15.237672211980664,-1.8426282585001061,21.113350702911998,7.95,0.7638888888888888,0.8472222222222222,0.7083333333333334,0.16666666666666666,0.20833333333333334,0.08333333333333333
807,131002.67106370415,-92707.95314778195,5440.7775076375,38294.71791592222,9.740285174290664,9.144156646868666,-0.9645806547710825,15.924608309739996,7.05,0.18055555555555555,0.20833333333333334,0.09722222222222222,0.1111111111111111,0.4583333333333333,0.1111111111111111
808,138826.8259385667,-93799.861200175,4847.968271551388,45026.96473839167,11.433934687177665,10.106962475062332,-1.9682700925669634,16.761217670137665,7.05,0.125,0.18055555555555555,0.1111111111111111,0.25,0.5277777777777778,0.1111111111111111
809,125850.10783732502,-80613.59735337779,23144.817931562502,45236.51048394722,9.448769057397332,10.190181233249332,-0.2319801036352203,20.344913915596663,7.949999999999999,0.5416666666666666,0.375,0.3333333333333333,0.05555555555555555,0.3333333333333333,0.08333333333333333
81,132731.66111329445,-83329.70011939583,19272.948878418058,49401.96099389861,4.887696155343,6.440407438001333,-9.160969425487464,9.517455231863334,-6.449999999999999,0.5555555555555556,0.375,0.3333333333333333,0.2361111111111111,0.4861111111111111,0.5277777777777778
810,124665.19430392535,-38284.31312333646,80177.33068195138,86380.88118058888,15.686648919416331,14.488007974656668,0.3091838365005613,22.19380625882833,6.6,0.8611111111111112,0.7777777777777778,0.7083333333333334,0.125,0.1388888888888889,0.125
811,126745.23566089307,-36490.69365180975,80571.95101851667,90254.54200908334,10.484648209499,13.235990459549,-1.1702416627875842,19.287458676976666,7.949999999999999,0.6666666666666666,0.75,0.6666666666666666,0.18055555555555555,0.2777777777777778,0.08333333333333333
812,140483.4248804064,-47612.465404024464,80304.58347121387,92870.95947638195,13.452130818361333,13.716199800771001,0.8681830797666263,22.762428482421665,7.049999999999999,0.7916666666666666,0.7638888888888888,0.7222222222222222,0.19444444444444445,0.18055555555555555,0.1111111111111111
813,144410.5735276,-103946.66055741288,8882.169576470835,40463.91297018712,8.292720326115663,9.901986403556997,-2.7482144201825704,17.240519599124667,8.4,0.3611111111111111,0.20833333333333334,0.2361111111111111,0.06944444444444445,0.4027777777777778,0.06944444444444445
814,131044.73846809861,-97136.16035816111,3308.285852455556,33908.5781099375,10.703049535091331,10.029391824011332,-3.1928423818298683,16.627223672815667,8.399999999999999,0.1527777777777778,0.125,0.06944444444444445,0.06944444444444445,0.4305555555555556,0.06944444444444445
815,137416.83037686945,-83411.915604575,8974.141551979168,54004.91477229444,8.108727639432331,10.94969487449733,-0.314703820060717,15.399725400921,10.2,0.2777777777777778,0.2361111111111111,0.16666666666666666,0.3472222222222222,0.5833333333333334,0.013888888888888888
816,129949.97663753682,-24125.347037614596,101784.93997206113,105824.62959992222,13.569943354393,16.366210933052997,-1.3141636872776004,23.228490751583998,8.399999999999999,0.8194444444444444,0.9166666666666666,0.7777777777777778,0.1111111111111111,0.1388888888888889,0.06944444444444445
817,145579.53995484166,-89731.6699938486,24722.918217805556,55847.869960993055,10.236784617116664,9.555538759147666,-0.7013678346056498,19.06862807112433,5.7,0.4027777777777778,0.3888888888888889,0.3333333333333333,0.08333333333333333,0.3888888888888889,0.1527777777777778
818,133963.10826700277,-87431.7756236236,1460.0692776805558,46531.332643379166,12.053207235383663,10.31524996938233,-0.437282145652167,16.047666256342666,5.25,0.041666666666666664,0.09722222222222222,0.05555555555555555,0.3055555555555556,0.5694444444444444,0.16666666666666666
819,140394.20352342364,-94365.59229391112,2227.842522093056,46028.611229512506,10.707878035420332,10.515711758925663,-0.6685643606043321,13.157563929755664,9.75,0.1111111111111111,0.1111111111111111,0.1388888888888889,0.3055555555555556,0.5694444444444444,0.027777777777777776
82,120361.64432144025,-40962.63448639166,60029.06572686249,79399.00983504861,2.920000055624,2.40487839244,-10.570081451224953,5.900706230370336,-3.3,0.5555555555555556,0.5138888888888888,0.3611111111111111,0.3472222222222222,0.5277777777777778,0.4305555555555556
820,135229.34989268612,-83584.12476906388,9394.780201644446,51645.22512362222,14.051335531130665,12.342478351753332,0.9315023112889783,15.218090095346,5.25,0.2222222222222222,0.2638888888888889,0.20833333333333334,0.3055555555555556,0.5277777777777778,0.16666666666666666
821,117970.33173394606,-54277.971144632196,29229.593416766664,63692.36058931389,9.676696260636998,9.683717152243332,3.511113583892123,16.981498264928668,7.5,0.4583333333333333,0.4444444444444444,0.3055555555555556,0.5277777777777778,0.4444444444444444,0.09722222222222222
822,147466.41530418635,-42542.62814004746,94217.84509497361,104923.78716413889,14.151121075219997,15.654495094316,0.5890971516730252,21.166338032509998,6.6,0.75,0.8055555555555556,0.7916666666666666,0.1388888888888889,0.20833333333333334,0.125
823,125558.39069025971,-59926.47559614861,55982.61884536805,65631.9150941111,10.862769195115664,9.994990358235667,4.163575969834265,21.809998815862333,6.6000000000000005,0.7083333333333334,0.6388888888888888,0.6666666666666666,0.05555555555555555,0.16666666666666666,0.125
824,121020.18226992918,-57780.4679607125,39169.49946484444,63239.71430921666,9.734160769289664,9.82791991168033,2.1690889536538425,18.822565745286667,6.15,0.5972222222222222,0.5694444444444444,0.4722222222222222,0.20833333333333334,0.3333333333333333,0.1388888888888889
825,155955.69840594442,-63074.30933010831,71231.45150095694,92881.38907583611,13.352625889304331,10.759423441653999,2.6467351157698205,19.865836995770998,7.5,0.7083333333333334,0.625,0.6527777777777778,0.2638888888888889,0.25,0.09722222222222222
826,131695.51488719447,-89453.28739134305,6827.431917472222,42242.22749585138,10.580154593156331,12.293098002377665,-4.148758070045071,19.50704836911767,8.85,0.1527777777777778,0.19444444444444445,0.125,0.1111111111111111,0.4305555555555556,0.05555555555555555
827,142490.0787224361,-96674.54083397918,4519.9906821458335,45815.53788845694,11.521998055697331,10.186134967439,-4.352204049695294,17.274622524200332,7.5,0.16666666666666666,0.18055555555555555,0.08333333333333333,0.2361111111111111,0.5277777777777778,0.09722222222222222
828,126814.46534183472,-57430.817272325,39238.082560287505,69383.64806950971,8.272292781759331,8.956683097643332,1.8118106179488374,18.06879218105633,9.75,0.5416666666666666,0.5555555555555556,0.5,0.3888888888888889,0.3611111111111111,0.027777777777777776
829,140972.4921897085,-34422.98719120152,97408.86972969167,106549.50499850695,16.672179068290998,16.42371051151133,1.001889581294736,22.121205547554,7.5,0.8472222222222222,0.8194444444444444,0.8333333333333334,0.1111111111111111,0.1388888888888889,0.09722222222222222
83,122683.76695574445,-52890.36404056527,54199.11908813333,69793.40291517916,-3.9550460215789998,3.9576559262406668,-8.7858839592073,6.243619418534334,-4.199999999999999,0.4166666666666667,0.5416666666666666,0.3611111111111111,0.3472222222222222,0.4861111111111111,0.4583333333333333
830,130411.8373459528,-52273.490482445835,64815.74707537222,78138.34686350694,10.297240506443664,11.686924606119666,1.2391190958882805,22.257968083473,8.399999999999999,0.6944444444444444,0.7222222222222222,0.6944444444444444,0.16666666666666666,0.20833333333333334,0.06944444444444445
831,131145.73768853888,-82094.69353296666,19645.076099090278,49051.04415557222,9.357855939164665,9.198845214633664,-0.09527461287979377,19.39431684412633,7.95,0.4444444444444444,0.375,0.3194444444444444,0.1388888888888889,0.3888888888888889,0.08333333333333333
832,138344.14846074584,-98227.22367298194,6014.922836934722,40116.92478776389,10.786394873623,10.673754605691332,-2.223741855863726,17.628004402064334,8.4,0.1388888888888889,0.20833333333333334,0.09722222222222222,0.041666666666666664,0.4583333333333333,0.06944444444444445
833,131071.89537647221,-87721.37114215973,3670.256891251389,43350.5242343125,11.126780468330665,11.884425524839997,-0.5485881974497673,18.06475276799933,7.949999999999999,0.1388888888888889,0.125,0.1388888888888889,0.20833333333333334,0.5694444444444444,0.08333333333333333
834,146625.82180013333,-61222.870574450004,69935.79020101251,85402.95122568334,10.552345186474,11.791346483553664,2.8814210816214363,21.91717968589133,7.5,0.6944444444444444,0.6805555555555556,0.7083333333333334,0.1388888888888889,0.20833333333333334,0.09722222222222222
835,109019.96329138611,-59335.33748588611,15248.49525907639,49684.6258055,8.08630664655833,8.731120405456998,2.759895174613654,14.985393135744332,9.3,0.375,0.3888888888888889,0.3055555555555556,0.4444444444444444,0.4722222222222222,0.041666666666666664
836,142639.97683431668,-98559.07618799583,8087.512127297222,44080.90064632083,9.676773082369998,10.544652827609998,-2.730620655742775,17.00849185754933,8.4,0.2638888888888889,0.19444444444444445,0.16666666666666666,0.05555555555555555,0.4861111111111111,0.06944444444444445
837,132713.74634403334,-86111.57804680972,11707.858754248611,46602.168297223616,10.683188065424332,9.43724861018633,-3.070802815910432,17.830083156704,6.15,0.25,0.3194444444444444,0.18055555555555555,0.125,0.4583333333333333,0.1388888888888889
838,145264.17392205694,-100202.40134881111,12009.578963552778,45061.772573245835,9.976140397236332,10.935244427644998,-3.077648582228951,16.867392162513998,8.85,0.2638888888888889,0.2777777777777778,0.1111111111111111,0.1388888888888889,0.4166666666666667,0.05555555555555555
839,146782.7657786625,-105578.87947923472,5822.033452118055,41203.88629942778,10.28406892338733,11.465851360871998,-4.364036538098446,17.112062714195666,7.95,0.16666666666666666,0.16666666666666666,0.16666666666666666,0.05555555555555555,0.4583333333333333,0.08333333333333333
84,123098.733394225,-49877.65939036351,60202.193349198606,73221.07400386149,3.091812127099333,4.658589175545668,-9.994916035144364,7.367721425649002,-5.55,0.5694444444444444,0.4722222222222222,0.2916666666666667,0.4166666666666667,0.4722222222222222,0.5
840,116997.1988689639,-77629.75447882639,14720.280067793055,39367.4443901375,8.180404092292665,8.40931170371633,-0.7721483722937494,17.143099603745334,7.499999999999999,0.3194444444444444,0.3194444444444444,0.08333333333333333,0.18055555555555555,0.4027777777777778,0.09722222222222222
841,147666.9321931111,-84543.93742221111,38921.14362728333,63122.99477089998,9.358895499377331,10.396473304331664,-0.1046322461893221,20.733092459578,8.399999999999999,0.4722222222222222,0.5277777777777778,0.3194444444444444,0.16666666666666666,0.2916666666666667,0.06944444444444445
842,150009.28944126365,-37997.51852106782,106632.5866222,112011.77092019584,15.529913131095665,16.025898515517,-0.7807524382292537,25.221594824862,8.399999999999999,0.8472222222222222,0.8333333333333334,0.7361111111111112,0.1388888888888889,0.09722222222222222,0.06944444444444445
843,102687.28184644313,13597.850970324927,112835.12004726111,116285.13281676805,19.014392876113998,16.281747681633664,-2.7804299101512004,26.96592762528833,7.5,0.875,0.8611111111111112,0.8055555555555556,0.1111111111111111,0.05555555555555555,0.09722222222222222
844,138125.7570650704,-24117.27370967873,110245.12928390138,114008.48335539167,17.973895527213998,16.539803057447333,-0.02153025504531736,24.170183202264,8.399999999999999,0.8888888888888888,0.8888888888888888,0.7777777777777778,0.09722222222222222,0.125,0.06944444444444445
845,136767.7342741264,-90537.5235253389,2979.898360915278,46230.2107487875,8.949563351810331,10.576436031738664,-2.361262069968215,16.51329893418533,8.85,0.18055555555555555,0.09722222222222222,0.125,0.2777777777777778,0.5833333333333334,0.05555555555555555
846,117346.07009019237,-43238.73871841459,60295.92198112223,74107.33137177776,12.286383937661665,13.030118376268998,1.1476986839704189,23.247971745192665,7.05,0.7083333333333334,0.7916666666666666,0.6944444444444444,0.19444444444444445,0.19444444444444445,0.1111111111111111
847,132658.63382556115,-58206.75728597222,43626.69227552222,74451.87653958888,8.98807010421,10.210584168300333,2.0675721393849944,17.995212631315667,6.15,0.5138888888888888,0.6111111111111112,0.4583333333333333,0.4305555555555556,0.375,0.1388888888888889
848,126814.11715791111,-66586.72539143889,33438.6733426375,60227.39176647222,9.547716931263665,9.505291582797332,-1.6779759453370446,19.812630541386667,6.6,0.4444444444444444,0.5555555555555556,0.4583333333333333,0.18055555555555555,0.3333333333333333,0.125
849,153965.1001811847,-65330.291141188885,70838.00313373611,88634.80903999583,11.641251319040666,14.103033875803332,-0.05896427591464348,22.204442196663997,9.75,0.6388888888888888,0.7222222222222222,0.6805555555555556,0.08333333333333333,0.20833333333333334,0.027777777777777776
85,137040.03175332778,-70735.82272679584,39347.13168486944,66304.20902653194,0.24896278708900021,2.432373663529667,-8.210383455474485,8.494336892856335,-4.199999999999999,0.4305555555555556,0.4583333333333333,0.2222222222222222,0.3472222222222222,0.5138888888888888,0.4583333333333333
850,131291.7615094375,-93163.16751586666,5928.796642356944,38128.59399357084,8.867213610727998,10.346766128698665,-1.8762239586344036,18.366503721627332,5.25,0.16666666666666666,0.19444444444444445,0.09722222222222222,0.041666666666666664,0.4583333333333333,0.16666666666666666
851,136826.75397976942,-103131.86264584583,2992.3134862736115,33694.89133392361,10.932165366676665,9.053169778348664,-5.6984889747782645,18.362609554013662,8.4,0.1111111111111111,0.1527777777777778,0.125,0.041666666666666664,0.4444444444444444,0.06944444444444445
852,121826.31608267501,-74273.20461050695,7266.083482341667,47553.11147216806,9.308076477570332,10.021396975712332,0.4275118080327509,15.261377186557665,8.399999999999999,0.18055555555555555,0.20833333333333334,0.1111111111111111,0.3611111111111111,0.625,0.06944444444444445
853,155057.37619402498,-74175.13405533195,68173.19820266389,80882.24213869305,12.951223367694666,11.331275061665998,5.096593344967397,21.389190302912,8.399999999999999,0.7222222222222222,0.6388888888888888,0.6388888888888888,0.041666666666666664,0.20833333333333334,0.06944444444444445
854,128124.3738227514,-70383.98767792777,21182.41562093889,57740.386144823606,10.300742543126333,9.849871410645665,2.0477679211870274,16.594558722986335,7.05,0.3472222222222222,0.4166666666666667,0.3055555555555556,0.3194444444444444,0.4722222222222222,0.1111111111111111
855,151284.5874563925,-33254.03078508557,112795.92155375972,118030.55667130696,16.893597338232333,15.977192489199332,0.23893038994126947,21.599796231512,7.95,0.8194444444444444,0.8333333333333334,0.8611111111111112,0.08333333333333333,0.18055555555555555,0.08333333333333333
856,130824.84539441945,-69481.61372085834,30879.311321452777,61343.23167356112,10.085640481419665,10.429303657676996,1.8645387364129085,19.53634294734333,8.85,0.4444444444444444,0.5,0.3888888888888889,0.25,0.3194444444444444,0.05555555555555555
857,144343.2047026375,-75706.83576962777,33009.648011952784,68636.36893300973,9.663306416211665,9.857981677243998,2.824648569908348,18.350234085191666,8.4,0.5,0.4722222222222222,0.3888888888888889,0.3333333333333333,0.4027777777777778,0.06944444444444445
858,95247.1171184086,19689.87432903724,113847.43719409028,114936.99144744583,19.976628886001663,18.689550030062666,-2.9970986579804886,26.353794743821,8.399999999999999,0.9305555555555556,0.8888888888888888,0.8333333333333334,0.09722222222222222,0.05555555555555555,0.06944444444444445
859,151271.05874219,-36435.83082369835,109822.59404750694,114835.22791849167,18.041459381406,16.692632734363997,1.1542510997512578,24.800071052253664,7.5,0.875,0.8333333333333334,0.8472222222222222,0.05555555555555555,0.09722222222222222,0.09722222222222222
86,120962.03326194304,-44218.63151271389,60048.07537692083,76743.40174922916,0.6101875006983335,1.5830392912920002,-9.010357256624024,7.060047859989669,-3.7499999999999996,0.4861111111111111,0.4722222222222222,0.4305555555555556,0.2916666666666667,0.4722222222222222,0.4444444444444444
860,165840.2831164037,-41994.886564055094,121088.37090676252,123845.39655234861,20.745265049563333,16.026543366699,4.547940038402216,24.850765661883997,8.399999999999999,0.9305555555555556,0.8472222222222222,0.875,0.041666666666666664,0.08333333333333333,0.06944444444444445
861,147521.5415958,-64770.10294144862,48228.17254288195,82751.43865435138,10.772426433660332,10.739768414875666,1.6788450739874186,17.394552698524333,8.85,0.5694444444444444,0.5972222222222222,0.5694444444444444,0.375,0.4305555555555556,0.05555555555555555
862,130003.41051259112,-12908.682651956387,106625.60532080277,117094.72786063474,18.099398512446665,17.616821484794333,-0.5485859883436877,21.110095383590664,8.85,0.8055555555555556,0.7916666666666666,0.8055555555555556,0.125,0.2222222222222222,0.05555555555555555
863,114267.43159716667,-56563.42901740139,31670.632313872222,57704.00257976528,10.877529039939333,10.854391046774664,2.8006509490141207,17.708916428951,8.399999999999999,0.5694444444444444,0.5277777777777778,0.5138888888888888,0.25,0.3888888888888889,0.06944444444444445
864,136695.05254983867,-53383.36188630395,69596.55702492916,83311.69066353473,13.533327837906665,12.764973467696665,1.5685279449159888,21.387425231303332,8.399999999999999,0.7083333333333334,0.7361111111111112,0.625,0.20833333333333334,0.2222222222222222,0.06944444444444445
865,163692.6686857389,-52404.26721968889,108231.98886312915,111288.40146605,16.91337593599033,17.209979523152,4.898595881514539,24.501067442136666,8.85,0.8611111111111112,0.8055555555555556,0.8333333333333334,0.1111111111111111,0.09722222222222222,0.05555555555555555
866,116155.77972943749,-79107.40501419861,13426.82087393611,37048.37471523889,9.521935826790333,9.681857663572998,0.3999735220286904,18.673778476477665,8.85,0.2361111111111111,0.3333333333333333,0.2916666666666667,0.027777777777777776,0.3888888888888889,0.05555555555555555
867,121441.38092747802,-23339.237930414107,93658.98305248196,98102.14299706389,14.086367454622,13.905956166763666,-0.4897584029815073,26.691220823263663,9.299999999999999,0.7916666666666666,0.8472222222222222,0.8472222222222222,0.041666666666666664,0.06944444444444445,0.041666666666666664
868,157466.65773858194,-63381.92812875833,75853.4127760486,94084.72960982361,13.054052103540332,13.317122348318,1.7311234527387596,21.583816631735996,8.399999999999999,0.6944444444444444,0.75,0.6527777777777778,0.2361111111111111,0.2638888888888889,0.06944444444444445
869,136595.99420435418,-40319.16073819864,82259.29349420832,96276.83346615554,14.648504008410665,15.032775951686332,-0.08203768386052473,19.592778065551002,7.050000000000001,0.7361111111111112,0.7222222222222222,0.6805555555555556,0.19444444444444445,0.25,0.1111111111111111
87,118190.67232249305,-41286.01226659029,67841.94609258055,76904.66005590277,1.3539788947266667,0.38863715074799976,-7.939822851043237,7.588692256348335,-4.6499999999999995,0.5138888888888888,0.5277777777777778,0.375,0.20833333333333334,0.4444444444444444,0.4722222222222222
870,148039.8288643028,-48143.33276338335,89442.83333527778,99896.49610091945,15.142448029598333,16.348160546465,2.6494571268813365,24.916643995517664,9.3,0.75,0.7638888888888888,0.7222222222222222,0.1527777777777778,0.16666666666666666,0.041666666666666664
871,153954.37628320695,-66825.7885264375,56505.543299875004,87128.58775676944,12.621009753066998,10.367213972706331,2.557438716808779,20.110151170487,9.299999999999999,0.625,0.5694444444444444,0.5694444444444444,0.3472222222222222,0.2777777777777778,0.041666666666666664
872,144011.4975646278,-68302.96408568193,63195.39744437917,75708.53347894583,9.997564005318665,12.777473581163665,4.200815195557443,21.420646644599998,7.5,0.6666666666666666,0.6805555555555556,0.6805555555555556,0.06944444444444445,0.19444444444444445,0.09722222222222222
873,140350.8668098746,-33901.97044783292,97247.88974641527,106448.89636204166,14.157401972546998,16.25504842374533,-0.6404876187100745,22.84149841594533,6.6,0.7777777777777778,0.8333333333333334,0.7361111111111112,0.16666666666666666,0.18055555555555555,0.125
874,144979.7785528499,-29093.725546913778,113386.74806569584,115886.05300593612,16.605341124555,18.19690824403,0.9680794749733237,21.384557837233665,7.05,0.875,0.9027777777777778,0.8055555555555556,0.09722222222222222,0.16666666666666666,0.1111111111111111
875,129782.72689407918,-84173.48278925556,2911.287431020833,45609.244104823614,12.174332224156998,11.19706045499533,-1.5636128714942255,17.347995663971332,5.25,0.041666666666666664,0.09722222222222222,0.041666666666666664,0.3194444444444444,0.5972222222222222,0.16666666666666666
876,120765.60123287045,3935.4242367545344,119677.74172765555,124701.025469625,20.383152567535,18.795900776821664,-0.9491676780334589,23.864717528511665,8.85,0.8888888888888888,0.8611111111111112,0.8333333333333334,0.1111111111111111,0.1388888888888889,0.05555555555555555
877,159569.67688970242,-44526.87131017744,109520.72119683889,115042.80557952501,18.97118628181,16.761729779902332,3.442410553061164,25.37257268918833,8.4,0.8333333333333334,0.7916666666666666,0.8194444444444444,0.08333333333333333,0.08333333333333333,0.06944444444444445
878,139949.9106190486,-102562.0532867611,3304.3686060555556,37387.8573322875,10.373183965345666,11.743972951099666,-3.149040994372861,19.243054626934665,8.399999999999999,0.1527777777777778,0.125,0.06944444444444445,0.0,0.4722222222222222,0.06944444444444445
879,159459.19756788833,-66698.27371889945,67445.82111684166,92760.92384898888,12.328881790828664,13.291906432003664,1.8593590894885454,20.227642434192,10.649999999999999,0.6944444444444444,0.6666666666666666,0.6527777777777778,0.2777777777777778,0.2777777777777778,0.0
88,141066.82620581807,-77526.77591063333,37107.961650784724,63540.05029518473,3.373327556894,5.063491086345667,-4.922451089322795,8.962345487265,-2.8499999999999996,0.5138888888888888,0.6111111111111112,0.4166666666666667,0.2638888888888889,0.4861111111111111,0.4166666666666667
880,147185.1883099375,-94030.6983429639,23668.46524796389,53154.48996697361,11.088996948216664,10.781741115402664,0.0012542785525005984,20.105817568870332,8.399999999999999,0.3472222222222222,0.4166666666666667,0.3472222222222222,0.08333333333333333,0.3333333333333333,0.06944444444444445
881,141878.43659335695,-84959.92853776945,21407.15551949722,56918.5080555875,11.348294962231332,11.190173124847998,1.9571103753335368,18.40864790206633,9.75,0.3472222222222222,0.3888888888888889,0.3194444444444444,0.19444444444444445,0.4305555555555556,0.027777777777777776
882,147282.63484606918,-37114.75857003584,107741.35198294444,110167.87627603333,19.163613002106665,17.633720735144,4.5226816332781725,22.919668241251,9.749999999999998,0.8611111111111112,0.875,0.8611111111111112,0.08333333333333333,0.125,0.027777777777777776
883,147198.7708934847,-24694.771953452786,120503.46902157778,122503.99894003192,19.908367523661997,20.183408918878,3.6199017759703365,26.446494137155664,10.2,0.9305555555555556,0.9027777777777778,0.8888888888888888,0.08333333333333333,0.05555555555555555,0.013888888888888888
884,146051.22762730694,-78416.76148112777,23760.734462556946,67634.46614617917,9.693300117998998,10.116358239791666,3.086370317318236,15.559454765787333,7.5,0.3611111111111111,0.3888888888888889,0.375,0.3888888888888889,0.4722222222222222,0.09722222222222222
885,126987.29269943612,-56938.164462325,43180.082947931936,70049.1282371111,9.395120860744331,8.678575349321665,1.5801764150119744,18.268489698001332,6.6,0.5416666666666666,0.6527777777777778,0.5972222222222222,0.3194444444444444,0.3888888888888889,0.125
886,124104.13170271387,-68600.7572066611,19960.765632998613,55503.37449605278,9.057433313523,10.534565786901666,1.968671789952777,16.574136370134667,8.85,0.4027777777777778,0.4027777777777778,0.375,0.375,0.4722222222222222,0.05555555555555555
887,144671.94524300692,-97662.70490592362,13182.17302155,47009.24033708333,10.727962833451333,11.306564850670332,-0.5230682473664485,19.800828309003332,8.4,0.2638888888888889,0.2638888888888889,0.2361111111111111,0.09722222222222222,0.375,0.06944444444444445
888,155960.74826492497,-67238.35619223889,74362.60612406944,88722.39207268611,14.521139243875332,14.118459635951998,4.237777100084583,22.72018564884833,9.75,0.6805555555555556,0.7083333333333334,0.6388888888888888,0.16666666666666666,0.19444444444444445,0.027777777777777776
889,157799.5330163625,-71169.39469462499,68354.10761291112,86630.1383217375,13.07344483627033,13.223510079885997,2.026050183379797,22.50538757718367,9.299999999999999,0.6388888888888888,0.6944444444444444,0.5972222222222222,0.1527777777777778,0.2222222222222222,0.041666666666666664
89,140931.3852555139,-85048.15680288195,24185.779277401387,55883.22845263194,3.092003502146999,2.0474437995383337,-8.388785969070986,8.370125209055667,-4.65,0.5,0.5,0.2777777777777778,0.3472222222222222,0.4305555555555556,0.4722222222222222
890,120050.5445606605,-9395.395240191057,106507.38926466944,110655.14932046944,18.952093348259663,16.399809449786666,-0.622050418452446,21.966428108715334,9.3,0.9166666666666666,0.8611111111111112,0.8333333333333334,0.09722222222222222,0.16666666666666666,0.041666666666666664
891,133597.96532009027,-61636.94299934583,53600.52533145834,71961.02232074445,10.574706834053664,11.866110605349999,4.384194896404121,19.687772450337665,8.399999999999999,0.5972222222222222,0.6111111111111112,0.6388888888888888,0.25,0.3055555555555556,0.06944444444444445
892,119917.04887055556,-85279.01432426387,6552.259844358334,34638.03454629166,10.246185450540665,10.914648128559332,-1.4288221648773864,19.665742878885332,7.5,0.1388888888888889,0.18055555555555555,0.16666666666666666,0.027777777777777776,0.4166666666666667,0.09722222222222222
893,123087.51341024028,-81246.46472923056,18201.64790396111,41841.04868100972,10.076303370181332,10.057356242875665,-0.2123508414247885,20.01373693867,7.5,0.3333333333333333,0.3611111111111111,0.3055555555555556,0.08333333333333333,0.3472222222222222,0.09722222222222222
894,136273.54775545278,-64453.28740838333,55277.13466166527,71820.26034706944,13.420648435299999,12.766841860668666,2.596028383228849,21.952741047607,8.399999999999999,0.6111111111111112,0.6666666666666666,0.5555555555555556,0.05555555555555555,0.2361111111111111,0.06944444444444445
895,117764.80029319915,-25979.896526943587,85207.52094214167,91784.90376625555,15.359432576516665,15.48021032953,0.6360598012659249,25.240701036449998,6.6,0.8194444444444444,0.8055555555555556,0.7361111111111112,0.1388888888888889,0.1111111111111111,0.125
896,133591.85577495417,-78484.5359202889,19092.83587771111,55107.31985466528,9.879662211303998,9.983712106671332,1.344580893083843,15.834970134034663,8.4,0.3888888888888889,0.375,0.3194444444444444,0.2777777777777778,0.4722222222222222,0.06944444444444445
897,127771.35572943055,-59403.19292549862,32857.0342046,68368.16280393193,9.454991320921998,9.891800083405666,3.467820422726198,17.850446014906666,8.85,0.5,0.5138888888888888,0.4583333333333333,0.4305555555555556,0.4583333333333333,0.05555555555555555
898,137002.55334299445,-96556.4566756875,2371.4573104513893,40446.09666730694,11.536976162615998,11.876079459681332,-2.5218113100756154,16.90351754154033,9.75,0.05555555555555555,0.06944444444444445,0.09722222222222222,0.16666666666666666,0.5555555555555556,0.027777777777777776
899,154631.30890212514,-52899.76508293071,83939.28810627361,101731.54381919446,12.937847429761,14.597900563768665,2.1905944408991616,23.18036278797533,8.85,0.7222222222222222,0.7916666666666666,0.7222222222222222,0.2222222222222222,0.2222222222222222,0.05555555555555555
9,134324.88928196667,-92260.77293120278,11677.423892651388,42064.11635076389,3.9010685366173328,5.520058514000333,-9.895491986250924,5.170067066981335,-6.45,0.4027777777777778,0.3888888888888889,0.3472222222222222,0.3194444444444444,0.3611111111111111,0.5277777777777778
90,110943.40328187222,-61269.99272275416,25310.75723503889,49673.410559118056,4.525218859624333,4.545023008752667,-9.66192764468708,10.137666691617667,-3.75,0.4305555555555556,0.4861111111111111,0.3888888888888889,0.2916666666666667,0.4722222222222222,0.4444444444444444
900,135296.53527299163,-93795.54426547639,7695.159779874999,41500.99100751528,11.803622364688998,11.845377574396998,-3.188327817786203,19.611960246760667,8.399999999999999,0.19444444444444445,0.20833333333333334,0.4027777777777778,0.06944444444444445,0.4166666666666667,0.06944444444444445
901,132344.95090428196,-91161.27238657502,5741.526282258334,41183.67851770695,9.400422346925996,8.644168845624664,-3.0886039982614317,17.52108517021866,10.649999999999999,0.1111111111111111,0.19444444444444445,0.09722222222222222,0.05555555555555555,0.4861111111111111,0.0
902,130496.7317690975,-13552.702897457239,113837.23817466944,116944.02887164026,17.481296666404997,15.584085877289331,0.48242014804279115,24.148556587253665,8.85,0.8888888888888888,0.875,0.8611111111111112,0.05555555555555555,0.1111111111111111,0.05555555555555555
903,111771.72645391949,3312.856835656925,114082.39994335416,115084.58328957637,19.691956553569334,19.980870203739,-2.1268485552319367,26.409663756727,9.75,0.9166666666666666,0.9305555555555556,0.8194444444444444,0.1111111111111111,0.05555555555555555,0.027777777777777776
904,147459.24420601808,-92224.54266197917,24719.300259112497,55234.701544038886,9.242022571614665,10.507913064645997,0.2078861163454101,20.10745493007333,9.299999999999999,0.4444444444444444,0.3888888888888889,0.3888888888888889,0.027777777777777776,0.3611111111111111,0.041666666666666664
905,128239.91259323357,-26614.77202150163,92884.48853131666,101625.14057173194,15.915592556819664,15.320898240398666,-0.40061319202482654,22.706497527822666,9.75,0.8611111111111112,0.8194444444444444,0.7916666666666666,0.16666666666666666,0.125,0.027777777777777776
906,119871.15125925417,-49381.51743475556,63399.55576119028,70489.6338244986,13.374909853754332,13.091399557223664,5.050046401354748,23.544835837460667,9.299999999999999,0.8333333333333334,0.8055555555555556,0.7916666666666666,0.027777777777777776,0.1527777777777778,0.041666666666666664
907,132818.22449777636,-56804.79592536944,60231.7138324361,76013.42857240695,12.160831209371999,11.220146610289664,4.670442744105678,20.288557411871,7.95,0.7222222222222222,0.6805555555555556,0.6666666666666666,0.2222222222222222,0.25,0.08333333333333333
908,175983.33253652137,-54665.46393936718,116166.45165510972,121317.86859715417,18.921761110171666,18.878675652007665,6.317911152355528,23.931511041179334,7.05,0.9027777777777778,0.9027777777777778,0.9027777777777778,0.027777777777777776,0.125,0.1111111111111111
909,155944.3763067361,-71383.04212916113,49397.42115870417,84561.334177575,10.910378573327998,11.018214200164332,2.324611380204043,19.796034325440665,8.85,0.5833333333333334,0.5833333333333334,0.5694444444444444,0.3611111111111111,0.3194444444444444,0.05555555555555555
91,129921.56088743333,-80396.29459634583,14356.59087479722,49525.26629108751,3.713156958519333,2.1930609423253333,-6.911386335182803,4.689611706164334,-4.2,0.4305555555555556,0.4444444444444444,0.20833333333333334,0.3333333333333333,0.5,0.4583333333333333
910,121502.62013035278,-86628.00176451945,6082.287733077778,34874.61836583333,10.981897094350664,10.902337510764998,-1.7980859164696283,16.784024888113997,7.949999999999999,0.16666666666666666,0.19444444444444445,0.18055555555555555,0.027777777777777776,0.4444444444444444,0.08333333333333333
911,130008.7629798861,-83257.0731142514,5689.843556998611,46751.689865634726,12.367719107496333,12.248638337789664,0.22431394866926685,16.381179414627333,10.2,0.19444444444444445,0.19444444444444445,0.1388888888888889,0.25,0.5,0.013888888888888888
912,130818.56225877361,-75905.11484247638,19912.754475380552,54913.447416297226,9.959041289835664,9.726751179141331,1.0366522674536127,17.678896182533666,7.949999999999999,0.3611111111111111,0.3888888888888889,0.3611111111111111,0.2777777777777778,0.4444444444444444,0.08333333333333333
913,131098.23974853748,-94868.17364516805,2503.6063486541666,36230.066103369434,10.53025591042333,10.293171797700666,-3.8055246466154786,18.352875844748333,8.399999999999999,0.08333333333333333,0.08333333333333333,0.16666666666666666,0.041666666666666664,0.4861111111111111,0.06944444444444445
914,142460.29680465555,-101963.26476140278,5692.166301215278,40497.03204325278,10.845815022014332,11.195022240447331,-3.37946808792896,18.669750585537,9.3,0.16666666666666666,0.1527777777777778,0.125,0.027777777777777776,0.4583333333333333,0.041666666666666664
915,158762.34230055835,-54227.576660615276,93862.16457840554,104534.76563994304,16.177416091416667,16.25010947061633,4.79762749745027,23.202043894027998,8.85,0.75,0.7361111111111112,0.6944444444444444,0.18055555555555555,0.19444444444444445,0.05555555555555555
916,154314.42722619872,-51846.11497475565,80783.84511798056,102468.31225144306,13.922727877599666,13.587583990745665,1.1553832152618413,20.955144509958664,10.2,0.7083333333333334,0.7083333333333334,0.6527777777777778,0.2638888888888889,0.2638888888888889,0.013888888888888888
917,151949.4274196295,-55496.05538692254,80798.18874353613,96453.37203270695,14.201475315721332,14.534312149566999,1.74867615753794,22.739980443872998,9.299999999999999,0.7916666666666666,0.7777777777777778,0.7638888888888888,0.1527777777777778,0.19444444444444445,0.041666666666666664
918,134284.6014451127,-12106.766791639096,118141.43260507501,122177.83465347362,17.61614227454733,18.16665328980833,-0.42396928797324795,26.27090562530833,8.85,0.875,0.9166666666666666,0.8611111111111112,0.1111111111111111,0.06944444444444445,0.05555555555555555
919,123297.86978575784,-3896.0256672647884,116730.7330162139,119401.84411849307,19.169106039931332,17.19864846685,-0.8187402161418759,25.896811593458665,9.299999999999999,0.9444444444444444,0.9027777777777778,0.8611111111111112,0.08333333333333333,0.06944444444444445,0.041666666666666664
92,118813.64017753334,-66560.05319855834,24480.895058922222,52253.586978975,4.352745834227999,6.124513098425666,-4.761102163466899,6.873751975551667,-6.449999999999999,0.4861111111111111,0.4861111111111111,0.4027777777777778,0.2777777777777778,0.5416666666666666,0.5277777777777778
920,138581.21798200312,-24473.458602218416,109905.17116137639,114107.75937978472,16.884754798424332,18.805465315534995,1.7621315647030067,24.54677774310733,7.949999999999999,0.8472222222222222,0.875,0.8472222222222222,0.08333333333333333,0.09722222222222222,0.08333333333333333
921,145910.87140890502,-67807.96265526333,34916.192987061106,78102.90875364168,9.548647088732332,10.512113100217999,2.9715499796056024,17.66833565591233,8.399999999999999,0.5416666666666666,0.4861111111111111,0.5,0.4305555555555556,0.4444444444444444,0.06944444444444445
922,150847.328212575,-70853.86202942084,39827.98496943611,79993.46618315416,11.071626539468665,11.253165458647665,4.088009857573168,18.928320869413334,8.85,0.5138888888888888,0.5138888888888888,0.4583333333333333,0.4305555555555556,0.4305555555555556,0.05555555555555555
923,140896.87143838473,-91918.74793895833,4322.6811034902785,48978.12349942639,12.777712138711331,12.089513470287997,0.13338588783399852,18.09737906401633,6.6,0.1111111111111111,0.125,0.05555555555555555,0.2638888888888889,0.5833333333333334,0.125
924,128726.58030698702,-17645.84711964535,105934.94127202223,111080.73318734167,17.690354832527,17.036886534275997,-0.9744183497023053,26.231124887274664,10.2,0.8888888888888888,0.8611111111111112,0.8194444444444444,0.08333333333333333,0.08333333333333333,0.013888888888888888
925,140572.96867535138,-86861.9361143125,3960.7090213861115,53711.03256103889,12.142324336996998,11.316731646452666,2.6992702336804437,16.232485715558333,9.299999999999999,0.1388888888888889,0.1388888888888889,0.06944444444444445,0.3888888888888889,0.625,0.041666666666666664
926,139784.69952614998,-94203.11598072917,18608.278170052778,45581.583545420835,12.179180427052666,12.184933852250998,0.47361840959282375,20.697364259051998,8.85,0.4305555555555556,0.3055555555555556,0.3055555555555556,0.0,0.3472222222222222,0.05555555555555555
927,141635.52101660694,-63642.29335176945,65335.04804168889,77993.2276648375,13.494358874753665,14.63587219934433,6.18043430099584,21.797586820131997,8.399999999999999,0.75,0.7083333333333334,0.625,0.1111111111111111,0.18055555555555555,0.06944444444444445
928,143432.07073258195,-101412.28235463888,6069.941342345834,42019.788377943056,11.582198379636665,10.641955383135997,-1.613569427783768,20.313775151258668,9.75,0.18055555555555555,0.19444444444444445,0.06944444444444445,0.05555555555555555,0.4722222222222222,0.027777777777777776
929,130525.14300185835,-12164.259418876396,107977.4457916514,118360.88358298194,19.13465494578933,19.618346634242,1.444501559776454,23.85852891881,9.3,0.8194444444444444,0.8472222222222222,0.7777777777777778,0.1527777777777778,0.1388888888888889,0.041666666666666664
93,127098.28469259308,-43231.018463276385,73161.76279104306,83867.26622931666,2.903697025364,5.687871724652,-7.057535626018094,10.459032510919,-6.0,0.4583333333333333,0.5833333333333334,0.375,0.3194444444444444,0.4027777777777778,0.5138888888888888
930,154157.806117825,-74458.20605951111,60342.29809436528,79699.60005831388,11.508165244475332,13.617990073819666,3.9794957622638116,22.692857110303997,9.299999999999999,0.625,0.6111111111111112,0.5694444444444444,0.05555555555555555,0.20833333333333334,0.041666666666666664
931,167176.54539251747,-56567.794403135544,102900.07243727084,110608.75098938195,16.65275978588033,18.236738622986998,6.553289831841713,25.251549212336,8.85,0.8055555555555556,0.8194444444444444,0.8333333333333334,0.05555555555555555,0.125,0.05555555555555555
932,138583.30177251404,-12160.297433226537,121188.36922174027,126423.0043392875,17.612100634323,18.64740640651066,0.4155391375012885,26.561008383370996,9.75,0.8611111111111112,0.875,0.8888888888888888,0.05555555555555555,0.06944444444444445,0.027777777777777776
933,121660.75927291389,-76809.90209227223,14218.630792376389,44850.857180641666,10.25057339549933,10.395395912292665,2.7627136826868544,18.065379257276334,9.299999999999999,0.3611111111111111,0.2777777777777778,0.18055555555555555,0.125,0.4444444444444444,0.041666666666666664
934,132321.25184263193,-94690.60494572221,4995.536216743056,37630.64689690972,11.747621730218999,9.82026043149033,-3.235300388330196,18.59522188103233,8.85,0.09722222222222222,0.16666666666666666,0.08333333333333333,0.05555555555555555,0.4444444444444444,0.05555555555555555
935,144674.46329743566,-51212.75694342174,79576.13804616805,93461.70635401388,15.441223884775333,14.453574925626999,2.6054387522199236,24.625649844201998,10.2,0.8194444444444444,0.6944444444444444,0.6666666666666666,0.18055555555555555,0.1527777777777778,0.013888888888888888
936,153075.32479897083,-75481.91889955832,45348.13478130555,77593.40589941251,11.983774048057665,11.411815223393997,3.7205058701512628,19.207885232792332,9.75,0.5972222222222222,0.5277777777777778,0.5,0.25,0.3333333333333333,0.027777777777777776
937,130696.576755131,-9022.305916206004,119427.41661829584,121674.27083892499,21.21055218835933,19.14671945084833,1.1769558125116315,27.065786286016998,9.75,0.9444444444444444,0.9027777777777778,0.8888888888888888,0.06944444444444445,0.041666666666666664,0.027777777777777776
938,126679.83094851527,-91396.71634198196,3231.2515789513886,35283.11460653333,9.79915220549333,10.198683798235333,-2.7912000940639214,18.616078851856997,10.649999999999999,0.125,0.08333333333333333,0.125,0.041666666666666664,0.5138888888888888,0.0
939,162022.89413815556,-74006.73549383473,59877.33708006666,88016.15864432084,12.624948201414664,12.843648213731331,3.967751468624906,21.203029877880667,8.399999999999999,0.6527777777777778,0.625,0.5833333333333334,0.19444444444444445,0.25,0.06944444444444445
94,139029.13085072918,-83365.4465640375,32777.24373445695,55663.68428669167,2.6596316584053334,3.9302878923420006,-6.3826804014999015,7.919061001381335,-3.749999999999999,0.5,0.4722222222222222,0.4027777777777778,0.2361111111111111,0.3611111111111111,0.4444444444444444
940,101186.70517694292,-10744.979830890128,84345.9972847889,90441.72534605277,14.705027587931,16.828297837198996,-0.015685689803461883,23.79158375624,8.85,0.8194444444444444,0.8611111111111112,0.8055555555555556,0.08333333333333333,0.1388888888888889,0.05555555555555555
941,114234.54897732224,-62564.747609672224,18284.895104127776,51669.80136765,10.632476936034664,10.951454704733997,2.6440141531234573,17.026730787336,10.2,0.4305555555555556,0.375,0.3194444444444444,0.2638888888888889,0.4861111111111111,0.013888888888888888
942,137820.74147574583,-93395.51400357917,3812.456849781945,44425.227472166676,11.932814658361664,11.221941239549665,-1.6269885028011855,16.628269925688002,9.299999999999999,0.05555555555555555,0.125,0.027777777777777776,0.1111111111111111,0.5694444444444444,0.041666666666666664
943,161296.42962912627,-39602.86714392626,119194.25754495972,121693.56248519999,19.45234546236333,19.832650695128667,5.466197088420534,26.820745583351332,10.649999999999999,0.9305555555555556,0.9166666666666666,0.8611111111111112,0.05555555555555555,0.05555555555555555,0.0
944,132717.21191044583,-92805.16547844029,9868.005607509722,39912.04643200556,12.121476393075334,11.790312711749998,0.11972255299742918,20.385152818102668,9.75,0.2777777777777778,0.2222222222222222,0.18055555555555555,0.013888888888888888,0.375,0.027777777777777776
945,119625.36698575168,1813.6605645413727,118767.91644801389,121439.02755029306,19.008700839642334,18.319468866548334,0.42892059258074267,26.617865284440995,9.75,0.9444444444444444,0.9305555555555556,0.875,0.041666666666666664,0.05555555555555555,0.027777777777777776
946,133722.17415435985,-47242.56271096402,70526.50259279028,86479.61144339583,13.969859071764333,13.540469168334333,3.246793639295493,22.560751368623333,8.849999999999998,0.7777777777777778,0.7361111111111112,0.6944444444444444,0.19444444444444445,0.20833333333333334,0.05555555555555555
947,134013.19039393502,-21143.99395055582,108721.43638757916,112869.19644337917,18.853878288491998,16.97496673412733,1.0965316420069944,25.735351554040996,10.2,0.9166666666666666,0.8611111111111112,0.8611111111111112,0.08333333333333333,0.08333333333333333,0.013888888888888888
948,160141.67179936005,-37056.44842734617,118871.64017644028,123085.22337201388,17.884874859586667,19.67808338945133,2.983010583161419,24.934281753165664,10.2,0.8888888888888888,0.9166666666666666,0.8888888888888888,0.05555555555555555,0.09722222222222222,0.013888888888888888
949,141442.79809171805,-103085.79279653334,3806.485534161111,38357.005295184725,12.499082172765998,11.979759204111332,-2.463808000973067,18.97527076207833,8.85,0.1111111111111111,0.125,0.05555555555555555,0.013888888888888888,0.5,0.05555555555555555
95,123540.1058030639,-77039.20487749582,14758.209182501389,46500.90092556806,1.0764224292090006,2.179132301569333,-1.1608711448506104,1.8008171819190015,-2.8499999999999996,0.5694444444444444,0.4444444444444444,0.3194444444444444,0.3194444444444444,0.4861111111111111,0.4166666666666667
950,165315.35097451523,-57958.97434339301,100713.01165725972,107356.37663112223,15.072999411652667,17.82626699422133,4.4502764033668765,25.63646228525966,9.299999999999999,0.8472222222222222,0.8611111111111112,0.8472222222222222,0.05555555555555555,0.09722222222222222,0.041666666666666664
951,126858.40942511667,-81236.32460541946,5049.811673394444,45622.08481969722,12.02903409332433,12.711816264639666,1.5066041455688823,16.462687711888332,10.2,0.20833333333333334,0.16666666666666666,0.041666666666666664,0.2361111111111111,0.5972222222222222,0.013888888888888888
952,134770.09792473752,-68483.01766181806,45176.070483186115,66287.08026291945,10.54174047870633,10.106816110134996,2.6271529088719596,21.412664507456668,9.3,0.5833333333333334,0.5833333333333334,0.5416666666666666,0.08333333333333333,0.2916666666666667,0.041666666666666664
953,145204.09831874195,-53652.0729831725,75597.33623844861,91552.02533556946,14.93042172555933,14.120263110909331,2.425086995332105,22.299265728742,10.649999999999999,0.7916666666666666,0.6805555555555556,0.6944444444444444,0.20833333333333334,0.20833333333333334,0.0
954,139917.91717273335,-99992.27005174583,3084.8283853902776,39925.6471209875,12.322537910154331,11.96607527844633,-2.947358675001997,19.451156440982,9.299999999999999,0.08333333333333333,0.1111111111111111,0.0,0.027777777777777776,0.5,0.041666666666666664
955,141709.35988789165,-94408.65819702222,21623.346910702778,47300.70169086944,10.912388046916666,10.971330387242666,2.252609558995455,20.485305278962667,10.649999999999999,0.4305555555555556,0.3333333333333333,0.2916666666666667,0.0,0.3194444444444444,0.0
956,133901.50089907832,-4541.018144570012,126843.65396944583,129360.48275450832,20.91541589884433,21.690403466933333,0.6890155181864988,25.332975193106996,9.75,0.9305555555555556,0.9444444444444444,0.8888888888888888,0.05555555555555555,0.08333333333333333,0.027777777777777776
957,122034.20760132083,-73298.36213872916,4793.4248202680565,48735.845462591664,10.263010427801332,10.350794399545997,2.719046532192392,14.637392996750997,9.299999999999999,0.1527777777777778,0.1388888888888889,0.09722222222222222,0.4166666666666667,0.6527777777777778,0.041666666666666664
958,148423.17995035756,-44355.952433849234,93222.27789525139,104067.22751650834,16.988699000698663,16.988699000698663,3.555028773526855,25.175280707843665,9.75,0.8611111111111112,0.7638888888888888,0.7638888888888888,0.125,0.125,0.027777777777777776
959,129593.55363172179,-9953.129507728729,112915.27802435,119640.42412399304,18.604629486789996,18.604629486789996,0.6827102239315358,24.677175375675333,10.2,0.9305555555555556,0.8888888888888888,0.8611111111111112,0.05555555555555555,0.1111111111111111,0.013888888888888888
96,117242.51102283613,-68811.05189453055,30436.602999455554,48431.45912830556,3.363952453425666,3.4362922183876665,-7.208941918179764,10.467157228789002,-4.199999999999999,0.4722222222222222,0.5277777777777778,0.3333333333333333,0.2638888888888889,0.4583333333333333,0.4583333333333333
960,122393.20144644027,-67172.62134065416,38061.15797212362,55220.58010578611,9.319810724916332,9.716035618979666,2.063589221679817,22.669785101534664,7.949999999999999,0.5555555555555556,0.5694444444444444,0.5,0.027777777777777776,0.2361111111111111,0.08333333333333333
961,123300.80205703333,-78298.58539045001,4457.714550766667,45002.216666583336,11.07333865497733,10.668721473837998,1.4006126240396193,17.096551986841334,10.2,0.1388888888888889,0.1111111111111111,0.08333333333333333,0.3333333333333333,0.5833333333333334,0.013888888888888888
962,156536.98618053054,-77837.68219140833,59524.94951092083,78699.30398912221,12.936608751487999,13.446254916913333,4.838661663699931,23.82753169031733,10.649999999999999,0.625,0.5972222222222222,0.5972222222222222,0.05555555555555555,0.19444444444444445,0.0
963,130648.44054936667,-92749.0582675125,1580.2727163944446,37899.38228185417,11.496100962133331,11.172873055774332,-0.70676073147117,18.00772864211533,10.649999999999999,0.09722222222222222,0.041666666666666664,0.05555555555555555,0.1527777777777778,0.5277777777777778,0.0
964,127722.92778143357,-38506.63005138496,71700.23876390139,89216.29773004861,14.233584265070665,13.802985343238332,1.7167676287549611,21.352411690029996,10.2,0.7083333333333334,0.6527777777777778,0.6388888888888888,0.2777777777777778,0.3055555555555556,0.013888888888888888
965,146416.64791910417,-98321.42059877499,4665.365637433333,48095.22732032916,11.55853364201933,12.250524517329332,-0.4214459531695702,17.93086599946033,9.75,0.1111111111111111,0.1111111111111111,0.125,0.25,0.5555555555555556,0.027777777777777776
966,156580.14339183582,-50947.67926457607,86132.53847308055,105632.46412725972,15.009249492233334,15.852697697840664,2.686496176058053,23.021150655918664,10.2,0.7222222222222222,0.7083333333333334,0.7222222222222222,0.2361111111111111,0.2361111111111111,0.013888888888888888
967,154108.91977826977,-26384.175003658656,122942.99961597778,127724.74477461113,19.909964656146666,19.76536039220933,3.166771036723018,25.986443681255665,7.949999999999999,0.9027777777777778,0.9166666666666666,0.8611111111111112,0.08333333333333333,0.08333333333333333,0.08333333333333333
968,134845.40403315,-79659.35632515556,20889.401931295833,55186.04770799444,11.614545316838331,11.173998800554333,1.9394191348818153,20.272015725949664,10.2,0.4444444444444444,0.375,0.3333333333333333,0.18055555555555555,0.4027777777777778,0.013888888888888888
969,140375.4602930514,-76042.39304996528,26612.692130454165,64333.06724308611,11.727597850547332,11.748329108077998,3.7970749674867266,19.483414170098666,10.649999999999999,0.5138888888888888,0.4166666666666667,0.3888888888888889,0.3333333333333333,0.4166666666666667,0.0
97,122142.42673930971,-44067.59432811805,66726.62925310138,78074.83241119166,2.581675919246334,1.5172684918596662,-3.3898275582596833,6.146135700483,-3.75,0.5555555555555556,0.5416666666666666,0.375,0.2638888888888889,0.4305555555555556,0.4444444444444444
970,146247.5685183514,-89431.8600238514,29335.666347712497,56815.708494499995,10.725893973360664,10.622987620973998,1.3801458040235326,20.780901189469667,10.2,0.4861111111111111,0.4027777777777778,0.4305555555555556,0.027777777777777776,0.3333333333333333,0.013888888888888888
971,158585.21809333056,-71016.20746560833,53377.16557153334,87569.01062772221,12.915895416896998,12.377889657145332,3.6786206236432113,19.98949703606366,10.649999999999999,0.6527777777777778,0.5833333333333334,0.5833333333333334,0.3472222222222222,0.3611111111111111,0.0
972,139024.2620354778,-99135.9254678986,1257.870365975,39888.33656757916,11.932775122916997,11.861448022712331,-1.0262356768732346,18.668791275131664,9.75,0.1111111111111111,0.041666666666666664,0.027777777777777776,0.08333333333333333,0.5277777777777778,0.027777777777777776
973,154463.09397961944,-78441.96193609583,42593.91391556806,76021.13204352361,10.500780629505332,11.021314530809,3.123034770053721,21.299844474836668,8.850000000000001,0.5277777777777778,0.5277777777777778,0.5138888888888888,0.25,0.3472222222222222,0.05555555555555555
974,126855.9906650139,-76103.06889981528,30296.732700361114,50752.92176519861,10.333611902679664,9.943292484979665,2.0451265893771695,22.438440962152665,9.75,0.5,0.4444444444444444,0.4583333333333333,0.0,0.2777777777777778,0.027777777777777776
975,108420.76105988472,-51400.95601956389,29592.07637741528,57019.80504032083,10.906887329518664,10.760531227882998,3.2012506744441795,19.570932427286,9.75,0.5694444444444444,0.5138888888888888,0.5,0.3888888888888889,0.375,0.027777777777777776
976,123989.94617274724,-88942.12048098334,7932.650475922222,35047.82569176389,10.332233964612998,9.495108425294998,0.3051752585211647,19.336585333521995,9.299999999999999,0.2222222222222222,0.19444444444444445,0.1388888888888889,0.013888888888888888,0.4166666666666667,0.041666666666666664
977,129353.78180231387,-90167.96412067501,1833.0677307583335,39185.817681638895,10.331579944018,10.528365580129663,-0.10176415047399964,18.241462557993664,10.649999999999999,0.1388888888888889,0.05555555555555555,0.06944444444444445,0.1527777777777778,0.5277777777777778,0.0
978,143021.05390398193,-105513.86248176388,2191.128537515278,37507.19142221806,12.803899572262665,12.240310072289997,-4.214870473902808,20.324847824185998,10.2,0.06944444444444445,0.06944444444444445,0.18055555555555555,0.013888888888888888,0.4722222222222222,0.013888888888888888
979,166502.4853146166,-51082.41892021108,104447.07520155417,115420.06639440556,18.973247596089,18.676628151566334,7.597616465146519,22.612419467586996,10.649999999999999,0.7638888888888888,0.7638888888888888,0.7638888888888888,0.18055555555555555,0.2222222222222222,0.0
98,129254.41679976664,-49721.30116838889,63724.57370701528,79533.11563137778,4.158299078055999,3.5270980743366667,-4.315573570468694,10.576611619577001,-4.65,0.5833333333333334,0.4861111111111111,0.4027777777777778,0.2916666666666667,0.4027777777777778,0.4722222222222222
980,149596.83461417223,-67259.01551730832,67323.9430500486,82337.8190968639,13.687650143163998,13.875335857713331,5.3729819743774,22.894643538685997,10.649999999999999,0.6944444444444444,0.6944444444444444,0.7083333333333334,0.041666666666666664,0.20833333333333334,0.0
981,147058.04197430977,-34869.253196315316,107163.7980021139,112188.78877799446,16.997335667450997,17.469179491276666,2.3461131784426543,26.79709615106333,10.2,0.8888888888888888,0.9305555555555556,0.8888888888888888,0.05555555555555555,0.06944444444444445,0.013888888888888888
982,130176.07666002649,-8911.281940182029,115765.60942188057,121264.79471984446,18.532791937694,17.951753248230666,1.2109000560097585,26.879976493849334,10.2,0.875,0.8611111111111112,0.9027777777777778,0.06944444444444445,0.06944444444444445,0.013888888888888888
983,131907.78573222918,-81955.69050837083,3095.0435176152773,49952.095223858334,11.889290306289665,11.850401542760999,2.1572470797908156,17.109751717421332,10.649999999999999,0.041666666666666664,0.09722222222222222,0.05555555555555555,0.375,0.625,0.0
984,144083.92416818612,-81861.91320300971,37335.15250521111,62222.01096517639,11.291356766761332,11.118803442973999,2.451397507445316,21.88733091537033,9.75,0.5,0.5277777777777778,0.5,0.08333333333333333,0.2777777777777778,0.027777777777777776
985,170988.1501875364,-51541.71003437253,113148.99231445695,119446.44015316389,19.79920593534333,20.03336530734,5.735205056198114,24.87055110872066,10.2,0.8611111111111112,0.875,0.8472222222222222,0.06944444444444445,0.1111111111111111,0.013888888888888888
986,144063.4281423264,-53968.21519655139,76914.91115985416,90095.212945775,14.194359610610999,14.064705101327998,5.103726124474161,24.510113363412998,10.2,0.7777777777777778,0.7916666666666666,0.8055555555555556,0.16666666666666666,0.16666666666666666,0.013888888888888888
987,153951.91045859444,-79536.75385491944,38414.869012281946,74415.156603675,11.091137604794664,11.091137604794664,2.9219740827237146,20.545113736322328,10.2,0.4861111111111111,0.4861111111111111,0.4861111111111111,0.25,0.3888888888888889,0.013888888888888888
988,121680.77942445631,-20083.11692212299,92704.84274439306,101597.66250233335,16.51675267028333,16.15006034321033,0.6977786153708193,23.88651467327233,10.2,0.8611111111111112,0.8472222222222222,0.8611111111111112,0.1111111111111111,0.1388888888888889,0.013888888888888888
989,170644.6688731585,-50641.44394016544,115739.16249835279,120003.22493299306,18.219007013981667,19.69120758119633,6.5224833471944885,27.491093336903997,10.2,0.8888888888888888,0.9166666666666666,0.9166666666666666,0.013888888888888888,0.041666666666666664,0.013888888888888888
99,140456.05030647916,-76557.17796004582,32621.315551144446,63898.87234643333,3.4326973087646664,2.252276981252333,-8.776123950521832,11.210765881801333,-4.199999999999999,0.5555555555555556,0.4305555555555556,0.375,0.3194444444444444,0.4305555555555556,0.4583333333333333
990,146891.9443502264,-88447.19209184166,12815.793227352777,58444.75225838473,12.267100225437998,12.65875281120233,3.773357922212178,18.328124995864666,10.649999999999999,0.2361111111111111,0.25,0.20833333333333334,0.3888888888888889,0.5277777777777778,0.0
991,151322.00509106024,-40648.08041315469,103586.8218124389,110673.92467790555,17.680276160966333,17.680276160966333,2.3782006510190943,26.127504160416663,10.2,0.8611111111111112,0.8611111111111112,0.8333333333333334,0.08333333333333333,0.06944444444444445,0.013888888888888888
992,144123.12751622917,-66654.35516945418,46878.16365846111,77468.77234677499,11.662037598435665,11.726593914988332,3.5332064807783223,20.761474219331664,10.649999999999999,0.5694444444444444,0.5694444444444444,0.5555555555555556,0.2638888888888889,0.3333333333333333,0.0
993,144769.615005675,-103361.53084753195,3469.7867809763884,41408.08415814306,12.610900837165998,12.741547422039332,-1.6161497141646781,19.893093669994997,10.2,0.06944444444444445,0.09722222222222222,0.041666666666666664,0.08333333333333333,0.5138888888888888,0.013888888888888888
994,140449.75907897917,-102961.28515712361,2783.8406917527777,37488.47392185556,12.120982718991664,12.341032897116998,-2.1802896468222475,19.87619130412633,10.2,0.027777777777777776,0.08333333333333333,0.027777777777777776,0.0,0.4861111111111111,0.013888888888888888
995,120666.54252914582,-79599.44541928472,14369.467047754168,41067.09710986112,10.025354703088663,10.025354703088663,1.0544792060006993,19.809361109353333,10.649999999999999,0.2638888888888889,0.3194444444444444,0.25,0.0,0.3888888888888889,0.0
996,142298.7789943792,-92900.93134799444,23196.32935507639,49397.84764638472,11.321079827053996,11.321079827053996,1.5175641354124019,21.568820855886997,10.2,0.3611111111111111,0.4027777777777778,0.3611111111111111,0.013888888888888888,0.3055555555555556,0.013888888888888888
997,162649.9608145339,-38326.33688670059,123522.59146497502,124323.62392783335,20.783242103207666,20.958008912422997,6.560226602149383,27.37397154990633,10.649999999999999,0.9027777777777778,0.9583333333333334,0.9027777777777778,0.013888888888888888,0.027777777777777776,0.0
998,136214.35974419722,-58898.57607568473,68547.21979044443,77315.78366851251,13.556969502627332,13.550888297487333,5.376487594920882,24.412661221618997,10.649999999999999,0.7638888888888888,0.7638888888888888,0.7361111111111112,0.0,0.1527777777777778,0.0
999,145165.88556920976,-104764.41403283195,4752.9533576124995,40401.47153637778,12.236716839393331,12.236716839393331,-2.30057896179115,19.831109092049665,10.649999999999999,0.09722222222222222,0.1111111111111111,0.09722222222222222,0.0,0.4583333333333333,0.0
