episode;max_abs_e;p95_abs_e;time_in_band_ratio;epsilon_band_w
0;114799,199161;89343,122037;0,694737;3000,000000
1;116067,223869;85808,992569;0,673684;3000,000000
2;108399,147697;73671,549579;0,610526;3000,000000
3;110184,412712;68865,149685;0,578947;3000,000000
4;102029,009315;81921,714503;0,568421;3000,000000
5;118124,825324;80513,111015;0,694737;3000,000000
6;88229,663497;61621,471592;0,631579;3000,000000
7;91196,992859;55496,375442;0,589474;3000,000000
8;102904,125380;89331,730650;0,578947;3000,000000
9;111902,236784;83621,919549;0,663158;3000,000000
10;90703,044404;59265,482619;0,600000;3000,000000
11;120000,000000;98714,527645;0,600000;3000,000000
12;105744,537087;74592,892453;0,557895;3000,000000
13;92507,980226;68714,589406;0,526316;3000,000000
14;120000,000000;85101,199991;0,663158;3000,000000
15;94888,621209;71955,584561;0,536842;3000,000000
16;110833,581137;90322,314327;0,684211;3000,000000
17;120000,000000;92793,224010;0,694737;3000,000000
18;97830,438023;81544,746619;0,600000;3000,000000
19;120000,000000;101217,814991;0,642105;3000,000000
20;110945,115935;73914,717736;0,705263;3000,000000
21;98214,504198;90977,678835;0,557895;3000,000000
22;102509,950229;78691,296567;0,621053;3000,000000
23;120000,000000;110387,244627;0,589474;3000,000000
24;100754,243129;71630,232156;0,610526;3000,000000
25;112608,976484;82303,480242;0,642105;3000,000000
26;120000,000000;91369,748082;0,631579;3000,000000
27;97190,085372;66563,722548;0,631579;3000,000000
28;110006,527069;68468,970785;0,631579;3000,000000
29;96737,064270;57686,356765;0,600000;3000,000000
30;120000,000000;86756,075098;0,673684;3000,000000
31;84486,558385;69942,999221;0,631579;3000,000000
32;120000,000000;94752,149939;0,673684;3000,000000
33;117351,271644;85372,191830;0,715789;3000,000000
34;116858,775770;93115,569207;0,652632;3000,000000
35;120000,000000;93362,039300;0,621053;3000,000000
36;95105,164058;67441,085624;0,547368;3000,000000
37;98214,504198;80451,900483;0,631579;3000,000000
38;93769,615555;75675,635411;0,526316;3000,000000
39;120000,000000;99104,394657;0,663158;3000,000000
40;110586,852111;91084,316673;0,610526;3000,000000
41;105893,949324;72832,873285;0,536842;3000,000000
42;120000,000000;107372,473566;0,673684;3000,000000
43;93024,250807;72596,554429;0,600000;3000,000000
44;117850,291318;100343,399266;0,610526;3000,000000
45;120000,000000;92271,269753;0,673684;3000,000000
46;98843,038964;75685,767622;0,526316;3000,000000
47;120000,000000;87297,004312;0,631579;3000,000000
48;120000,000000;58112,663908;0,642105;3000,000000
49;92061,217997;69727,917036;0,642105;3000,000000
50;120000,000000;68217,040415;0,621053;3000,000000
51;80107,744978;57594,108986;0,578947;3000,000000
52;120000,000000;91111,895783;0,642105;3000,000000
53;108333,722070;87685,491777;0,631579;3000,000000
54;103764,220270;78741,965171;0,568421;3000,000000
55;120000,000000;79504,300906;0,673684;3000,000000
56;97727,480188;88017,807363;0,631579;3000,000000
57;120000,000000;94249,691455;0,610526;3000,000000
58;107233,027986;71779,590174;0,547368;3000,000000
59;98640,210528;78761,138534;0,610526;3000,000000
60;91398,826705;69757,124273;0,610526;3000,000000
61;119616,045073;92066,436643;0,589474;3000,000000
62;117583,360032;69419,092973;0,568421;3000,000000
63;120000,000000;97351,287544;0,726316;3000,000000
64;97018,989729;71997,216137;0,547368;3000,000000
65;120000,000000;100250,567013;0,673684;3000,000000
66;97568,286292;75242,858562;0,600000;3000,000000
67;120000,000000;96204,668511;0,663158;3000,000000
68;120000,000000;95380,297145;0,663158;3000,000000
69;97041,208393;62204,735555;0,547368;3000,000000
70;120000,000000;93774,965706;0,684211;3000,000000
71;98227,512548;73589,956501;0,652632;3000,000000
72;93333,261108;55087,319721;0,652632;3000,000000
73;120000,000000;86474,889595;0,536842;3000,000000
74;94128,692369;66816,245602;0,610526;3000,000000
75;97018,989729;72224,227110;0,600000;3000,000000
76;106589,991547;70202,807322;0,515789;3000,000000
77;111780,725093;80443,005189;0,568421;3000,000000
78;118253,042479;91200,315705;0,631579;3000,000000
79;93819,309376;56201,442173;0,642105;3000,000000
80;117718,372817;65367,110138;0,736842;3000,000000
81;100159,206921;79146,472040;0,526316;3000,000000
82;119566,016170;102215,871516;0,673684;3000,000000
83;120000,000000;97730,631640;0,578947;3000,000000
84;120000,000000;78761,632484;0,694737;3000,000000
85;101973,648279;53916,962016;0,631579;3000,000000
86;118475,736985;94390,028652;0,684211;3000,000000
87;100982,321438;71890,725553;0,526316;3000,000000
88;120000,000000;90702,516266;0,631579;3000,000000
89;118734,197567;67517,772153;0,600000;3000,000000
90;111177,636426;61720,441108;0,684211;3000,000000
91;87897,942902;74902,994514;0,494737;3000,000000
92;113721,999673;82303,480242;0,526316;3000,000000
93;104721,966358;71266,434698;0,610526;3000,000000
94;108988,256838;92265,966923;0,568421;3000,000000
95;93516,327139;77545,074198;0,536842;3000,000000
96;108308,589905;78946,999134;0,621053;3000,000000
97;107909,182296;74100,956629;0,589474;3000,000000
98;83945,866909;61141,670023;0,600000;3000,000000
99;105183,526826;84135,580462;0,652632;3000,000000
100;120000,000000;85521,986460;0,694737;3000,000000
101;118318,256083;84050,208550;0,652632;3000,000000
102;92803,866627;69007,573024;0,536842;3000,000000
103;119163,874755;77194,682046;0,631579;3000,000000
104;116905,582108;97907,100726;0,631579;3000,000000
105;110184,412712;71656,290928;0,600000;3000,000000
106;100798,755965;68387,829638;0,557895;3000,000000
107;118967,025883;94010,815184;0,610526;3000,000000
108;100500,289259;82610,700548;0,589474;3000,000000
109;101327,684113;61204,671574;0,621053;3000,000000
110;110006,527069;80364,479517;0,610526;3000,000000
111;90925,451094;63136,146352;0,526316;3000,000000
112;103501,932238;76321,881065;0,663158;3000,000000
113;120000,000000;93332,897919;0,568421;3000,000000
114;85548,464034;65564,735745;0,578947;3000,000000
115;103419,243706;89856,185307;0,568421;3000,000000
116;93942,850330;60180,859248;0,621053;3000,000000
117;120000,000000;86758,701386;0,673684;3000,000000
118;90331,802040;62462,121393;0,547368;3000,000000
119;120000,000000;93356,973426;0,673684;3000,000000
120;119160,481933;80125,822170;0,621053;3000,000000
121;120000,000000;95296,750436;0,652632;3000,000000
122;120000,000000;97571,451864;0,705263;3000,000000
123;120000,000000;101694,385114;0,684211;3000,000000
124;120000,000000;90200,441703;0,600000;3000,000000
125;111501,160511;63666,041406;0,800000;3000,000000
126;114973,862196;77159,405814;0,726316;3000,000000
127;102270,788794;94728,094529;0,547368;3000,000000
128;109941,722872;70273,107336;0,610526;3000,000000
129;104145,424122;90312,027839;0,610526;3000,000000
130;120000,000000;87314,789640;0,642105;3000,000000
131;117156,148162;88351,033719;0,578947;3000,000000
132;103227,600192;53942,269935;0,610526;3000,000000
133;93819,309376;52332,484126;0,547368;3000,000000
134;101853,875501;81045,757819;0,642105;3000,000000
135;120000,000000;83878,026542;0,642105;3000,000000
136;101265,420483;75967,977544;0,621053;3000,000000
137;99512,173375;82717,767633;0,463158;3000,000000
138;102130,179145;77594,166164;0,610526;3000,000000
139;92594,659426;81399,126755;0,547368;3000,000000
140;104246,465464;49967,686189;0,726316;3000,000000
141;95206,109977;71821,826848;0,600000;3000,000000
142;120000,000000;94136,465047;0,747368;3000,000000
143;95384,994708;65377,918998;0,547368;3000,000000
144;120000,000000;92398,543955;0,673684;3000,000000
145;74768,312235;54491,276249;0,621053;3000,000000
146;97550,224733;69317,226952;0,621053;3000,000000
147;120000,000000;78074,980462;0,652632;3000,000000
148;93249,405124;61408,532067;0,600000;3000,000000
149;118635,043049;79208,203450;0,663158;3000,000000
150;87652,737026;58189,283826;0,705263;3000,000000
151;99197,679675;86871,359438;0,547368;3000,000000
152;109843,252392;57497,037573;0,621053;3000,000000
153;111367,743592;74903,153320;0,663158;3000,000000
154;84754,017550;53385,370969;0,578947;3000,000000
155;120000,000000;75877,316567;0,652632;3000,000000
156;98470,271361;66399,432119;0,747368;3000,000000
157;114296,878455;85020,048935;0,600000;3000,000000
158;109950,344771;57633,122454;0,621053;3000,000000
159;113012,463190;85614,925066;0,589474;3000,000000
160;107177,552833;61128,483288;0,600000;3000,000000
161;102685,509939;81880,758805;0,557895;3000,000000
162;99260,013369;73093,222880;0,505263;3000,000000
163;87846,025666;63274,228125;0,547368;3000,000000
164;103322,988985;72727,891390;0,536842;3000,000000
165;110184,412712;87171,272811;0,589474;3000,000000
166;119391,914968;85268,435780;0,694737;3000,000000
167;99260,013369;71051,230442;0,526316;3000,000000
168;108108,129683;76820,136579;0,673684;3000,000000
169;96973,656176;86426,152529;0,673684;3000,000000
170;116165,901066;75215,815793;0,505263;3000,000000
171;103430,439576;83307,526082;0,631579;3000,000000
172;85771,487601;65255,586466;0,610526;3000,000000
173;112555,141529;83871,542236;0,621053;3000,000000
174;101199,409812;88063,864762;0,621053;3000,000000
175;98247,679763;72890,731066;0,505263;3000,000000
176;120000,000000;83676,299587;0,684211;3000,000000
177;85019,171310;72870,464174;0,631579;3000,000000
178;120000,000000;78925,960702;0,673684;3000,000000
179;116406,658235;89031,175501;0,673684;3000,000000
180;110296,415043;87421,968324;0,515789;3000,000000
181;92624,911752;71921,899061;0,526316;3000,000000
182;93777,390997;79338,135090;0,547368;3000,000000
183;116229,484210;90304,136374;0,642105;3000,000000
184;100319,232145;83942,639258;0,589474;3000,000000
185;109154,815160;66471,209776;0,600000;3000,000000
186;99368,431548;67025,103802;0,610526;3000,000000
187;120000,000000;94475,829102;0,705263;3000,000000
188;110586,852111;84341,671462;0,631579;3000,000000
189;120000,000000;104347,478552;0,610526;3000,000000
190;97673,084874;61606,701151;0,610526;3000,000000
191;106604,475108;73514,845831;0,526316;3000,000000
192;120000,000000;100595,144493;0,589474;3000,000000
193;104626,525801;71382,114350;0,705263;3000,000000
194;90868,811903;75312,031263;0,589474;3000,000000
195;100022,504155;75095,238659;0,736842;3000,000000
196;120000,000000;77963,234779;0,726316;3000,000000
197;120000,000000;90949,435298;0,673684;3000,000000
198;117110,750098;70420,326785;0,631579;3000,000000
199;93873,450290;62975,071347;0,642105;3000,000000
200;102117,755392;66869,456375;0,557895;3000,000000
201;117980,709939;89692,338711;0,621053;3000,000000
202;109175,152416;81226,803554;0,621053;3000,000000
203;99996,909043;67109,829079;0,663158;3000,000000
204;96709,861258;80525,814727;0,536842;3000,000000
205;116457,247278;94496,402302;0,557895;3000,000000
206;92234,377104;55066,604213;0,684211;3000,000000
207;91767,608787;54483,515137;0,684211;3000,000000
208;108081,439854;76286,672438;0,663158;3000,000000
209;102028,301203;72385,693764;0,663158;3000,000000
210;99512,173375;88841,004817;0,505263;3000,000000
211;99527,984141;84037,564816;0,589474;3000,000000
212;105894,734712;95255,568712;0,600000;3000,000000
213;119223,961723;89442,346554;0,694737;3000,000000
214;114054,448181;99075,008013;0,684211;3000,000000
215;87935,243045;63616,275209;0,673684;3000,000000
216;109950,344771;73351,364707;0,652632;3000,000000
217;120000,000000;100115,703266;0,694737;3000,000000
218;120000,000000;103237,193099;0,694737;3000,000000
219;109708,584180;70100,277466;0,568421;3000,000000
220;100791,351212;77072,841109;0,736842;3000,000000
221;100619,404877;59029,034168;0,610526;3000,000000
222;109520,887841;91583,486592;0,694737;3000,000000
223;100352,777517;90015,323444;0,663158;3000,000000
224;109708,584180;58973,289921;0,652632;3000,000000
225;99512,173375;76008,975376;0,652632;3000,000000
226;113673,923555;65258,541913;0,631579;3000,000000
227;119559,484177;92861,423300;0,631579;3000,000000
228;108258,285439;75257,179288;0,684211;3000,000000
229;80958,291377;57351,064477;0,642105;3000,000000
230;108269,204364;72578,806309;0,673684;3000,000000
231;116772,226621;96919,665734;0,589474;3000,000000
232;94548,038374;64487,656011;0,757895;3000,000000
233;87935,243045;59661,066636;0,589474;3000,000000
234;119258,302787;95422,289379;0,578947;3000,000000
235;104145,424122;80838,106084;0,578947;3000,000000
236;101935,260725;56559,563705;0,568421;3000,000000
237;114548,407045;81533,560013;0,547368;3000,000000
238;110184,412712;81969,052304;0,557895;3000,000000
239;102904,125380;80886,415807;0,494737;3000,000000
240;92853,570071;66646,707462;0,631579;3000,000000
241;100982,321438;83902,110886;0,600000;3000,000000
242;92702,381962;63886,015767;0,621053;3000,000000
243;120000,000000;89139,561944;0,663158;3000,000000
244;104344,130128;83690,494249;0,547368;3000,000000
245;109154,815160;93065,848756;0,600000;3000,000000
246;119705,118980;81849,338827;0,673684;3000,000000
247;113797,029242;59387,587181;0,663158;3000,000000
248;100408,892610;72929,127043;0,736842;3000,000000
249;97361,666289;81005,792145;0,610526;3000,000000
250;98999,123329;80532,756550;0,568421;3000,000000
251;120000,000000;103278,685253;0,663158;3000,000000
252;102451,018595;69805,720681;0,589474;3000,000000
253;109002,140532;70134,188635;0,663158;3000,000000
254;120000,000000;80550,832553;0,684211;3000,000000
255;120000,000000;91900,608394;0,684211;3000,000000
256;102011,931250;97731,565082;0,578947;3000,000000
257;100477,370266;78225,859245;0,578947;3000,000000
258;101923,827011;94374,550194;0,715789;3000,000000
259;106279,819122;94424,671329;0,642105;3000,000000
260;99260,013369;73502,659869;0,600000;3000,000000
261;107370,545720;91391,061993;0,705263;3000,000000
262;92507,980226;63764,004011;0,557895;3000,000000
263;109958,875629;80032,832241;0,610526;3000,000000
264;117156,148162;67655,236351;0,610526;3000,000000
265;117529,255060;91104,636246;0,621053;3000,000000
266;104368,973768;58483,244446;0,631579;3000,000000
267;115726,798902;96995,222349;0,726316;3000,000000
268;117351,271644;105849,756453;0,642105;3000,000000
269;103670,369366;81891,068324;0,526316;3000,000000
270;119551,078761;91497,138021;0,621053;3000,000000
271;100798,755965;93175,330863;0,631579;3000,000000
272;87935,243045;71943,379309;0,610526;3000,000000
273;111417,501001;89569,159857;0,673684;3000,000000
274;95384,994708;69697,583735;0,610526;3000,000000
275;119277,008182;72129,598412;0,663158;3000,000000
276;120000,000000;73739,471254;0,757895;3000,000000
277;93902,423932;63637,382385;0,578947;3000,000000
278;120000,000000;95021,897882;0,684211;3000,000000
279;96695,011926;74296,023927;0,557895;3000,000000
280;103768,170297;55967,077203;0,673684;3000,000000
281;97623,685304;89114,208050;0,631579;3000,000000
282;118362,620013;79582,650792;0,621053;3000,000000
283;113673,923555;89624,506939;0,557895;3000,000000
284;119020,396179;100333,181010;0,610526;3000,000000
285;90839,283352;78162,902009;0,505263;3000,000000
286;116067,223869;98520,735377;0,547368;3000,000000
287;98352,014274;79365,504423;0,568421;3000,000000
288;120000,000000;87222,263242;0,684211;3000,000000
289;105500,121441;73605,428952;0,631579;3000,000000
290;120000,000000;104866,349741;0,652632;3000,000000
291;117934,479929;82864,159111;0,684211;3000,000000
292;120000,000000;82244,004502;0,631579;3000,000000
293;108688,549789;84871,785388;0,547368;3000,000000
294;81226,552039;56503,429959;0,600000;3000,000000
295;120000,000000;96868,272169;0,726316;3000,000000
296;120000,000000;101572,623695;0,673684;3000,000000
297;101935,260725;76468,523432;0,600000;3000,000000
298;113797,029242;67141,438585;0,578947;3000,000000
299;120000,000000;103563,360191;0,652632;3000,000000
300;100189,562313;63197,007445;0,494737;3000,000000
301;102509,950229;91034,484376;0,505263;3000,000000
302;96120,181448;73430,314518;0,642105;3000,000000
303;102519,410153;77196,938100;0,547368;3000,000000
304;103023,450042;89647,531184;0,557895;3000,000000
305;120000,000000;92987,330512;0,715789;3000,000000
306;103625,985320;63968,049539;0,621053;3000,000000
307;117236,143118;85661,388088;0,663158;3000,000000
308;97735,491669;82510,867043;0,547368;3000,000000
309;96257,185939;74898,296839;0,515789;3000,000000
310;105938,672213;89620,726278;0,684211;3000,000000
311;120000,000000;81163,549969;0,694737;3000,000000
312;95677,010900;71478,178160;0,568421;3000,000000
313;120000,000000;91407,182543;0,631579;3000,000000
314;111912,767948;74959,356698;0,642105;3000,000000
315;119742,896722;79475,287564;0,610526;3000,000000
316;120000,000000;90635,397298;0,705263;3000,000000
317;116792,901002;86923,082883;0,568421;3000,000000
318;91132,813323;72877,215403;0,515789;3000,000000
319;108626,002931;81307,993954;0,600000;3000,000000
320;120000,000000;91228,770170;0,694737;3000,000000
321;120000,000000;72665,584297;0,705263;3000,000000
322;119793,836280;86760,472877;0,705263;3000,000000
323;120000,000000;77386,834041;0,694737;3000,000000
324;100988,727721;79288,097221;0,684211;3000,000000
325;117110,750098;83769,422821;0,715789;3000,000000
326;88133,146469;68654,980556;0,600000;3000,000000
327;120000,000000;100158,458256;0,684211;3000,000000
328;120000,000000;71549,782264;0,715789;3000,000000
329;114296,878455;84428,279465;0,589474;3000,000000
330;102012,091299;80069,235135;0,673684;3000,000000
331;103023,450042;80322,681065;0,536842;3000,000000
332;100058,798500;61018,604525;0,642105;3000,000000
333;120000,000000;86515,217470;0,663158;3000,000000
334;120000,000000;91737,942798;0,684211;3000,000000
335;88646,003240;55983,068391;0,600000;3000,000000
336;90676,813984;55718,134582;0,726316;3000,000000
337;96364,100142;62579,510269;0,610526;3000,000000
338;120000,000000;91622,541508;0,642105;3000,000000
339;103023,450042;93103,331248;0,589474;3000,000000
340;111912,767948;81021,432328;0,621053;3000,000000
341;96805,406032;53809,751996;0,652632;3000,000000
342;92085,821440;71420,343102;0,621053;3000,000000
343;120000,000000;95565,095152;0,715789;3000,000000
344;105356,924697;55510,879283;0,705263;3000,000000
345;101378,448218;79118,697298;0,642105;3000,000000
346;120000,000000;93917,224931;0,610526;3000,000000
347;101315,098793;74832,175574;0,673684;3000,000000
348;102904,125380;74877,135732;0,673684;3000,000000
349;98227,512548;73641,826305;0,642105;3000,000000
350;120000,000000;69302,635400;0,757895;3000,000000
351;120000,000000;98400,463649;0,652632;3000,000000
352;120000,000000;82199,058379;0,684211;3000,000000
353;114530,055546;70266,484331;0,726316;3000,000000
354;119258,302787;100202,288307;0,547368;3000,000000
355;120000,000000;113759,667301;0,631579;3000,000000
356;102572,245439;81132,463541;0,673684;3000,000000
357;117529,255060;86355,402566;0,673684;3000,000000
358;120000,000000;85592,937885;0,715789;3000,000000
359;93333,261108;82077,646747;0,526316;3000,000000
360;120000,000000;78630,053308;0,642105;3000,000000
361;99034,383547;61387,927170;0,652632;3000,000000
362;111367,743592;72050,405926;0,705263;3000,000000
363;100619,404877;71706,061959;0,631579;3000,000000
364;87542,105541;51730,014755;0,621053;3000,000000
365;113103,718143;77671,926668;0,684211;3000,000000
366;118105,798959;96645,021126;0,694737;3000,000000
367;102012,091299;72290,054392;0,663158;3000,000000
368;120000,000000;85460,582567;0,673684;3000,000000
369;120000,000000;97637,583916;0,736842;3000,000000
370;108988,256838;85517,554513;0,536842;3000,000000
371;120000,000000;98605,186932;0,578947;3000,000000
372;103430,439576;53344,568481;0,578947;3000,000000
373;120000,000000;81450,677988;0,673684;3000,000000
374;118281,877034;91545,530887;0,673684;3000,000000
375;120000,000000;97706,858600;0,621053;3000,000000
376;120000,000000;96401,934074;0,705263;3000,000000
377;110945,115935;69515,754916;0,673684;3000,000000
378;110006,527069;69550,623868;0,715789;3000,000000
379;109855,633178;53907,598201;0,694737;3000,000000
380;113380,107831;68314,106201;0,652632;3000,000000
381;109204,886170;61653,149880;0,694737;3000,000000
382;117583,360032;87431,906700;0,621053;3000,000000
383;93031,528595;73537,791018;0,547368;3000,000000
384;99260,013369;79366,355104;0,557895;3000,000000
385;120000,000000;88361,277728;0,673684;3000,000000
386;120000,000000;100620,821862;0,642105;3000,000000
387;95026,878815;70274,972462;0,726316;3000,000000
388;120000,000000;88150,563139;0,621053;3000,000000
389;110819,533327;72581,972790;0,642105;3000,000000
390;92353,626174;77400,010354;0,726316;3000,000000
391;105235,895663;61319,999917;0,568421;3000,000000
392;114517,460258;77749,766741;0,694737;3000,000000
393;112608,976484;78698,635579;0,536842;3000,000000
394;66861,417755;46955,825354;0,642105;3000,000000
395;120000,000000;79843,182940;0,715789;3000,000000
396;98393,185988;60693,822611;0,631579;3000,000000
397;99154,719677;56177,210468;0,652632;3000,000000
398;120000,000000;89282,046411;0,694737;3000,000000
399;93769,615555;62504,645545;0,631579;3000,000000
400;120000,000000;86229,013667;0,642105;3000,000000
401;106136,156736;67548,153692;0,652632;3000,000000
402;95593,461828;78115,859938;0,578947;3000,000000
403;120000,000000;101174,411428;0,715789;3000,000000
404;113673,923555;70948,547757;0,610526;3000,000000
405;118868,365098;92671,713244;0,631579;3000,000000
406;120000,000000;81065,662290;0,757895;3000,000000
407;111334,032211;69946,909890;0,705263;3000,000000
408;120000,000000;85034,589451;0,684211;3000,000000
409;120000,000000;80448,428913;0,705263;3000,000000
410;102519,410153;72303,464234;0,578947;3000,000000
411;120000,000000;94632,945201;0,705263;3000,000000
412;108688,549789;58878,454293;0,705263;3000,000000
413;95794,717734;61012,042479;0,652632;3000,000000
414;120000,000000;92320,598207;0,684211;3000,000000
415;105130,334740;92641,223211;0,568421;3000,000000
416;114241,184520;82045,378200;0,684211;3000,000000
417;120000,000000;72133,615172;0,589474;3000,000000
418;119223,961723;64044,939476;0,663158;3000,000000
419;120000,000000;93655,547283;0,673684;3000,000000
420;120000,000000;80036,258196;0,694737;3000,000000
421;120000,000000;99146,178433;0,621053;3000,000000
422;114066,442674;83300,525683;0,568421;3000,000000
423;120000,000000;101266,000996;0,736842;3000,000000
424;94569,937600;76835,936890;0,631579;3000,000000
425;118967,025883;92880,574925;0,694737;3000,000000
426;105894,734712;62509,057147;0,694737;3000,000000
427;90225,415476;52935,125735;0,610526;3000,000000
428;97568,286292;79755,829090;0,589474;3000,000000
429;103587,242738;73529,462531;0,631579;3000,000000
430;110484,732188;73274,993435;0,536842;3000,000000
431;101806,502878;81358,884893;0,705263;3000,000000
432;120000,000000;100706,977022;0,642105;3000,000000
433;106589,991547;87095,693295;0,610526;3000,000000
434;116325,903655;86491,750023;0,621053;3000,000000
435;120000,000000;103803,905742;0,663158;3000,000000
436;101265,420483;76930,162019;0,578947;3000,000000
437;120000,000000;111800,719090;0,600000;3000,000000
438;111334,032211;58491,672425;0,652632;3000,000000
439;105183,526826;89731,843507;0,621053;3000,000000
440;120000,000000;82530,223746;0,726316;3000,000000
441;110819,533327;84131,355933;0,600000;3000,000000
442;92785,607153;78770,818985;0,600000;3000,000000
443;120000,000000;92433,334332;0,715789;3000,000000
444;101327,684113;76748,642260;0,610526;3000,000000
445;102130,179145;77989,054220;0,610526;3000,000000
446;110318,825259;76518,693438;0,631579;3000,000000
447;94237,927776;56529,934330;0,684211;3000,000000
448;120000,000000;96621,921902;0,673684;3000,000000
449;96442,782913;60520,533433;0,715789;3000,000000
450;106394,913275;94058,660671;0,673684;3000,000000
451;100864,592445;89764,984189;0,547368;3000,000000
452;103768,170297;59571,656690;0,642105;3000,000000
453;117740,514788;99946,783149;0,694737;3000,000000
454;108584,134927;67223,346962;0,673684;3000,000000
455;94237,927776;72574,556160;0,589474;3000,000000
456;93777,390997;58579,222692;0,536842;3000,000000
457;100189,562313;71131,367743;0,526316;3000,000000
458;89256,649272;58722,224058;0,621053;3000,000000
459;101390,455965;64586,097557;0,589474;3000,000000
460;120000,000000;70621,335369;0,642105;3000,000000
461;120000,000000;88852,334899;0,736842;3000,000000
462;94888,621209;62631,356514;0,578947;3000,000000
463;90627,897525;63621,688255;0,557895;3000,000000
464;94884,850655;68423,338687;0,747368;3000,000000
465;76286,433873;63271,393393;0,673684;3000,000000
466;102904,125380;80947,531522;0,631579;3000,000000
467;107909,182296;73241,217072;0,652632;3000,000000
468;110157,012523;89747,810045;0,578947;3000,000000
469;100389,733148;89405,028562;0,547368;3000,000000
470;93051,116967;79712,234260;0,631579;3000,000000
471;112608,976484;71926,300546;0,484211;3000,000000
472;103625,985320;70267,870830;0,652632;3000,000000
473;117417,294151;76211,054036;0,715789;3000,000000
474;120000,000000;95725,765645;0,621053;3000,000000
475;109271,659151;85987,305255;0,600000;3000,000000
476;89674,718624;72513,703408;0,536842;3000,000000
477;115911,064731;83790,491676;0,642105;3000,000000
478;119742,896722;88946,531273;0,684211;3000,000000
479;112608,976484;81496,848145;0,589474;3000,000000
480;116270,477419;85326,805484;0,652632;3000,000000
481;100189,562313;68039,081114;0,505263;3000,000000
482;103322,988985;65990,725801;0,547368;3000,000000
483;91760,805105;78842,592257;0,452632;3000,000000
484;109958,875629;64723,686406;0,652632;3000,000000
485;117441,573128;87003,893703;0,715789;3000,000000
486;91891,428558;69003,969773;0,684211;3000,000000
487;105765,794249;66131,052971;0,747368;3000,000000
488;116356,077563;89527,611077;0,736842;3000,000000
489;103670,369366;87485,593819;0,621053;3000,000000
490;107536,543894;67854,742665;0,705263;3000,000000
491;108626,002931;85975,026233;0,610526;3000,000000
492;116323,070436;87125,317985;0,684211;3000,000000
493;90691,895242;76368,985537;0,684211;3000,000000
494;120000,000000;99621,459922;0,684211;3000,000000
495;120000,000000;88722,144191;0,600000;3000,000000
496;107816,722024;64301,507013;0,684211;3000,000000
497;105505,129163;79734,495406;0,589474;3000,000000
498;120000,000000;88066,214209;0,673684;3000,000000
499;103670,369366;85947,617363;0,600000;3000,000000
500;120000,000000;68672,429276;0,621053;3000,000000
501;97018,989729;72913,177302;0,484211;3000,000000
502;105394,658485;80532,756550;0,547368;3000,000000
503;114066,442674;83938,225318;0,610526;3000,000000
504;100619,404877;74675,269512;0,547368;3000,000000
505;111902,236784;82745,467231;0,621053;3000,000000
506;77749,734823;58232,202006;0,652632;3000,000000
507;119578,600758;85033,562659;0,600000;3000,000000
508;120000,000000;94669,738435;0,684211;3000,000000
509;109843,252392;81638,225285;0,642105;3000,000000
510;120000,000000;101888,656495;0,715789;3000,000000
511;97194,830997;77398,236467;0,621053;3000,000000
512;120000,000000;119361,379390;0,600000;3000,000000
513;120000,000000;68624,760106;0,747368;3000,000000
514;106136,156736;82364,240900;0,705263;3000,000000
515;113012,463190;71980,815960;0,631579;3000,000000
516;120000,000000;92654,062648;0,736842;3000,000000
517;120000,000000;87421,968324;0,536842;3000,000000
518;98423,231071;62673,331024;0,642105;3000,000000
519;102028,301203;62194,506168;0,747368;3000,000000
520;108308,589905;82663,110960;0,568421;3000,000000
521;102519,410153;73203,885201;0,610526;3000,000000
522;103625,985320;63919,048994;0,684211;3000,000000
523;110438,666426;59755,888786;0,568421;3000,000000
524;109271,659151;69574,694622;0,621053;3000,000000
525;112934,308916;57133,765659;0,684211;3000,000000
526;108249,527317;84043,360857;0,757895;3000,000000
527;89567,124997;70801,300516;0,726316;3000,000000
528;102904,125380;71017,179650;0,600000;3000,000000
529;120000,000000;77554,069711;0,778947;3000,000000
530;110318,825259;78225,243635;0,589474;3000,000000
531;120000,000000;85183,426817;0,621053;3000,000000
532;108688,549789;79834,150574;0,757895;3000,000000
533;83945,866909;68134,439173;0,673684;3000,000000
534;91676,701749;58825,355380;0,610526;3000,000000
535;114207,299059;77115,916004;0,663158;3000,000000
536;94797,267636;70838,947298;0,526316;3000,000000
537;103109,150226;80898,216116;0,589474;3000,000000
538;102907,193297;86631,861215;0,694737;3000,000000
539;89887,954395;61540,884900;0,663158;3000,000000
540;88754,344236;58666,583755;0,705263;3000,000000
541;99488,541245;73617,231876;0,673684;3000,000000
542;96470,573685;55327,149969;0,684211;3000,000000
543;109154,815160;93243,114412;0,610526;3000,000000
544;90501,367607;67947,938025;0,673684;3000,000000
545;106327,170082;76189,690457;0,642105;3000,000000
546;100052,317445;59284,675775;0,757895;3000,000000
547;94551,623928;67835,049469;0,578947;3000,000000
548;107825,673448;70895,614119;0,610526;3000,000000
549;120000,000000;90496,863971;0,621053;3000,000000
550;88659,061370;67859,839698;0,568421;3000,000000
551;108064,082394;76945,235145;0,621053;3000,000000
552;103023,450042;79709,760542;0,600000;3000,000000
553;101935,260725;93488,614871;0,526316;3000,000000
554;93516,327139;78122,659492;0,631579;3000,000000
555;111367,743592;70518,757066;0,631579;3000,000000
556;103023,450042;76291,265888;0,589474;3000,000000
557;114591,161192;80114,116692;0,652632;3000,000000
558;91760,805105;69384,615381;0,547368;3000,000000
559;102745,751234;77514,599997;0,652632;3000,000000
560;112555,141529;72791,398963;0,684211;3000,000000
561;91670,085474;56617,842173;0,726316;3000,000000
562;117660,786500;89208,775907;0,684211;3000,000000
563;104756,654842;92132,491849;0,684211;3000,000000
564;120000,000000;99370,674917;0,684211;3000,000000
565;100535,432585;63308,177514;0,642105;3000,000000
566;111131,590265;65370,561592;0,642105;3000,000000
567;103023,450042;79397,027939;0,505263;3000,000000
568;98147,848708;63473,274692;0,726316;3000,000000
569;120000,000000;95975,659917;0,736842;3000,000000
570;120000,000000;99814,872687;0,715789;3000,000000
571;101922,823412;77586,084170;0,642105;3000,000000
572;109882,237566;77005,449195;0,621053;3000,000000
573;116610,407163;65346,091769;0,684211;3000,000000
574;99836,279069;75904,141296;0,715789;3000,000000
575;120000,000000;92264,299178;0,757895;3000,000000
576;106854,000701;75595,771434;0,494737;3000,000000
577;108290,578143;68604,022331;0,736842;3000,000000
578;105056,349235;81505,634721;0,631579;3000,000000
579;82045,761621;62555,134885;0,526316;3000,000000
580;112654,235934;89444,797465;0,621053;3000,000000
581;99368,431548;64861,205945;0,547368;3000,000000
582;113160,593832;80959,779744;0,684211;3000,000000
583;117592,305981;90236,998684;0,652632;3000,000000
584;101026,162336;81723,528902;0,715789;3000,000000
585;111080,277643;66324,983121;0,610526;3000,000000
586;120000,000000;96291,822335;0,652632;3000,000000
587;91838,211905;61360,192496;0,589474;3000,000000
588;120000,000000;73753,302977;0,600000;3000,000000
589;109950,344771;90070,625424;0,610526;3000,000000
590;120000,000000;94629,194655;0,631579;3000,000000
591;116062,797954;71733,349832;0,631579;3000,000000
592;120000,000000;92513,577370;0,726316;3000,000000
593;104344,130128;60646,664630;0,694737;3000,000000
594;101901,053414;73661,887885;0,557895;3000,000000
595;111417,501001;70269,501616;0,757895;3000,000000
596;103308,177875;67079,220326;0,600000;3000,000000
597;99368,431548;56671,351829;0,621053;3000,000000
598;101973,648279;71486,127887;0,589474;3000,000000
599;120000,000000;77425,839851;0,673684;3000,000000
600;120000,000000;89594,367457;0,663158;3000,000000
601;114799,199161;102779,110188;0,652632;3000,000000
602;92910,637897;60019,371913;0,673684;3000,000000
603;120000,000000;73570,305837;0,652632;3000,000000
604;94603,043300;73438,101655;0,694737;3000,000000
605;120000,000000;79413,899351;0,757895;3000,000000
606;114548,407045;82722,989168;0,557895;3000,000000
607;100189,562313;60921,373582;0,610526;3000,000000
608;120000,000000;88050,417209;0,705263;3000,000000
609;104439,411458;93026,095213;0,652632;3000,000000
610;94797,267636;71843,764347;0,568421;3000,000000
611;101199,409812;87595,240848;0,600000;3000,000000
612;88865,455210;72846,753833;0,557895;3000,000000
613;97673,084874;65070,911643;0,631579;3000,000000
614;110945,115935;75258,401304;0,694737;3000,000000
615;118124,825324;97188,730879;0,694737;3000,000000
616;119682,868918;99048,657273;0,684211;3000,000000
617;105204,050146;91446,281246;0,726316;3000,000000
618;120000,000000;78279,216998;0,694737;3000,000000
619;120000,000000;114352,485794;0,673684;3000,000000
620;108081,439854;71865,132898;0,642105;3000,000000
621;106589,991547;65889,847101;0,568421;3000,000000
622;92924,029264;74032,481068;0,589474;3000,000000
623;108290,578143;63847,497272;0,631579;3000,000000
624;113673,923555;80238,492119;0,610526;3000,000000
625;119793,836280;92596,259506;0,705263;3000,000000
626;94748,539149;65651,754778;0,600000;3000,000000
627;116850,247622;68614,002343;0,610526;3000,000000
628;101101,270198;75208,161191;0,610526;3000,000000
629;100972,956489;59499,636224;0,684211;3000,000000
630;102344,470318;61204,397704;0,684211;3000,000000
631;113721,999673;83734,204859;0,557895;3000,000000
632;95377,554335;80837,020965;0,568421;3000,000000
633;120000,000000;100383,538378;0,589474;3000,000000
634;120000,000000;104322,996925;0,652632;3000,000000
635;103869,447461;88358,410397;0,694737;3000,000000
636;110819,533327;77370,176449;0,673684;3000,000000
637;102904,125380;61553,657269;0,673684;3000,000000
638;120000,000000;90510,404262;0,778947;3000,000000
639;99199,226123;61364,679418;0,631579;3000,000000
640;99679,649897;74088,738987;0,726316;3000,000000
641;102470,328706;82913,396331;0,652632;3000,000000
642;120000,000000;56797,536804;0,778947;3000,000000
643;113770,298351;85432,196266;0,673684;3000,000000
644;120000,000000;91124,795201;0,726316;3000,000000
645;116165,901066;83437,173950;0,578947;3000,000000
646;99910,469984;76175,914666;0,610526;3000,000000
647;119064,394605;77964,369104;0,673684;3000,000000
648;94253,465523;74220,379669;0,663158;3000,000000
649;115071,360180;73079,219107;0,726316;3000,000000
650;120000,000000;83747,024320;0,663158;3000,000000
651;101378,448218;62260,068199;0,631579;3000,000000
652;95074,964143;75316,390989;0,736842;3000,000000
653;103308,177875;57564,647385;0,663158;3000,000000
654;87089,770427;61613,652036;0,652632;3000,000000
655;119391,914968;103878,122688;0,642105;3000,000000
656;90617,288383;76115,116764;0,600000;3000,000000
657;107404,385893;93197,113899;0,684211;3000,000000
658;115310,213368;73032,075944;0,768421;3000,000000
659;108732,393708;80002,711986;0,621053;3000,000000
660;109204,886170;90229,459939;0,705263;3000,000000
661;89245,303167;62295,481111;0,631579;3000,000000
662;113673,923555;98383,806931;0,547368;3000,000000
663;97473,523065;75536,934955;0,578947;3000,000000
664;120000,000000;96821,737219;0,684211;3000,000000
665;109411,980610;78407,446537;0,589474;3000,000000
666;112555,141529;73586,142668;0,631579;3000,000000
667;109370,866357;81364,530900;0,663158;3000,000000
668;91857,947758;65911,009039;0,705263;3000,000000
669;108988,256838;77441,429966;0,673684;3000,000000
670;103720,794836;74765,766577;0,589474;3000,000000
671;107730,238418;80427,577950;0,621053;3000,000000
672;120000,000000;85796,284868;0,652632;3000,000000
673;97020,514311;82722,989168;0,557895;3000,000000
674;100159,206921;83154,849681;0,557895;3000,000000
675;113169,219907;82028,576227;0,684211;3000,000000
676;119064,394605;76678,106747;0,736842;3000,000000
677;120000,000000;91978,803836;0,694737;3000,000000
678;111780,725093;105987,493834;0,568421;3000,000000
679;99679,649897;58469,220374;0,684211;3000,000000
680;109067,139550;66156,856384;0,684211;3000,000000
681;119277,008182;75717,408573;0,652632;3000,000000
682;116067,223869;78719,758672;0,705263;3000,000000
683;92395,758106;66796,237565;0,757895;3000,000000
684;115745,392470;80107,284500;0,652632;3000,000000
685;103524,021378;97706,641652;0,684211;3000,000000
686;101199,409812;78572,516036;0,642105;3000,000000
687;106570,629932;75184,192090;0,715789;3000,000000
688;120000,000000;73744,749084;0,715789;3000,000000
689;120000,000000;102601,484067;0,652632;3000,000000
690;120000,000000;89178,573618;0,673684;3000,000000
691;103869,447461;91700,508556;0,726316;3000,000000
692;111334,032211;64803,356580;0,694737;3000,000000
693;103038,068096;83793,014640;0,547368;3000,000000
694;88390,243857;69146,901670;0,757895;3000,000000
695;104344,130128;78187,307017;0,557895;3000,000000
696;95384,994708;74181,374658;0,536842;3000,000000
697;119729,616548;87201,097070;0,600000;3000,000000
698;116062,797954;64724,794542;0,684211;3000,000000
699;92507,980226;78407,452253;0,515789;3000,000000
700;120000,000000;92125,931448;0,652632;3000,000000
701;120000,000000;100413,266690;0,705263;3000,000000
702;120000,000000;89001,852425;0,631579;3000,000000
703;119737,099603;85060,912767;0,610526;3000,000000
704;120000,000000;79767,602937;0,684211;3000,000000
705;82759,644504;72166,854965;0,652632;3000,000000
706;108277,701270;78940,983568;0,778947;3000,000000
707;120000,000000;100403,282148;0,694737;3000,000000
708;113626,836784;97585,576979;0,642105;3000,000000
709;116792,901002;91772,520878;0,589474;3000,000000
710;109206,104840;83650,418808;0,705263;3000,000000
711;92620,062254;73283,139975;0,610526;3000,000000
712;120000,000000;80869,646538;0,673684;3000,000000
713;105830,480056;83881,338288;0,715789;3000,000000
714;114682,353716;81086,132674;0,726316;3000,000000
715;100457,614486;70499,218201;0,621053;3000,000000
716;116899,677988;62858,654118;0,736842;3000,000000
717;120000,000000;113912,119341;0,663158;3000,000000
718;115065,187301;81995,018027;0,631579;3000,000000
719;120000,000000;71053,111580;0,694737;3000,000000
720;120000,000000;99430,230899;0,694737;3000,000000
721;112957,188269;72552,261758;0,673684;3000,000000
722;103768,170297;72246,729118;0,652632;3000,000000
723;99710,562464;61634,136309;0,589474;3000,000000
724;120000,000000;100598,061667;0,663158;3000,000000
725;109058,946632;90898,286768;0,547368;3000,000000
726;118606,188246;79712,284308;0,694737;3000,000000
727;111367,743592;99274,711243;0,621053;3000,000000
728;88992,871204;70229,340157;0,652632;3000,000000
729;120000,000000;92659,363804;0,715789;3000,000000
730;109204,886170;68253,990551;0,747368;3000,000000
731;113877,817624;83883,639941;0,736842;3000,000000
732;102904,125380;87710,040378;0,536842;3000,000000
733;118124,825324;95994,545319;0,652632;3000,000000
734;94054,186520;57538,600306;0,621053;3000,000000
735;120000,000000;86274,891906;0,705263;3000,000000
736;120000,000000;97055,400509;0,673684;3000,000000
737;96924,887307;75700,520280;0,663158;3000,000000
738;119258,302787;71904,508295;0,631579;3000,000000
739;114587,721829;65113,417597;0,736842;3000,000000
740;75593,189809;46144,189125;0,652632;3000,000000
741;120000,000000;79188,428193;0,715789;3000,000000
742;105394,658485;77408,246676;0,547368;3000,000000
743;106830,479761;73469,019732;0,747368;3000,000000
744;109905,547423;95896,945008;0,736842;3000,000000
745;113565,153918;79434,489472;0,705263;3000,000000
746;120000,000000;93151,822236;0,684211;3000,000000
747;116738,596810;74106,129838;0,715789;3000,000000
748;93819,309376;62763,478877;0,673684;3000,000000
749;120000,000000;92332,320445;0,694737;3000,000000
750;94375,923635;63255,735823;0,684211;3000,000000
751;120000,000000;92188,468207;0,673684;3000,000000
752;97018,989729;81879,052734;0,610526;3000,000000
753;106830,479761;94705,486421;0,705263;3000,000000
754;119020,396179;92921,848087;0,673684;3000,000000
755;118395,559071;104844,005048;0,694737;3000,000000
756;119737,099603;92094,522722;0,642105;3000,000000
757;102927,202035;64826,368399;0,694737;3000,000000
758;118562,193975;94077,862493;0,684211;3000,000000
759;119258,302787;59817,723346;0,610526;3000,000000
760;120000,000000;97809,020143;0,715789;3000,000000
761;120000,000000;76193,000205;0,694737;3000,000000
762;99034,876133;85782,769382;0,610526;3000,000000
763;83636,886846;70974,083687;0,547368;3000,000000
764;96364,100142;65680,352851;0,652632;3000,000000
765;92442,228134;62295,481111;0,600000;3000,000000
766;95593,461828;71539,707991;0,578947;3000,000000
767;113489,026650;73524,518242;0,694737;3000,000000
768;100304,129771;77915,385219;0,726316;3000,000000
769;114207,299059;72510,884510;0,600000;3000,000000
770;102344,470318;76063,741316;0,568421;3000,000000
771;120000,000000;83613,150284;0,715789;3000,000000
772;97313,722598;60406,532551;0,600000;3000,000000
773;120000,000000;89458,788832;0,747368;3000,000000
774;119258,302787;60414,931387;0,621053;3000,000000
775;120000,000000;90733,330132;0,589474;3000,000000
776;119793,836280;70347,642826;0,715789;3000,000000
777;120000,000000;71493,124818;0,673684;3000,000000
778;100585,644368;63256,216202;0,736842;3000,000000
779;104368,973768;57403,501429;0,631579;3000,000000
780;98955,975408;73839,156891;0,705263;3000,000000
781;93873,450290;64817,860288;0,631579;3000,000000
782;105791,225305;57474,255244;0,663158;3000,000000
783;111836,619526;92565,514526;0,621053;3000,000000
784;84767,001503;61713,098370;0,694737;3000,000000
785;120000,000000;89301,166367;0,736842;3000,000000
786;100146,417819;74366,342393;0,547368;3000,000000
787;120000,000000;94415,086372;0,768421;3000,000000
788;102247,889125;73583,135252;0,747368;3000,000000
789;120000,000000;98075,972447;0,736842;3000,000000
790;85910,147725;64607,783779;0,715789;3000,000000
791;120000,000000;92125,931448;0,684211;3000,000000
792;120000,000000;79582,650792;0,684211;3000,000000
793;115674,368306;86493,739035;0,747368;3000,000000
794;120000,000000;79704,126359;0,684211;3000,000000
795;91838,211905;69571,902991;0,621053;3000,000000
796;101378,448218;56428,138297;0,578947;3000,000000
797;120000,000000;96337,741624;0,673684;3000,000000
798;100988,012410;85550,803304;0,505263;3000,000000
799;120000,000000;66699,812557;0,705263;3000,000000
800;78447,906242;65703,179175;0,536842;3000,000000
801;92194,616749;67019,622832;0,589474;3000,000000
802;120000,000000;78777,693108;0,652632;3000,000000
803;120000,000000;73965,676091;0,747368;3000,000000
804;120000,000000;97301,551386;0,663158;3000,000000
805;117934,479929;88320,944720;0,600000;3000,000000
806;109958,607117;73063,562196;0,726316;3000,000000
807;114660,244132;61289,642634;0,778947;3000,000000
808;120000,000000;96134,314791;0,663158;3000,000000
809;97934,305368;52517,936169;0,652632;3000,000000
810;119273,677913;101694,211371;0,726316;3000,000000
811;108468,538728;78925,533486;0,663158;3000,000000
812;93873,450290;69913,581403;0,589474;3000,000000
813;102071,075334;90328,605046;0,663158;3000,000000
814;107183,679171;83076,310019;0,473684;3000,000000
815;120000,000000;85656,145100;0,673684;3000,000000
816;102862,922153;86515,217470;0,610526;3000,000000
817;120000,000000;94759,813667;0,663158;3000,000000
818;85564,459140;58726,255211;0,642105;3000,000000
819;89786,514878;72980,357093;0,621053;3000,000000
820;120000,000000;68609,791861;0,778947;3000,000000
821;120000,000000;75002,872432;0,684211;3000,000000
822;111902,236784;61183,992165;0,757895;3000,000000
823;109058,946632;87465,986152;0,526316;3000,000000
824;102117,755392;82224,750660;0,589474;3000,000000
825;113877,817624;54671,839048;0,747368;3000,000000
826;118600,298673;68880,825194;0,705263;3000,000000
827;85564,459140;69489,908906;0,547368;3000,000000
828;106613,197398;83251,962213;0,557895;3000,000000
829;109067,809371;93334,735063;0,568421;3000,000000
830;115806,039936;85716,134407;0,747368;3000,000000
831;89526,610523;66397,759877;0,694737;3000,000000
832;107816,722024;67467,861260;0,621053;3000,000000
833;89841,989593;60441,967013;0,726316;3000,000000
834;88671,599506;48556,502065;0,789474;3000,000000
835;120000,000000;94960,250755;0,621053;3000,000000
836;120000,000000;98380,668355;0,726316;3000,000000
837;101386,183840;75266,749659;0,610526;3000,000000
838;118967,025883;92430,006015;0,673684;3000,000000
839;116610,407163;87118,720402;0,621053;3000,000000
840;118232,964059;76759,923565;0,684211;3000,000000
841;118232,964059;79083,589518;0,673684;3000,000000
842;120000,000000;66782,112538;0,747368;3000,000000
843;97354,747227;76736,271455;0,726316;3000,000000
844;112654,235934;80698,898305;0,568421;3000,000000
845;120000,000000;104794,471363;0,726316;3000,000000
846;102029,009315;72733,491184;0,600000;3000,000000
847;107299,445928;69611,400625;0,747368;3000,000000
848;101853,875501;75047,747950;0,600000;3000,000000
849;120000,000000;82594,884942;0,631579;3000,000000
850;109527,746887;89216,266671;0,642105;3000,000000
851;113362,721941;67692,393925;0,705263;3000,000000
852;119708,358359;85398,173114;0,673684;3000,000000
853;93551,797282;69543,731297;0,600000;3000,000000
854;117892,253614;79672,240205;0,642105;3000,000000
855;120000,000000;100103,700844;0,684211;3000,000000
856;97646,148023;48918,129265;0,610526;3000,000000
857;117980,709939;85300,961144;0,694737;3000,000000
858;104145,424122;76945,089893;0,610526;3000,000000
859;109855,633178;84187,192192;0,673684;3000,000000
860;98730,358482;69805,720681;0,642105;3000,000000
861;120000,000000;87495,223523;0,673684;3000,000000
862;102344,470318;57338,076961;0,631579;3000,000000
863;120000,000000;100292,387769;0,694737;3000,000000
864;97727,480188;82566,344104;0,600000;3000,000000
865;90691,895242;59051,304344;0,694737;3000,000000
866;108499,256453;65383,580174;0,663158;3000,000000
867;98843,038964;81490,561105;0,505263;3000,000000
868;95170,778580;90392,619486;0,705263;3000,000000
869;120000,000000;95280,695996;0,642105;3000,000000
870;107183,679171;74332,529244;0,663158;3000,000000
871;101368,466750;67201,713604;0,600000;3000,000000
872;104439,411458;60844,327842;0,684211;3000,000000
873;120000,000000;82501,685171;0,694737;3000,000000
874;98530,327604;56669,977347;0,642105;3000,000000
875;100389,733148;82722,989168;0,621053;3000,000000
876;109002,140532;59233,389436;0,673684;3000,000000
877;98247,679763;55515,231016;0,621053;3000,000000
878;110184,412712;73896,872211;0,663158;3000,000000
879;104145,424122;77224,466126;0,610526;3000,000000
880;120000,000000;83157,614720;0,747368;3000,000000
881;98736,737412;80940,338072;0,684211;3000,000000
882;102422,954227;72743,057666;0,663158;3000,000000
883;95384,994708;62383,967141;0,600000;3000,000000
884;120000,000000;101286,421604;0,800000;3000,000000
885;108399,147697;80350,246513;0,715789;3000,000000
886;93302,456189;64768,827257;0,621053;3000,000000
887;97789,718499;50004,181920;0,684211;3000,000000
888;108583,694064;78190,039727;0,652632;3000,000000
889;97861,582480;63561,484031;0,736842;3000,000000
890;105187,823234;77509,336913;0,631579;3000,000000
891;120000,000000;86644,617816;0,684211;3000,000000
892;120000,000000;98502,923233;0,694737;3000,000000
893;120000,000000;75499,303471;0,642105;3000,000000
894;118577,476737;72530,670133;0,652632;3000,000000
895;103524,021378;58266,314498;0,642105;3000,000000
896;110318,825259;86093,255231;0,589474;3000,000000
897;117863,039798;93018,709037;0,726316;3000,000000
898;102904,125380;81514,506896;0,547368;3000,000000
899;113907,533383;67184,023669;0,621053;3000,000000
900;94128,692369;53531,031941;0,663158;3000,000000
901;101869,300050;66802,133074;0,610526;3000,000000
902;118600,298673;78209,530216;0,600000;3000,000000
903;88659,061370;61358,816212;0,621053;3000,000000
904;114548,407045;71923,560929;0,505263;3000,000000
905;120000,000000;95483,480053;0,757895;3000,000000
906;110184,412712;75872,987263;0,631579;3000,000000
907;92551,766138;79830,023266;0,663158;3000,000000
908;107439,618266;81790,403717;0,726316;3000,000000
909;91669,366656;61743,757130;0,684211;3000,000000
910;102470,328706;67833,299252;0,631579;3000,000000
911;118268,685711;90285,775603;0,663158;3000,000000
912;102344,470318;59043,489337;0,715789;3000,000000
913;113721,999673;66939,321200;0,610526;3000,000000
914;120000,000000;84623,705289;0,663158;3000,000000
915;113380,107831;67760,878124;0,684211;3000,000000
916;118635,043049;89192,567258;0,673684;3000,000000
917;117892,253614;92718,485669;0,694737;3000,000000
918;100986,208110;68600,323722;0,684211;3000,000000
919;95163,098821;83256,304550;0,547368;3000,000000
920;102073,038797;76012,014891;0,684211;3000,000000
921;120000,000000;73299,313723;0,673684;3000,000000
922;100982,321438;75303,361856;0,642105;3000,000000
923;118281,877034;94752,149939;0,684211;3000,000000
924;114591,161192;71451,476119;0,610526;3000,000000
925;116792,901002;86970,411487;0,631579;3000,000000
926;106463,530626;67283,879682;0,663158;3000,000000
927;83325,597644;69980,909210;0,557895;3000,000000
928;83656,086878;72461,967112;0,568421;3000,000000
929;92853,570071;85081,698765;0,652632;3000,000000
930;93722,766042;80158,679844;0,547368;3000,000000
931;101333,845834;66820,817770;0,663158;3000,000000
932;120000,000000;78564,903057;0,747368;3000,000000
933;93287,639190;79437,555303;0,610526;3000,000000
934;112608,976484;80748,272696;0,547368;3000,000000
935;115310,213368;75943,747628;0,684211;3000,000000
936;117156,148162;73551,184952;0,631579;3000,000000
937;86009,921757;68204,703991;0,589474;3000,000000
938;120000,000000;83943,545585;0,589474;3000,000000
939;78418,500818;58011,988810;0,747368;3000,000000
940;118635,043049;75544,429778;0,715789;3000,000000
941;99527,984141;70597,280656;0,673684;3000,000000
942;102685,509939;79252,679833;0,515789;3000,000000
943;89841,989593;67008,737839;0,673684;3000,000000
944;87846,025666;66123,127501;0,589474;3000,000000
945;120000,000000;97884,858626;0,705263;3000,000000
946;119258,302787;89277,732718;0,526316;3000,000000
947;120000,000000;97267,024269;0,642105;3000,000000
948;99403,741017;64536,405953;0,736842;3000,000000
949;95218,863474;81647,655550;0,652632;3000,000000
950;119274,926310;81971,641754;0,673684;3000,000000
951;115135,232040;67373,096997;0,736842;3000,000000
952;119274,926310;88593,862342;0,726316;3000,000000
953;110318,825259;89601,436118;0,536842;3000,000000
954;112175,765575;81032,398720;0,705263;3000,000000
955;120000,000000;93207,637143;0,705263;3000,000000
956;95102,822821;74609,280104;0,589474;3000,000000
957;103261,794604;66933,108136;0,757895;3000,000000
958;117718,372817;78255,032594;0,715789;3000,000000
959;98836,021388;71056,343324;0,621053;3000,000000
960;120000,000000;104662,825844;0,621053;3000,000000
961;92620,062254;74023,424364;0,547368;3000,000000
962;118799,355812;85228,416778;0,694737;3000,000000
963;119082,524390;101416,511303;0,789474;3000,000000
964;116789,616593;89314,445376;0,694737;3000,000000
965;111367,743592;61619,033020;0,810526;3000,000000
966;120000,000000;91069,406432;0,715789;3000,000000
967;120000,000000;101264,497030;0,631579;3000,000000
968;116323,070436;98217,292900;0,757895;3000,000000
969;105911,725249;89098,960450;0,673684;3000,000000
970;97194,830997;81023,400508;0,589474;3000,000000
971;119331,500633;73553,569986;0,736842;3000,000000
972;94748,539149;69425,214866;0,673684;3000,000000
973;100159,206921;72263,034063;0,642105;3000,000000
974;114730,315322;85570,915605;0,705263;3000,000000
975;115745,392470;83730,773148;0,673684;3000,000000
976;101575,949184;77090,968735;0,663158;3000,000000
977;100169,757797;76575,685203;0,652632;3000,000000
978;120000,000000;99052,688218;0,642105;3000,000000
979;120000,000000;90841,871844;0,726316;3000,000000
980;103524,021378;55837,970452;0,726316;3000,000000
981;83664,286278;57369,105149;0,600000;3000,000000
982;120000,000000;72222,988018;0,652632;3000,000000
983;120000,000000;105950,860170;0,694737;3000,000000
984;119247,887621;89744,644483;0,789474;3000,000000
985;120000,000000;103088,127387;0,652632;3000,000000
986;119223,961723;72608,643068;0,568421;3000,000000
987;101571,157390;70928,918294;0,736842;3000,000000
988;94886,392392;71335,698884;0,600000;3000,000000
989;120000,000000;94494,018880;0,705263;3000,000000
990;107183,679171;83540,677781;0,578947;3000,000000
991;79245,123954;62842,829420;0,789474;3000,000000
992;110318,825259;80411,250703;0,578947;3000,000000
993;120000,000000;85865,443622;0,673684;3000,000000
994;101901,053414;82941,268582;0,536842;3000,000000
995;88865,455210;64437,123101;0,578947;3000,000000
996;116457,247278;83461,753517;0,705263;3000,000000
997;98139,683443;80460,449968;0,705263;3000,000000
998;120000,000000;93711,598863;0,684211;3000,000000
999;104017,619137;67968,984922;0,652632;3000,000000
1000;120000,000000;72133,083763;0,673684;3000,000000
1001;98214,504198;82002,603499;0,494737;3000,000000
1002;114591,161192;76705,605836;0,694737;3000,000000
1003;103152,555390;73931,284426;0,547368;3000,000000
1004;120000,000000;75320,595047;0,673684;3000,000000
1005;88881,863203;65676,212008;0,568421;3000,000000
1006;113103,718143;70849,633445;0,673684;3000,000000
1007;120000,000000;93315,408714;0,631579;3000,000000
1008;120000,000000;70594,082464;0,747368;3000,000000
1009;102509,950229;79824,787094;0,578947;3000,000000
1010;106528,412857;55653,982561;0,673684;3000,000000
1011;118268,685711;74309,456592;0,642105;3000,000000
1012;120000,000000;96838,629148;0,715789;3000,000000
1013;100988,012410;83686,738090;0,631579;3000,000000
1014;93391,644580;53866,805719;0,610526;3000,000000
1015;90815,027886;76429,039706;0,694737;3000,000000
1016;119346,885375;62753,536003;0,747368;3000,000000
1017;97148,210306;77356,694573;0,694737;3000,000000
1018;105736,021894;55052,280330;0,768421;3000,000000
1019;94131,662561;68331,519623;0,673684;3000,000000
1020;94934,517891;76038,480813;0,673684;3000,000000
1021;120000,000000;90694,976188;0,715789;3000,000000
1022;120000,000000;82334,329428;0,757895;3000,000000
1023;115105,779429;70047,368738;0,768421;3000,000000
1024;90377,110503;74420,523435;0,547368;3000,000000
1025;107522,864466;84860,860540;0,705263;3000,000000
1026;116787,211895;69509,341421;0,747368;3000,000000
1027;120000,000000;89738,127014;0,684211;3000,000000
1028;117718,372817;91010,428599;0,715789;3000,000000
1029;100959,448729;65665,446231;0,705263;3000,000000
1030;102737,501413;80942,407302;0,684211;3000,000000
1031;96257,185939;73963,852802;0,600000;3000,000000
1032;102470,328706;60688,613256;0,652632;3000,000000
1033;113553,853918;84109,087059;0,600000;3000,000000
1034;120000,000000;106388,717880;0,589474;3000,000000
1035;97568,874594;88383,863667;0,568421;3000,000000
1036;97740,877416;83613,075346;0,631579;3000,000000
1037;111061,856647;72600,058879;0,515789;3000,000000
1038;84509,883052;62804,745493;0,610526;3000,000000
1039;111046,577237;65980,896532;0,757895;3000,000000
1040;120000,000000;96531,169026;0,684211;3000,000000
1041;108223,827110;85118,000132;0,736842;3000,000000
1042;118253,042479;68100,886116;0,694737;3000,000000
1043;92442,228134;50602,691880;0,663158;3000,000000
1044;120000,000000;61536,675047;0,684211;3000,000000
1045;83147,180595;67617,088118;0,610526;3000,000000
1046;112467,256928;66453,202083;0,747368;3000,000000
1047;120000,000000;78867,245464;0,747368;3000,000000
1048;75515,981468;53770,836462;0,578947;3000,000000
1049;120000,000000;88212,402900;0,621053;3000,000000
1050;111912,767948;85279,400525;0,642105;3000,000000
1051;94131,662561;79316,822499;0,673684;3000,000000
1052;119708,358359;110871,044612;0,705263;3000,000000
1053;120000,000000;89091,993284;0,705263;3000,000000
1054;103768,170297;67602,652795;0,621053;3000,000000
1055;99451,541429;79366,355104;0,684211;3000,000000
1056;120000,000000;80033,525411;0,652632;3000,000000
1057;113907,533383;57188,542224;0,663158;3000,000000
1058;101668,988787;64805,592756;0,631579;3000,000000
1059;120000,000000;56780,151629;0,747368;3000,000000
1060;120000,000000;91129,977104;0,663158;3000,000000
1061;103323,438876;75489,237910;0,652632;3000,000000
1062;119258,302787;109130,381124;0,589474;3000,000000
1063;102451,018595;73990,558671;0,600000;3000,000000
1064;92191,856484;64488,700571;0,631579;3000,000000
1065;117718,372817;99461,025329;0,726316;3000,000000
1066;120000,000000;66695,182565;0,736842;3000,000000
1067;100500,289259;85697,093841;0,536842;3000,000000
1068;94866,492180;81914,250065;0,621053;3000,000000
1069;111902,236784;78048,502712;0,652632;3000,000000
1070;96922,514190;69798,905027;0,789474;3000,000000
1071;120000,000000;88325,895963;0,694737;3000,000000
1072;120000,000000;90086,098190;0,642105;3000,000000
1073;109950,344771;89680,602182;0,547368;3000,000000
1074;120000,000000;92115,416679;0,715789;3000,000000
1075;117549,421807;85133,524661;0,747368;3000,000000
1076;105911,725249;59823,396238;0,684211;3000,000000
1077;97646,148023;76926,707073;0,642105;3000,000000
1078;102904,125380;82791,414801;0,547368;3000,000000
1079;98932,743406;89984,827231;0,694737;3000,000000
1080;83945,866909;68193,882931;0,600000;3000,000000
1081;104627,156317;85505,283580;0,736842;3000,000000
1082;120000,000000;88817,828795;0,736842;3000,000000
1083;108506,258492;75806,848183;0,747368;3000,000000
1084;113788,220855;74241,533301;0,631579;3000,000000
1085;101315,098793;82923,685372;0,505263;3000,000000
1086;93955,437228;65134,162455;0,768421;3000,000000
1087;105736,021894;88999,667669;0,705263;3000,000000
1088;95696,049577;59761,892543;0,673684;3000,000000
1089;111766,784232;68896,009847;0,726316;3000,000000
1090;92620,062254;80347,793994;0,621053;3000,000000
1091;120000,000000;76642,369009;0,684211;3000,000000
1092;105787,935372;63915,859885;0,673684;3000,000000
1093;78791,272127;43852,449293;0,736842;3000,000000
1094;120000,000000;71674,567214;0,557895;3000,000000
1095;99542,821427;84017,530414;0,694737;3000,000000
1096;120000,000000;61625,677960;0,736842;3000,000000
1097;93491,320722;64524,130588;0,684211;3000,000000
1098;102549,006437;65665,446231;0,673684;3000,000000
1099;110819,533327;65948,438264;0,663158;3000,000000
1100;120000,000000;94622,351889;0,652632;3000,000000
1101;100500,289259;73880,326653;0,610526;3000,000000
1102;120000,000000;80479,373075;0,768421;3000,000000
1103;95971,244570;74730,474246;0,789474;3000,000000
1104;90941,903456;76869,851563;0,484211;3000,000000
1105;93333,261108;67406,772916;0,600000;3000,000000
1106;118510,265241;76282,575820;0,705263;3000,000000
1107;114509,707295;77695,895536;0,621053;3000,000000
1108;111367,743592;80588,410346;0,694737;3000,000000
1109;120000,000000;104265,180619;0,684211;3000,000000
1110;114999,943051;95879,631475;0,621053;3000,000000
1111;102130,179145;75274,911049;0,621053;3000,000000
1112;95593,461828;76997,035356;0,547368;3000,000000
1113;98456,721931;81249,533336;0,642105;3000,000000
1114;119737,099603;76287,866615;0,694737;3000,000000
1115;106144,395187;56381,725180;0,747368;3000,000000
1116;120000,000000;100899,607443;0,610526;3000,000000
1117;106327,170082;84552,067892;0,726316;3000,000000
1118;119277,008182;82267,828443;0,747368;3000,000000
1119;120000,000000;95286,139786;0,673684;3000,000000
1120;98247,679763;64648,683601;0,557895;3000,000000
1121;118362,620013;73561,959186;0,642105;3000,000000
1122;107881,736877;54901,360749;0,726316;3000,000000
1123;120000,000000;108507,418958;0,631579;3000,000000
1124;118702,819395;91608,653492;0,673684;3000,000000
1125;120000,000000;89774,560494;0,705263;3000,000000
1126;101571,157390;72818,569720;0,642105;3000,000000
1127;110819,533327;85691,253343;0,705263;3000,000000
1128;91189,153100;75435,141019;0,610526;3000,000000
1129;120000,000000;103748,596410;0,663158;3000,000000
1130;96267,318925;57488,781043;0,589474;3000,000000
1131;120000,000000;96662,298247;0,736842;3000,000000
1132;120000,000000;98635,536933;0,663158;3000,000000
1133;93873,450290;57639,487606;0,600000;3000,000000
1134;98209,827004;74630,171569;0,673684;3000,000000
1135;101390,455965;64586,097557;0,726316;3000,000000
1136;120000,000000;99056,688161;0,663158;3000,000000
1137;113980,629979;90513,097110;0,694737;3000,000000
1138;102017,779649;52499,122478;0,663158;3000,000000
1139;108499,256453;89247,175426;0,484211;3000,000000
1140;120000,000000;65754,125752;0,694737;3000,000000
1141;120000,000000;70315,138996;0,757895;3000,000000
1142;118702,819395;86199,031198;0,631579;3000,000000
1143;102572,245439;88700,354821;0,705263;3000,000000
1144;120000,000000;86220,722489;0,736842;3000,000000
1145;118542,476206;71448,354030;0,757895;3000,000000
1146;120000,000000;70734,813238;0,757895;3000,000000
1147;119388,919619;94695,092153;0,705263;3000,000000
1148;88659,061370;75744,478114;0,600000;3000,000000
1149;89352,261160;67686,453313;0,484211;3000,000000
1150;99694,939194;63130,906014;0,515789;3000,000000
1151;96096,460602;74366,216172;0,589474;3000,000000
1152;120000,000000;101794,000238;0,642105;3000,000000
1153;118967,025883;80495,488413;0,673684;3000,000000
1154;102904,125380;73290,569954;0,621053;3000,000000
1155;105251,374871;73105,608293;0,800000;3000,000000
1156;120000,000000;88251,121717;0,768421;3000,000000
1157;107233,027986;73428,676264;0,589474;3000,000000
1158;111177,636426;77673,399200;0,631579;3000,000000
1159;95102,822821;71039,787847;0,610526;3000,000000
1160;101265,420483;72659,146072;0,705263;3000,000000
1161;112198,048095;88274,926730;0,747368;3000,000000
1162;103023,450042;81690,317684;0,526316;3000,000000
1163;120000,000000;75233,017609;0,778947;3000,000000
1164;94795,828265;67194,078731;0,547368;3000,000000
1165;120000,000000;80302,244294;0,694737;3000,000000
1166;110184,412712;80134,354814;0,621053;3000,000000
1167;98348,819750;70900,679400;0,726316;3000,000000
1168;119225,858871;80433,194562;0,705263;3000,000000
1169;120000,000000;79399,791677;0,768421;3000,000000
1170;102451,018595;68136,332157;0,621053;3000,000000
1171;102344,470318;79052,490704;0,600000;3000,000000
1172;96090,608147;63262,790629;0,557895;3000,000000
1173;118105,798959;87679,101383;0,726316;3000,000000
1174;120000,000000;90856,120245;0,747368;3000,000000
1175;108258,285439;85505,736616;0,600000;3000,000000
1176;83820,881711;67452,529162;0,800000;3000,000000
1177;110484,732188;85148,495807;0,526316;3000,000000
1178;86099,575719;67070,091817;0,578947;3000,000000
1179;94483,112831;80303,104054;0,621053;3000,000000
1180;92194,616749;70601,795898;0,547368;3000,000000
1181;106589,991547;59929,247665;0,631579;3000,000000
1182;83379,818697;48140,885936;0,694737;3000,000000
1183;114799,199161;96150,664360;0,673684;3000,000000
1184;107331,767556;69394,815881;0,621053;3000,000000
1185;118091,944361;76324,105394;0,631579;3000,000000
1186;96305,804661;75109,412095;0,631579;3000,000000
1187;98730,358482;63559,869958;0,600000;3000,000000
1188;120000,000000;85713,976503;0,684211;3000,000000
1189;118600,298673;92344,520741;0,589474;3000,000000
1190;103109,150226;80874,028965;0,621053;3000,000000
1191;113673,923555;82224,750660;0,610526;3000,000000
1192;112740,689964;66386,260382;0,747368;3000,000000
1193;120000,000000;99394,806334;0,673684;3000,000000
1194;96995,309774;73458,931602;0,705263;3000,000000
1195;100253,659102;64722,680024;0,831579;3000,000000
1196;113721,999673;80863,059650;0,568421;3000,000000
1197;120000,000000;103169,348798;0,715789;3000,000000
1198;102451,018595;68367,643815;0,610526;3000,000000
1199;120000,000000;92017,084094;0,757895;3000,000000
1200;118430,166013;81749,328355;0,757895;3000,000000
1201;120000,000000;62905,339811;0,800000;3000,000000
1202;118124,437570;88111,876733;0,705263;3000,000000
1203;111712,954726;77905,208907;0,715789;3000,000000
1204;120000,000000;95139,284273;0,736842;3000,000000
1205;100159,206921;71706,061959;0,547368;3000,000000
1206;104833,071891;82128,315349;0,684211;3000,000000
1207;120000,000000;76806,203430;0,726316;3000,000000
1208;120000,000000;98136,280230;0,652632;3000,000000
1209;92790,234168;74158,781391;0,747368;3000,000000
1210;102011,931250;77429,939561;0,515789;3000,000000
1211;99959,968358;77325,573282;0,557895;3000,000000
1212;118600,298673;63450,867561;0,652632;3000,000000
1213;91838,211905;73876,621939;0,589474;3000,000000
1214;120000,000000;96800,119408;0,610526;3000,000000
1215;120000,000000;76553,163477;0,757895;3000,000000
1216;120000,000000;86451,042457;0,810526;3000,000000
1217;99679,649897;62436,229110;0,705263;3000,000000
1218;120000,000000;80543,541245;0,747368;3000,000000
1219;114530,055546;92817,608472;0,663158;3000,000000
1220;74089,876777;65229,173010;0,768421;3000,000000
1221;111334,032211;52705,208563;0,747368;3000,000000
1222;84973,755453;52243,137837;0,715789;3000,000000
1223;120000,000000;96677,627038;0,694737;3000,000000
1224;118600,298673;82662,747339;0,621053;3000,000000
1225;92624,911752;73027,077357;0,578947;3000,000000
1226;98456,721931;81299,493065;0,610526;3000,000000
1227;120000,000000;89204,872366;0,747368;3000,000000
1228;89077,463331;73207,540397;0,684211;3000,000000
1229;93551,797282;55243,606114;0,589474;3000,000000
1230;99804,949743;76806,203430;0,726316;3000,000000
1231;107655,470144;68570,727039;0,736842;3000,000000
1232;100058,798500;84289,029454;0,610526;3000,000000
1233;102685,509939;74638,016310;0,547368;3000,000000
1234;110438,666426;76114,239150;0,684211;3000,000000
1235;116067,223869;92624,637699;0,694737;3000,000000
1236;103362,903116;76001,619886;0,736842;3000,000000
1237;110184,412712;79676,454297;0,578947;3000,000000
1238;120000,000000;80751,923118;0,705263;3000,000000
1239;106327,170082;83229,623321;0,736842;3000,000000
1240;95298,227610;58715,641485;0,736842;3000,000000
1241;99368,431548;73486,695903;0,663158;3000,000000
1242;109206,104840;93502,017810;0,684211;3000,000000
1243;111131,590265;71921,820648;0,663158;3000,000000
1244;106206,984542;81246,858088;0,652632;3000,000000
1245;110586,852111;102846,606100;0,484211;3000,000000
1246;120000,000000;104437,083534;0,757895;3000,000000
1247;107425,261765;85545,511184;0,736842;3000,000000
1248;102012,091299;78948,100386;0,663158;3000,000000
1249;120000,000000;96268,501439;0,736842;3000,000000
1250;88895,600439;72913,767493;0,768421;3000,000000
1251;114207,299059;88002,185428;0,715789;3000,000000
1252;94270,451882;74935,666676;0,621053;3000,000000
1253;92527,097847;68039,081114;0,663158;3000,000000
1254;95340,891174;74662,160224;0,673684;3000,000000
1255;105744,537087;81101,257693;0,663158;3000,000000
1256;101869,300050;70130,304643;0,663158;3000,000000
1257;120000,000000;71195,403549;0,789474;3000,000000
1258;116524,942404;84932,302946;0,747368;3000,000000
1259;116705,441112;93221,140454;0,800000;3000,000000
1260;110006,527069;60753,110616;0,726316;3000,000000
1261;113553,853918;68455,149719;0,747368;3000,000000
1262;117794,140922;93576,568078;0,673684;3000,000000
1263;109093,573082;80356,722544;0,663158;3000,000000
1264;117701,516562;81879,719910;0,715789;3000,000000
1265;100177,116573;74344,303560;0,747368;3000,000000
1266;110318,825259;69188,797406;0,589474;3000,000000
1267;107522,864466;72338,404897;0,705263;3000,000000
1268;118292,343348;84597,493629;0,652632;3000,000000
1269;120000,000000;99469,452042;0,694737;3000,000000
1270;120000,000000;95307,536422;0,663158;3000,000000
1271;108399,147697;65798,826001;0,642105;3000,000000
1272;104889,357285;75895,360719;0,747368;3000,000000
1273;89521,335664;63889,491804;0,589474;3000,000000
1274;110833,581137;75269,161743;0,673684;3000,000000
1275;120000,000000;83842,674802;0,621053;3000,000000
1276;89887,954395;62763,478877;0,600000;3000,000000
1277;118600,298673;68918,933983;0,705263;3000,000000
1278;101668,988787;52923,081777;0,673684;3000,000000
1279;120000,000000;80223,388335;0,800000;3000,000000
1280;98486,616746;74449,844678;0,505263;3000,000000
1281;120000,000000;92087,048304;0,600000;3000,000000
1282;120000,000000;95652,288579;0,715789;3000,000000
1283;108039,037452;74202,519656;0,715789;3000,000000
1284;107049,346237;71985,863127;0,589474;3000,000000
1285;92852,125383;72314,473872;0,642105;3000,000000
1286;94866,492180;74575,022252;0,747368;3000,000000
1287;111243,166783;70667,903566;0,684211;3000,000000
1288;77879,359075;56841,513268;0,600000;3000,000000
1289;117007,366795;71294,458361;0,694737;3000,000000
1290;94454,681306;74545,537678;0,557895;3000,000000
1291;120000,000000;94799,768101;0,663158;3000,000000
1292;107816,722024;57253,985723;0,673684;3000,000000
1293;98486,616746;76017,449865;0,652632;3000,000000
1294;116738,596810;78262,604968;0,768421;3000,000000
1295;107439,618266;68717,002697;0,694737;3000,000000
1296;95170,778580;77038,987814;0,600000;3000,000000
1297;103598,687642;69348,730977;0,694737;3000,000000
1298;120000,000000;78983,827089;0,684211;3000,000000
1299;106530,470862;58206,698378;0,768421;3000,000000
1300;120000,000000;88052,750808;0,715789;3000,000000
1301;116610,407163;78348,670069;0,631579;3000,000000
1302;98276,974777;76755,199269;0,610526;3000,000000
1303;119726,915551;91455,109765;0,684211;3000,000000
1304;120000,000000;93896,021982;0,663158;3000,000000
1305;118091,944361;92654,723964;0,684211;3000,000000
1306;107439,618266;82605,705798;0,684211;3000,000000
1307;97830,438023;72064,063089;0,631579;3000,000000
1308;97313,722598;78674,592311;0,557895;3000,000000
1309;116858,775770;75468,396524;0,663158;3000,000000
1310;98214,504198;82266,819095;0,652632;3000,000000
1311;104056,884268;62972,951783;0,684211;3000,000000
1312;86009,921757;74500,144139;0,663158;3000,000000
1313;120000,000000;98082,583316;0,600000;3000,000000
1314;99368,431548;54457,739612;0,705263;3000,000000
1315;117023,176155;89273,459299;0,768421;3000,000000
1316;104580,925761;90838,987340;0,747368;3000,000000
1317;116878,365784;79324,858332;0,736842;3000,000000
1318;82696,630531;58823,245456;0,747368;3000,000000
1319;116858,775770;75486,888515;0,757895;3000,000000
1320;93558,961856;74896,958418;0,631579;3000,000000
1321;100058,798500;59235,149212;0,600000;3000,000000
1322;117583,360032;86870,677690;0,536842;3000,000000
1323;117441,573128;101430,358681;0,684211;3000,000000
1324;94797,267636;65087,013674;0,547368;3000,000000
1325;90925,451094;73105,759630;0,515789;3000,000000
1326;101315,098793;93864,126188;0,631579;3000,000000
1327;120000,000000;93661,295823;0,726316;3000,000000
1328;120000,000000;75209,324541;0,589474;3000,000000
1329;104841,244936;73987,083079;0,789474;3000,000000
1330;118600,298673;64815,005603;0,694737;3000,000000
1331;120000,000000;95500,423991;0,673684;3000,000000
1332;98674,194858;66237,544550;0,757895;3000,000000
1333;120000,000000;72148,803172;0,800000;3000,000000
1334;92093,763739;69191,311214;0,610526;3000,000000
1335;120000,000000;83199,414753;0,778947;3000,000000
1336;98999,123329;64384,905797;0,757895;3000,000000
1337;82482,766948;58756,072006;0,705263;3000,000000
1338;90507,863226;69330,185087;0,747368;3000,000000
1339;100080,536243;85698,070284;0,631579;3000,000000
1340;77354,990534;59656,267656;0,673684;3000,000000
1341;102549,006437;73332,097751;0,652632;3000,000000
1342;103047,626919;61017,468580;0,736842;3000,000000
1343;120000,000000;99788,655147;0,789474;3000,000000
1344;84605,372590;63043,294307;0,578947;3000,000000
1345;109732,279819;69704,559593;0,694737;3000,000000
1346;104145,424122;95320,668642;0,536842;3000,000000
1347;120000,000000;100047,659571;0,673684;3000,000000
1348;111061,856647;71115,502097;0,526316;3000,000000
1349;111902,236784;76432,135826;0,694737;3000,000000
1350;78775,006560;57904,836115;0,673684;3000,000000
1351;94198,099755;65794,916640;0,673684;3000,000000
1352;120000,000000;80859,341755;0,673684;3000,000000
1353;109204,886170;77857,716892;0,694737;3000,000000
1354;84418,926155;59333,793612;0,778947;3000,000000
1355;120000,000000;88679,215342;0,726316;3000,000000
1356;120000,000000;61688,835273;0,726316;3000,000000
1357;102011,931250;89045,610255;0,705263;3000,000000
1358;105238,904363;83736,636660;0,736842;3000,000000
1359;97018,989729;77255,636047;0,663158;3000,000000
1360;111912,767948;92935,293722;0,652632;3000,000000
1361;83880,242873;56871,061312;0,652632;3000,000000
1362;113626,836784;85177,894316;0,652632;3000,000000
1363;94131,662561;59277,804467;0,726316;3000,000000
1364;93551,797282;67466,383528;0,589474;3000,000000
1365;89352,261160;61757,897779;0,642105;3000,000000
1366;120000,000000;79553,334765;0,747368;3000,000000
1367;86009,921757;61530,002146;0,578947;3000,000000
1368;103419,243706;47396,817808;0,768421;3000,000000
1369;113553,853918;79996,288959;0,705263;3000,000000
1370;120000,000000;66358,917099;0,768421;3000,000000
1371;113380,107831;85145,618715;0,631579;3000,000000
1372;120000,000000;80427,121966;0,757895;3000,000000
1373;93777,390997;76867,810809;0,515789;3000,000000
1374;120000,000000;93435,188208;0,673684;3000,000000
1375;84990,152402;75487,078983;0,684211;3000,000000
1376;102509,950229;68567,493089;0,673684;3000,000000
1377;90159,795007;57469,550316;0,694737;3000,000000
1378;120000,000000;80534,265190;0,631579;3000,000000
1379;103670,369366;76665,153603;0,536842;3000,000000
1380;92624,911752;76186,384014;0,589474;3000,000000
1381;111780,725093;85304,683481;0,642105;3000,000000
1382;119020,396179;86827,176583;0,610526;3000,000000
1383;120000,000000;100056,865261;0,600000;3000,000000
1384;107372,033414;60227,878863;0,684211;3000,000000
1385;120000,000000;81471,129772;0,736842;3000,000000
1386;111780,725093;61928,047503;0,736842;3000,000000
1387;91761,687197;80825,047708;0,631579;3000,000000
1388;113012,463190;62027,562471;0,747368;3000,000000
1389;94685,649964;76668,034567;0,705263;3000,000000
1390;120000,000000;99428,505367;0,757895;3000,000000
1391;100169,757797;58366,974466;0,652632;3000,000000
1392;120000,000000;84517,473858;0,789474;3000,000000
1393;94748,539149;71084,515638;0,494737;3000,000000
1394;120000,000000;98821,434736;0,726316;3000,000000
1395;119995,179899;70003,512646;0,642105;3000,000000
1396;106136,156736;82439,461198;0,589474;3000,000000
1397;120000,000000;83438,959747;0,736842;3000,000000
1398;99368,431548;61616,001785;0,578947;3000,000000
1399;120000,000000;95811,390222;0,673684;3000,000000
1400;101571,157390;83733,516421;0,557895;3000,000000
1401;97780,618206;76501,960620;0,642105;3000,000000
1402;78796,900396;50070,011914;0,789474;3000,000000
1403;106144,395187;62883,247782;0,642105;3000,000000
1404;114109,678378;81254,706609;0,547368;3000,000000
1405;73220,451737;49801,611902;0,789474;3000,000000
1406;119223,961723;70572,991231;0,631579;3000,000000
1407;101935,260725;77570,169169;0,557895;3000,000000
1408;92852,125383;71782,732157;0,568421;3000,000000
1409;120000,000000;98296,401930;0,747368;3000,000000
1410;107401,324081;84437,461932;0,747368;3000,000000
1411;120000,000000;73204,380384;0,800000;3000,000000
1412;120000,000000;102246,241776;0,673684;3000,000000
1413;120000,000000;101798,726236;0,589474;3000,000000
1414;118910,355988;102417,142256;0,789474;3000,000000
1415;116165,901066;71005,220603;0,568421;3000,000000
1416;120000,000000;75791,146763;0,663158;3000,000000
1417;120000,000000;94083,737377;0,705263;3000,000000
1418;81675,745867;50889,729959;0,600000;3000,000000
1419;101571,157390;70412,080995;0,673684;3000,000000
1420;113656,337630;72324,534074;0,705263;3000,000000
1421;94587,050087;80482,066432;0,684211;3000,000000
1422;120000,000000;70109,486161;0,757895;3000,000000
1423;120000,000000;103615,186316;0,726316;3000,000000
1424;120000,000000;76354,094005;0,673684;3000,000000
1425;120000,000000;39373,752137;0,884211;3000,000000
1426;100389,733148;91995,798595;0,505263;3000,000000
1427;116457,247278;79283,593127;0,631579;3000,000000
1428;109175,152416;63081,575227;0,673684;3000,000000
1429;103109,150226;79126,511075;0,547368;3000,000000
1430;120000,000000;74136,145401;0,684211;3000,000000
1431;102166,208273;65779,899926;0,705263;3000,000000
1432;110819,533327;83764,827549;0,684211;3000,000000
1433;101265,420483;77473,181928;0,684211;3000,000000
1434;120000,000000;81427,781150;0,747368;3000,000000
1435;104145,424122;63704,939228;0,663158;3000,000000
1436;105056,349235;75454,718666;0,621053;3000,000000
1437;120000,000000;103005,026612;0,736842;3000,000000
1438;97194,830997;46414,914511;0,726316;3000,000000
1439;120000,000000;96037,104987;0,642105;3000,000000
1440;120000,000000;89610,188476;0,747368;3000,000000
1441;102685,509939;66127,524187;0,568421;3000,000000
1442;118318,256083;71865,932288;0,768421;3000,000000
1443;110484,732188;78778,539839;0,578947;3000,000000
1444;102451,018595;76593,967957;0,568421;3000,000000
1445;91059,088801;77838,125937;0,557895;3000,000000
1446;117417,294151;80186,583072;0,684211;3000,000000
1447;108583,694064;75915,850181;0,663158;3000,000000
1448;113504,151420;72140,079953;0,726316;3000,000000
1449;117583,360032;87405,552018;0,631579;3000,000000
1450;120000,000000;92218,180071;0,631579;3000,000000
1451;102936,902684;68936,025234;0,757895;3000,000000
1452;99710,562464;79968,929341;0,568421;3000,000000
1453;120000,000000;97206,260568;0,736842;3000,000000
1454;97190,085372;64662,384155;0,631579;3000,000000
1455;100635,454286;68104,986235;0,747368;3000,000000
1456;120000,000000;68927,569248;0,726316;3000,000000
1457;107183,679171;86588,193883;0,515789;3000,000000
1458;107221,605897;88630,984481;0,715789;3000,000000
1459;108878,453767;78862,653078;0,610526;3000,000000
1460;103695,477839;53535,957654;0,768421;3000,000000
1461;120000,000000;72223,116933;0,642105;3000,000000
1462;109367,103975;69551,451070;0,715789;3000,000000
1463;88624,172801;61045,278975;0,600000;3000,000000
1464;106321,076297;77353,467858;0,747368;3000,000000
1465;94131,662561;76891,282089;0,621053;3000,000000
1466;113964,302980;84918,700694;0,705263;3000,000000
1467;117676,732644;90633,720993;0,652632;3000,000000
1468;96267,318925;88744,630519;0,526316;3000,000000
1469;118600,298673;69884,534653;0,631579;3000,000000
1470;87935,243045;57787,315207;0,684211;3000,000000
1471;106180,431020;65538,885247;0,757895;3000,000000
1472;110318,825259;60662,243926;0,663158;3000,000000
1473;120000,000000;76353,820884;0,757895;3000,000000
1474;120000,000000;104047,735104;0,694737;3000,000000
1475;117583,360032;90232,527271;0,621053;3000,000000
1476;110586,852111;85952,723866;0,621053;3000,000000
1477;92093,763739;68331,519623;0,557895;3000,000000
1478;120000,000000;72796,257328;0,831579;3000,000000
1479;81462,142422;52164,160773;0,747368;3000,000000
1480;120000,000000;96268,799914;0,789474;3000,000000
1481;107409,170725;72739,014023;0,768421;3000,000000
1482;109882,237566;73233,437525;0,694737;3000,000000
1483;116204,017124;70665,385456;0,747368;3000,000000
1484;120000,000000;85042,540064;0,726316;3000,000000
1485;92061,217997;65549,238469;0,652632;3000,000000
1486;89256,649272;57168,126668;0,642105;3000,000000
1487;120000,000000;63371,470367;0,821053;3000,000000
1488;106589,991547;70906,805836;0,621053;3000,000000
1489;105744,537087;74311,136137;0,705263;3000,000000
1490;103625,985320;74217,798660;0,726316;3000,000000
1491;117932,360556;69542,447581;0,736842;3000,000000
1492;120000,000000;107806,821525;0,694737;3000,000000
1493;101265,420483;88349,295905;0,621053;3000,000000
1494;97018,989729;88747,496057;0,547368;3000,000000
1495;119163,874755;82912,180778;0,694737;3000,000000
1496;120000,000000;105753,783182;0,610526;3000,000000
1497;101997,784307;61806,261313;0,673684;3000,000000
1498;120000,000000;106611,133560;0,684211;3000,000000
1499;112740,689964;65847,524619;0,726316;3000,000000
1500;88178,353203;61814,900066;0,673684;3000,000000
1501;92910,637897;58515,994145;0,747368;3000,000000
1502;120000,000000;92320,598207;0,821053;3000,000000
1503;107825,673448;79545,123784;0,642105;3000,000000
1504;102017,779649;81393,958817;0,663158;3000,000000
1505;109154,815160;74311,136137;0,568421;3000,000000
1506;110318,825259;87092,363342;0,652632;3000,000000
1507;109160,088117;84985,656368;0,621053;3000,000000
1508;98882,870452;68042,291247;0,852632;3000,000000
1509;83117,037846;54384,349555;0,621053;3000,000000
1510;90926,377341;71989,444646;0,557895;3000,000000
1511;95607,423581;61335,043096;0,684211;3000,000000
1512;120000,000000;76254,827542;0,663158;3000,000000
1513;120000,000000;87620,931221;0,747368;3000,000000
1514;112740,674856;64209,126002;0,778947;3000,000000
1515;96805,406032;60455,988382;0,642105;3000,000000
1516;89985,826212;71265,390472;0,673684;3000,000000
1517;96081,912797;59789,893168;0,715789;3000,000000
1518;120000,000000;88276,372268;0,684211;3000,000000
1519;98640,210528;69480,376634;0,778947;3000,000000
1520;102727,348824;83574,094748;0,631579;3000,000000
1521;119225,858871;76132,916021;0,831579;3000,000000
1522;120000,000000;81821,688539;0,747368;3000,000000
1523;102017,779649;71262,381529;0,663158;3000,000000
1524;113012,463190;58355,996985;0,726316;3000,000000
1525;115745,392470;101300,563438;0,642105;3000,000000
1526;109160,088117;71859,050206;0,694737;3000,000000
1527;120000,000000;90371,320996;0,747368;3000,000000
1528;105893,949324;77246,657058;0,684211;3000,000000
1529;119273,677913;89598,985046;0,747368;3000,000000
1530;107881,736877;79554,698013;0,705263;3000,000000
1531;103598,687642;93632,156177;0,505263;3000,000000
1532;111629,301760;76206,220282;0,663158;3000,000000
1533;95696,049577;62536,801920;0,663158;3000,000000
1534;120000,000000;92437,548778;0,652632;3000,000000
1535;94551,559009;59427,976945;0,757895;3000,000000
1536;98785,094442;68373,636203;0,547368;3000,000000
1537;103322,988985;73518,496305;0,578947;3000,000000
1538;86622,534401;63642,396112;0,568421;3000,000000
1539;102685,509939;79609,011626;0,578947;3000,000000
1540;104804,599944;72489,129650;0,747368;3000,000000
1541;66742,722081;48861,956177;0,568421;3000,000000
1542;94567,626737;73598,771264;0,568421;3000,000000
1543;102685,509939;80296,775538;0,621053;3000,000000
1544;113626,836784;85366,909567;0,684211;3000,000000
1545;100351,910364;78915,623419;0,694737;3000,000000
1546;120000,000000;68980,881278;0,726316;3000,000000
1547;101806,502878;76338,217419;0,673684;3000,000000
1548;109154,815160;81826,509153;0,631579;3000,000000
1549;120000,000000;91809,850432;0,778947;3000,000000
1550;102458,071221;65864,988847;0,768421;3000,000000
1551;93873,450290;53216,268136;0,621053;3000,000000
1552;103023,450042;63215,200497;0,705263;3000,000000
1553;114089,299695;83035,467445;0,610526;3000,000000
1554;119616,045073;87685,491777;0,736842;3000,000000
1555;90225,415476;65479,414992;0,526316;3000,000000
1556;100652,695440;67911,666049;0,600000;3000,000000
1557;108562,779367;68882,168797;0,705263;3000,000000
1558;120000,000000;78071,399336;0,757895;3000,000000
1559;98062,985062;72090,898016;0,747368;3000,000000
1560;120000,000000;108079,690823;0,810526;3000,000000
1561;120000,000000;96415,438015;0,663158;3000,000000
1562;94082,954560;77079,903403;0,600000;3000,000000
1563;91070,031421;52782,757179;0,768421;3000,000000
1564;96366,629487;83901,517442;0,452632;3000,000000
1565;119708,358359;106561,159326;0,684211;3000,000000
1566;104833,071891;60239,827611;0,726316;3000,000000
1567;95102,822821;68534,281927;0,715789;3000,000000
1568;120000,000000;73151,331640;0,694737;3000,000000
1569;94454,681306;79948,274398;0,726316;3000,000000
1570;119020,396179;73725,224820;0,736842;3000,000000
1571;120000,000000;68739,966404;0,673684;3000,000000
1572;82045,761621;51013,943224;0,684211;3000,000000
1573;100319,232145;78768,543183;0,642105;3000,000000
1574;120000,000000;82351,415410;0,715789;3000,000000
1575;117980,709939;89116,813294;0,705263;3000,000000
1576;93051,116967;58128,955388;0,684211;3000,000000
1577;104368,973768;53926,598885;0,736842;3000,000000
1578;103449,798786;74554,513692;0,673684;3000,000000
1579;96269,431483;78534,804825;0,705263;3000,000000
1580;95102,822821;80220,628182;0,526316;3000,000000
1581;105187,823234;69243,117986;0,642105;3000,000000
1582;83834,727299;67281,464703;0,663158;3000,000000
1583;96267,318925;63061,663146;0,642105;3000,000000
1584;104721,966358;83419,803977;0,684211;3000,000000
1585;90331,802040;73796,833441;0,631579;3000,000000
1586;109204,886170;66476,138623;0,715789;3000,000000
1587;101265,420483;69060,734968;0,694737;3000,000000
1588;113964,302980;75116,677295;0,673684;3000,000000
1589;97194,830997;87161,937664;0,631579;3000,000000
1590;102727,348824;74421,106209;0,610526;3000,000000
1591;105820,549533;82624,884902;0,757895;3000,000000
1592;103079,142818;73404,703934;0,789474;3000,000000
1593;98845,282487;61684,764205;0,768421;3000,000000
1594;97282,043732;74296,223716;0,673684;3000,000000
1595;109720,510649;84345,829326;0,652632;3000,000000
1596;94253,465523;50219,909065;0,673684;3000,000000
1597;109708,584180;71553,624854;0,578947;3000,000000
1598;94131,662561;65048,947627;0,673684;3000,000000
1599;113507,949519;73514,299076;0,789474;3000,000000
1600;88659,061370;64055,266145;0,610526;3000,000000
1601;110586,852111;76341,129461;0,610526;3000,000000
1602;78362,803382;60037,925443;0,747368;3000,000000
1603;103109,150226;67079,826673;0,663158;3000,000000
1604;119551,078761;73498,762227;0,673684;3000,000000
1605;120000,000000;78673,376339;0,821053;3000,000000
1606;110196,582349;85075,299311;0,768421;3000,000000
1607;120000,000000;91768,459729;0,684211;3000,000000
1608;112767,767309;76744,787671;0,800000;3000,000000
1609;105740,781491;66234,145382;0,736842;3000,000000
1610;113721,999673;88700,420558;0,705263;3000,000000
1611;99034,876133;60688,613256;0,610526;3000,000000
1612;93819,309376;61540,884900;0,652632;3000,000000
1613;116772,226621;89779,572972;0,736842;3000,000000
1614;120000,000000;97718,560209;0,715789;3000,000000
1615;90691,895242;72552,819060;0,768421;3000,000000
1616;101973,648279;73779,567811;0,600000;3000,000000
1617;120000,000000;107124,094701;0,715789;3000,000000
1618;116792,901002;90554,265428;0,673684;3000,000000
1619;93955,437228;71725,169521;0,757895;3000,000000
1620;117698,531120;78134,384663;0,821053;3000,000000
1621;110819,533327;66578,488588;0,736842;3000,000000
1622;90992,286846;70005,730088;0,652632;3000,000000
1623;118577,476737;78996,806249;0,800000;3000,000000
1624;120000,000000;70432,563327;0,778947;3000,000000
1625;119258,302787;74305,441695;0,589474;3000,000000
1626;120000,000000;72466,105455;0,726316;3000,000000
1627;120000,000000;85631,087928;0,715789;3000,000000
1628;111836,619526;71537,065324;0,726316;3000,000000
1629;92061,730845;61386,721668;0,747368;3000,000000
1630;120000,000000;91712,483126;0,726316;3000,000000
1631;103670,369366;84509,544023;0,568421;3000,000000
1632;107881,736877;62989,967263;0,789474;3000,000000
1633;119020,396179;79826,369929;0,768421;3000,000000
1634;120000,000000;83878,026542;0,663158;3000,000000
1635;114054,448181;82518,502510;0,715789;3000,000000
1636;120000,000000;74672,227033;0,768421;3000,000000
1637;114999,943051;94718,216005;0,726316;3000,000000
1638;104189,062858;79787,776568;0,705263;3000,000000
1639;100052,317445;59073,545598;0,726316;3000,000000
1640;120000,000000;77316,524423;0,768421;3000,000000
1641;119551,078761;91972,358613;0,726316;3000,000000
1642;96096,460602;80220,628182;0,578947;3000,000000
1643;120000,000000;101121,875621;0,726316;3000,000000
1644;120000,000000;106079,805199;0,663158;3000,000000
1645;92620,062254;78736,846385;0,526316;3000,000000
1646;120000,000000;98788,960930;0,673684;3000,000000
1647;113721,999673;86077,742913;0,536842;3000,000000
1648;100144,714141;76345,256287;0,757895;3000,000000
1649;120000,000000;78447,659918;0,757895;3000,000000
1650;108959,584047;87471,407345;0,736842;3000,000000
1651;120000,000000;89004,290179;0,757895;3000,000000
1652;100988,012410;65537,009483;0,736842;3000,000000
1653;102071,075334;49864,271582;0,726316;3000,000000
1654;120000,000000;89889,901787;0,715789;3000,000000
1655;120000,000000;96680,542917;0,684211;3000,000000
1656;115510,096744;82687,279791;0,726316;3000,000000
1657;118734,197567;79319,435982;0,684211;3000,000000
1658;117794,140922;80342,446148;0,747368;3000,000000
1659;101315,098793;86459,756133;0,642105;3000,000000
1660;109154,815160;69320,077381;0,589474;3000,000000
1661;85548,464034;74695,639845;0,484211;3000,000000
1662;120000,000000;71806,603330;0,736842;3000,000000
1663;117599,045982;62215,005010;0,715789;3000,000000
1664;120000,000000;86476,560017;0,726316;3000,000000
1665;117007,366795;58981,230716;0,747368;3000,000000
1666;110586,852111;86699,969106;0,652632;3000,000000
1667;120000,000000;70473,270206;0,694737;3000,000000
1668;109958,607117;81965,980575;0,747368;3000,000000
1669;101668,988787;55196,911277;0,673684;3000,000000
1670;97914,301886;73244,905291;0,715789;3000,000000
1671;114828,129402;68028,681952;0,810526;3000,000000
1672;120000,000000;94153,218084;0,684211;3000,000000
1673;118281,877034;82418,144441;0,736842;3000,000000
1674;101187,032652;78442,380468;0,631579;3000,000000
1675;120000,000000;78130,621859;0,726316;3000,000000
1676;100988,727721;67827,505850;0,757895;3000,000000
1677;113907,533383;65123,668891;0,663158;3000,000000
1678;120000,000000;62935,292446;0,800000;3000,000000
1679;101265,420483;90411,730421;0,652632;3000,000000
1680;82722,155074;60103,284728;0,621053;3000,000000
1681;92702,381962;62902,987930;0,726316;3000,000000
1682;119223,961723;77033,788319;0,694737;3000,000000
1683;113877,817624;62856,867599;0,736842;3000,000000
1684;104889,357285;95603,582242;0,694737;3000,000000
1685;79200,078118;59155,652463;0,747368;3000,000000
1686;120000,000000;97197,887378;0,694737;3000,000000
1687;111836,619526;70954,169683;0,705263;3000,000000
1688;113788,220855;70091,023553;0,652632;3000,000000
1689;104319,429755;71127,443904;0,747368;3000,000000
1690;93333,261108;76403,586751;0,526316;3000,000000
1691;120000,000000;90713,293360;0,736842;3000,000000
1692;87273,392292;60651,872684;0,694737;3000,000000
1693;111780,725093;75028,300518;0,684211;3000,000000
1694;108037,561743;89623,207150;0,715789;3000,000000
1695;116540,553690;71158,464209;0,747368;3000,000000
1696;88035,543931;68272,696734;0,568421;3000,000000
1697;120000,000000;88270,430985;0,694737;3000,000000
1698;113218,140827;76939,994538;0,673684;3000,000000
1699;117701,516562;79712,510596;0,715789;3000,000000
1700;97740,877416;56530,018338;0,694737;3000,000000
1701;120000,000000;89879,749853;0,715789;3000,000000
1702;119855,915380;84896,353966;0,736842;3000,000000
1703;93595,562632;80555,657298;0,610526;3000,000000
1704;94199,197103;61777,227219;0,673684;3000,000000
1705;110586,852111;75477,106372;0,663158;3000,000000
1706;116323,070436;87350,596075;0,694737;3000,000000
1707;113797,029242;64042,313315;0,726316;3000,000000
1708;96695,011926;79250,760706;0,631579;3000,000000
1709;101935,260725;79303,696995;0,526316;3000,000000
1710;114517,460258;77765,061229;0,747368;3000,000000
1711;96388,919277;73797,695310;0,621053;3000,000000
1712;114530,055546;71282,181111;0,800000;3000,000000
1713;90094,744494;74292,959255;0,726316;3000,000000
1714;97623,685304;85186,861803;0,578947;3000,000000
1715;120000,000000;87182,460873;0,778947;3000,000000
1716;99488,541245;75633,748019;0,736842;3000,000000
1717;96366,629487;82142,732308;0,631579;3000,000000
1718;101869,300050;82921,536087;0,547368;3000,000000
1719;82407,961151;63160,403761;0,610526;3000,000000
1720;111780,725093;78778,539839;0,673684;3000,000000
1721;99329,328092;79081,624646;0,747368;3000,000000
1722;97951,732001;67515,412917;0,810526;3000,000000
1723;90002,404976;62173,310961;0,673684;3000,000000
1724;111780,725093;76152,097128;0,684211;3000,000000
1725;117838,109013;84556,570676;0,768421;3000,000000
1726;120000,000000;98555,549992;0,621053;3000,000000
1727;111905,791632;86487,967831;0,715789;3000,000000
1728;103322,988985;69819,313551;0,631579;3000,000000
1729;120000,000000;79586,001212;0,673684;3000,000000
1730;104580,925761;77090,968735;0,747368;3000,000000
1731;119223,961723;58588,302004;0,768421;3000,000000
1732;104155,066746;92781,864928;0,547368;3000,000000
1733;96891,801969;73934,993955;0,705263;3000,000000
1734;99555,508390;58974,552297;0,684211;3000,000000
1735;113755,111136;69900,353860;0,726316;3000,000000
1736;103152,555390;62102,240801;0,578947;3000,000000
1737;120000,000000;61679,754391;0,778947;3000,000000
1738;109589,753230;83627,387072;0,694737;3000,000000
1739;102017,779649;82932,885369;0,642105;3000,000000
1740;109411,980610;86192,751505;0,610526;3000,000000
1741;100619,404877;78733,346822;0,578947;3000,000000
1742;118475,736985;89314,695171;0,715789;3000,000000
1743;96257,185939;64295,987091;0,610526;3000,000000
1744;114828,129402;54824,796981;0,800000;3000,000000
1745;98486,616746;74875,030850;0,663158;3000,000000
1746;108064,082394;91325,673113;0,568421;3000,000000
1747;72870,880457;53867,928479;0,757895;3000,000000
1748;120000,000000;74071,136497;0,621053;3000,000000
1749;120000,000000;78109,895789;0,694737;3000,000000
1750;101922,823412;74066,888594;0,800000;3000,000000
1751;97361,666289;56195,969701;0,652632;3000,000000
1752;97018,989729;87164,652612;0,568421;3000,000000
1753;106412,938971;75426,829386;0,642105;3000,000000
1754;119781,768623;86356,643422;0,673684;3000,000000
1755;104145,424122;95298,136120;0,642105;3000,000000
1756;120000,000000;104343,188259;0,736842;3000,000000
1757;120000,000000;79955,424162;0,589474;3000,000000
1758;92525,778053;50394,926045;0,684211;3000,000000
1759;93287,639190;74139,885993;0,557895;3000,000000
1760;98456,721931;67674,318556;0,642105;3000,000000
1761;115806,039936;94023,218323;0,726316;3000,000000
1762;104056,884268;39335,689737;0,800000;3000,000000
1763;110484,732188;85515,195947;0,578947;3000,000000
1764;86622,534401;56639,313367;0,621053;3000,000000
1765;120000,000000;83994,905817;0,715789;3000,000000
1766;92473,481773;53542,353516;0,768421;3000,000000
1767;109411,980610;77928,557841;0,568421;3000,000000
1768;94772,466888;60747,247039;0,652632;3000,000000
1769;90106,568005;72960,760920;0,526316;3000,000000
1770;91809,895137;60286,156813;0,800000;3000,000000
1771;87077,636233;77932,934420;0,652632;3000,000000
1772;86636,494749;71750,892659;0,526316;3000,000000
1773;119264,667462;74120,264557;0,757895;3000,000000
1774;105394,658485;71990,214651;0,663158;3000,000000
1775;120000,000000;97387,349978;0,715789;3000,000000
1776;105911,725249;87949,021479;0,726316;3000,000000
1777;82953,020830;59886,798032;0,705263;3000,000000
1778;118246,070388;91350,600699;0,757895;3000,000000
1779;99451,541429;74353,431148;0,694737;3000,000000
1780;97789,718499;54671,794132;0,684211;3000,000000
1781;101922,823412;65812,521099;0,757895;3000,000000
1782;102270,788794;94536,574825;0,578947;3000,000000
1783;100864,592445;91152,076070;0,547368;3000,000000
1784;120000,000000;78249,195748;0,736842;3000,000000
1785;104685,405046;54036,423872;0,736842;3000,000000
1786;104833,071891;69777,120691;0,768421;3000,000000
1787;92852,125383;69492,747617;0,610526;3000,000000
1788;119277,008182;83559,875057;0,705263;3000,000000
1789;120000,000000;79936,603683;0,778947;3000,000000
1790;118799,355812;69112,913396;0,810526;3000,000000
1791;82679,802579;71350,285734;0,705263;3000,000000
1792;100619,404877;74638,016310;0,726316;3000,000000
1793;114548,407045;65791,341656;0,631579;3000,000000
1794;118606,188246;78464,815458;0,652632;3000,000000
1795;94886,392392;69343,916738;0,642105;3000,000000
1796;103109,150226;77556,441156;0,600000;3000,000000
1797;109067,139550;83445,745514;0,652632;3000,000000
1798;120000,000000;65872,005917;0,810526;3000,000000
1799;119682,868918;74525,418373;0,789474;3000,000000
1800;101365,745906;77526,007569;0,684211;3000,000000
1801;120000,000000;81600,012948;0,810526;3000,000000
1802;105893,426387;85131,633888;0,589474;3000,000000
1803;120000,000000;100827,709833;0,726316;3000,000000
1804;102549,006437;66129,884632;0,800000;3000,000000
1805;105356,924697;58476,371190;0,736842;3000,000000
1806;101668,988787;54249,480768;0,631579;3000,000000
1807;90476,875989;75861,838000;0,621053;3000,000000
1808;106136,156736;91655,142870;0,642105;3000,000000
1809;120000,000000;100697,057312;0,747368;3000,000000
1810;101997,784307;70080,648430;0,642105;3000,000000
1811;109708,584180;89539,336860;0,578947;3000,000000
1812;109520,887841;77945,455791;0,778947;3000,000000
1813;120000,000000;75197,753602;0,684211;3000,000000
1814;120000,000000;78523,420236;0,778947;3000,000000
1815;101413,565485;71386,250705;0,705263;3000,000000
1816;93051,116967;71247,976417;0,652632;3000,000000
1817;112608,976484;78322,805120;0,642105;3000,000000
1818;99363,411909;61955,629543;0,642105;3000,000000
1819;116850,247622;67691,082919;0,642105;3000,000000
1820;107155,934721;74818,581871;0,547368;3000,000000
1821;107268,347748;80869,255818;0,663158;3000,000000
1822;120000,000000;81387,097822;0,621053;3000,000000
1823;95880,696404;59007,900301;0,705263;3000,000000
1824;108399,147697;67098,994410;0,663158;3000,000000
1825;103323,438876;77932,934420;0,684211;3000,000000
1826;98240,854035;75842,950502;0,736842;3000,000000
1827;101386,183840;67214,049826;0,715789;3000,000000
1828;119325,851766;63793,984203;0,800000;3000,000000
1829;120000,000000;69852,974080;0,800000;3000,000000
1830;120000,000000;104556,187696;0,715789;3000,000000
1831;104424,363829;88528,186777;0,800000;3000,000000
1832;103023,450042;75038,268343;0,642105;3000,000000
1833;107955,408802;77281,812032;0,663158;3000,000000
1834;79015,032929;64413,271443;0,810526;3000,000000
1835;100389,173254;74991,872536;0,768421;3000,000000
1836;97673,084874;67859,839698;0,600000;3000,000000
1837;120000,000000;72305,971724;0,778947;3000,000000
1838;99197,679675;55132,287394;0,589474;3000,000000
1839;107825,673448;63811,029285;0,547368;3000,000000
1840;117934,479929;90686,635873;0,726316;3000,000000
1841;120000,000000;74518,022021;0,747368;3000,000000
1842;99712,301254;60995,517679;0,800000;3000,000000
1843;93551,797282;61592,698495;0,557895;3000,000000
1844;113553,853918;71117,183545;0,684211;3000,000000
1845;108081,439854;53514,495377;0,768421;3000,000000
1846;120000,000000;100635,424767;0,736842;3000,000000
1847;94730,703945;67093,881128;0,642105;3000,000000
1848;111766,784232;73782,806823;0,694737;3000,000000
1849;105765,996624;87330,500579;0,705263;3000,000000
1850;87432,825043;57005,841953;0,684211;3000,000000
1851;82435,202435;58107,594686;0,600000;3000,000000
1852;118635,043049;87706,309730;0,684211;3000,000000
1853;97018,989729;68155,915559;0,536842;3000,000000
1854;114591,161192;58769,025639;0,736842;3000,000000
1855;120000,000000;114355,164501;0,747368;3000,000000
1856;93287,639190;71811,473730;0,663158;3000,000000
1857;120000,000000;89574,643774;0,800000;3000,000000
1858;110184,412712;82531,950647;0,747368;3000,000000
1859;98730,358482;74247,781894;0,642105;3000,000000
1860;109154,815160;77450,875224;0,663158;3000,000000
1861;113553,853918;70910,856693;0,694737;3000,000000
1862;98214,504198;89954,590669;0,642105;3000,000000
1863;76319,602590;55118,780135;0,621053;3000,000000
1864;110318,825259;77747,068603;0,652632;3000,000000
1865;120000,000000;90449,598674;0,789474;3000,000000
1866;94797,267636;59357,663970;0,589474;3000,000000
1867;110945,115935;58065,505092;0,673684;3000,000000
1868;114305,109370;89923,009080;0,736842;3000,000000
1869;100159,206921;56565,249329;0,621053;3000,000000
1870;106180,431020;82061,666508;0,768421;3000,000000
1871;120000,000000;96948,639098;0,652632;3000,000000
1872;92803,866627;71624,786941;0,684211;3000,000000
1873;94572,131019;71615,845978;0,589474;3000,000000
1874;120000,000000;80443,614667;0,705263;3000,000000
1875;107404,385893;76809,001242;0,715789;3000,000000
1876;120000,000000;81723,528902;0,757895;3000,000000
1877;115071,360180;84134,972776;0,747368;3000,000000
1878;120000,000000;92613,775312;0,684211;3000,000000
1879;110586,852111;65822,828228;0,610526;3000,000000
1880;87374,238101;56145,851261;0,726316;3000,000000
1881;120000,000000;100252,970831;0,736842;3000,000000
1882;120000,000000;109806,241308;0,726316;3000,000000
1883;91670,085474;62757,487409;0,705263;3000,000000
1884;83703,659573;61341,186159;0,684211;3000,000000
1885;103922,811693;60233,083182;0,715789;3000,000000
1886;120000,000000;96482,074315;0,757895;3000,000000
1887;109708,584180;70938,148320;0,578947;3000,000000
1888;110586,852111;89064,100513;0,631579;3000,000000
1889;102519,410153;73144,584498;0,631579;3000,000000
1890;120000,000000;96370,563684;0,642105;3000,000000
1891;91136,114250;58141,701600;0,778947;3000,000000
1892;97285,647783;72580,585583;0,621053;3000,000000
1893;120000,000000;94932,497066;0,778947;3000,000000
1894;103109,150226;84108,549159;0,600000;3000,000000
1895;110586,852111;86682,223642;0,557895;3000,000000
1896;120000,000000;100204,844861;0,715789;3000,000000
1897;99996,909043;64601,815998;0,715789;3000,000000
1898;113770,298351;87314,789640;0,663158;3000,000000
1899;120000,000000;86545,334245;0,705263;3000,000000
1900;94551,623928;62561,393438;0,621053;3000,000000
1901;118012,394530;93079,725809;0,715789;3000,000000
1902;78775,445215;51260,373475;0,673684;3000,000000
1903;102904,125380;68125,346126;0,578947;3000,000000
1904;116204,017124;61391,118536;0,778947;3000,000000
1905;118635,043049;66335,363463;0,715789;3000,000000
1906;120000,000000;71708,854238;0,873684;3000,000000
1907;112654,235934;75619,556049;0,652632;3000,000000
1908;112934,308916;50854,658529;0,800000;3000,000000
1909;120000,000000;65348,640607;0,726316;3000,000000
1910;94983,713064;77464,822888;0,547368;3000,000000
1911;88411,514015;61998,902258;0,831579;3000,000000
1912;81934,268198;58042,881142;0,789474;3000,000000
1913;120000,000000;99814,872687;0,800000;3000,000000
1914;93167,999365;74882,804186;0,589474;3000,000000
1915;105556,029880;82902,959569;0,621053;3000,000000
1916;104207,353410;61449,546697;0,757895;3000,000000
1917;120000,000000;68392,672836;0,810526;3000,000000
1918;114682,353716;74023,068888;0,789474;3000,000000
1919;92702,381962;69500,501312;0,600000;3000,000000
1920;88191,587483;61259,632736;0,789474;3000,000000
1921;94230,302917;77097,451740;0,757895;3000,000000
1922;96209,827835;85579,432381;0,652632;3000,000000
1923;103462,786818;70750,728368;0,705263;3000,000000
1924;118268,685711;87229,175907;0,663158;3000,000000
1925;120000,000000;80196,852216;0,726316;3000,000000
1926;118967,025883;90694,976188;0,705263;3000,000000
1927;120000,000000;88642,038871;0,768421;3000,000000
1928;94253,465523;66119,875694;0,621053;3000,000000
1929;95206,109977;80462,116988;0,621053;3000,000000
1930;120000,000000;75662,101239;0,789474;3000,000000
1931;120000,000000;77121,105677;0,747368;3000,000000
1932;104580,925761;65934,146379;0,831579;3000,000000
1933;120000,000000;66808,734509;0,726316;3000,000000
1934;114109,678378;91511,561709;0,600000;3000,000000
1935;117110,750098;59428,000108;0,789474;3000,000000
1936;107889,090281;73099,672197;0,789474;3000,000000
1937;119995,179899;74989,500767;0,726316;3000,000000
1938;117549,421807;55959,040820;0,800000;3000,000000
1939;111836,619526;76247,945848;0,621053;3000,000000
1940;102470,328706;72015,555543;0,631579;3000,000000
1941;120000,000000;103107,375644;0,663158;3000,000000
1942;116789,616593;62804,058742;0,715789;3000,000000
1943;106604,475108;61692,943105;0,715789;3000,000000
1944;98003,176082;64512,588914;0,831579;3000,000000
1945;108223,827110;66145,220562;0,821053;3000,000000
1946;116204,017124;75530,923622;0,768421;3000,000000
1947;116858,775770;86079,782805;0,842105;3000,000000
1948;105744,537087;73174,802052;0,631579;3000,000000
1949;91670,085474;51599,175539;0,757895;3000,000000
1950;120000,000000;109578,476601;0,705263;3000,000000
1951;110945,115935;55447,805448;0,705263;3000,000000
1952;120000,000000;95984,196072;0,642105;3000,000000
1953;92879,220676;65639,407226;0,715789;3000,000000
1954;119729,616548;72527,344433;0,663158;3000,000000
1955;111836,619526;76610,629106;0,705263;3000,000000
1956;111780,725093;82403,531412;0,578947;3000,000000
1957;116540,553690;76290,587964;0,757895;3000,000000
1958;108626,002931;75988,350938;0,684211;3000,000000
1959;103670,369366;84280,749111;0,663158;3000,000000
1960;108037,561743;69551,451070;0,747368;3000,000000
1961;92519,085021;66553,325914;0,736842;3000,000000
1962;96636,226788;55752,297484;0,789474;3000,000000
1963;120000,000000;95393,447073;0,515789;3000,000000
1964;113553,853918;80719,217044;0,694737;3000,000000
1965;99260,013369;83570,290942;0,600000;3000,000000
1966;101766,384363;84349,808017;0,726316;3000,000000
1967;105007,230294;76600,655790;0,789474;3000,000000
1968;101265,420483;88383,863667;0,705263;3000,000000
1969;120000,000000;89778,619540;0,736842;3000,000000
1970;102130,179145;88477,083895;0,631579;3000,000000
1971;86805,533089;64908,315992;0,694737;3000,000000
1972;99468,456969;54913,591047;0,652632;3000,000000
1973;112467,256928;70534,409321;0,747368;3000,000000
1974;109271,659151;81780,876279;0,652632;3000,000000
1975;87273,392292;62982,577665;0,589474;3000,000000
1976;116457,247278;89025,752973;0,684211;3000,000000
1977;120000,000000;68561,012247;0,736842;3000,000000
1978;95794,717734;64614,340316;0,642105;3000,000000
1979;97188,908894;73364,553392;0,800000;3000,000000
1980;90619,788603;65688,458642;0,684211;3000,000000
1981;94572,131019;69999,493398;0,610526;3000,000000
1982;92194,616749;68272,696734;0,589474;3000,000000
1983;99362,015580;83112,874392;0,642105;3000,000000
1984;107183,679171;79176,643523;0,589474;3000,000000
1985;95241,506992;77168,130167;0,631579;3000,000000
1986;90106,568005;81109,113914;0,600000;3000,000000
1987;101265,420483;63637,382385;0,652632;3000,000000
1988;89912,050821;74804,966675;0,621053;3000,000000
1989;117007,366795;93812,444662;0,715789;3000,000000
1990;120000,000000;96671,914381;0,705263;3000,000000
1991;110945,115935;97859,342266;0,631579;3000,000000
1992;118577,476737;74741,531703;0,768421;3000,000000
1993;107436,929413;84037,593518;0,747368;3000,000000
1994;118617,195726;87585,060593;0,757895;3000,000000
1995;101973,648279;89698,438874;0,621053;3000,000000
1996;115135,232040;70510,659790;0,705263;3000,000000
1997;112889,023637;83414,474556;0,778947;3000,000000
1998;95718,713454;81248,751094;0,663158;3000,000000
1999;99260,013369;86019,004095;0,621053;3000,000000
2000;120000,000000;83898,368894;0,705263;3000,000000
2001;116406,658235;84919,324987;0,831579;3000,000000
2002;120000,000000;58904,610171;0,863158;3000,000000
2003;92624,911752;76186,384014;0,610526;3000,000000
2004;112740,689964;68419,036940;0,684211;3000,000000
2005;89653,125304;68838,199279;0,578947;3000,000000
2006;120000,000000;66934,348687;0,800000;3000,000000
2007;112963,915373;63243,463030;0,768421;3000,000000
2008;97741,225735;81237,191083;0,484211;3000,000000
2009;118600,298673;64201,444481;0,705263;3000,000000
2010;110833,581137;86891,550323;0,705263;3000,000000
2011;120000,000000;71645,220317;0,831579;3000,000000
2012;120000,000000;82836,958701;0,589474;3000,000000
2013;118606,188246;59534,840894;0,736842;3000,000000
2014;116850,247622;87249,726638;0,652632;3000,000000
2015;78775,445215;55711,907707;0,736842;3000,000000
2016;120000,000000;74672,227033;0,810526;3000,000000
2017;104800,657125;62270,252309;0,694737;3000,000000
2018;117023,176155;100517,741841;0,747368;3000,000000
2019;95463,069263;65688,832209;0,715789;3000,000000
2020;93777,969487;65224,666560;0,747368;3000,000000
2021;98214,504198;88629,261396;0,652632;3000,000000
2022;94841,206088;64679,809666;0,736842;3000,000000
2023;116789,616593;88142,126673;0,673684;3000,000000
2024;120000,000000;103575,046914;0,747368;3000,000000
2025;120000,000000;102094,354802;0,673684;3000,000000
2026;119325,851766;96995,222349;0,778947;3000,000000
2027;110184,412712;71706,061959;0,663158;3000,000000
2028;90160,608489;82783,488642;0,747368;3000,000000
2029;111902,236784;87180,548991;0,694737;3000,000000
2030;119616,045073;86185,311230;0,778947;3000,000000
2031;104344,130128;62838,291220;0,736842;3000,000000
2032;109732,279819;68527,136318;0,684211;3000,000000
2033;100864,592445;75987,297685;0,610526;3000,000000
2034;120000,000000;63742,918778;0,673684;3000,000000
2035;120000,000000;106633,882605;0,736842;3000,000000
2036;100159,206921;67844,461230;0,652632;3000,000000
2037;110586,852111;90768,291907;0,610526;3000,000000
2038;113066,553290;58400,239159;0,610526;3000,000000
2039;105500,121441;78948,897072;0,705263;3000,000000
2040;104737,254598;69401,045294;0,694737;3000,000000
2041;94748,539149;70286,443077;0,610526;3000,000000
2042;98348,819750;60050,426360;0,673684;3000,000000
2043;114587,721829;92320,598207;0,768421;3000,000000
2044;105807,182677;66237,359921;0,810526;3000,000000
2045;94589,580651;60062,060435;0,736842;3000,000000
2046;96164,230602;78421,297322;0,631579;3000,000000
2047;120000,000000;82107,376136;0,726316;3000,000000
2048;120000,000000;90322,872650;0,768421;3000,000000
2049;103695,477839;86004,486676;0,642105;3000,000000
2050;93501,268288;65362,869879;0,705263;3000,000000
2051;109002,140532;79017,617767;0,715789;3000,000000
2052;118265,695606;93365,930899;0,757895;3000,000000
2053;120000,000000;60028,406947;0,810526;3000,000000
2054;120000,000000;87405,487013;0,715789;3000,000000
2055;120000,000000;69725,208779;0,768421;3000,000000
2056;87479,048537;62864,776811;0,715789;3000,000000
2057;115726,798902;61639,945850;0,821053;3000,000000
2058;117863,039798;94224,697513;0,705263;3000,000000
2059;95218,863474;63146,155141;0,673684;3000,000000
2060;100988,012410;77203,234336;0,642105;3000,000000
2061;112889,023637;74993,562380;0,673684;3000,000000
2062;110945,115935;85846,645332;0,600000;3000,000000
2063;107155,934721;62075,045518;0,694737;3000,000000
2064;119020,396179;75884,133832;0,652632;3000,000000
2065;101469,196978;72510,884510;0,800000;3000,000000
2066;120000,000000;99817,062164;0,684211;3000,000000
2067;119737,099603;64510,787112;0,821053;3000,000000
2068;97740,877416;76004,383105;0,610526;3000,000000
2069;120000,000000;96049,526325;0,726316;3000,000000
2070;91670,085474;52413,098673;0,736842;3000,000000
2071;120000,000000;84593,988492;0,768421;3000,000000
2072;115726,798902;73871,932853;0,736842;3000,000000
2073;120000,000000;83206,237692;0,789474;3000,000000
2074;94557,350585;48522,234444;0,684211;3000,000000
2075;99260,013369;76460,365799;0,642105;3000,000000
2076;120000,000000;81755,763232;0,789474;3000,000000
2077;107183,679171;81854,507665;0,600000;3000,000000
2078;120000,000000;73054,487396;0,694737;3000,000000
2079;117156,148162;75100,259029;0,768421;3000,000000
2080;116850,247622;66946,368033;0,726316;3000,000000
2081;91392,124050;82142,732308;0,547368;3000,000000
2082;119995,179899;75019,459695;0,736842;3000,000000
2083;120000,000000;72936,215465;0,810526;3000,000000
2084;115071,360180;89390,169855;0,736842;3000,000000
2085;118268,685711;108844,756976;0,673684;3000,000000
2086;83393,053052;64392,274247;0,642105;3000,000000
2087;93302,456189;82267,526044;0,673684;3000,000000
2088;117850,291318;58740,542133;0,821053;3000,000000
2089;120000,000000;89453,824273;0,694737;3000,000000
2090;97623,685304;91702,468858;0,578947;3000,000000
2091;106360,566677;73244,079100;0,684211;3000,000000
2092;92803,866627;54278,871356;0,715789;3000,000000
2093;95170,778580;78022,640984;0,694737;3000,000000
2094;95102,822821;62692,383006;0,536842;3000,000000
2095;107730,238418;80696,429336;0,800000;3000,000000
2096;99527,984141;77842,609481;0,578947;3000,000000
2097;94748,539149;74795,009789;0,610526;3000,000000
2098;96366,629487;84187,178179;0,621053;3000,000000
2099;107439,618266;61777,356807;0,715789;3000,000000
2100;88136,164998;55682,076376;0,673684;3000,000000
2101;113964,302980;74341,473406;0,726316;3000,000000
2102;113734,072594;88132,288540;0,768421;3000,000000
2103;86761,354123;53091,529840;0,747368;3000,000000
2104;100982,321438;78123,862568;0,673684;3000,000000
2105;110484,732188;82792,964700;0,642105;3000,000000
2106;99260,013369;71520,591904;0,631579;3000,000000
2107;93551,797282;53796,623219;0,621053;3000,000000
2108;109732,279819;75890,030085;0,715789;3000,000000
2109;90203,780299;61855,913810;0,652632;3000,000000
2110;101333,845834;72216,567029;0,684211;3000,000000
2111;118510,265241;94332,177873;0,747368;3000,000000
2112;91857,162159;53947,908479;0,736842;3000,000000
2113;90625,747732;72223,146899;0,757895;3000,000000
2114;113626,836784;69094,457156;0,684211;3000,000000
2115;120000,000000;77477,941137;0,789474;3000,000000
2116;103023,450042;80838,245242;0,705263;3000,000000
2117;117676,732644;66486,143014;0,642105;3000,000000
2118;120000,000000;58363,326408;0,810526;3000,000000
2119;120000,000000;73805,103795;0,557895;3000,000000
2120;89736,673826;75128,491137;0,694737;3000,000000
2121;94817,611131;76100,159662;0,715789;3000,000000
2122;99424,494801;73572,520228;0,663158;3000,000000
2123;103764,220270;63581,672375;0,715789;3000,000000
2124;100189,562313;48652,235906;0,747368;3000,000000
2125;116837,728206;91653,634617;0,747368;3000,000000
2126;115065,187301;82771,451134;0,705263;3000,000000
2127;112608,976484;80900,466101;0,663158;3000,000000
2128;92602,130206;74180,372346;0,705263;3000,000000
2129;92061,730845;63934,031843;0,800000;3000,000000
2130;102270,788794;62166,985272;0,684211;3000,000000
2131;105898,393199;72655,191860;0,726316;3000,000000
2132;106463,530626;73013,485095;0,715789;3000,000000
2133;94817,611131;71527,878672;0,684211;3000,000000
2134;120000,000000;92752,076174;0,652632;3000,000000
2135;120000,000000;81396,895911;0,778947;3000,000000
2136;109204,886170;59512,411684;0,757895;3000,000000
2137;120000,000000;76879,815358;0,757895;3000,000000
2138;111061,856647;79777,049330;0,610526;3000,000000
2139;120000,000000;84383,014631;0,726316;3000,000000
2140;101265,420483;73209,703638;0,652632;3000,000000
2141;92017,080402;55401,556560;0,800000;3000,000000
2142;103045,019273;81110,726090;0,831579;3000,000000
2143;92702,381962;69524,073522;0,621053;3000,000000
2144;100206,436151;65776,093591;0,810526;3000,000000
2145;119325,851766;96112,200977;0,757895;3000,000000
2146;105500,121441;77620,028795;0,715789;3000,000000
2147;88567,645028;64817,225346;0,726316;3000,000000
2148;120000,000000;82965,006256;0,736842;3000,000000
2149;111629,301760;70244,781380;0,684211;3000,000000
2150;120000,000000;95922,463455;0,726316;3000,000000
2151;120000,000000;89146,216751;0,557895;3000,000000
2152;104246,465464;51706,965310;0,736842;3000,000000
2153;113907,533383;76889,883322;0,673684;3000,000000
2154;105393,001418;95925,510986;0,747368;3000,000000
2155;115674,368306;79597,228170;0,747368;3000,000000
2156;118889,139484;95835,535328;0,768421;3000,000000
2157;110318,825259;69412,410595;0,642105;3000,000000
2158;102130,179145;76924,708093;0,663158;3000,000000
2159;110318,825259;81207,047461;0,642105;3000,000000
2160;103587,242738;85151,362215;0,652632;3000,000000
2161;97471,758712;70473,761798;0,673684;3000,000000
2162;105056,349235;76042,200062;0,621053;3000,000000
2163;117857,955000;79633,963955;0,768421;3000,000000
2164;109527,746887;67804,089460;0,768421;3000,000000
2165;74089,876777;59260,497476;0,642105;3000,000000
2166;90926,377341;72056,948594;0,631579;3000,000000
2167;104155,066746;80561,448357;0,631579;3000,000000
2168;120000,000000;107444,084493;0,652632;3000,000000
2169;108290,578143;87618,726824;0,757895;3000,000000
2170;118362,620013;56521,477334;0,768421;3000,000000
2171;98843,038964;85342,547321;0,610526;3000,000000
2172;120000,000000;102104,771353;0,757895;3000,000000
2173;98726,918626;80731,469550;0,663158;3000,000000
2174;116229,484210;77051,723911;0,684211;3000,000000
2175;96777,662059;79302,981156;0,631579;3000,000000
2176;109204,886170;76261,574744;0,778947;3000,000000
2177;108556,759498;79539,841593;0,726316;3000,000000
2178;110006,527069;63102,316423;0,684211;3000,000000
2179;92624,911752;71891,315408;0,610526;3000,000000
2180;96205,910406;64467,504433;0,726316;3000,000000
2181;101571,157390;57379,308403;0,652632;3000,000000
2182;104721,966358;57904,404848;0,705263;3000,000000
2183;120000,000000;63569,509769;0,747368;3000,000000
2184;108014,092281;56344,931218;0,778947;3000,000000
2185;102519,410153;68298,502126;0,673684;3000,000000
2186;109204,886170;67499,556693;0,736842;3000,000000
2187;102704,359211;48740,077284;0,810526;3000,000000
2188;120000,000000;72700,924281;0,757895;3000,000000
2189;95163,098821;74909,347085;0,673684;3000,000000
2190;108081,439854;79146,626742;0,684211;3000,000000
2191;120000,000000;89282,658573;0,705263;3000,000000
2192;120000,000000;56584,156359;0,863158;3000,000000
2193;93769,615555;53836,003315;0,578947;3000,000000
2194;102270,788794;83406,306145;0,631579;3000,000000
2195;117685,083818;61004,846048;0,800000;3000,000000
2196;120000,000000;74475,523270;0,757895;3000,000000
2197;118600,298673;77051,723911;0,705263;3000,000000
2198;119763,506271;82705,095497;0,800000;3000,000000
2199;108688,549789;75926,158914;0,747368;3000,000000
2200;103419,243706;53814,665723;0,789474;3000,000000
2201;105898,393199;89414,038097;0,631579;3000,000000
2202;117698,531120;93093,373351;0,673684;3000,000000
2203;111912,767948;66462,825718;0,800000;3000,000000
2204;120000,000000;88698,899718;0,705263;3000,000000
2205;100909,020575;61105,869635;0,778947;3000,000000
2206;119793,836280;69975,778359;0,778947;3000,000000
2207;97789,718499;60821,509081;0,652632;3000,000000
2208;107889,090281;78405,391079;0,736842;3000,000000
2209;114109,678378;89037,642453;0,673684;3000,000000
2210;120000,000000;67378,530138;0,673684;3000,000000
2211;101869,300050;80265,652393;0,578947;3000,000000
2212;103449,798786;87039,024295;0,589474;3000,000000
2213;117932,360556;72888,490264;0,810526;3000,000000
2214;120000,000000;83730,773148;0,747368;3000,000000
2215;118600,298673;69727,917036;0,684211;3000,000000
2216;94318,731686;63764,600902;0,778947;3000,000000
2217;98517,083287;55094,602655;0,757895;3000,000000
2218;108270,793763;82090,762457;0,778947;3000,000000
2219;95102,822821;63037,898854;0,631579;3000,000000
2220;119566,016170;82344,752022;0,726316;3000,000000
2221;93333,261108;70797,338764;0,631579;3000,000000
2222;90925,451094;63322,394935;0,652632;3000,000000
2223;113673,923555;91662,990654;0,610526;3000,000000
2224;89738,649329;64616,053883;0,642105;3000,000000
2225;114530,055546;94130,664803;0,705263;3000,000000
2226;93551,797282;57894,670539;0,705263;3000,000000
2227;95400,190593;61770,974077;0,715789;3000,000000
2228;92525,778053;56644,090610;0,705263;3000,000000
2229;120000,000000;70713,075315;0,768421;3000,000000
2230;95105,164058;78719,801358;0,600000;3000,000000
2231;117676,732644;67925,933814;0,726316;3000,000000
2232;108030,463213;93478,353281;0,736842;3000,000000
2233;88961,218698;74704,642212;0,652632;3000,000000
2234;102130,179145;74789,315997;0,747368;3000,000000
2235;118253,042479;75014,350937;0,600000;3000,000000
2236;105394,658485;77837,848917;0,652632;3000,000000
2237;120000,000000;86677,547675;0,831579;3000,000000
2238;119992,926867;81990,970666;0,757895;3000,000000
2239;101386,183840;71476,718942;0,663158;3000,000000
2240;90618,443112;69759,202350;0,652632;3000,000000
2241;111177,636426;86237,813241;0,673684;3000,000000
2242;96096,460602;80178,039751;0,557895;3000,000000
2243;120000,000000;60983,033986;0,768421;3000,000000
2244;91070,031421;62924,648969;0,810526;3000,000000
2245;120000,000000;69837,000265;0,800000;3000,000000
2246;118799,355812;98136,280230;0,789474;3000,000000
2247;95593,461828;69168,382446;0,673684;3000,000000
2248;95206,109977;59085,032765;0,652632;3000,000000
2249;95298,227610;62637,600964;0,768421;3000,000000
2250;101378,448218;60888,997886;0,663158;3000,000000
2251;118253,042479;72224,841686;0,663158;3000,000000
2252;101511,505697;61610,089711;0,747368;3000,000000
2253;120000,000000;81771,005531;0,778947;3000,000000
2254;119793,836280;76734,359300;0,736842;3000,000000
2255;87652,737026;46807,638725;0,684211;3000,000000
2256;118542,476206;80684,881290;0,768421;3000,000000
2257;120000,000000;87785,017273;0,736842;3000,000000
2258;106144,395187;89634,020877;0,726316;3000,000000
2259;117750,168763;72131,679461;0,821053;3000,000000
2260;87495,265800;57509,967194;0,673684;3000,000000
2261;112561,794469;89888,778556;0,810526;3000,000000
2262;120000,000000;85656,145100;0,810526;3000,000000
2263;107372,033414;69409,867338;0,757895;3000,000000
2264;111061,856647;90326,036350;0,578947;3000,000000
2265;120000,000000;63017,705409;0,810526;3000,000000
2266;120000,000000;76661,660855;0,768421;3000,000000
2267;103501,932238;54808,599303;0,705263;3000,000000
2268;112889,023637;86834,382474;0,642105;3000,000000
2269;100389,733148;72238,837809;0,694737;3000,000000
2270;102011,931250;61962,046509;0,694737;3000,000000
2271;120000,000000;97234,693672;0,800000;3000,000000
2272;117407,593677;61586,003233;0,789474;3000,000000
2273;108829,622436;82171,975550;0,736842;3000,000000
2274;101199,409812;59126,665681;0,736842;3000,000000
2275;98352,014274;81070,986098;0,694737;3000,000000
2276;120000,000000;71457,541466;0,831579;3000,000000
2277;89855,011621;66845,922706;0,621053;3000,000000
2278;106613,197398;84183,509572;0,557895;3000,000000
2279;117676,732644;69228,205082;0,768421;3000,000000
2280;94797,267636;76694,872960;0,557895;3000,000000
2281;95340,891174;79881,108939;0,547368;3000,000000
2282;113103,718143;67457,908255;0,715789;3000,000000
2283;120000,000000;100225,899485;0,757895;3000,000000
2284;99197,679675;83188,108555;0,494737;3000,000000
2285;99368,431548;57061,180678;0,652632;3000,000000
2286;97190,085372;72850,339414;0,673684;3000,000000
2287;100982,321438;75472,885689;0,673684;3000,000000
2288;105014,799498;61488,322154;0,757895;3000,000000
2289;120000,000000;84329,177495;0,831579;3000,000000
2290;100619,404877;51130,085977;0,726316;3000,000000
2291;120000,000000;81569,825365;0,736842;3000,000000
2292;99702,875456;56696,083317;0,747368;3000,000000
2293;75593,189809;52396,487609;0,642105;3000,000000
2294;114296,878455;89010,588379;0,621053;3000,000000
2295;101869,300050;90852,995431;0,547368;3000,000000
2296;91725,036038;72961,969347;0,673684;3000,000000
2297;105911,725249;66256,151286;0,747368;3000,000000
2298;119264,667462;71625,641692;0,810526;3000,000000
2299;120000,000000;73284,738408;0,810526;3000,000000
2300;92617,254098;33424,963845;0,789474;3000,000000
2301;87918,155385;64173,618121;0,694737;3000,000000
2302;112175,765575;58972,084176;0,810526;3000,000000
2303;120000,000000;70845,251245;0,778947;3000,000000
2304;117676,732644;88690,708027;0,715789;3000,000000
2305;95377,554335;61445,407289;0,694737;3000,000000
2306;78050,101985;47069,122114;0,789474;3000,000000
2307;118108,246578;78374,288242;0,873684;3000,000000
2308;94600,689399;61713,199444;0,663158;3000,000000
2309;118606,188246;79081,624646;0,768421;3000,000000
2310;120000,000000;57465,214847;0,821053;3000,000000
2311;109411,980610;57819,290059;0,768421;3000,000000
2312;100058,798500;55439,248973;0,694737;3000,000000
2313;120000,000000;74211,291301;0,705263;3000,000000
2314;109958,607117;56097,074204;0,810526;3000,000000
2315;96090,608147;65798,933783;0,642105;3000,000000
2316;120000,000000;66776,660929;0,789474;3000,000000
2317;103448,378174;64551,450635;0,821053;3000,000000
2318;120000,000000;76794,977418;0,757895;3000,000000
2319;87668,283921;71978,053232;0,610526;3000,000000
2320;119702,033750;78060,773372;0,726316;3000,000000
2321;110318,825259;82517,005410;0,610526;3000,000000
2322;109175,152416;61537,814164;0,673684;3000,000000
2323;120000,000000;78593,042515;0,736842;3000,000000
2324;118910,355988;55140,505082;0,800000;3000,000000
2325;120000,000000;95566,659157;0,715789;3000,000000
2326;96366,629487;76308,634758;0,600000;3000,000000
2327;97830,438023;69040,146229;0,715789;3000,000000
2328;97646,148023;60223,607583;0,663158;3000,000000
2329;92702,381962;58433,016088;0,652632;3000,000000
2330;103598,687642;80201,032499;0,663158;3000,000000
2331;113877,817624;70427,731123;0,726316;3000,000000
2332;120000,000000;70485,507000;0,800000;3000,000000
2333;108039,037452;77305,181146;0,715789;3000,000000
2334;81565,215185;63318,569092;0,684211;3000,000000
2335;102498,539522;79238,652736;0,673684;3000,000000
2336;120000,000000;72025,998357;0,726316;3000,000000
2337;106530,470862;63553,589527;0,789474;3000,000000
2338;106589,991547;73428,095074;0,652632;3000,000000
2339;120000,000000;88323,034845;0,747368;3000,000000
2340;120000,000000;73391,594777;0,715789;3000,000000
2341;120000,000000;68973,947212;0,768421;3000,000000
2342;120000,000000;71398,183415;0,736842;3000,000000
2343;92853,570071;79995,038573;0,736842;3000,000000
2344;110833,581137;71531,771210;0,715789;3000,000000
2345;107816,722024;65970,972409;0,705263;3000,000000
2346;120000,000000;73396,990665;0,747368;3000,000000
2347;105393,001418;85735,234172;0,821053;3000,000000
2348;93516,056582;59517,130631;0,821053;3000,000000
2349;95384,994708;47400,052052;0,642105;3000,000000
2350;98348,819750;55197,070547;0,694737;3000,000000
2351;99694,939194;68998,680256;0,684211;3000,000000
2352;102270,788794;70748,963798;0,684211;3000,000000
2353;120000,000000;101264,497030;0,736842;3000,000000
2354;111046,577237;58972,084176;0,789474;3000,000000
2355;92191,856484;56085,807723;0,789474;3000,000000
2356;111501,160511;75710,305274;0,831579;3000,000000
2357;103768,170297;65919,338879;0,694737;3000,000000
2358;109708,584180;59180,912426;0,705263;3000,000000
2359;98999,123329;91960,188921;0,642105;3000,000000
2360;102422,954227;61284,619317;0,673684;3000,000000
2361;99764,967063;76249,295207;0,642105;3000,000000
2362;120000,000000;65390,702428;0,747368;3000,000000
2363;93051,116967;59290,868249;0,715789;3000,000000
2364;74769,085776;47389,905625;0,778947;3000,000000
2365;116356,077563;67824,712946;0,842105;3000,000000
2366;112467,256928;77554,237610;0,694737;3000,000000
2367;116899,677988;67412,522770;0,757895;3000,000000
2368;117850,291318;93972,588116;0,768421;3000,000000
2369;100652,695440;71081,640694;0,568421;3000,000000
2370;95384,994708;60411,270559;0,631579;3000,000000
2371;120000,000000;112002,611718;0,673684;3000,000000
2372;109160,088117;84165,982499;0,652632;3000,000000
2373;107946,677755;97695,515269;0,715789;3000,000000
2374;120000,000000;76892,377173;0,705263;3000,000000
2375;110006,527069;70042,070992;0,715789;3000,000000
2376;83117,037846;68518,902441;0,684211;3000,000000
2377;81997,619301;54017,021905;0,831579;3000,000000
2378;117351,271644;90550,057321;0,768421;3000,000000
2379;102247,889125;85176,773479;0,610526;3000,000000
2380;104056,884268;65986,463577;0,768421;3000,000000
2381;120000,000000;73833,122266;0,800000;3000,000000
2382;87769,756560;64071,511938;0,526316;3000,000000
2383;100982,321438;79140,802712;0,684211;3000,000000
2384;118635,043049;98793,391428;0,726316;3000,000000
2385;120000,000000;77493,832936;0,852632;3000,000000
2386;120000,000000;99614,842146;0,705263;3000,000000
2387;120000,000000;65642,949432;0,789474;3000,000000
2388;117549,421807;75051,408067;0,726316;3000,000000
2389;93247,991028;64295,001942;0,652632;3000,000000
2390;113673,923555;69695,078342;0,694737;3000,000000
2391;120000,000000;85120,317820;0,673684;3000,000000
2392;117934,479929;95618,319325;0,736842;3000,000000
2393;120000,000000;70770,122708;0,789474;3000,000000
2394;95607,423581;62783,061604;0,800000;3000,000000
2395;118265,695606;74551,196413;0,694737;3000,000000
2396;94616,751000;62819,011018;0,694737;3000,000000
2397;120000,000000;105353,274326;0,736842;3000,000000
2398;97623,685304;69028,285828;0,663158;3000,000000
2399;120000,000000;65928,598765;0,810526;3000,000000
2400;119258,302787;88997,281140;0,705263;3000,000000
2401;120000,000000;84934,307838;0,747368;3000,000000
2402;88136,164998;50023,301346;0,757895;3000,000000
2403;104056,884268;53927,459640;0,778947;3000,000000
2404;115374,026670;80919,164780;0,768421;3000,000000
2405;102451,018595;57628,216986;0,726316;3000,000000
2406;94597,819880;68045,825034;0,768421;3000,000000
2407;101869,300050;72700,164447;0,589474;3000,000000
2408;103530,093825;74850,320220;0,789474;3000,000000
2409;95105,164058;51327,310773;0,736842;3000,000000
2410;102470,328706;65657,372967;0,726316;3000,000000
2411;107655,470144;66808,399440;0,694737;3000,000000
2412;120000,000000;84777,456387;0,642105;3000,000000
2413;110157,012523;67551,317780;0,705263;3000,000000
2414;120000,000000;74174,773615;0,705263;3000,000000
2415;91398,826705;76758,291784;0,663158;3000,000000
2416;103524,021378;69508,141934;0,726316;3000,000000
2417;120000,000000;70141,032651;0,800000;3000,000000
2418;113964,302980;87058,522038;0,642105;3000,000000
2419;97740,877416;58603,158034;0,642105;3000,000000
2420;83379,818697;53919,523618;0,736842;3000,000000
2421;96096,460602;71814,249712;0,631579;3000,000000
2422;118265,695606;77371,207609;0,736842;3000,000000
2423;120000,000000;96178,403302;0,663158;3000,000000
2424;91357,197717;71599,721747;0,600000;3000,000000
2425;112175,765575;75771,651560;0,768421;3000,000000
2426;119307,864624;83382,837395;0,736842;3000,000000
2427;107522,864466;58627,804473;0,768421;3000,000000
2428;105356,924697;61209,303645;0,715789;3000,000000
2429;101997,784307;67358,478215;0,663158;3000,000000
2430;113673,923555;57058,149186;0,768421;3000,000000
2431;108506,258492;80054,042413;0,842105;3000,000000
2432;72279,754534;54068,113385;0,736842;3000,000000
2433;100457,614486;61248,229003;0,789474;3000,000000
2434;120000,000000;102004,894171;0,768421;3000,000000
2435;120000,000000;76572,826606;0,778947;3000,000000
2436;93061,623028;61268,515099;0,810526;3000,000000
2437;118889,139484;86535,375690;0,810526;3000,000000
2438;110484,732188;85493,445788;0,736842;3000,000000
2439;92702,381962;77677,437690;0,610526;3000,000000
2440;118562,193975;80762,330369;0,673684;3000,000000
2441;109367,103975;71998,358446;0,726316;3000,000000
2442;99549,968068;71248,562550;0,800000;3000,000000
2443;118910,355988;70583,284579;0,842105;3000,000000
2444;120000,000000;67665,425051;0,789474;3000,000000
2445;94572,131019;70830,412714;0,673684;3000,000000
2446;96096,460602;74542,191018;0,621053;3000,000000
2447;86584,471249;62123,717763;0,652632;3000,000000
2448;103224,149582;69205,094055;0,778947;3000,000000
2449;92519,085021;59202,832831;0,652632;3000,000000
2450;110296,415043;60652,354025;0,757895;3000,000000
2451;120000,000000;68960,301666;0,789474;3000,000000
2452;96045,346404;64465,216871;0,736842;3000,000000
2453;95102,822821;71875,676879;0,610526;3000,000000
2454;102989,589102;84068,626285;0,673684;3000,000000
2455;107870,609935;71349,929657;0,778947;3000,000000
2456;94674,688609;63894,217152;0,768421;3000,000000
2457;97190,085372;67189,329563;0,610526;3000,000000
2458;120000,000000;76927,242265;0,852632;3000,000000
2459;120000,000000;75476,464088;0,810526;3000,000000
2460;104155,066746;93326,854566;0,621053;3000,000000
2461;105414,694805;75028,300518;0,642105;3000,000000
2462;117085,017140;97972,067111;0,789474;3000,000000
2463;115461,611363;73760,393992;0,778947;3000,000000
2464;97194,830997;69713,914008;0,694737;3000,000000
2465;118600,298673;88506,089064;0,736842;3000,000000
2466;102727,348824;77882,478198;0,600000;3000,000000
2467;109941,801387;74901,607265;0,736842;3000,000000
2468;93955,437228;62543,898371;0,747368;3000,000000
2469;119729,616548;69194,837314;0,715789;3000,000000
2470;104145,424122;85486,036579;0,652632;3000,000000
2471;96257,185939;69148,371974;0,673684;3000,000000
2472;104439,411458;61939,856975;0,705263;3000,000000
2473;97740,877416;89216,011991;0,663158;3000,000000
2474;92024,626748;68618,406306;0,694737;3000,000000
2475;116325,903655;87182,711006;0,663158;3000,000000
2476;112467,256928;64028,599477;0,726316;3000,000000
2477;84973,755453;44933,536109;0,768421;3000,000000
2478;106136,156736;79050,106738;0,578947;3000,000000
2479;118281,877034;82374,200855;0,747368;3000,000000
2480;99154,719677;65682,012134;0,673684;3000,000000
2481;75014,865945;53618,076343;0,705263;3000,000000
2482;98649,873434;63547,489069;0,757895;3000,000000
2483;87392,031251;53135,950049;0,800000;3000,000000
2484;119729,616548;76053,998774;0,789474;3000,000000
2485;103023,450042;76252,298959;0,673684;3000,000000
2486;120000,000000;78188,071589;0,736842;3000,000000
2487;117549,421807;72262,853851;0,747368;3000,000000
2488;95170,778580;63637,382385;0,621053;3000,000000
2489;120000,000000;85050,847565;0,726316;3000,000000
2490;92527,097847;71673,391573;0,621053;3000,000000
2491;120000,000000;95203,891128;0,778947;3000,000000
2492;118542,476206;60183,130805;0,810526;3000,000000
2493;117961,903668;87442,830188;0,726316;3000,000000
2494;108399,147697;60403,361422;0,747368;3000,000000
2495;110945,115935;84223,727434;0,642105;3000,000000
2496;89567,124997;69522,270909;0,694737;3000,000000
2497;110184,412712;62815,475668;0,673684;3000,000000
2498;108732,393708;68139,742213;0,789474;3000,000000
2499;91132,813323;69136,644565;0,621053;3000,000000
2500;99362,015580;84941,566783;0,673684;3000,000000
2501;115951,716041;80632,291422;0,715789;3000,000000
2502;102572,245439;67817,584479;0,800000;3000,000000
2503;90925,451094;72036,058513;0,631579;3000,000000
2504;113626,836784;86341,760315;0,736842;3000,000000
2505;108308,589905;90078,494628;0,642105;3000,000000
2506;82604,952978;67137,593177;0,705263;3000,000000
2507;120000,000000;102818,557712;0,842105;3000,000000
2508;120000,000000;75539,655037;0,642105;3000,000000
2509;120000,000000;94948,965648;0,778947;3000,000000
2510;97108,467670;52916,636000;0,884211;3000,000000
2511;104916,815293;76481,045670;0,747368;3000,000000
2512;103720,794836;86054,663966;0,631579;3000,000000
2513;89521,335664;50009,734162;0,757895;3000,000000
2514;120000,000000;77991,484111;0,757895;3000,000000
2515;76943,900534;60664,773056;0,652632;3000,000000
2516;116406,658235;90082,849627;0,757895;3000,000000
2517;120000,000000;100758,411892;0,810526;3000,000000
2518;104685,405046;66068,322136;0,747368;3000,000000
2519;92702,381962;59578,880166;0,747368;3000,000000
2520;103670,369366;91746,688693;0,631579;3000,000000
2521;115510,096744;68857,037083;0,747368;3000,000000
2522;113164,732489;64111,207686;0,715789;3000,000000
2523;105765,794249;66985,411523;0,768421;3000,000000
2524;102548,420161;35227,110761;0,852632;3000,000000
2525;96331,033381;72360,824031;0,736842;3000,000000
2526;107425,261765;87182,711006;0,684211;3000,000000
2527;120000,000000;65900,364381;0,810526;3000,000000
2528;120000,000000;104799,396131;0,778947;3000,000000
2529;101869,300050;68985,655083;0,610526;3000,000000
2530;120000,000000;75455,611133;0,715789;3000,000000
2531;120000,000000;86641,164787;0,726316;3000,000000
2532;83701,552923;56412,579877;0,673684;3000,000000
2533;120000,000000;102020,807237;0,789474;3000,000000
2534;107180,896619;64948,020571;0,810526;3000,000000
2535;120000,000000;71783,766372;0,821053;3000,000000
2536;102509,950229;74255,891575;0,736842;3000,000000
2537;102509,950229;83117,781186;0,663158;3000,000000
2538;108030,463213;72210,669323;0,800000;3000,000000
2539;114028,793859;82224,686724;0,747368;3000,000000
2540;90843,490248;54843,332351;0,694737;3000,000000
2541;87935,243045;74495,151143;0,578947;3000,000000
2542;101333,845834;72856,145044;0,705263;3000,000000
2543;103714,342827;82522,215056;0,631579;3000,000000
2544;102117,755392;78947,646482;0,652632;3000,000000
2545;112929,562591;87906,226717;0,715789;3000,000000
2546;118600,298673;88410,445462;0,715789;3000,000000
2547;120000,000000;82811,985756;0,715789;3000,000000
2548;119616,045073;80419,610790;0,778947;3000,000000
2549;120000,000000;66643,041057;0,736842;3000,000000
2550;103023,450042;85734,999298;0,631579;3000,000000
2551;102593,125524;65697,239783;0,715789;3000,000000
2552;109160,088117;87314,651766;0,642105;3000,000000
2553;92061,730845;66968,798513;0,726316;3000,000000
2554;120000,000000;65975,193559;0,852632;3000,000000
2555;87479,048537;58663,997885;0,810526;3000,000000
2556;120000,000000;53733,062948;0,768421;3000,000000
2557;114089,299695;65704,011230;0,736842;3000,000000
2558;120000,000000;79143,077996;0,789474;3000,000000
2559;97227,750894;78830,536728;0,610526;3000,000000
2560;102572,245439;77196,306995;0,789474;3000,000000
2561;118253,042479;76388,223460;0,642105;3000,000000
2562;120000,000000;78249,195748;0,736842;3000,000000
2563;91670,085474;74525,113535;0,705263;3000,000000
2564;109708,584180;72697,601672;0,736842;3000,000000
2565;107425,261765;72385,693764;0,663158;3000,000000
2566;117423,567552;86973,457828;0,673684;3000,000000
2567;79821,987079;44107,825590;0,778947;3000,000000
2568;120000,000000;96001,195946;0,705263;3000,000000
2569;97471,758712;70523,395649;0,694737;3000,000000
2570;98515,395928;76321,493625;0,642105;3000,000000
2571;99098,535091;66918,809861;0,705263;3000,000000
2572;102071,075334;78147,709850;0,726316;3000,000000
2573;108308,589905;88388,806559;0,642105;3000,000000
2574;101327,684113;61120,218229;0,747368;3000,000000
2575;115911,064731;63181,992286;0,778947;3000,000000
2576;97018,989729;60119,484254;0,715789;3000,000000
2577;118108,246578;52435,049437;0,873684;3000,000000
2578;100988,012410;74773,983925;0,600000;3000,000000
2579;109708,584180;68467,383651;0,705263;3000,000000
2580;109941,801387;72254,471028;0,715789;3000,000000
2581;102073,038797;66403,374966;0,621053;3000,000000
2582;103106,645990;56370,814470;0,736842;3000,000000
2583;116492,049861;84287,274511;0,810526;3000,000000
2584;104056,884268;60999,953577;0,821053;3000,000000
2585;95320,776324;79123,385079;0,663158;3000,000000
2586;100477,370266;70721,970066;0,684211;3000,000000
2587;120000,000000;89742,053147;0,821053;3000,000000
2588;108878,453767;87468,277450;0,694737;3000,000000
2589;119616,045073;82352,129581;0,789474;3000,000000
2590;117007,366795;92569,802245;0,778947;3000,000000
2591;98488,844822;55357,185004;0,684211;3000,000000
2592;110586,852111;73988,302423;0,736842;3000,000000
2593;77080,449537;48435,800216;0,726316;3000,000000
2594;120000,000000;70346,820716;0,747368;3000,000000
2595;101935,260725;71539,707991;0,715789;3000,000000
2596;91070,031421;57899,179240;0,726316;3000,000000
2597;93551,797282;54492,812248;0,684211;3000,000000
2598;116062,797954;67189,664444;0,736842;3000,000000
2599;109732,279819;82188,949290;0,715789;3000,000000
2600;115065,187301;79019,352913;0,821053;3000,000000
2601;120000,000000;68140,870377;0,852632;3000,000000
2602;107177,552833;60640,022944;0,757895;3000,000000
2603;120000,000000;77582,248904;0,715789;3000,000000
2604;120000,000000;80338,175125;0,757895;3000,000000
2605;118373,410519;101825,654583;0,705263;3000,000000
2606;104720,599049;85570,830907;0,768421;3000,000000
2607;120000,000000;86704,404455;0,736842;3000,000000
2608;97623,685304;70526,861404;0,757895;3000,000000
2609;101869,300050;80155,930714;0,642105;3000,000000
2610;97635,447825;72611,431268;0,652632;3000,000000
2611;116792,901002;78173,740339;0,726316;3000,000000
2612;109002,140532;84562,292150;0,694737;3000,000000
2613;119264,667462;72414,959684;0,778947;3000,000000
2614;93380,028804;63253,741267;0,768421;3000,000000
2615;109732,279819;55013,093129;0,800000;3000,000000
2616;90627,897525;64459,407550;0,652632;3000,000000
2617;102904,125380;74821,097781;0,768421;3000,000000
2618;116905,582108;100298,246954;0,747368;3000,000000
2619;120000,000000;91301,974972;0,789474;3000,000000
2620;120000,000000;105402,543988;0,768421;3000,000000
2621;96331,033381;78852,710136;0,652632;3000,000000
2622;96686,408125;72858,132179;0,673684;3000,000000
2623;120000,000000;101490,736804;0,757895;3000,000000
2624;103625,985320;72200,826484;0,673684;3000,000000
2625;95696,049577;68098,714585;0,705263;3000,000000
2626;104712,764169;83385,387134;0,831579;3000,000000
2627;120000,000000;83222,607685;0,757895;3000,000000
2628;119559,484177;67593,761417;0,778947;3000,000000
2629;105866,456897;81562,032976;0,810526;3000,000000
2630;96045,346404;62592,708052;0,684211;3000,000000
2631;89176,289917;57250,004713;0,789474;3000,000000
2632;109958,875629;65511,076209;0,736842;3000,000000
2633;102519,410153;76784,360003;0,589474;3000,000000
2634;120000,000000;81212,567988;0,800000;3000,000000
2635;120000,000000;74339,013490;0,810526;3000,000000
2636;97550,224733;61328,554483;0,715789;3000,000000
2637;107180,896619;77953,064376;0,768421;3000,000000
2638;86403,681477;58290,197666;0,778947;3000,000000
2639;82167,251595;67250,413118;0,747368;3000,000000
2640;120000,000000;75973,258131;0,736842;3000,000000
2641;120000,000000;82626,868367;0,768421;3000,000000
2642;120000,000000;80436,254656;0,789474;3000,000000
2643;102012,091299;51508,210737;0,821053;3000,000000
2644;96120,181448;79608,027442;0,684211;3000,000000
2645;116325,903655;86177,765075;0,642105;3000,000000
2646;113103,718143;58805,661799;0,736842;3000,000000
2647;112740,689964;69155,946685;0,810526;3000,000000
2648;110006,527069;76482,006594;0,705263;3000,000000
2649;70377,561283;58588,491805;0,684211;3000,000000
2650;90925,451094;67041,745582;0,600000;3000,000000
2651;99197,679675;75970,410272;0,663158;3000,000000
2652;106528,412857;58743,801132;0,789474;3000,000000
2653;113489,026650;65989,895978;0,863158;3000,000000
2654;104804,599944;60475,090435;0,810526;3000,000000
2655;120000,000000;78594,606105;0,800000;3000,000000
2656;104056,884268;81374,123562;0,568421;3000,000000
2657;116705,441112;80789,853141;0,747368;3000,000000
2658;102509,950229;83674,077608;0,652632;3000,000000
2659;82045,761621;59886,346739;0,684211;3000,000000
2660;120000,000000;56112,352086;0,726316;3000,000000
2661;94795,828265;73613,122773;0,736842;3000,000000
2662;99219,897252;51337,043443;0,747368;3000,000000
2663;105791,225305;86488,903050;0,684211;3000,000000
2664;108562,779367;79394,531034;0,768421;3000,000000
2665;102558,668649;67840,060808;0,821053;3000,000000
2666;88304,867053;54291,670066;0,821053;3000,000000
2667;106091,320683;74366,343726;0,810526;3000,000000
2668;104246,465464;64459,254288;0,789474;3000,000000
2669;112740,689964;84532,021003;0,715789;3000,000000
2670;109882,237566;57384,929723;0,800000;3000,000000
2671;95677,010900;60768,209098;0,715789;3000,000000
2672;118562,193975;70383,629893;0,778947;3000,000000
2673;120000,000000;72693,887581;0,800000;3000,000000
2674;111243,166783;73966,480016;0,705263;3000,000000
2675;106144,395187;51941,712051;0,831579;3000,000000
2676;105130,334740;60109,119188;0,789474;3000,000000
2677;102017,779649;64564,571478;0,652632;3000,000000
2678;105235,895663;76714,872192;0,726316;3000,000000
2679;93722,766042;53837,752782;0,789474;3000,000000
2680;107909,182296;69516,039294;0,694737;3000,000000
2681;118967,025883;93311,181896;0,715789;3000,000000
2682;105556,029880;87403,881018;0,684211;3000,000000
2683;120000,000000;89453,653028;0,715789;3000,000000
2684;120000,000000;70037,637925;0,821053;3000,000000
2685;120000,000000;101586,092054;0,757895;3000,000000
2686;102549,006437;79875,541850;0,736842;3000,000000
2687;120000,000000;112088,434491;0,789474;3000,000000
2688;103670,369366;69166,188855;0,726316;3000,000000
2689;99197,679675;74469,983463;0,736842;3000,000000
2690;106360,566677;64269,785236;0,789474;3000,000000
2691;89475,527992;68457,772860;0,747368;3000,000000
2692;113066,553290;82045,157266;0,589474;3000,000000
2693;120000,000000;58448,192444;0,810526;3000,000000
2694;115065,187301;69480,189642;0,757895;3000,000000
2695;110006,527069;81824,727956;0,757895;3000,000000
2696;120000,000000;66518,109963;0,715789;3000,000000
2697;97483,353479;66253,937080;0,705263;3000,000000
2698;106530,470862;58072,079183;0,726316;3000,000000
2699;119995,179899;76352,431767;0,789474;3000,000000
2700;115116,695998;67438,778195;0,810526;3000,000000
2701;120000,000000;86044,312939;0,757895;3000,000000
2702;96388,919277;78010,059499;0,631579;3000,000000
2703;120000,000000;86631,861215;0,810526;3000,000000
2704;102422,954227;54881,435147;0,800000;3000,000000
2705;95880,696404;75631,951804;0,684211;3000,000000
2706;120000,000000;77402,305583;0,789474;3000,000000
2707;103047,626919;60005,119114;0,831579;3000,000000
2708;116165,901066;84334,223618;0,684211;3000,000000
2709;97740,877416;70884,539092;0,663158;3000,000000
2710;87542,105541;46313,824307;0,778947;3000,000000
2711;110445,307189;60171,087124;0,810526;3000,000000
2712;97227,750894;55286,202603;0,747368;3000,000000
2713;120000,000000;81520,600954;0,800000;3000,000000
2714;110833,581137;70754,918809;0,726316;3000,000000
2715;119388,919619;83819,454208;0,715789;3000,000000
2716;109367,103975;83365,873410;0,789474;3000,000000
2717;120000,000000;85549,495316;0,747368;3000,000000
2718;120000,000000;54435,834865;0,894737;3000,000000
2719;120000,000000;91179,879732;0,726316;3000,000000
2720;101365,745906;72019,022717;0,694737;3000,000000
2721;120000,000000;89739,071471;0,736842;3000,000000
2722;117583,360032;79921,780163;0,663158;3000,000000
2723;118635,043049;58626,112062;0,821053;3000,000000
2724;120000,000000;82168,473989;0,852632;3000,000000
2725;104948,892657;82071,743410;0,800000;3000,000000
2726;120000,000000;63294,923460;0,842105;3000,000000
2727;92459,403547;66815,708198;0,789474;3000,000000
2728;103922,811693;71988,732845;0,768421;3000,000000
2729;117393,662365;60116,082896;0,810526;3000,000000
2730;90941,903456;57224,872482;0,642105;3000,000000
2731;97194,830997;80533,421744;0,684211;3000,000000
2732;99979,642080;55898,066321;0,800000;3000,000000
2733;92527,097847;70761,214027;0,715789;3000,000000
2734;120000,000000;67884,762714;0,852632;3000,000000
2735;120000,000000;80723,541718;0,831579;3000,000000
2736;109154,815160;79456,873567;0,663158;3000,000000
2737;112777,010338;75449,028753;0,757895;3000,000000
2738;120000,000000;96127,654846;0,715789;3000,000000
2739;95170,778580;67384,112239;0,631579;3000,000000
2740;120000,000000;88528,186777;0,747368;3000,000000
2741;107177,552833;86370,968289;0,736842;3000,000000
2742;120000,000000;93774,965706;0,673684;3000,000000
2743;93338,648565;71119,325703;0,747368;3000,000000
2744;112175,765575;57560,844952;0,789474;3000,000000
2745;120000,000000;88830,974879;0,768421;3000,000000
2746;120000,000000;56989,735788;0,810526;3000,000000
2747;120000,000000;73186,038209;0,800000;3000,000000
2748;117583,360032;86261,876480;0,663158;3000,000000
2749;97016,596448;80357,359914;0,684211;3000,000000
2750;96081,912797;72306,842719;0,600000;3000,000000
2751;100187,274308;67558,391402;0,778947;3000,000000
2752;120000,000000;71527,752346;0,821053;3000,000000
2753;95400,190593;72113,575842;0,663158;3000,000000
2754;119346,885375;63823,664003;0,810526;3000,000000
2755;98887,193921;69121,590754;0,673684;3000,000000
2756;93391,644580;56126,542246;0,705263;3000,000000
2757;102470,328706;80226,452303;0,621053;3000,000000
2758;107633,622854;99970,597601;0,600000;3000,000000
2759;119388,919619;75354,331623;0,831579;3000,000000
2760;112555,141529;64850,445165;0,715789;3000,000000
2761;103049,950146;82578,597022;0,768421;3000,000000
2762;103782,949656;70893,593828;0,715789;3000,000000
2763;96366,629487;64272,614778;0,715789;3000,000000
2764;116792,901002;57402,321504;0,736842;3000,000000
2765;117110,750098;91221,277317;0,768421;3000,000000
2766;114338,112195;79779,605267;0,884211;3000,000000
2767;114305,109370;75624,007316;0,736842;3000,000000
2768;95555,426303;63898,524166;0,789474;3000,000000
2769;112608,976484;70913,568576;0,673684;3000,000000
2770;120000,000000;67119,982023;0,789474;3000,000000
2771;116204,017124;61168,086940;0,768421;3000,000000
2772;117961,903668;88660,346679;0,736842;3000,000000
2773;120000,000000;86127,678448;0,778947;3000,000000
2774;100159,206921;73114,211625;0,705263;3000,000000
2775;78873,228011;59320,840685;0,673684;3000,000000
2776;114530,055546;75515,820570;0,747368;3000,000000
2777;97740,877416;55197,241024;0,726316;3000,000000
2778;117599,045982;81771,005531;0,684211;3000,000000
2779;115135,232040;76942,549323;0,663158;3000,000000
2780;96489,435416;71661,906084;0,736842;3000,000000
2781;95593,461828;75045,984167;0,652632;3000,000000
2782;117583,360032;75215,815793;0,673684;3000,000000
2783;95384,994708;71495,930039;0,810526;3000,000000
2784;107633,622854;66927,148289;0,736842;3000,000000
2785;99702,875456;75488,479599;0,715789;3000,000000
2786;89256,649272;51533,972383;0,800000;3000,000000
2787;103023,450042;73667,252643;0,726316;3000,000000
2788;117529,255060;74779,703304;0,768421;3000,000000
2789;120000,000000;69306,128267;0,673684;3000,000000
2790;94237,927776;55099,739262;0,726316;3000,000000
2791;120000,000000;89056,695091;0,684211;3000,000000
2792;102904,125380;71535,680436;0,684211;3000,000000
2793;120000,000000;89726,060255;0,610526;3000,000000
2794;119247,887621;90737,901098;0,736842;3000,000000
2795;113103,718143;71921,820648;0,726316;3000,000000
2796;104787,166268;64148,854702;0,800000;3000,000000
2797;68180,879109;35314,204810;0,800000;3000,000000
2798;87935,243045;73529,462531;0,789474;3000,000000
2799;93630,463961;71955,584561;0,726316;3000,000000
2800;120000,000000;100026,130629;0,778947;3000,000000
2801;90854,556262;49456,955252;0,842105;3000,000000
2802;103035,441510;65735,000486;0,852632;3000,000000
2803;111367,743592;80959,645660;0,747368;3000,000000
2804;117583,360032;76389,489329;0,652632;3000,000000
2805;109175,152416;76248,002520;0,705263;3000,000000
2806;95555,426303;87152,073473;0,600000;3000,000000
2807;95794,717734;61151,183573;0,663158;3000,000000
2808;95708,408326;73498,754449;0,757895;3000,000000
2809;120000,000000;62338,286067;0,768421;3000,000000
2810;117189,817838;65427,652289;0,831579;3000,000000
2811;118253,042479;103375,008849;0,705263;3000,000000
2812;101935,260725;66608,782370;0,726316;3000,000000
2813;80477,915755;54438,877120;0,705263;3000,000000
2814;120000,000000;80023,908478;0,747368;3000,000000
2815;106136,156736;89498,224854;0,715789;3000,000000
2816;100619,404877;77755,220169;0,673684;3000,000000
2817;103045,019273;67500,325401;0,747368;3000,000000
2818;109708,584180;53961,837477;0,715789;3000,000000
2819;82407,961151;54772,735008;0,757895;3000,000000
2820;103322,988985;59797,854073;0,642105;3000,000000
2821;120000,000000;95628,777580;0,789474;3000,000000
2822;104737,254598;66522,130200;0,747368;3000,000000
2823;100647,413238;83703,658881;0,757895;3000,000000
2824;117236,143118;85244,131499;0,747368;3000,000000
2825;120000,000000;100203,325215;0,852632;3000,000000
2826;117189,817838;65685,241648;0,821053;3000,000000
2827;100820,339486;60475,747761;0,757895;3000,000000
2828;112467,256928;58072,340807;0,705263;3000,000000
2829;102451,018595;57921,873854;0,757895;3000,000000
2830;105414,694805;75700,317436;0,684211;3000,000000
2831;96059,068494;51612,160946;0,789474;3000,000000
2832;109882,237566;89376,181225;0,715789;3000,000000
2833;72575,817741;46086,974387;0,789474;3000,000000
2834;92473,481773;74460,711171;0,747368;3000,000000
2835;90925,451094;70570,648678;0,673684;3000,000000
2836;94841,206088;55669,951825;0,821053;3000,000000
2837;103587,242738;56919,721131;0,747368;3000,000000
2838;100988,012410;83686,738090;0,715789;3000,000000
2839;105744,537087;49010,184825;0,747368;3000,000000
2840;118232,964059;84221,411802;0,768421;3000,000000
2841;106412,938971;77185,437559;0,736842;3000,000000
2842;84461,188707;56650,659124;0,768421;3000,000000
2843;99959,968358;74181,610792;0,684211;3000,000000
2844;77683,294153;58264,674487;0,726316;3000,000000
2845;95102,822821;79784,420159;0,578947;3000,000000
2846;93843,936508;81078,441232;0,747368;3000,000000
2847;117156,148162;84381,975276;0,757895;3000,000000
2848;87428,746560;53713,483271;0,747368;3000,000000
2849;120000,000000;82939,631861;0,768421;3000,000000
2850;109067,809371;72395,849465;0,642105;3000,000000
2851;120000,000000;63372,992242;0,884211;3000,000000
2852;87358,110398;73488,206826;0,600000;3000,000000
2853;120000,000000;104986,515702;0,768421;3000,000000
2854;120000,000000;77478,285124;0,789474;3000,000000
2855;112963,915373;72250,404934;0,715789;3000,000000
2856;79294,411048;56989,681615;0,684211;3000,000000
2857;94038,813356;59688,474971;0,673684;3000,000000
2858;101575,949184;50987,234502;0,852632;3000,000000
2859;101923,827011;53843,272263;0,873684;3000,000000
2860;94078,829488;56531,244881;0,663158;3000,000000
2861;113361,272246;66647,862647;0,842105;3000,000000
2862;108562,779367;56799,798399;0,831579;3000,000000
2863;96695,011926;84065,731038;0,684211;3000,000000
2864;82631,432124;61777,356807;0,757895;3000,000000
2865;99260,013369;77508,274790;0,705263;3000,000000
2866;86499,393109;54610,475449;0,715789;3000,000000
2867;103038,068096;64976,263925;0,778947;3000,000000
2868;118253,042479;76864,784060;0,673684;3000,000000
2869;97264,203656;62873,925676;0,705263;3000,000000
2870;120000,000000;91467,257754;0,800000;3000,000000
2871;78696,506710;65756,646698;0,747368;3000,000000
2872;120000,000000;87268,762253;0,768421;3000,000000
2873;81615,818218;60444,234407;0,736842;3000,000000
2874;109941,722872;101550,602478;0,726316;3000,000000
2875;120000,000000;42413,461298;0,842105;3000,000000
2876;120000,000000;71408,649722;0,789474;3000,000000
2877;117932,360556;85171,968608;0,736842;3000,000000
2878;105183,526826;60728,990352;0,800000;3000,000000
2879;88136,164998;77408,743445;0,684211;3000,000000
2880;120000,000000;72073,663406;0,694737;3000,000000
2881;114999,943051;84500,397646;0,778947;3000,000000
2882;107183,679171;75828,050520;0,789474;3000,000000
2883;120000,000000;80388,329720;0,800000;3000,000000
2884;106136,156736;72092,391898;0,705263;3000,000000
2885;92620,062254;74761,234283;0,663158;3000,000000
2886;100058,798500;60784,159210;0,642105;3000,000000
2887;120000,000000;51395,434342;0,852632;3000,000000
2888;113164,732489;68662,892168;0,789474;3000,000000
2889;120000,000000;97737,340619;0,736842;3000,000000
2890;92507,980226;71978,053232;0,715789;3000,000000
2891;90094,744494;76098,124263;0,684211;3000,000000
2892;115700,834351;86151,049709;0,768421;3000,000000
2893;114660,244132;92614,351968;0,715789;3000,000000
2894;107425,261765;71804,825472;0,652632;3000,000000
2895;111061,856647;71108,791624;0,778947;3000,000000
2896;99424,494801;77121,312363;0,715789;3000,000000
2897;119742,896722;64960,014604;0,768421;3000,000000
2898;115071,360180;75133,606962;0,705263;3000,000000
2899;110318,825259;62389,387337;0,705263;3000,000000
2900;120000,000000;89150,480041;0,810526;3000,000000
2901;111367,743592;53490,059018;0,810526;3000,000000
2902;108249,527317;57413,108893;0,884211;3000,000000
2903;113964,302980;84327,373060;0,736842;3000,000000
2904;87207,178583;66888,920117;0,715789;3000,000000
2905;102247,889125;61621,017196;0,768421;3000,000000
2906;95102,822821;74465,545056;0,694737;3000,000000
2907;120000,000000;60328,022742;0,821053;3000,000000
2908;98110,055394;74060,959991;0,715789;3000,000000
2909;117085,017140;91903,778695;0,757895;3000,000000
2910;115135,232040;74060,161318;0,726316;3000,000000
2911;102509,950229;79427,973423;0,642105;3000,000000
2912;101386,183840;71596,826470;0,673684;3000,000000
2913;94797,267636;73128,751916;0,610526;3000,000000
2914;91953,886161;55958,682485;0,778947;3000,000000
2915;119578,600758;67962,044617;0,736842;3000,000000
2916;73096,362588;55277,034827;0,831579;3000,000000
2917;120000,000000;71664,608816;0,852632;3000,000000
2918;96305,804661;79481,804524;0,736842;3000,000000
2919;119980,865565;81621,885788;0,800000;3000,000000
2920;108732,393708;64828,020424;0,810526;3000,000000
2921;102509,950229;54634,360141;0,726316;3000,000000
2922;120000,000000;83738,878996;0,789474;3000,000000
2923;83703,659573;47132,496267;0,726316;3000,000000
2924;119720,659025;75547,926781;0,768421;3000,000000
2925;109067,809371;83910,177101;0,610526;3000,000000
2926;98882,870452;64908,078002;0,800000;3000,000000
2927;120000,000000;67284,758659;0,800000;3000,000000
2928;68946,659649;57505,556253;0,778947;3000,000000
2929;120000,000000;66921,246869;0,747368;3000,000000
2930;120000,000000;60851,914648;0,789474;3000,000000
2931;117198,359651;68775,407645;0,747368;3000,000000
2932;108584,134927;42735,222097;0,778947;3000,000000
2933;83703,659573;58569,552647;0,705263;3000,000000
2934;92507,980226;60651,872684;0,726316;3000,000000
2935;103670,369366;63687,825289;0,778947;3000,000000
2936;120000,000000;67191,695029;0,789474;3000,000000
2937;120000,000000;75539,430809;0,873684;3000,000000
2938;120000,000000;102723,931318;0,736842;3000,000000
2939;119578,600758;70631,007398;0,757895;3000,000000
2940;116325,903655;65002,625201;0,684211;3000,000000
2941;91189,153100;73531,187618;0,715789;3000,000000
2942;86403,681477;52751,389378;0,789474;3000,000000
2943;120000,000000;93647,724033;0,778947;3000,000000
2944;106198,171963;66582,170785;0,789474;3000,000000
2945;118889,139484;98157,326882;0,694737;3000,000000
2946;97190,085372;62288,951317;0,684211;3000,000000
2947;120000,000000;94875,404962;0,757895;3000,000000
2948;99555,508390;47208,785947;0,800000;3000,000000
2949;120000,000000;68377,578091;0,842105;3000,000000
2950;116705,441112;91023,193807;0,789474;3000,000000
2951;120000,000000;94042,467113;0,831579;3000,000000
2952;114548,407045;75694,080704;0,694737;3000,000000
2953;120000,000000;81420,921742;0,736842;3000,000000
2954;117023,176155;89288,823292;0,715789;3000,000000
2955;60658,570787;51439,725911;0,768421;3000,000000
2956;117932,360556;84965,395817;0,673684;3000,000000
2957;104206,559485;75942,194772;0,663158;3000,000000
2958;120000,000000;68434,775878;0,768421;3000,000000
2959;120000,000000;73606,914345;0,810526;3000,000000
2960;93551,797282;59655,970271;0,736842;3000,000000
2961;113673,923555;67007,306432;0,726316;3000,000000
2962;90449,283224;49770,889417;0,873684;3000,000000
2963;118268,685711;89790,291945;0,821053;3000,000000
2964;120000,000000;61571,947554;0,747368;3000,000000
2965;95170,778580;62653,140733;0,726316;3000,000000
2966;84516,697467;60586,122644;0,810526;3000,000000
2967;114054,448181;59480,250965;0,873684;3000,000000
2968;89912,050821;73817,333652;0,652632;3000,000000
2969;106119,181503;89596,785548;0,778947;3000,000000
2970;75031,835183;49218,357030;0,747368;3000,000000
2971;88236,721042;55473,392143;0,852632;3000,000000
2972;97214,792094;56449,715852;0,778947;3000,000000
2973;93287,639190;77462,463108;0,715789;3000,000000
2974;120000,000000;75714,775480;0,715789;3000,000000
2975;115065,187301;84179,147848;0,831579;3000,000000
2976;110956,199849;72608,607660;0,873684;3000,000000
2977;82249,832144;51961,778496;0,789474;3000,000000
2978;89736,673826;60147,184066;0,726316;3000,000000
2979;115512,854040;81603,494335;0,768421;3000,000000
2980;112357,983382;71366,828854;0,768421;3000,000000
2981;115652,430646;73699,303961;0,715789;3000,000000
2982;101019,044560;62324,734585;0,810526;3000,000000
2983;100477,370266;81211,583058;0,715789;3000,000000
2984;94214,122015;69569,312018;0,821053;3000,000000
2985;110833,581137;64863,051156;0,884211;3000,000000
2986;120000,000000;101851,451568;0,736842;3000,000000
2987;114828,129402;73768,787815;0,778947;3000,000000
2988;93283,601600;70667,903566;0,684211;3000,000000
2989;107183,468004;81495,072400;0,715789;3000,000000
2990;99764,967063;69050,892345;0,705263;3000,000000
2991;101368,466750;59425,882733;0,726316;3000,000000
2992;117156,148162;64080,824353;0,800000;3000,000000
2993;97041,208393;68554,959755;0,736842;3000,000000
2994;117222,219438;97772,237755;0,800000;3000,000000
2995;105238,904363;71884,787379;0,810526;3000,000000
2996;106144,395187;59215,816165;0,842105;3000,000000
2997;120000,000000;82696,494746;0,726316;3000,000000
2998;120000,000000;64505,452009;0,821053;3000,000000
2999;101315,098793;75631,951804;0,642105;3000,000000
3000;110445,307189;72291,961426;0,768421;3000,000000
3001;120000,000000;69033,128328;0,789474;3000,000000
3002;96488,432574;62523,972405;0,757895;3000,000000
3003;108249,527317;53488,675538;0,873684;3000,000000
3004;103023,450042;61940,320561;0,684211;3000,000000
3005;102470,328706;91177,421722;0,768421;3000,000000
3006;97018,989729;52423,444757;0,778947;3000,000000
3007;91136,114250;69262,115900;0,810526;3000,000000
3008;93843,936508;55452,864545;0,768421;3000,000000
3009;84682,375436;67932,666328;0,757895;3000,000000
3010;91059,088801;56981,083604;0,800000;3000,000000
3011;81028,908570;56060,825330;0,768421;3000,000000
3012;108258,285439;71266,783652;0,705263;3000,000000
3013;94597,819880;42961,113604;0,831579;3000,000000
3014;97623,685304;55662,789680;0,768421;3000,000000
3015;114053,853539;88454,025255;0,705263;3000,000000
3016;120000,000000;66794,457960;0,726316;3000,000000
3017;120000,000000;96576,860082;0,789474;3000,000000
3018;110833,581137;102825,375234;0,663158;3000,000000
3019;120000,000000;95814,804326;0,715789;3000,000000
3020;77207,051032;70290,044674;0,726316;3000,000000
3021;112999,683992;56253,261142;0,789474;3000,000000
3022;117701,516562;68435,591361;0,747368;3000,000000
3023;92620,062254;58188,109920;0,736842;3000,000000
3024;98316,179582;67443,235763;0,757895;3000,000000
3025;120000,000000;62626,323603;0,800000;3000,000000
3026;90992,286846;73375,231649;0,705263;3000,000000
3027;98854,290620;56942,361821;0,800000;3000,000000
3028;95206,109977;64263,618534;0,694737;3000,000000
3029;108583,694064;70782,637956;0,705263;3000,000000
3030;91838,211905;73003,302867;0,663158;3000,000000
3031;120000,000000;68466,832235;0,863158;3000,000000
3032;120000,000000;79343,984766;0,852632;3000,000000
3033;117857,955000;95011,277707;0,768421;3000,000000
3034;120000,000000;65554,405796;0,821053;3000,000000
3035;120000,000000;66582,931970;0,821053;3000,000000
3036;106412,938971;75584,962906;0,757895;3000,000000
3037;114053,853539;97388,209162;0,684211;3000,000000
3038;96015,325997;79760,548880;0,768421;3000,000000
3039;114207,299059;41064,945803;0,831579;3000,000000
3040;120000,000000;73183,028654;0,789474;3000,000000
3041;120000,000000;96136,469487;0,757895;3000,000000
3042;115135,232040;89136,209725;0,621053;3000,000000
3043;91767,608787;60263,244247;0,757895;3000,000000
3044;93247,991028;70094,537457;0,736842;3000,000000
3045;92507,980226;71637,025184;0,673684;3000,000000
3046;120000,000000;50229,737964;0,852632;3000,000000
3047;96090,608147;57520,118147;0,800000;3000,000000
3048;109067,809371;75568,508200;0,747368;3000,000000
3049;108290,578143;48508,966870;0,789474;3000,000000
3050;98435,975326;55036,133833;0,778947;3000,000000
3051;120000,000000;63705,314165;0,789474;3000,000000
3052;100058,798500;73438,020382;0,757895;3000,000000
3053;117441,573128;56465,390384;0,863158;3000,000000
3054;109411,980610;95529,362559;0,715789;3000,000000
3055;104056,884268;64419,820328;0,768421;3000,000000
3056;112929,562591;74790,767124;0,810526;3000,000000
3057;112608,976484;75597,966886;0,642105;3000,000000
3058;119705,118980;60630,998240;0,800000;3000,000000
3059;102470,328706;64888,192867;0,694737;3000,000000
3060;120000,000000;80595,067085;0,778947;3000,000000
3061;99451,541429;65762,554385;0,747368;3000,000000
3062;95102,822821;80865,600852;0,694737;3000,000000
3063;120000,000000;72212,091656;0,757895;3000,000000
3064;85030,083388;57753,682483;0,757895;3000,000000
3065;107401,324081;64805,567880;0,747368;3000,000000
3066;97741,225735;75009,185473;0,673684;3000,000000
3067;119274,926310;64884,784186;0,863158;3000,000000
3068;103598,687642;92818,257656;0,663158;3000,000000
3069;84605,372590;69477,054117;0,684211;3000,000000
3070;116716,539530;67306,402277;0,789474;3000,000000
3071;120000,000000;68587,721936;0,852632;3000,000000
3072;99512,173375;74188,519424;0,757895;3000,000000
3073;120000,000000;87657,533110;0,747368;3000,000000
3074;98214,504198;57401,455048;0,757895;3000,000000
3075;98730,358482;52086,618065;0,810526;3000,000000
3076;95696,049577;54405,987787;0,673684;3000,000000
3077;110484,732188;91058,752748;0,684211;3000,000000
3078;120000,000000;102264,768180;0,757895;3000,000000
3079;97313,722598;59204,271983;0,757895;3000,000000
3080;120000,000000;63360,269773;0,884211;3000,000000
3081;108988,256838;51322,023790;0,778947;3000,000000
3082;120000,000000;83860,950826;0,810526;3000,000000
3083;110184,412712;60079,052164;0,778947;3000,000000
3084;89221,917652;69434,581315;0,778947;3000,000000
3085;86311,764256;53107,045026;0,768421;3000,000000
3086;91136,114250;67696,414944;0,800000;3000,000000
3087;120000,000000;69868,879276;0,747368;3000,000000
3088;108064,082394;71188,182912;0,789474;3000,000000
3089;95063,875713;52384,697377;0,789474;3000,000000
3090;105390,282227;74653,977080;0,778947;3000,000000
3091;95165,251923;85224,611702;0,831579;3000,000000
3092;105893,426387;81537,467356;0,747368;3000,000000
3093;120000,000000;63166,297749;0,726316;3000,000000
3094;119705,118980;100620,737209;0,831579;3000,000000
3095;79697,242074;54469,029931;0,747368;3000,000000
3096;112123,959206;87285,377378;0,757895;3000,000000
3097;110438,666426;57616,713669;0,800000;3000,000000
3098;105414,694805;71042,678311;0,778947;3000,000000
3099;98435,975326;73751,014155;0,747368;3000,000000
3100;113797,029242;88465,104299;0,747368;3000,000000
3101;119729,616548;56184,699810;0,873684;3000,000000
3102;93338,648565;69697,017330;0,715789;3000,000000
3103;81738,804511;57133,977473;0,726316;3000,000000
3104;87846,025666;72635,350693;0,600000;3000,000000
3105;97523,133657;56971,801182;0,863158;3000,000000
3106;99488,541245;69028,475921;0,800000;3000,000000
3107;96267,318925;71159,775408;0,673684;3000,000000
3108;95080,656744;71102,578471;0,694737;3000,000000
3109;101869,300050;81062,229239;0,715789;3000,000000
3110;119793,836280;76313,372438;0,778947;3000,000000
3111;116483,357704;70254,292159;0,894737;3000,000000
3112;97282,043732;49687,669142;0,810526;3000,000000
3113;103419,243706;82911,954625;0,694737;3000,000000
3114;97673,084874;64462,622756;0,757895;3000,000000
3115;120000,000000;81399,779969;0,842105;3000,000000
3116;90438,611047;55218,994311;0,810526;3000,000000
3117;112608,976484;87028,531683;0,694737;3000,000000
3118;120000,000000;77181,197500;0,831579;3000,000000
3119;103625,985320;55774,752874;0,789474;3000,000000
3120;93052,055549;67849,411935;0,778947;3000,000000
3121;96257,185939;51184,864183;0,736842;3000,000000
3122;120000,000000;93488,131324;0,778947;3000,000000
3123;117701,516562;56809,681021;0,810526;3000,000000
3124;120000,000000;89060,203516;0,789474;3000,000000
3125;99424,494801;72441,252686;0,694737;3000,000000
3126;108081,439854;71877,549714;0,821053;3000,000000
3127;120000,000000;75661,171522;0,852632;3000,000000
3128;120000,000000;60052,352039;0,789474;3000,000000
3129;120000,000000;77970,713595;0,884211;3000,000000
3130;119995,179899;74399,150364;0,726316;3000,000000
3131;100830,699598;78512,462897;0,663158;3000,000000
3132;118362,620013;73573,127566;0,736842;3000,000000
3133;120000,000000;100682,305285;0,842105;3000,000000
3134;99034,383547;79620,106209;0,715789;3000,000000
3135;120000,000000;98603,587550;0,810526;3000,000000
3136;120000,000000;89770,529234;0,778947;3000,000000
3137;101411,553422;80482,546580;0,768421;3000,000000
3138;117007,366795;79410,657137;0,747368;3000,000000
3139;120000,000000;86802,536145;0,821053;3000,000000
3140;110184,412712;79166,922806;0,705263;3000,000000
3141;92624,911752;55498,432057;0,768421;3000,000000
3142;92519,085021;66837,632330;0,715789;3000,000000
3143;112889,023637;68718,328843;0,705263;3000,000000
3144;120000,000000;85279,902223;0,810526;3000,000000
3145;113066,553290;82699,747961;0,715789;3000,000000
3146;114548,407045;78811,223716;0,673684;3000,000000
3147;105744,537087;60718,522619;0,873684;3000,000000
3148;105893,426387;82795,132138;0,789474;3000,000000
3149;117212,716312;41431,965552;0,852632;3000,000000
3150;93333,261108;69835,292273;0,694737;3000,000000
3151;120000,000000;99704,732974;0,789474;3000,000000
3152;106604,475108;75700,120143;0,768421;3000,000000
3153;101199,409812;73112,686850;0,652632;3000,000000
3154;111629,301760;77957,509246;0,715789;3000,000000
3155;101869,300050;63296,879325;0,694737;3000,000000
3156;120000,000000;98617,241035;0,757895;3000,000000
3157;105356,924697;52336,321954;0,789474;3000,000000
3158;96684,452672;69582,895610;0,800000;3000,000000
3159;120000,000000;57885,896063;0,831579;3000,000000
3160;102685,509939;70011,977305;0,736842;3000,000000
3161;102685,509939;78951,458913;0,778947;3000,000000
3162;105390,282227;65130,194167;0,757895;3000,000000
3163;110006,527069;65865,484423;0,810526;3000,000000
3164;99260,013369;74634,030817;0,694737;3000,000000
3165;87846,025666;70523,627897;0,684211;3000,000000
3166;94029,943984;70748,963798;0,705263;3000,000000
3167;119992,926867;87617,622474;0,852632;3000,000000
3168;117198,359651;38331,870098;0,831579;3000,000000
3169;113164,732489;66503,191970;0,778947;3000,000000
3170;120000,000000;77659,645205;0,831579;3000,000000
3171;108039,037452;62272,731604;0,831579;3000,000000
3172;88646,003240;57372,089293;0,715789;3000,000000
3173;102904,125380;86752,978847;0,642105;3000,000000
3174;120000,000000;61798,669507;0,852632;3000,000000
3175;116457,247278;68342,949975;0,778947;3000,000000
3176;109520,887841;67949,492315;0,842105;3000,000000
3177;100988,012410;67466,204391;0,747368;3000,000000
3178;91225,578757;50291,828183;0,778947;3000,000000
3179;101511,505697;59821,108699;0,789474;3000,000000
3180;106198,171963;55353,660983;0,831579;3000,000000
3181;90617,288383;56883,138038;0,757895;3000,000000
3182;88535,109534;58649,694631;0,726316;3000,000000
3183;115726,798902;79541,497930;0,778947;3000,000000
3184;59302,661590;55141,765721;0,757895;3000,000000
3185;98517,083287;69330,185087;0,768421;3000,000000
3186;86064,425742;61682,495507;0,778947;3000,000000
3187;120000,000000;58186,357114;0,863158;3000,000000
3188;92550,438249;63569,436309;0,726316;3000,000000
3189;110586,852111;85952,723866;0,705263;3000,000000
3190;93873,450290;57500,617422;0,726316;3000,000000
3191;120000,000000;73038,290394;0,768421;3000,000000
3192;120000,000000;83903,289567;0,757895;3000,000000
3193;119750,729135;52704,458249;0,842105;3000,000000
3194;99098,535091;88244,100312;0,684211;3000,000000
3195;115071,360180;63768,504108;0,778947;3000,000000
3196;87769,756560;57943,443967;0,757895;3000,000000
3197;120000,000000;74360,940146;0,821053;3000,000000
3198;100304,129771;62942,744052;0,842105;3000,000000
3199;113483,438511;62729,090544;0,800000;3000,000000
3200;101935,260725;63156,626920;0,663158;3000,000000
3201;92658,020795;70999,335086;0,778947;3000,000000
3202;120000,000000;83729,167826;0,757895;3000,000000
3203;116229,484210;87806,652013;0,726316;3000,000000
3204;108626,002931;67274,371210;0,842105;3000,000000
3205;92624,911752;62190,433046;0,715789;3000,000000
3206;99936,487223;49360,179220;0,842105;3000,000000
3207;118910,355988;68161,350608;0,800000;3000,000000
3208;99512,173375;63180,095826;0,715789;3000,000000
3209;120000,000000;57957,804467;0,873684;3000,000000
3210;114799,199161;69518,556206;0,821053;3000,000000
3211;120000,000000;79672,529558;0,778947;3000,000000
3212;110646,263448;90666,949993;0,726316;3000,000000
3213;120000,000000;92093,333721;0,778947;3000,000000
3214;111367,743592;72780,177376;0,768421;3000,000000
3215;120000,000000;103693,359321;0,736842;3000,000000
3216;95377,554335;63070,701984;0,726316;3000,000000
3217;93333,261108;70719,170763;0,621053;3000,000000
3218;120000,000000;98671,868738;0,778947;3000,000000
3219;119160,481933;64499,833209;0,789474;3000,000000
3220;117529,255060;86864,859637;0,821053;3000,000000
3221;95320,776324;62895,827460;0,726316;3000,000000
3222;93249,405124;54099,960592;0,800000;3000,000000
3223;111629,301760;76542,536396;0,747368;3000,000000
3224;120000,000000;92676,733853;0,821053;3000,000000
3225;101935,260725;64866,374729;0,747368;3000,000000
3226;113755,111136;60417,750666;0,757895;3000,000000
3227;92874,134711;59782,113092;0,778947;3000,000000
3228;86663,182089;59212,486811;0,778947;3000,000000
3229;98551,469451;62325,072842;0,884211;3000,000000
3230;119750,729135;76504,912973;0,747368;3000,000000
3231;108688,549789;47455,414315;0,884211;3000,000000
3232;107372,033414;60101,254478;0,800000;3000,000000
3233;114109,678378;63443,955377;0,768421;3000,000000
3234;120000,000000;71707,984273;0,873684;3000,000000
3235;103695,477839;66716,082605;0,800000;3000,000000
3236;114053,853539;81273,546222;0,757895;3000,000000
3237;120000,000000;72073,613648;0,810526;3000,000000
3238;101922,823412;50863,431730;0,821053;3000,000000
3239;89887,954395;56318,412737;0,789474;3000,000000
3240;100477,370266;74053,330713;0,768421;3000,000000
3241;116850,247622;68079,039550;0,768421;3000,000000
3242;90106,568005;53103,112140;0,768421;3000,000000
3243;116738,596810;75644,829087;0,863158;3000,000000
3244;73777,115426;35192,949926;0,884211;3000,000000
3245;117189,817838;60111,913383;0,810526;3000,000000
3246;120000,000000;69139,088845;0,789474;3000,000000
3247;107825,673448;60883,324369;0,757895;3000,000000
3248;109855,633178;60573,393814;0,768421;3000,000000
3249;90843,490248;76136,248294;0,673684;3000,000000
3250;119708,358359;76579,470728;0,778947;3000,000000
3251;74344,064864;51525,074977;0,705263;3000,000000
3252;87374,238101;47983,652522;0,863158;3000,000000
3253;115356,780522;75010,644508;0,778947;3000,000000
3254;95080,656744;72098,705402;0,747368;3000,000000
3255;90925,451094;74080,004640;0,726316;3000,000000
3256;118600,298673;64065,018590;0,747368;3000,000000
3257;88462,076404;69263,943129;0,705263;3000,000000
3258;96257,185939;58041,524828;0,726316;3000,000000
3259;104685,405046;72425,925381;0,694737;3000,000000
3260;120000,000000;103001,027383;0,789474;3000,000000
3261;101935,260725;68947,909674;0,705263;3000,000000
3262;97568,286292;78234,055746;0,684211;3000,000000
3263;109067,139550;67293,928772;0,768421;3000,000000
3264;120000,000000;64157,500708;0,873684;3000,000000
3265;108597,235830;86053,182804;0,684211;3000,000000
3266;115745,392470;67851,110268;0,821053;3000,000000
3267;120000,000000;72129,472434;0,884211;3000,000000
3268;113944,819806;90030,729490;0,810526;3000,000000
3269;105820,549533;77235,082645;0,821053;3000,000000
3270;98273,670963;50048,609235;0,873684;3000,000000
3271;114973,862196;56884,638287;0,884211;3000,000000
3272;120000,000000;88975,578872;0,757895;3000,000000
3273;98785,094442;65364,754481;0,747368;3000,000000
3274;112608,976484;53884,721965;0,800000;3000,000000
3275;117393,662365;78758,676037;0,726316;3000,000000
3276;117794,140922;79975,953347;0,800000;3000,000000
3277;119132,351424;69813,770439;0,873684;3000,000000
3278;84426,923560;57733,076201;0,789474;3000,000000
3279;110318,825259;81924,272992;0,694737;3000,000000
3280;120000,000000;90034,532823;0,800000;3000,000000
3281;114109,678378;73710,138097;0,757895;3000,000000
3282;119247,887621;57822,895406;0,863158;3000,000000
3283;95677,010900;50724,110627;0,789474;3000,000000
3284;101869,300050;55317,669041;0,800000;3000,000000
3285;119705,118980;98157,326882;0,757895;3000,000000
3286;104002,447466;72533,973787;0,884211;3000,000000
3287;108562,779367;51004,152067;0,800000;3000,000000
3288;114530,055546;72111,970754;0,831579;3000,000000
3289;102422,954227;53878,841910;0,810526;3000,000000
3290;120000,000000;100463,537790;0,831579;3000,000000
3291;95105,164058;51144,200063;0,821053;3000,000000
3292;120000,000000;83003,815551;0,821053;3000,000000
3293;102949,716947;57664,960955;0,852632;3000,000000
3294;120000,000000;69493,642580;0,810526;3000,000000
3295;120000,000000;66669,894457;0,842105;3000,000000
3296;81565,215185;40932,030357;0,810526;3000,000000
3297;105644,333403;72526,524016;0,852632;3000,000000
3298;101386,183840;56385,773320;0,736842;3000,000000
3299;79526,568300;54132,315289;0,821053;3000,000000
3300;93452,218125;40055,126455;0,852632;3000,000000
3301;97914,301886;49071,307799;0,852632;3000,000000
3302;109175,152416;56988,704311;0,800000;3000,000000
3303;120000,000000;47385,796047;0,873684;3000,000000
3304;101567,762984;54250,628653;0,863158;3000,000000
3305;109905,547423;43770,213061;0,894737;3000,000000
3306;79558,388072;34750,981296;0,842105;3000,000000
3307;120000,000000;63311,117373;0,884211;3000,000000
3308;108269,204364;71319,928207;0,778947;3000,000000
3309;94748,539149;67482,550230;0,673684;3000,000000
3310;107177,552833;46065,516924;0,778947;3000,000000
3311;103598,687642;78363,729310;0,747368;3000,000000
3312;104800,657125;52520,281059;0,821053;3000,000000
3313;116850,247622;66308,626104;0,757895;3000,000000
3314;93669,049338;54233,147261;0,831579;3000,000000
3315;120000,000000;79257,211749;0,800000;3000,000000
3316;116850,247622;78974,092298;0,726316;3000,000000
3317;82160,049532;56123,997604;0,726316;3000,000000
3318;120000,000000;63362,504010;0,810526;3000,000000
3319;109950,344771;67716,473040;0,768421;3000,000000
3320;120000,000000;64841,792292;0,842105;3000,000000
3321;96123,244809;66365,281324;0,894737;3000,000000
3322;97285,647783;54963,909289;0,778947;3000,000000
3323;94253,465523;64820,923940;0,726316;3000,000000
3324;73975,257554;35653,844014;0,894737;3000,000000
3325;102727,348824;71800,158801;0,757895;3000,000000
3326;120000,000000;73690,472139;0,757895;3000,000000
3327;107208,600732;66372,856487;0,884211;3000,000000
3328;120000,000000;77217,430647;0,789474;3000,000000
3329;91135,161301;51973,799485;0,768421;3000,000000
3330;97735,491669;65613,501807;0,789474;3000,000000
3331;120000,000000;110966,392787;0,705263;3000,000000
3332;103720,794836;57607,720405;0,778947;3000,000000
3333;112767,767309;71440,986057;0,821053;3000,000000
3334;103023,450042;71970,129375;0,736842;3000,000000
3335;111629,301760;72378,955262;0,736842;3000,000000
3336;108849,787504;81442,698065;0,778947;3000,000000
3337;101386,183840;36470,575606;0,873684;3000,000000
3338;118246,070388;67212,738622;0,831579;3000,000000
3339;118600,298673;60878,474966;0,768421;3000,000000
3340;93501,268288;48888,985280;0,705263;3000,000000
3341;109941,722872;90295,780831;0,736842;3000,000000
3342;120000,000000;99004,139171;0,800000;3000,000000
3343;113626,836784;55259,529608;0,757895;3000,000000
3344;104756,654842;89204,872366;0,726316;3000,000000
3345;114682,353716;76166,359249;0,852632;3000,000000
3346;104326,047009;71425,774953;0,778947;3000,000000
3347;116404,437837;68253,226280;0,810526;3000,000000
3348;106589,991547;72975,661749;0,778947;3000,000000
3349;120000,000000;97287,821510;0,778947;3000,000000
3350;118395,559071;93127,808487;0,831579;3000,000000
3351;109958,875629;59733,700742;0,852632;3000,000000
3352;95026,878815;69907,556417;0,778947;3000,000000
3353;100324,715862;36011,950480;0,905263;3000,000000
3354;117961,903668;50764,533993;0,842105;3000,000000
3355;89567,124997;53847,362283;0,873684;3000,000000
3356;94600,689399;58798,937981;0,726316;3000,000000
3357;91155,539899;32768,393260;0,873684;3000,000000
3358;97789,718499;63427,626996;0,778947;3000,000000
3359;120000,000000;75386,744908;0,757895;3000,000000
3360;97020,514311;67325,949712;0,778947;3000,000000
3361;102904,125380;69542,179004;0,705263;3000,000000
3362;101327,684113;58518,342703;0,715789;3000,000000
3363;97190,085372;57078,967897;0,757895;3000,000000
3364;103227,600192;51882,627053;0,757895;3000,000000
3365;87495,265800;56613,092119;0,778947;3000,000000
3366;119726,915551;69140,651045;0,789474;3000,000000
3367;113123,421360;68072,990525;0,863158;3000,000000
3368;119578,600758;68966,504748;0,789474;3000,000000
3369;67928,184519;49518,500634;0,831579;3000,000000
3370;120000,000000;78244,778703;0,852632;3000,000000
3371;100864,592445;57551,409151;0,747368;3000,000000
3372;120000,000000;88559,346067;0,736842;3000,000000
3373;96777,662059;55679,765171;0,789474;3000,000000
3374;106922,717290;67835,432399;0,810526;3000,000000
3375;120000,000000;85305,759951;0,778947;3000,000000
3376;101365,745906;71182,468593;0,757895;3000,000000
3377;101869,300050;53882,683497;0,757895;3000,000000
3378;104916,815293;57936,237912;0,810526;3000,000000
3379;102745,751234;77439,811686;0,694737;3000,000000
3380;83117,037846;45975,047781;0,768421;3000,000000
3381;117932,360556;65002,728921;0,831579;3000,000000
3382;101869,300050;78682,604243;0,684211;3000,000000
3383;116492,049861;78606,737780;0,768421;3000,000000
3384;85980,661871;48534,479695;0,863158;3000,000000
3385;105744,537087;66998,692379;0,800000;3000,000000
3386;103323,438876;55212,647764;0,800000;3000,000000
3387;79948,481432;45928,491095;0,905263;3000,000000
3388;98276,974777;56990,434276;0,778947;3000,000000
3389;99512,173375;76512,214837;0,652632;3000,000000
3390;120000,000000;78926,737932;0,800000;3000,000000
3391;94797,267636;61183,294792;0,726316;3000,000000
3392;93942,850330;65427,275880;0,789474;3000,000000
3393;92678,706572;53270,008443;0,831579;3000,000000
3394;111836,619526;85972,896690;0,778947;3000,000000
3395;100989,949584;40636,691424;0,905263;3000,000000
3396;101101,270198;59821,108699;0,873684;3000,000000
3397;119064,394605;64298,357948;0,842105;3000,000000
3398;110006,527069;86478,469358;0,768421;3000,000000
3399;84722,873630;70453,337857;0,768421;3000,000000
3400;102073,038797;64496,577801;0,747368;3000,000000
3401;118105,798959;88656,503178;0,842105;3000,000000
3402;76373,866740;46897,534348;0,810526;3000,000000
3403;120000,000000;87728,966453;0,757895;3000,000000
3404;101521,184839;61098,194933;0,800000;3000,000000
3405;81471,773895;56609,161325;0,810526;3000,000000
3406;77345,071600;45886,364003;0,810526;3000,000000
3407;104017,619137;63801,802481;0,800000;3000,000000
3408;115071,360180;55399,972488;0,810526;3000,000000
3409;62197,961093;46036,165930;0,789474;3000,000000
3410;93249,405124;45261,905462;0,800000;3000,000000
3411;77513,427743;64269,622973;0,757895;3000,000000
3412;120000,000000;103225,590741;0,694737;3000,000000
3413;119388,919619;31754,988191;0,905263;3000,000000
3414;94795,828265;57920,931281;0,736842;3000,000000
3415;96177,912996;55722,037229;0,789474;3000,000000
3416;111080,277643;65370,958718;0,757895;3000,000000
3417;99468,456969;70105,278292;0,715789;3000,000000
3418;120000,000000;63483,700932;0,810526;3000,000000
3419;69869,044665;35945,769963;0,905263;3000,000000
3420;98352,014274;52759,352100;0,778947;3000,000000
3421;118577,476737;63345,486814;0,778947;3000,000000
3422;118734,197567;64682,959188;0,768421;3000,000000
3423;99199,226123;55414,694301;0,810526;3000,000000
3424;111780,725093;81753,591931;0,789474;3000,000000
3425;71046,912934;44482,488139;0,789474;3000,000000
3426;116540,553690;73869,426164;0,789474;3000,000000
3427;102509,950229;60266,286116;0,800000;3000,000000
3428;109905,547423;70451,319150;0,842105;3000,000000
3429;120000,000000;71892,413290;0,873684;3000,000000
3430;93942,850330;56333,353534;0,747368;3000,000000
3431;109708,584180;82213,519028;0,736842;3000,000000
3432;93819,309376;60245,911770;0,694737;3000,000000
3433;113557,288432;54932,030406;0,873684;3000,000000
3434;102509,950229;56032,563549;0,673684;3000,000000
3435;120000,000000;71800,345763;0,831579;3000,000000
3436;93902,423932;59943,688015;0,747368;3000,000000
3437;118268,685711;89454,550926;0,778947;3000,000000
3438;120000,000000;67474,706711;0,905263;3000,000000
3439;91535,476693;76951,473087;0,736842;3000,000000
3440;98736,737412;55461,779414;0,789474;3000,000000
3441;120000,000000;80631,452336;0,852632;3000,000000
3442;120000,000000;92087,048304;0,821053;3000,000000
3443;119616,045073;69150,024571;0,768421;3000,000000
3444;86009,921757;60320,437288;0,684211;3000,000000
3445;91326,715305;59667,142083;0,747368;3000,000000
3446;109586,708962;57957,804467;0,894737;3000,000000
3447;120000,000000;79530,701223;0,852632;3000,000000
3448;98393,185988;59810,465067;0,736842;3000,000000
3449;102727,348824;67406,503729;0,821053;3000,000000
3450;90225,415476;55489,457616;0,757895;3000,000000
3451;97789,718499;78819,395940;0,768421;3000,000000
3452;120000,000000;89749,903721;0,778947;3000,000000
3453;120000,000000;83155,896718;0,810526;3000,000000
3454;104057,655332;66139,491433;0,873684;3000,000000
3455;116323,070436;94992,040356;0,747368;3000,000000
3456;111595,060909;61234,825845;0,821053;3000,000000
3457;116404,437837;68836,547512;0,842105;3000,000000
3458;86586,030328;64059,009982;0,778947;3000,000000
3459;108290,578143;55195,300477;0,705263;3000,000000
3460;92093,763739;66077,289185;0,821053;3000,000000
3461;87207,178583;57570,041237;0,747368;3000,000000
3462;75652,983777;63106,994544;0,747368;3000,000000
3463;109708,584180;48788,509219;0,800000;3000,000000
3464;77095,811548;55297,586395;0,778947;3000,000000
3465;120000,000000;63353,383877;0,863158;3000,000000
3466;94886,392392;54863,264686;0,810526;3000,000000
3467;120000,000000;70211,908495;0,863158;3000,000000
3468;118261,933101;67004,187585;0,863158;3000,000000
3469;117980,709939;72265,465864;0,736842;3000,000000
3470;94253,465523;50623,651584;0,789474;3000,000000
3471;93287,639190;57395,283827;0,778947;3000,000000
3472;111269,809339;91444,149168;0,715789;3000,000000
3473;119616,045073;65463,605824;0,831579;3000,000000
3474;118108,246578;76037,754185;0,863158;3000,000000
3475;103023,450042;72938,383224;0,789474;3000,000000
3476;92758,031382;49901,934265;0,852632;3000,000000
3477;83379,818697;50129,905982;0,789474;3000,000000
3478;102166,208273;75440,154718;0,821053;3000,000000
3479;117110,750098;42888,608038;0,884211;3000,000000
3480;120000,000000;38372,697768;0,863158;3000,000000
3481;112555,141529;56728,319137;0,852632;3000,000000
3482;92507,980226;65916,100609;0,673684;3000,000000
3483;97018,989729;62105,518359;0,800000;3000,000000
3484;120000,000000;73905,991521;0,852632;3000,000000
3485;105056,349235;60404,224320;0,726316;3000,000000
3486;120000,000000;58303,442486;0,852632;3000,000000
3487;120000,000000;93859,769243;0,736842;3000,000000
3488;120000,000000;67186,053168;0,863158;3000,000000
3489;108988,256838;83519,595981;0,768421;3000,000000
3490;94675,722880;72191,206636;0,821053;3000,000000
3491;107372,033414;63909,815439;0,789474;3000,000000
3492;114028,793859;64371,996734;0,821053;3000,000000
3493;120000,000000;106676,440375;0,736842;3000,000000
3494;117222,219438;46783,938427;0,894737;3000,000000
3495;93118,747429;60814,227780;0,778947;3000,000000
3496;109958,875629;57734,982204;0,789474;3000,000000
3497;61486,396441;48576,330906;0,884211;3000,000000
3498;113944,819806;74013,176780;0,778947;3000,000000
3499;118706,885066;77864,561170;0,884211;3000,000000
3500;107370,545720;64173,810791;0,810526;3000,000000
3501;96555,640797;54057,887208;0,831579;3000,000000
3502;120000,000000;67874,931500;0,852632;3000,000000
3503;84435,473417;34247,033909;0,810526;3000,000000
3504;99451,541429;89357,361534;0,736842;3000,000000
3505;120000,000000;103096,705460;0,705263;3000,000000
3506;105235,895663;55505,471777;0,789474;3000,000000
3507;102344,470318;42536,221786;0,863158;3000,000000
3508;113788,220855;63120,843519;0,894737;3000,000000
3509;91691,034786;84167,535087;0,715789;3000,000000
3510;109204,886170;56102,016597;0,821053;3000,000000
3511;108277,701270;64826,253240;0,831579;3000,000000
3512;120000,000000;60169,955790;0,842105;3000,000000
3513;113066,553290;55423,742630;0,768421;3000,000000
3514;114109,678378;68690,842240;0,800000;3000,000000
3515;110646,263448;73776,661263;0,821053;3000,000000
3516;99098,535091;72639,898274;0,778947;3000,000000
3517;88843,952595;51168,678709;0,800000;3000,000000
3518;91676,701749;44383,516657;0,852632;3000,000000
3519;94797,267636;69615,786234;0,757895;3000,000000
3520;120000,000000;73735,525917;0,884211;3000,000000
3521;119578,600758;63256,576414;0,768421;3000,000000
3522;112555,141529;73746,579669;0,757895;3000,000000
3523;106180,431020;46362,695348;0,831579;3000,000000
3524;120000,000000;87571,998506;0,757895;3000,000000
3525;97830,438023;70477,895322;0,768421;3000,000000
3526;97329,335957;61950,326096;0,810526;3000,000000
3527;89278,914781;45830,192903;0,884211;3000,000000
3528;119702,033750;66369,355168;0,810526;3000,000000
3529;103598,687642;68109,816554;0,757895;3000,000000
3530;92061,730845;52997,271784;0,810526;3000,000000
3531;113964,302980;56390,837604;0,831579;3000,000000
3532;104073,298047;2556,999404;0,957895;3000,000000
3533;109154,815160;87441,222244;0,778947;3000,000000
3534;94318,731686;54677,018867;0,778947;3000,000000
3535;109950,344771;67668,720301;0,768421;3000,000000
3536;94841,206088;55103,578067;0,852632;3000,000000
3537;119223,961723;60768,909801;0,768421;3000,000000
3538;97568,286292;63035,767745;0,715789;3000,000000
3539;103419,243706;53225,061282;0,768421;3000,000000
3540;87846,025666;46036,165930;0,715789;3000,000000
3541;73433,887232;60452,243753;0,800000;3000,000000
3542;114233,318343;61930,214315;0,831579;3000,000000
3543;81506,887607;54049,411578;0,842105;3000,000000
3544;120000,000000;68448,319602;0,778947;3000,000000
3545;108081,439854;56854,291219;0,821053;3000,000000
3546;95607,423581;74653,838517;0,800000;3000,000000
3547;105356,924697;66796,984132;0,842105;3000,000000
3548;109749,052310;62259,853114;0,863158;3000,000000
3549;120000,000000;83241,543363;0,789474;3000,000000
3550;98810,887388;61642,702511;0,863158;3000,000000
3551;100830,699598;69703,368286;0,789474;3000,000000
3552;87230,038730;36746,353008;0,873684;3000,000000
3553;102379,052003;58934,854577;0,789474;3000,000000
3554;112740,689964;81461,057373;0,747368;3000,000000
3555;106589,991547;60640,731410;0,768421;3000,000000
3556;97227,750894;72373,689964;0,705263;3000,000000
3557;106787,557040;64450,223159;0,831579;3000,000000
3558;93777,390997;62471,861167;0,757895;3000,000000
3559;120000,000000;73570,105955;0,821053;3000,000000
3560;98730,358482;68816,767012;0,789474;3000,000000
3561;80438,200754;46947,819510;0,852632;3000,000000
3562;118799,355812;74062,836028;0,789474;3000,000000
3563;106589,991547;67639,697404;0,821053;3000,000000
3564;98139,683443;72858,691223;0,810526;3000,000000
3565;65926,497047;50955,308006;0,768421;3000,000000
3566;100500,289259;65814,903736;0,747368;3000,000000
3567;95718,713454;56684,244856;0,778947;3000,000000
3568;116325,903655;79142,917051;0,768421;3000,000000
3569;92015,067835;59244,716441;0,810526;3000,000000
3570;107331,767556;71994,604254;0,736842;3000,000000
3571;119793,836280;59873,847199;0,863158;3000,000000
3572;119729,616548;71984,280188;0,800000;3000,000000
3573;108732,393708;54029,415835;0,831579;3000,000000
3574;113721,999673;48646,617197;0,810526;3000,000000
3575;117143,387924;71143,632797;0,800000;3000,000000
3576;105505,129163;64816,985938;0,800000;3000,000000
3577;120000,000000;76695,241732;0,842105;3000,000000
3578;84509,883052;58518,813375;0,810526;3000,000000
3579;87748,494491;48969,604918;0,800000;3000,000000
3580;120000,000000;66503,191970;0,863158;3000,000000
3581;94029,943984;65184,436169;0,736842;3000,000000
3582;91402,162091;40056,959278;0,905263;3000,000000
3583;109520,887841;77004,429977;0,810526;3000,000000
3584;120000,000000;60585,489156;0,884211;3000,000000
3585;117980,709939;66821,332933;0,810526;3000,000000
3586;105505,129163;55252,080230;0,800000;3000,000000
3587;76970,150896;46309,767751;0,926316;3000,000000
3588;92194,616749;66605,629355;0,778947;3000,000000
3589;92507,980226;56061,440978;0,800000;3000,000000
3590;105356,924697;59462,994472;0,768421;3000,000000
3591;93819,309376;45943,667482;0,821053;3000,000000
3592;83703,659573;49956,002871;0,757895;3000,000000
3593;105235,895663;61983,430023;0,757895;3000,000000
3594;118232,964059;39685,666209;0,852632;3000,000000
3595;114241,184520;58122,309373;0,842105;3000,000000
3596;91392,124050;73636,316379;0,778947;3000,000000
3597;99959,968358;68356,655647;0,726316;3000,000000
3598;120000,000000;52895,430091;0,821053;3000,000000
3599;73665,120896;53060,628057;0,789474;3000,000000
3600;101265,420483;69091,610267;0,831579;3000,000000
3601;114207,299059;67352,810181;0,842105;3000,000000
3602;102774,817886;43741,210297;0,852632;3000,000000
3603;105898,393199;57974,140562;0,778947;3000,000000
3604;119020,396179;59964,614464;0,800000;3000,000000
3605;103049,950146;78778,539839;0,800000;3000,000000
3606;107177,552833;66217,693722;0,747368;3000,000000
3607;104057,655332;41524,013767;0,936842;3000,000000
3608;120000,000000;80751,712847;0,768421;3000,000000
3609;83931,896944;61426,382557;0,852632;3000,000000
3610;91392,124050;74742,256679;0,694737;3000,000000
3611;100189,562313;68057,822593;0,726316;3000,000000
3612;117262,033314;68137,672975;0,831579;3000,000000
3613;94567,626737;60015,217150;0,715789;3000,000000
3614;99910,469984;79831,707005;0,789474;3000,000000
3615;100864,592445;55918,697082;0,842105;3000,000000
3616;88322,244001;46453,346895;0,800000;3000,000000
3617;120000,000000;91275,047203;0,831579;3000,000000
3618;78873,228011;56041,488174;0,768421;3000,000000
3619;120000,000000;90080,047051;0,800000;3000,000000
3620;112889,023637;53252,026110;0,894737;3000,000000
3621;77321,578548;45226,969713;0,768421;3000,000000
3622;120000,000000;97472,298681;0,768421;3000,000000
3623;94128,692369;62689,969113;0,778947;3000,000000
3624;104737,254598;81936,652210;0,778947;3000,000000
3625;107816,722024;66960,753960;0,842105;3000,000000
3626;97017,373437;58813,341450;0,831579;3000,000000
3627;120000,000000;61611,424655;0,789474;3000,000000
3628;120000,000000;76111,746631;0,810526;3000,000000
3629;113012,463190;62995,504121;0,821053;3000,000000
3630;120000,000000;89526,732900;0,800000;3000,000000
3631;95593,461828;55167,015021;0,726316;3000,000000
3632;120000,000000;73104,040880;0,842105;3000,000000
3633;88624,172801;70418,117588;0,726316;3000,000000
3634;92647,323186;51144,200063;0,768421;3000,000000
3635;104737,254598;76589,722208;0,778947;3000,000000
3636;120000,000000;62525,077701;0,821053;3000,000000
3637;66357,233250;31798,923132;0,894737;3000,000000
3638;107633,622854;78106,594550;0,778947;3000,000000
3639;120000,000000;97387,366506;0,726316;3000,000000
3640;107816,722024;57847,957246;0,852632;3000,000000
3641;101575,949184;55020,777095;0,863158;3000,000000
3642;103419,243706;67854,372658;0,705263;3000,000000
3643;98316,179582;52659,705107;0,800000;3000,000000
3644;81041,097927;51246,420331;0,842105;3000,000000
3645;94128,692369;55254,885861;0,810526;3000,000000
3646;112083,208410;61963,825398;0,863158;3000,000000
3647;113673,923555;52378,470350;0,852632;3000,000000
3648;80134,206613;60133,984143;0,726316;3000,000000
3649;96074,016751;64738,401808;0,852632;3000,000000
3650;110956,199849;71767,832228;0,842105;3000,000000
3651;109204,886170;80959,645660;0,757895;3000,000000
3652;97948,946393;40747,410689;0,884211;3000,000000
3653;116850,247622;58246,276227;0,842105;3000,000000
3654;103524,021378;64143,101641;0,736842;3000,000000
3655;92194,616749;70759,989275;0,715789;3000,000000
3656;90106,568005;53693,365864;0,842105;3000,000000
3657;91669,366656;50357,312317;0,747368;3000,000000
3658;117430,817688;66175,565568;0,736842;3000,000000
3659;102904,125380;77677,833550;0,705263;3000,000000
3660;89512,877478;48279,247989;0,873684;3000,000000
3661;84431,338984;51653,441678;0,842105;3000,000000
3662;120000,000000;37360,731362;0,873684;3000,000000
3663;120000,000000;88990,161805;0,810526;3000,000000
3664;90471,122582;57890,428863;0,800000;3000,000000
3665;94128,692369;56825,635058;0,810526;3000,000000
3666;120000,000000;35314,204810;0,831579;3000,000000
3667;107183,468004;92198,123484;0,747368;3000,000000
3668;89985,826212;53265,899286;0,778947;3000,000000
3669;100340,263987;65320,473897;0,842105;3000,000000
3670;107425,261765;50536,066855;0,842105;3000,000000
3671;120000,000000;87973,297544;0,800000;3000,000000
3672;113066,553290;71744,916734;0,789474;3000,000000
3673;88624,172801;51116,786600;0,800000;3000,000000
3674;88978,881758;51994,107976;0,821053;3000,000000
3675;105740,781491;48539,808498;0,842105;3000,000000
3676;99363,411909;75595,464560;0,747368;3000,000000
3677;119793,836280;71348,987065;0,810526;3000,000000
3678;105183,526826;57255,170661;0,831579;3000,000000
3679;92739,949263;41992,708172;0,852632;3000,000000
3680;119064,394605;88048,970691;0,810526;3000,000000
3681;118091,944361;65281,570062;0,852632;3000,000000
3682;103026,862515;49643,026795;0,842105;3000,000000
3683;98316,179582;58953,365589;0,810526;3000,000000
3684;110956,199849;64074,151993;0,905263;3000,000000
3685;70647,604390;52516,588342;0,821053;3000,000000
3686;89736,673826;77339,000726;0,768421;3000,000000
3687;98843,038964;57094,795470;0,831579;3000,000000
3688;116067,223869;79776,401957;0,863158;3000,000000
3689;74612,151253;32350,449866;0,915789;3000,000000
3690;92624,911752;37525,823315;0,884211;3000,000000
3691;90337,914257;58914,884556;0,821053;3000,000000
3692;105787,935372;65535,435733;0,789474;3000,000000
3693;120000,000000;27663,474038;0,915789;3000,000000
3694;120000,000000;97413,974903;0,747368;3000,000000
3695;105744,537087;53749,078888;0,778947;3000,000000
3696;96205,910406;46041,335476;0,810526;3000,000000
3697;92444,012976;59511,016286;0,821053;3000,000000
3698;99575,801837;76166,271596;0,852632;3000,000000
3699;117961,903668;55036,554020;0,831579;3000,000000
3700;120000,000000;69384,734277;0,831579;3000,000000
3701;91411,096934;51772,520676;0,778947;3000,000000
3702;113565,153918;81244,413921;0,800000;3000,000000
3703;96684,452672;67551,317780;0,789474;3000,000000
3704;101315,098793;57796,605777;0,726316;3000,000000
3705;120000,000000;33370,682152;0,905263;3000,000000
3706;93579,766405;41094,438108;0,894737;3000,000000
3707;91392,124050;63106,449979;0,726316;3000,000000
3708;98836,021388;75084,621034;0,800000;3000,000000
3709;120000,000000;55767,000036;0,873684;3000,000000
3710;77513,427743;31125,602577;0,873684;3000,000000
3711;103312,872148;67648,211983;0,831579;3000,000000
3712;92234,377104;56178,721319;0,842105;3000,000000
3713;102509,950229;49116,850587;0,821053;3000,000000
3714;120000,000000;100365,958421;0,800000;3000,000000
3715;102704,359211;67115,386285;0,842105;3000,000000
3716;98633,081956;49860,931319;0,778947;3000,000000
3717;88895,600439;35851,774918;0,894737;3000,000000
3718;69324,938295;51404,435390;0,863158;3000,000000
3719;115071,360180;64879,199540;0,736842;3000,000000
3720;98110,055394;77972,531018;0,800000;3000,000000
3721;107177,552833;73689,725386;0,663158;3000,000000
3722;88245,256999;58662,598054;0,757895;3000,000000
3723;103038,068096;52991,536624;0,852632;3000,000000
3724;113380,107831;59587,390171;0,842105;3000,000000
3725;108448,048099;54996,327778;0,831579;3000,000000
3726;97018,989729;78494,305245;0,821053;3000,000000
3727;116792,901002;67359,677111;0,736842;3000,000000
3728;119995,179899;73288,040444;0,821053;3000,000000
3729;92507,980226;53428,033211;0,747368;3000,000000
3730;120000,000000;33529,111379;0,884211;3000,000000
3731;91725,036038;51915,579604;0,810526;3000,000000
3732;95163,098821;55762,274501;0,810526;3000,000000
3733;102344,470318;57168,141345;0,768421;3000,000000
3734;108030,463213;62115,386627;0,884211;3000,000000
3735;82494,586886;73029,200253;0,778947;3000,000000
3736;120000,000000;66386,992933;0,789474;3000,000000
3737;118268,685711;87165,853894;0,757895;3000,000000
3738;72918,603726;54396,211424;0,778947;3000,000000
3739;120000,000000;70480,266856;0,852632;3000,000000
3740;111367,743592;62643,425881;0,863158;3000,000000
3741;120000,000000;80350,719567;0,884211;3000,000000
3742;114799,199161;53358,293658;0,852632;3000,000000
3743;91411,096934;65929,336393;0,831579;3000,000000
3744;120000,000000;68931,502493;0,842105;3000,000000
3745;105744,537087;57385,069766;0,831579;3000,000000
3746;104842,302311;34240,045195;0,884211;3000,000000
3747;116540,553690;59248,635147;0,884211;3000,000000
3748;90676,813984;61531,520529;0,789474;3000,000000
3749;106206,984542;69612,649501;0,768421;3000,000000
3750;105807,182677;45862,048100;0,863158;3000,000000
3751;107870,609935;57073,345370;0,852632;3000,000000
3752;68090,278426;32917,708437;0,926316;3000,000000
3753;104685,405046;49888,339832;0,863158;3000,000000
3754;88136,164998;54734,395713;0,810526;3000,000000
3755;109067,139550;74145,559551;0,778947;3000,000000
3756;77521,087786;57791,302857;0,905263;3000,000000
3757;114221,029123;52823,773317;0,863158;3000,000000
3758;114053,853539;78965,540165;0,800000;3000,000000
3759;100146,115213;63494,385886;0,831579;3000,000000
3760;119346,885375;64378,437947;0,852632;3000,000000
3761;92991,206949;44677,788209;0,884211;3000,000000
3762;114072,457135;47394,136339;0,852632;3000,000000
3763;91760,805105;47283,621952;0,821053;3000,000000
3764;108562,779367;59595,821206;0,831579;3000,000000
3765;70171,831293;35164,149874;0,915789;3000,000000
3766;120000,000000;77830,865896;0,810526;3000,000000
3767;81028,908570;56196,248347;0,800000;3000,000000
3768;104395,314782;97357,105104;0,831579;3000,000000
3769;120000,000000;59489,255472;0,831579;3000,000000
3770;85849,959717;70418,117588;0,736842;3000,000000
3771;120000,000000;65901,995945;0,789474;3000,000000
3772;104326,047009;69552,626522;0,831579;3000,000000
3773;97832,480855;60094,070518;0,884211;3000,000000
3774;72495,241120;24175,233519;0,926316;3000,000000
3775;116905,582108;90679,808742;0,831579;3000,000000
3776;114591,161192;81195,416390;0,831579;3000,000000
3777;100213,545858;53310,262350;0,873684;3000,000000
3778;114221,029123;52991,536624;0,873684;3000,000000
3779;113755,111136;45935,282496;0,884211;3000,000000
3780;114109,678378;69848,578843;0,800000;3000,000000
3781;113553,853918;76658,757987;0,810526;3000,000000
3782;120000,000000;52372,538701;0,884211;3000,000000
3783;80806,572269;43064,794447;0,831579;3000,000000
3784;114072,457135;68445,121057;0,873684;3000,000000
3785;75281,440541;40977,911968;0,863158;3000,000000
3786;120000,000000;68362,640727;0,800000;3000,000000
3787;120000,000000;64297,978632;0,852632;3000,000000
3788;91104,690681;51624,283763;0,936842;3000,000000
3789;120000,000000;39028,748423;0,905263;3000,000000
3790;119559,922513;64518,694411;0,842105;3000,000000
3791;100982,321438;84777,787819;0,726316;3000,000000
3792;93452,218125;39100,864411;0,905263;3000,000000
3793;77678,111172;35774,164759;0,926316;3000,000000
3794;112654,235934;20534,717837;0,926316;3000,000000
3795;120000,000000;94412,996926;0,747368;3000,000000
3796;113164,732489;80957,883835;0,800000;3000,000000
3797;119020,396179;82664,883944;0,842105;3000,000000
3798;102989,589102;35488,197895;0,873684;3000,000000
3799;118253,042479;69591,149328;0,821053;3000,000000
3800;119763,506271;61254,154522;0,873684;3000,000000
3801;65667,891165;49000,164861;0,831579;3000,000000
3802;118373,410519;60358,504093;0,821053;3000,000000
3803;91838,211905;67748,367053;0,768421;3000,000000
3804;107233,027986;69677,917172;0,768421;3000,000000
3805;103023,450042;72938,383224;0,747368;3000,000000
3806;120000,000000;98204,481715;0,810526;3000,000000
3807;118600,298673;73194,076325;0,736842;3000,000000
3808;100754,243129;49636,540315;0,863158;3000,000000
3809;85366,869481;51119,989565;0,884211;3000,000000
3810;90925,451094;65511,493872;0,778947;3000,000000
3811;112467,256928;37139,645781;0,873684;3000,000000
3812;101244,110139;61438,595598;0,884211;3000,000000
3813;77277,826499;32703,868996;0,884211;3000,000000
3814;106922,717290;59836,720520;0,884211;3000,000000
3815;93558,961856;48908,890688;0,863158;3000,000000
3816;108030,463213;47903,105048;0,894737;3000,000000
3817;120000,000000;64231,480560;0,789474;3000,000000
3818;92194,616749;57223,206912;0,736842;3000,000000
3819;102519,410153;56933,514919;0,821053;3000,000000
3820;102344,470318;37319,993065;0,884211;3000,000000
3821;94674,688609;36814,609834;0,884211;3000,000000
3822;114509,707295;74213,241819;0,757895;3000,000000
3823;120000,000000;42948,411406;0,905263;3000,000000
3824;91411,096934;54971,704817;0,884211;3000,000000
3825;102509,950229;57425,921383;0,800000;3000,000000
3826;119980,865565;35347,476449;0,915789;3000,000000
3827;112740,689964;66248,506249;0,810526;3000,000000
3828;68201,655571;53971,325637;0,789474;3000,000000
3829;110586,852111;66880,446901;0,852632;3000,000000
3830;52576,114738;39934,488456;0,863158;3000,000000
3831;85030,083388;57968,815778;0,789474;3000,000000
3832;102904,125380;71516,567723;0,736842;3000,000000
3833;96980,348209;52681,208876;0,905263;3000,000000
3834;90607,625441;50661,238594;0,800000;3000,000000
3835;120000,000000;52269,166228;0,873684;3000,000000
3836;96686,408125;56463,315156;0,821053;3000,000000
3837;114799,199161;67926,422690;0,852632;3000,000000
3838;118373,410519;56482,851649;0,905263;3000,000000
3839;100887,255535;45073,693818;0,842105;3000,000000
3840;108014,092281;55872,308247;0,810526;3000,000000
3841;120000,000000;117266,381449;0,768421;3000,000000
3842;82257,117341;64635,952207;0,852632;3000,000000
3843;108878,453767;75788,605003;0,810526;3000,000000
3844;103322,988985;41597,271396;0,800000;3000,000000
3845;103449,798786;66107,627243;0,842105;3000,000000
3846;119726,013104;73167,145059;0,789474;3000,000000
3847;91550,522136;53001,902716;0,852632;3000,000000
3848;81275,490534;15008,040472;0,926316;3000,000000
3849;78186,644625;51173,576187;0,831579;3000,000000
3850;119726,915551;52853,980590;0,863158;3000,000000
3851;120000,000000;62618,546673;0,873684;3000,000000
3852;107816,722024;50295,353583;0,831579;3000,000000
3853;104685,405046;55414,141018;0,673684;3000,000000
3854;98785,094442;69911,212000;0,747368;3000,000000
3855;78719,355415;51372,127876;0,831579;3000,000000
3856;96442,782913;52678,347186;0,842105;3000,000000
3857;105393,001418;63823,822975;0,873684;3000,000000
3858;107439,618266;80684,475253;0,768421;3000,000000
3859;102727,348824;60063,674031;0,768421;3000,000000
3860;109749,052310;31485,023804;0,884211;3000,000000
3861;58001,389472;30777,923278;0,894737;3000,000000
3862;115745,392470;58467,664522;0,800000;3000,000000
3863;102759,458652;66136,254334;0,852632;3000,000000
3864;86192,506881;46367,020312;0,852632;3000,000000
3865;94131,662561;71843,764347;0,747368;3000,000000
3866;119132,351424;74897,574459;0,852632;3000,000000
3867;77606,089874;50578,382330;0,800000;3000,000000
3868;107401,324081;47432,707866;0,852632;3000,000000
3869;120000,000000;67069,851748;0,831579;3000,000000
3870;92529,465647;55116,480976;0,852632;3000,000000
3871;101265,420483;68378,188844;0,768421;3000,000000
3872;78171,474946;48536,546000;0,831579;3000,000000
3873;120000,000000;64576,744000;0,873684;3000,000000
3874;109941,801387;57793,043201;0,831579;3000,000000
3875;66900,615035;26235,073229;0,936842;3000,000000
3876;105911,725249;34621,637056;0,873684;3000,000000
3877;120000,000000;56041,465362;0,894737;3000,000000
3878;88992,871204;56371,082288;0,810526;3000,000000
3879;88285,033614;62724,842750;0,800000;3000,000000
3880;86636,494749;57456,486090;0,757895;3000,000000
3881;115509,569276;61097,026224;0,852632;3000,000000
3882;109411,980610;60359,465994;0,800000;3000,000000
3883;95384,994708;51674,560485;0,831579;3000,000000
3884;94797,267636;52537,106649;0,757895;3000,000000
3885;117423,567552;75821,274425;0,842105;3000,000000
3886;120000,000000;68858,467622;0,873684;3000,000000
3887;60422,405751;32112,410483;0,884211;3000,000000
3888;107121,463787;73563,130483;0,884211;3000,000000
3889;108020,363962;36686,823698;0,905263;3000,000000
3890;103023,450042;80319,446056;0,800000;3000,000000
3891;87897,942902;56559,749955;0,789474;3000,000000
3892;120000,000000;89097,057806;0,800000;3000,000000
3893;114296,878455;67084,123986;0,863158;3000,000000
3894;87752,248377;53250,816744;0,894737;3000,000000
3895;113980,629979;33520,834299;0,915789;3000,000000
3896;104145,424122;74337,429633;0,831579;3000,000000
3897;120000,000000;102384,705638;0,736842;3000,000000
3898;117430,817688;61564,843880;0,810526;3000,000000
3899;120000,000000;52762,315811;0,873684;3000,000000
3900;84461,188707;41662,543728;0,894737;3000,000000
3901;92473,481773;57545,832585;0,894737;3000,000000
3902;119995,179899;41417,869030;0,873684;3000,000000
3903;64490,288155;48190,970342;0,884211;3000,000000
3904;115911,064731;63729,613751;0,842105;3000,000000
3905;95163,098821;47976,445182;0,884211;3000,000000
3906;116899,677988;53710,315094;0,873684;3000,000000
3907;101575,949184;30550,739758;0,915789;3000,000000
3908;96251,425558;54480,060857;0,884211;3000,000000
3909;87542,105541;60189,165830;0,810526;3000,000000
3910;100357,419715;15518,200099;0,926316;3000,000000
3911;114089,299695;71998,584383;0,863158;3000,000000
3912;91402,162091;67894,631836;0,821053;3000,000000
3913;116406,658235;61498,066423;0,884211;3000,000000
3914;86515,298782;44434,431600;0,894737;3000,000000
3915;95202,980763;69518,441203;0,905263;3000,000000
3916;120000,000000;19075,669538;0,936842;3000,000000
3917;90377,110503;57864,471640;0,789474;3000,000000
3918;120000,000000;105063,709543;0,842105;3000,000000
3919;117549,421807;65040,734496;0,873684;3000,000000
3920;64350,336305;45191,627346;0,894737;3000,000000
3921;83974,697510;63437,746969;0,852632;3000,000000
3922;102451,018595;55007,055576;0,863158;3000,000000
3923;97467,560910;38288,082283;0,905263;3000,000000
3924;78527,901198;36355,070897;0,873684;3000,000000
3925;118734,197567;69295,929947;0,873684;3000,000000
3926;92879,220676;63715,847108;0,863158;3000,000000
3927;97304,984992;58535,953220;0,821053;3000,000000
3928;105807,182677;64797,074273;0,821053;3000,000000
3929;91398,826705;33119,260088;0,894737;3000,000000
3930;99764,967063;67043,280688;0,789474;3000,000000
3931;109067,809371;90591,925115;0,800000;3000,000000
3932;117417,294151;68287,230684;0,831579;3000,000000
3933;117198,359651;37181,962571;0,915789;3000,000000
3934;112978,049395;44138,238960;0,894737;3000,000000
3935;96205,910406;34853,031130;0,842105;3000,000000
3936;97108,759838;38274,531749;0,926316;3000,000000
3937;107208,600732;41779,468995;0,863158;3000,000000
3938;106136,156736;63024,156760;0,810526;3000,000000
3939;120000,000000;58835,505349;0,863158;3000,000000
3940;120000,000000;39084,507178;0,831579;3000,000000
3941;117934,479929;77540,904585;0,810526;3000,000000
3942;114338,112195;42853,096164;0,873684;3000,000000
3943;120000,000000;58061,813811;0,884211;3000,000000
3944;74531,653094;48957,951316;0,863158;3000,000000
3945;92216,752812;55784,645935;0,831579;3000,000000
3946;98489,750144;38818,162702;0,894737;3000,000000
3947;102470,328706;70009,174244;0,757895;3000,000000
3948;95880,696404;68484,403070;0,789474;3000,000000
3949;120000,000000;71511,639898;0,831579;3000,000000
3950;106144,395187;49250,021533;0,863158;3000,000000
3951;120000,000000;63853,360608;0,810526;3000,000000
3952;95677,010900;68082,736118;0,789474;3000,000000
3953;95170,778580;52143,517218;0,863158;3000,000000
3954;91535,476693;69628,834876;0,778947;3000,000000
3955;120000,000000;93568,655088;0,789474;3000,000000
3956;120000,000000;70999,964418;0,873684;3000,000000
3957;101869,300050;51504,781044;0,831579;3000,000000
3958;85021,567410;62090,844988;0,831579;3000,000000
3959;120000,000000;91995,798595;0,810526;3000,000000
3960;90773,629768;52947,130264;0,894737;3000,000000
3961;111905,791632;37242,691540;0,905263;3000,000000
3962;106854,000701;66232,710545;0,778947;3000,000000
3963;57057,916194;47482,806243;0,852632;3000,000000
3964;58468,189152;27933,213415;0,894737;3000,000000
3965;81393,732080;52642,096408;0,810526;3000,000000
3966;120000,000000;103200,079415;0,757895;3000,000000
3967;89878,367574;59242,455226;0,821053;3000,000000
3968;105893,426387;61139,121739;0,831579;3000,000000
3969;120000,000000;86658,266596;0,757895;3000,000000
3970;98393,185988;65856,865965;0,810526;3000,000000
3971;119722,932507;98105,343883;0,757895;3000,000000
3972;85932,701907;36180,459029;0,894737;3000,000000
3973;91882,799478;52873,980346;0,852632;3000,000000
3974;119559,484177;100953,991215;0,726316;3000,000000
3975;60988,802920;33153,670006;0,852632;3000,000000
3976;108562,779367;85869,486158;0,800000;3000,000000
3977;82235,619775;40715,881647;0,884211;3000,000000
3978;83959,372527;25870,230115;0,884211;3000,000000
3979;120000,000000;105873,523445;0,768421;3000,000000
3980;120000,000000;32204,432030;0,884211;3000,000000
3981;78835,677547;44576,052418;0,842105;3000,000000
3982;94797,267636;49205,827654;0,778947;3000,000000
3983;91225,578757;30223,396796;0,894737;3000,000000
3984;99731,924371;38043,683634;0,915789;3000,000000
3985;93249,405124;55462,061391;0,789474;3000,000000
3986;108597,235830;56352,659536;0,747368;3000,000000
3987;78418,500818;50668,457707;0,831579;3000,000000
3988;94054,186520;64968,204664;0,852632;3000,000000
3989;70782,324710;36192,574505;0,873684;3000,000000
3990;94431,109701;45770,073261;0,873684;3000,000000
3991;110157,012523;54730,704829;0,894737;3000,000000
3992;103598,687642;46769,314800;0,842105;3000,000000
3993;111243,166783;60904,256247;0,821053;3000,000000
3994;93024,342130;49343,257567;0,863158;3000,000000
3995;73581,799465;44518,987818;0,842105;3000,000000
3996;113553,853918;54457,530839;0,852632;3000,000000
3997;108020,363962;86355,402566;0,863158;3000,000000
3998;89985,826212;60116,934155;0,800000;3000,000000
3999;117602,845106;65638,216971;0,831579;3000,000000
4000;52659,166536;6790,421524;0,936842;3000,000000
4001;68322,096630;28919,639128;0,926316;3000,000000
4002;115911,064731;36563,387556;0,915789;3000,000000
4003;120000,000000;66035,521846;0,863158;3000,000000
4004;89485,346082;66815,708198;0,842105;3000,000000
4005;117934,479929;41667,574991;0,894737;3000,000000
4006;64326,049504;11896,425330;0,936842;3000,000000
4007;120000,000000;91199,987231;0,821053;3000,000000
4008;54604,792009;33652,159041;0,863158;3000,000000
4009;104916,815293;78558,963033;0,757895;3000,000000
4010;107331,767556;53205,576653;0,863158;3000,000000
4011;120000,000000;42291,889103;0,905263;3000,000000
4012;78116,041390;46093,142761;0,852632;3000,000000
4013;86041,220744;70128,160310;0,852632;3000,000000
4014;81403,104653;59912,561816;0,831579;3000,000000
4015;120000,000000;81251,493749;0,863158;3000,000000
4016;94797,267636;43519,105604;0,842105;3000,000000
4017;117423,567552;56750,246348;0,873684;3000,000000
4018;100009,474542;41270,061446;0,915789;3000,000000
4019;119722,932507;43243,773298;0,905263;3000,000000
4020;102422,954227;42842,075879;0,863158;3000,000000
4021;105014,799498;51735,131595;0,873684;3000,000000
4022;109067,809371;47298,360414;0,821053;3000,000000
4023;95105,164058;56647,176370;0,821053;3000,000000
4024;120000,000000;16794,956391;0,926316;3000,000000
4025;104057,655332;73135,771388;0,800000;3000,000000
4026;88024,665495;27655,402684;0,873684;3000,000000
4027;117676,732644;76697,404131;0,757895;3000,000000
4028;120000,000000;68763,696089;0,842105;3000,000000
4029;78447,906242;35854,734799;0,831579;3000,000000
4030;86824,160134;41778,527278;0,915789;3000,000000
4031;73854,696897;31741,477067;0,915789;3000,000000
4032;86240,497440;26635,919212;0,894737;3000,000000
4033;120000,000000;57276,278221;0,789474;3000,000000
4034;117393,662365;73664,329850;0,894737;3000,000000
4035;100159,206921;47180,600883;0,852632;3000,000000
4036;80922,611314;36470,915379;0,926316;3000,000000
4037;114591,161192;60598,302857;0,884211;3000,000000
4038;120000,000000;39838,781811;0,926316;3000,000000
4039;93024,250807;52485,384732;0,852632;3000,000000
4040;100820,339486;73274,993435;0,863158;3000,000000
4041;102470,328706;69409,852836;0,778947;3000,000000
4042;109950,344771;61456,235872;0,831579;3000,000000
4043;104145,424122;46634,639316;0,926316;3000,000000
4044;105130,334740;60390,736693;0,842105;3000,000000
4045;106613,197398;83329,834113;0,789474;3000,000000
4046;96709,861258;44919,795243;0,863158;3000,000000
4047;93516,327139;60323,043433;0,863158;3000,000000
4048;117685,083818;79321,702093;0,642105;3000,000000
4049;89736,673826;49957,580155;0,863158;3000,000000
4050;90607,625441;50382,705134;0,821053;3000,000000
4051;78186,644625;49221,169365;0,884211;3000,000000
4052;98517,083287;45817,991619;0,873684;3000,000000
4053;111061,856647;5869,054304;0,936842;3000,000000
4054;119247,887621;55489,141462;0,884211;3000,000000
4055;102422,954227;69112,897442;0,873684;3000,000000
4056;120000,000000;67681,551746;0,852632;3000,000000
4057;120000,000000;64759,616931;0,842105;3000,000000
4058;97914,301886;57022,885717;0,800000;3000,000000
4059;107633,622854;75599,636964;0,852632;3000,000000
4060;114221,029123;58148,447245;0,831579;3000,000000
4061;77089,780075;43934,561944;0,873684;3000,000000
4062;103764,220270;59027,871320;0,852632;3000,000000
4063;91966,059073;50351,363577;0,905263;3000,000000
4064;116789,616593;52578,406163;0,842105;3000,000000
4065;93221,044383;28292,730948;0,894737;3000,000000
4066;92620,062254;31737,942731;0,905263;3000,000000
4067;90750,376576;49260,747884;0,821053;3000,000000
4068;119729,616548;69694,149316;0,821053;3000,000000
4069;120000,000000;52903,229696;0,915789;3000,000000
4070;105204,050146;0,000000;0,968421;3000,000000
4071;71969,354114;47771,920804;0,894737;3000,000000
4072;120000,000000;75117,601885;0,884211;3000,000000
4073;62617,052269;31969,903359;0,926316;3000,000000
4074;119855,915380;89981,290384;0,715789;3000,000000
4075;92444,012976;54048,378350;0,810526;3000,000000
4076;84516,697467;25821,990082;0,905263;3000,000000
4077;100798,755965;59111,707041;0,884211;3000,000000
4078;111780,725093;63938,010933;0,810526;3000,000000
4079;120000,000000;12051,223285;0,947368;3000,000000
4080;99260,013369;38545,694196;0,905263;3000,000000
4081;120000,000000;77197,382999;0,873684;3000,000000
4082;101413,565485;52303,677923;0,873684;3000,000000
4083;87207,178583;60988,888044;0,873684;3000,000000
4084;113553,853918;56400,043140;0,821053;3000,000000
4085;60887,037941;48725,941753;0,884211;3000,000000
4086;113626,836784;97071,654683;0,736842;3000,000000
4087;80071,107283;69560,318254;0,894737;3000,000000
4088;114682,353716;68756,446844;0,884211;3000,000000
4089;80339,667956;28841,124469;0,884211;3000,000000
4090;91136,114250;37976,475494;0,873684;3000,000000
4091;55470,316899;34257,780038;0,905263;3000,000000
4092;71286,797143;58813,314653;0,789474;3000,000000
4093;120000,000000;62832,367925;0,873684;3000,000000
4094;49138,616342;29405,363932;0,915789;3000,000000
4095;120000,000000;4217,293496;0,936842;3000,000000
4096;119559,484177;108815,732503;0,757895;3000,000000
4097;94817,611131;60134,077713;0,821053;3000,000000
4098;61266,038638;40801,188954;0,894737;3000,000000
4099;120000,000000;90065,797889;0,821053;3000,000000
4100;120000,000000;61150,564677;0,894737;3000,000000
4101;50195,299567;7294,724730;0,947368;3000,000000
4102;94131,662561;59738,325836;0,821053;3000,000000
4103;74551,609136;39610,047610;0,884211;3000,000000
4104;91357,197717;50178,993855;0,852632;3000,000000
4105;120000,000000;96487,884475;0,789474;3000,000000
4106;100058,798500;60933,949603;0,810526;3000,000000
4107;105505,129163;42833,863966;0,873684;3000,000000
4108;108039,037452;52699,748295;0,873684;3000,000000
4109;78858,068654;29470,287320;0,936842;3000,000000
4110;119064,394605;51451,991140;0,863158;3000,000000
4111;78841,379507;36716,546855;0,842105;3000,000000
4112;120000,000000;11513,362397;0,947368;3000,000000
4113;115806,039936;53980,943187;0,894737;3000,000000
4114;103726,318084;57109,964449;0,884211;3000,000000
4115;103449,798786;53440,828398;0,863158;3000,000000
4116;102774,817886;53334,050664;0,863158;3000,000000
4117;110667,224964;49682,429611;0,905263;3000,000000
4118;111243,166783;55050,858381;0,894737;3000,000000
4119;94270,451882;22252,309732;0,926316;3000,000000
4120;107121,463787;46990,622181;0,894737;3000,000000
4121;85115,937880;60735,440330;0,831579;3000,000000
4122;116012,822752;41759,629576;0,915789;3000,000000
4123;120000,000000;62721,163882;0,936842;3000,000000
4124;118799,355812;56986,548977;0,873684;3000,000000
4125;90749,508539;50419,303374;0,842105;3000,000000
4126;102130,179145;52384,824394;0,842105;3000,000000
4127;106863,654176;44124,203829;0,894737;3000,000000
4128;96887,569430;46351,309979;0,905263;3000,000000
4129;97194,830997;53013,678346;0,884211;3000,000000
4130;85373,705098;48970,605590;0,884211;3000,000000
4131;96096,460602;49151,109633;0,842105;3000,000000
4132;90082,619041;50313,355598;0,831579;3000,000000
4133;120000,000000;94073,039929;0,800000;3000,000000
4134;73264,948594;41723,970001;0,852632;3000,000000
4135;98450,826427;25643,263286;0,905263;3000,000000
4136;67844,988147;38823,511460;0,905263;3000,000000
4137;120000,000000;38124,840440;0,894737;3000,000000
4138;54681,408921;31366,311534;0,905263;3000,000000
4139;90471,122582;59436,202030;0,884211;3000,000000
4140;105130,334740;56441,849147;0,873684;3000,000000
4141;109843,252392;53410,461615;0,894737;3000,000000
4142;111177,636426;51394,343987;0,884211;3000,000000
4143;115998,365269;22893,760080;0,915789;3000,000000
4144;68190,013591;50686,234161;0,915789;3000,000000
4145;79275,630022;49296,312539;0,842105;3000,000000
4146;92525,778053;54715,302119;0,873684;3000,000000
4147;62243,593857;33863,190651;0,873684;3000,000000
4148;120000,000000;46406,619771;0,905263;3000,000000
4149;118108,246578;37976,466938;0,905263;3000,000000
4150;85174,019974;44066,825067;0,852632;3000,000000
4151;95241,506992;54313,280482;0,863158;3000,000000
4152;73151,984949;29455,038914;0,915789;3000,000000
4153;119551,078761;54622,231344;0,863158;3000,000000
4154;64938,830063;0,000000;0,957895;3000,000000
4155;107370,545720;62372,523775;0,831579;3000,000000
4156;98393,185988;63016,732127;0,810526;3000,000000
4157;96096,460602;64003,802906;0,852632;3000,000000
4158;110006,527069;52396,646801;0,831579;3000,000000
4159;111954,569343;3458,499607;0,947368;3000,000000
4160;99764,967063;25761,429521;0,894737;3000,000000
4161;94795,828265;50107,402325;0,852632;3000,000000
4162;80339,667956;50874,101626;0,873684;3000,000000
4163;76817,742125;39668,252303;0,863158;3000,000000
4164;51692,192792;31339,329153;0,936842;3000,000000
4165;108064,082394;70703,490707;0,821053;3000,000000
4166;104889,357285;34587,149661;0,884211;3000,000000
4167;82333,396195;32235,940255;0,915789;3000,000000
4168;120000,000000;36422,404033;0,936842;3000,000000
4169;105394,658485;55871,457915;0,831579;3000,000000
4170;96709,861258;86722,138511;0,789474;3000,000000
4171;100457,614486;36439,813319;0,926316;3000,000000
4172;92555,047593;62706,911473;0,873684;3000,000000
4173;106589,991547;56441,043279;0,884211;3000,000000
4174;87846,025666;53967,489488;0,810526;3000,000000
4175;77930,521740;29686,169150;0,926316;3000,000000
4176;91461,797490;49266,029253;0,842105;3000,000000
4177;105911,725249;12202,006589;0,915789;3000,000000
4178;105056,349235;75882,742248;0,778947;3000,000000
4179;113907,533383;59400,787462;0,863158;3000,000000
4180;105893,949324;56561,898050;0,852632;3000,000000
4181;108849,787504;68110,883695;0,831579;3000,000000
4182;119793,836280;54450,441890;0,852632;3000,000000
4183;105776,482981;39773,610880;0,926316;3000,000000
4184;78696,506710;50303,586140;0,863158;3000,000000
4185;59317,257733;33025,332529;0,905263;3000,000000
4186;42416,359718;34293,219044;0,863158;3000,000000
4187;120000,000000;65140,533992;0,863158;3000,000000
4188;55704,278663;40778,147238;0,852632;3000,000000
4189;90203,780299;55948,347912;0,842105;3000,000000
4190;120000,000000;47501,801493;0,873684;3000,000000
4191;109958,875629;60473,063760;0,894737;3000,000000
4192;120000,000000;73115,986102;0,821053;3000,000000
4193;108290,578143;58589,645508;0,894737;3000,000000
4194;120000,000000;47151,558387;0,894737;3000,000000
4195;97727,480188;34083,416926;0,905263;3000,000000
4196;120000,000000;101047,965930;0,863158;3000,000000
4197;94983,713064;58518,813375;0,810526;3000,000000
4198;113012,463190;80410,240275;0,768421;3000,000000
4199;106198,171963;9942,418715;0,947368;3000,000000
4200;101427,279878;46971,230397;0,842105;3000,000000
4201;119855,915380;79587,476468;0,873684;3000,000000
4202;109154,815160;64842,909257;0,810526;3000,000000
4203;93501,268288;33195,141468;0,905263;3000,000000
4204;83664,286278;35742,195047;0,905263;3000,000000
4205;98726,918626;28516,404723;0,915789;3000,000000
4206;82679,802579;54732,808778;0,873684;3000,000000
4207;120000,000000;10903,983550;0,947368;3000,000000
4208;43042,716419;3985,444114;0,947368;3000,000000
4209;106412,938971;57585,847545;0,884211;3000,000000
4210;105505,129163;33062,437101;0,905263;3000,000000
4211;104737,254598;56635,716063;0,873684;3000,000000
4212;119559,922513;29742,088473;0,926316;3000,000000
4213;103501,932238;41581,435351;0,894737;3000,000000
4214;109154,815160;72517,611163;0,842105;3000,000000
4215;120000,000000;104983,213598;0,778947;3000,000000
4216;95677,010900;35965,104567;0,915789;3000,000000
4217;68499,783924;23372,231690;0,894737;3000,000000
4218;89855,011621;75813,173003;0,726316;3000,000000
4219;88431,011979;33181,467089;0,863158;3000,000000
4220;120000,000000;38668,029453;0,905263;3000,000000
4221;120000,000000;60978,624515;0,905263;3000,000000
4222;62628,332617;19794,770898;0,915789;3000,000000
4223;58305,583188;0,000000;0,957895;3000,000000
4224;116899,677988;53560,615587;0,873684;3000,000000
4225;114828,129402;92710,132269;0,800000;3000,000000
4226;70888,553586;43756,113630;0,905263;3000,000000
4227;111177,636426;0,000000;0,968421;3000,000000
4228;106830,479761;22297,011738;0,936842;3000,000000
4229;120000,000000;12320,606225;0,936842;3000,000000
4230;106530,470862;23801,153869;0,936842;3000,000000
4231;107825,673448;39025,205653;0,936842;3000,000000
4232;57669,123239;38713,704451;0,863158;3000,000000
4233;95463,069263;56194,179276;0,884211;3000,000000
4234;117023,176155;71916,624725;0,884211;3000,000000
4235;120000,000000;73141,227324;0,852632;3000,000000
4236;120000,000000;107249,855063;0,715789;3000,000000
4237;93302,456189;41588,772472;0,915789;3000,000000
4238;97568,874594;32816,240825;0,905263;3000,000000
4239;120000,000000;56344,331543;0,915789;3000,000000
4240;53852,837804;42315,036514;0,852632;3000,000000
4241;102270,788794;51441,410705;0,884211;3000,000000
4242;120000,000000;89845,531850;0,810526;3000,000000
4243;102698,019725;57429,679178;0,884211;3000,000000
4244;117143,387924;80646,709990;0,789474;3000,000000
4245;102904,125380;69274,471165;0,863158;3000,000000
4246;118577,476737;56134,762273;0,863158;3000,000000
4247;84922,235831;58930,045224;0,821053;3000,000000
4248;81471,773895;29883,838106;0,873684;3000,000000
4249;108290,578143;17431,495545;0,926316;3000,000000
4250;60115,520098;26893,196076;0,926316;3000,000000
4251;96015,325997;30059,166905;0,926316;3000,000000
4252;80551,130305;35968,597743;0,894737;3000,000000
4253;81275,490534;49369,499200;0,884211;3000,000000
4254;86041,220744;0,000000;0,968421;3000,000000
4255;113218,140827;55966,464001;0,863158;3000,000000
4256;112608,976484;49957,804517;0,831579;3000,000000
4257;68574,010535;39446,029886;0,894737;3000,000000
4258;94054,186520;49778,260827;0,905263;3000,000000
4259;119616,045073;75206,483975;0,715789;3000,000000
4260;100864,592445;69119,515026;0,842105;3000,000000
4261;104206,559485;51736,029786;0,863158;3000,000000
4262;91670,085474;56749,966042;0,873684;3000,000000
4263;98947,602254;30803,860852;0,926316;3000,000000
4264;84509,883052;43130,314892;0,894737;3000,000000
4265;102573,066403;0,000000;0,957895;3000,000000
4266;120000,000000;59828,783195;0,915789;3000,000000
4267;49222,328819;34147,762352;0,926316;3000,000000
4268;120000,000000;82030,287086;0,873684;3000,000000
4269;98486,616746;5218,372372;0,947368;3000,000000
4270;61484,898338;46899,879204;0,905263;3000,000000
4271;80107,744978;30038,497873;0,884211;3000,000000
4272;32863,061228;0,000000;0,968421;3000,000000
4273;109520,887841;0,000000;0,968421;3000,000000
4274;97614,033664;4215,338015;0,936842;3000,000000
4275;68373,666713;48209,121670;0,852632;3000,000000
4276;120000,000000;35948,221277;0,915789;3000,000000
4277;82944,443245;36236,389280;0,894737;3000,000000
4278;59997,738884;12537,026842;0,936842;3000,000000
4279;83222,298458;7419,804844;0,947368;3000,000000
4280;69692,607299;44048,026765;0,863158;3000,000000
4281;96636,226788;60759,353369;0,863158;3000,000000
4282;64750,256164;41761,111141;0,915789;3000,000000
4283;96364,100142;25060,201546;0,915789;3000,000000
4284;109720,510649;38522,830935;0,884211;3000,000000
4285;120000,000000;64632,107027;0,926316;3000,000000
4286;108020,363962;55463,286200;0,873684;3000,000000
4287;93843,936508;53648,432488;0,873684;3000,000000
4288;116190,724639;51667,268593;0,905263;3000,000000
4289;78791,272127;38407,917403;0,926316;3000,000000
4290;97285,647783;37187,759010;0,873684;3000,000000
4291;77223,509899;38092,192495;0,905263;3000,000000
4292;77538,702757;48441,894130;0,884211;3000,000000
4293;95593,461828;62495,250174;0,821053;3000,000000
4294;120000,000000;86275,440998;0,757895;3000,000000
4295;114241,184520;46737,877635;0,894737;3000,000000
4296;119551,078761;61897,435550;0,905263;3000,000000
4297;90002,404976;41934,501249;0,915789;3000,000000
4298;91838,211905;62794,099069;0,831579;3000,000000
4299;104155,066746;93989,207756;0,789474;3000,000000
4300;98456,721931;61115,323839;0,863158;3000,000000
4301;113721,999673;51091,130931;0,852632;3000,000000
4302;103203,084518;57678,788796;0,852632;3000,000000
4303;97214,792094;56449,715852;0,884211;3000,000000
4304;101511,505697;42245,574002;0,926316;3000,000000
4305;89245,303167;12331,205461;0,936842;3000,000000
4306;69359,833630;49650,739267;0,884211;3000,000000
4307;120000,000000;92335,301068;0,757895;3000,000000
4308;72755,725769;49028,930213;0,915789;3000,000000
4309;109732,279819;53221,178562;0,915789;3000,000000
4310;94054,186520;17836,200423;0,926316;3000,000000
4311;78775,006560;62843,348271;0,821053;3000,000000
4312;81345,727284;57801,026048;0,789474;3000,000000
4313;111836,619526;57603,508220;0,884211;3000,000000
4314;119346,885375;36022,362213;0,915789;3000,000000
4315;97264,203656;36228,955505;0,873684;3000,000000
4316;105765,996624;30639,137199;0,926316;3000,000000
4317;52034,782672;0,000000;0,989474;3000,000000
4318;81636,673439;43462,098150;0,873684;3000,000000
4319;120000,000000;80536,095842;0,894737;3000,000000
4320;98887,193921;50387,835422;0,831579;3000,000000
4321;75014,865945;21305,657139;0,905263;3000,000000
4322;96417,797634;54753,277295;0,905263;3000,000000
4323;98726,918626;65717,967296;0,831579;3000,000000
4324;104756,654842;96384,805717;0,821053;3000,000000
4325;96388,919277;47411,678658;0,863158;3000,000000
4326;104017,619137;8092,832193;0,947368;3000,000000
4327;76150,747658;10633,208981;0,936842;3000,000000
4328;102422,954227;58655,428774;0,873684;3000,000000
4329;93031,528595;51852,114980;0,873684;3000,000000
4330;120000,000000;20467,793544;0,926316;3000,000000
4331;87846,025666;35506,462153;0,884211;3000,000000
4332;120000,000000;79594,779620;0,863158;3000,000000
4333;120000,000000;56014,970528;0,894737;3000,000000
4334;120000,000000;96220,741471;0,905263;3000,000000
4335;113218,140827;53389,350931;0,894737;3000,000000
4336;101427,279878;67188,051691;0,789474;3000,000000
4337;95555,426303;51903,221377;0,863158;3000,000000
4338;113565,153918;1218,777199;0,947368;3000,000000
4339;111629,301760;43088,177500;0,821053;3000,000000
4340;117583,360032;48038,408437;0,821053;3000,000000
4341;85366,869481;48930,163856;0,894737;3000,000000
4342;57242,226987;3569,622081;0,947368;3000,000000
4343;50890,163237;25102,895203;0,915789;3000,000000
4344;101386,183840;67370,021585;0,800000;3000,000000
4345;91953,886161;48780,907156;0,884211;3000,000000
4346;120000,000000;46579,534918;0,926316;3000,000000
4347;64256,247447;11208,990485;0,926316;3000,000000
4348;95795,621246;21381,232261;0,936842;3000,000000
4349;31773,613740;1849,526938;0,947368;3000,000000
4350;66841,561353;34188,531770;0,915789;3000,000000
4351;101668,988787;77462,841245;0,831579;3000,000000
4352;83881,355275;66574,919629;0,852632;3000,000000
4353;60955,549868;36443,775079;0,905263;3000,000000
4354;69817,585984;47431,725401;0,884211;3000,000000
4355;61484,066460;35486,174872;0,884211;3000,000000
4356;102130,179145;53293,042264;0,852632;3000,000000
4357;95340,891174;14468,972772;0,947368;3000,000000
4358;101244,110139;79068,302682;0,831579;3000,000000
4359;94454,681306;45600,940902;0,894737;3000,000000
4360;120000,000000;77154,716594;0,747368;3000,000000
4361;101668,988787;37059,244348;0,884211;3000,000000
4362;105787,935372;50581,094516;0,894737;3000,000000
4363;119559,484177;45683,044775;0,884211;3000,000000
4364;103625,985320;56437,245826;0,800000;3000,000000
4365;81529,333066;42462,565657;0,905263;3000,000000
4366;96366,629487;58595,676078;0,842105;3000,000000
4367;88390,243857;46948,991009;0,873684;3000,000000
4368;112608,976484;67713,514128;0,852632;3000,000000
4369;120000,000000;32803,069230;0,905263;3000,000000
4370;93942,850330;45196,380169;0,873684;3000,000000
4371;107268,347748;2644,833482;0,947368;3000,000000
4372;84687,907932;52134,797520;0,894737;3000,000000
4373;109204,886170;61853,199989;0,831579;3000,000000
4374;105830,480056;28283,703491;0,905263;3000,000000
4375;111269,809339;32477,512656;0,915789;3000,000000
4376;81952,366103;35278,047334;0,915789;3000,000000
4377;87755,113996;48984,992022;0,884211;3000,000000
4378;95105,164058;49270,585099;0,821053;3000,000000
4379;89298,743938;52726,386073;0,894737;3000,000000
4380;117529,255060;30503,010180;0,915789;3000,000000
4381;103869,447461;41603,986135;0,894737;3000,000000
4382;61831,023514;46533,407512;0,831579;3000,000000
4383;114207,299059;80822,937836;0,810526;3000,000000
4384;109154,815160;76104,141944;0,768421;3000,000000
4385;92702,381962;0,000000;0,957895;3000,000000
4386;96398,110409;38791,838579;0,884211;3000,000000
4387;120000,000000;0,000000;0,968421;3000,000000
4388;49555,533070;4149,601828;0,947368;3000,000000
4389;77329,537201;27810,056394;0,915789;3000,000000
4390;117023,176155;91300,494128;0,800000;3000,000000
4391;117980,709939;37138,282243;0,905263;3000,000000
4392;73096,362588;1422,709654;0,947368;3000,000000
4393;98247,679763;28486,656355;0,873684;3000,000000
4394;93551,797282;54356,799016;0,884211;3000,000000
4395;70363,950891;11005,865620;0,936842;3000,000000
4396;118318,256083;41304,336128;0,884211;3000,000000
4397;82733,099621;0,000000;0,968421;3000,000000
4398;72788,487672;37856,964439;0,915789;3000,000000
4399;84509,883052;44387,502685;0,894737;3000,000000
4400;63942,667417;32009,490710;0,915789;3000,000000
4401;73017,405703;49898,877238;0,915789;3000,000000
4402;82259,740494;45206,106453;0,915789;3000,000000
4403;100022,504155;19737,684765;0,936842;3000,000000
4404;80425,652734;56883,674959;0,884211;3000,000000
4405;93722,766042;43639,142140;0,905263;3000,000000
4406;74872,254128;51820,366184;0,894737;3000,000000
4407;120000,000000;110975,941160;0,800000;3000,000000
4408;107180,896619;52791,809228;0,894737;3000,000000
4409;109367,103975;48297,498027;0,926316;3000,000000
4410;94483,112831;50807,291653;0,863158;3000,000000
4411;120000,000000;86656,166457;0,873684;3000,000000
4412;47781,944840;18940,893828;0,936842;3000,000000
4413;119223,961723;95883,049735;0,852632;3000,000000
4414;120000,000000;94920,312697;0,789474;3000,000000
4415;106570,629932;0,000000;0,978947;3000,000000
4416;64787,874500;29726,891366;0,905263;3000,000000
4417;71250,518194;56543,311120;0,894737;3000,000000
4418;81471,773895;48408,459547;0,884211;3000,000000
4419;84687,907932;50811,827792;0,894737;3000,000000
4420;68421,476344;27526,662422;0,926316;3000,000000
4421;91155,539899;50557,247198;0,842105;3000,000000
4422;98247,679763;55515,231016;0,842105;3000,000000
4423;96251,425558;67883,675356;0,821053;3000,000000
4424;105394,658485;88072,162867;0,789474;3000,000000
4425;118246,070388;37411,337923;0,926316;3000,000000
4426;111780,725093;59320,660830;0,894737;3000,000000
4427;91171,705748;31488,542626;0,926316;3000,000000
4428;104712,764169;47394,985304;0,894737;3000,000000
4429;90843,490248;58519,769288;0,852632;3000,000000
4430;95165,251923;34733,062905;0,905263;3000,000000
4431;93157,415476;46127,098473;0,905263;3000,000000
4432;90941,903456;58420,390245;0,842105;3000,000000
4433;120000,000000;82495,217762;0,873684;3000,000000
4434;110819,533327;93714,678722;0,810526;3000,000000
4435;84969,075761;41089,413097;0,915789;3000,000000
4436;109875,005545;34755,010361;0,926316;3000,000000
4437;120000,000000;15727,938363;0,936842;3000,000000
4438;82407,961151;11918,847791;0,947368;3000,000000
4439;104721,966358;54779,848694;0,873684;3000,000000
4440;120000,000000;67093,105587;0,905263;3000,000000
4441;73217,026018;13809,957808;0,926316;3000,000000
4442;90548,776732;46103,629507;0,915789;3000,000000
4443;120000,000000;58910,165954;0,926316;3000,000000
4444;119388,919619;34943,702657;0,936842;3000,000000
4445;101853,875501;39766,777355;0,873684;3000,000000
4446;96257,185939;44053,850138;0,884211;3000,000000
4447;120000,000000;61725,661880;0,831579;3000,000000
4448;112963,915373;10904,282825;0,936842;3000,000000
4449;97789,718499;40460,500364;0,873684;3000,000000
4450;81484,617213;12524,984035;0,926316;3000,000000
4451;118967,025883;10565,333120;0,936842;3000,000000
4452;71231,183253;0,000000;0,957895;3000,000000
4453;63049,696175;3809,272942;0,947368;3000,000000
4454;120000,000000;5792,358078;0,947368;3000,000000
4455;95991,587728;36472,867998;0,915789;3000,000000
4456;100052,317445;53904,428592;0,894737;3000,000000
4457;70390,709170;7030,422990;0,947368;3000,000000
4458;82160,049532;33216,705018;0,915789;3000,000000
4459;54319,179798;1247,619337;0,947368;3000,000000
4460;80477,915755;46304,686903;0,884211;3000,000000
4461;97329,335957;60298,856798;0,915789;3000,000000
4462;105820,549533;0,000000;0,968421;3000,000000
4463;120000,000000;61807,472212;0,894737;3000,000000
4464;55035,109750;15939,168895;0,926316;3000,000000
4465;50882,957257;0,000000;0,957895;3000,000000
4466;120000,000000;46225,793723;0,905263;3000,000000
4467;90635,303460;36087,770255;0,936842;3000,000000
4468;59931,657511;0,000000;0,957895;3000,000000
4469;120000,000000;76481,164409;0,800000;3000,000000
4470;115541,861207;1954,528297;0,947368;3000,000000
4471;120000,000000;72589,681541;0,873684;3000,000000
4472;88372,370694;22611,617439;0,936842;3000,000000
4473;46495,251614;0,000000;0,957895;3000,000000
4474;88865,455210;31596,065329;0,894737;3000,000000
4475;119729,616548;46210,732689;0,905263;3000,000000
4476;73508,752978;56059,686615;0,915789;3000,000000
4477;103023,450042;50857,266230;0,905263;3000,000000
4478;92551,766138;70783,690794;0,768421;3000,000000
4479;120000,000000;101014,805681;0,705263;3000,000000
4480;120000,000000;104503,107736;0,642105;3000,000000
4481;96788,033768;79264,832923;0,810526;3000,000000
4482;54173,472815;30668,532828;0,915789;3000,000000
4483;91196,992859;43255,400984;0,873684;3000,000000
4484;102959,510517;71119,275300;0,863158;3000,000000
4485;72635,674935;21505,995450;0,905263;3000,000000
4486;117156,148162;86380,817969;0,842105;3000,000000
4487;105893,949324;68707,322724;0,905263;3000,000000
4488;120000,000000;37647,181483;0,915789;3000,000000
4489;98348,819750;61717,831396;0,894737;3000,000000
4490;88024,665495;24075,182647;0,936842;3000,000000
4491;52709,147673;0,000000;0,957895;3000,000000
4492;56128,524296;5210,845470;0,947368;3000,000000
4493;98423,231071;46234,850864;0,905263;3000,000000
4494;54647,305988;27118,360875;0,905263;3000,000000
4495;60960,358321;0,000000;0,968421;3000,000000
4496;62098,873011;36223,693882;0,936842;3000,000000
4497;103349,459698;24522,696907;0,905263;3000,000000
4498;93158,689293;37231,929966;0,926316;3000,000000
4499;120000,000000;0,000000;0,978947;3000,000000
4500;99424,494801;51017,069540;0,873684;3000,000000
4501;93814,629875;43546,313559;0,936842;3000,000000
4502;79697,242074;36008,436679;0,905263;3000,000000
4503;91725,036038;59625,061066;0,863158;3000,000000
4504;89887,954395;58413,996507;0,863158;3000,000000
4505;103670,369366;58721,579483;0,842105;3000,000000
4506;83931,896944;25811,549438;0,915789;3000,000000
4507;112608,976484;35209,178043;0,926316;3000,000000
4508;45356,472963;1800,403218;0,947368;3000,000000
4509;103587,242738;18160,767037;0,936842;3000,000000
4510;109913,002833;0,000000;0,957895;3000,000000
4511;40426,445962;0,000000;0,968421;3000,000000
4512;113066,553290;67280,962986;0,842105;3000,000000
4513;102004,712410;18753,268227;0,936842;3000,000000
4514;115105,779429;33584,399480;0,884211;3000,000000
4515;119160,481933;52115,385059;0,905263;3000,000000
4516;63100,544137;0,000000;0,957895;3000,000000
4517;99712,301254;0,000000;0,957895;3000,000000
4518;48831,210745;14154,939867;0,915789;3000,000000
4519;115726,798902;69617,178810;0,915789;3000,000000
4520;85373,705098;36224,905461;0,915789;3000,000000
4521;101668,988787;885,896733;0,957895;3000,000000
4522;70438,232440;8863,055165;0,947368;3000,000000
4523;120000,000000;0,000000;0,968421;3000,000000
4524;89153,316178;10885,277993;0,947368;3000,000000
4525;50713,693193;12852,418157;0,936842;3000,000000
4526;97467,560910;55064,528721;0,905263;3000,000000
4527;102344,470318;35785,352738;0,905263;3000,000000
4528;92620,062254;25662,739499;0,926316;3000,000000
4529;82573,310197;7901,458756;0,947368;3000,000000
4530;107425,261765;44461,289491;0,884211;3000,000000
4531;109941,722872;0,000000;0,968421;3000,000000
4532;63698,336186;0,000000;0,968421;3000,000000
4533;94730,703945;21127,972096;0,936842;3000,000000
4534;106787,557040;30806,777701;0,936842;3000,000000
4535;96636,226788;28967,545969;0,936842;3000,000000
4536;109093,573082;0,000000;0,968421;3000,000000
4537;94603,043300;29619,009584;0,936842;3000,000000
4538;92790,234168;9617,804880;0,947368;3000,000000
4539;39853,358208;1709,339111;0,947368;3000,000000
4540;60437,343362;10720,762080;0,936842;3000,000000
4541;89653,125304;23524,162264;0,894737;3000,000000
4542;97614,033664;10305,945706;0,947368;3000,000000
4543;109941,722872;24811,601245;0,936842;3000,000000
4544;94948,850487;31211,513702;0,926316;3000,000000
4545;87358,110398;0,000000;0,957895;3000,000000
4546;82711,866127;0,000000;0,978947;3000,000000
4547;120000,000000;4463,658448;0,936842;3000,000000
4548;86586,030328;4027,033482;0,947368;3000,000000
4549;116325,903655;44498,804097;0,894737;3000,000000
4550;108064,082394;61038,462125;0,905263;3000,000000
4551;103695,477839;64838,280980;0,852632;3000,000000
4552;108506,258492;84334,742779;0,873684;3000,000000
4553;102592,395818;62817,677363;0,905263;3000,000000
4554;59701,929758;4436,285454;0,947368;3000,000000
4555;62384,377887;31206,953705;0,926316;3000,000000
4556;120000,000000;48466,313070;0,905263;3000,000000
4557;120000,000000;23310,832802;0,936842;3000,000000
4558;78514,256072;0,000000;0,957895;3000,000000
4559;75095,482209;0,000000;0,968421;3000,000000
4560;120000,000000;69872,037262;0,905263;3000,000000
4561;100213,545858;0,000000;0,968421;3000,000000
4562;119551,078761;0,000000;0,968421;3000,000000
4563;56798,432902;1692,783616;0,947368;3000,000000
4564;51179,466318;7881,482201;0,926316;3000,000000
4565;100318,409108;80258,581376;0,905263;3000,000000
4566;95080,656744;5763,201041;0,947368;3000,000000
4567;90818,314194;1605,900553;0,947368;3000,000000
4568;107208,600732;45949,762239;0,926316;3000,000000
4569;67023,687995;0,000000;0,968421;3000,000000
4570;99451,541429;60829,640831;0,894737;3000,000000
4571;120000,000000;43908,857047;0,915789;3000,000000
4572;110438,666426;42734,838623;0,915789;3000,000000
4573;93722,766042;44090,720701;0,905263;3000,000000
4574;67023,687995;33206,598736;0,926316;3000,000000
4575;102698,019725;0,000000;0,968421;3000,000000
4576;120000,000000;60250,987436;0,894737;3000,000000
4577;116850,247622;85929,227998;0,831579;3000,000000
4578;75780,948894;18634,833022;0,926316;3000,000000
4579;118272,253701;1354,854142;0,947368;3000,000000
4580;96045,346404;53641,967192;0,873684;3000,000000
4581;94603,043300;51799,432722;0,894737;3000,000000
4582;81673,841312;0,000000;0,968421;3000,000000
4583;120000,000000;6232,825160;0,947368;3000,000000
4584;95384,994708;48310,624727;0,842105;3000,000000
4585;87273,392292;27342,900921;0,894737;3000,000000
4586;116899,677988;36431,861766;0,926316;3000,000000
4587;120000,000000;102994,610717;0,821053;3000,000000
4588;120000,000000;5766,020782;0,947368;3000,000000
4589;57986,166169;6122,428746;0,947368;3000,000000
4590;91110,890901;51672,437379;0,884211;3000,000000
4591;120000,000000;45723,785611;0,894737;3000,000000
4592;117583,360032;75434,838022;0,842105;3000,000000
4593;69120,040240;38273,918880;0,936842;3000,000000
4594;120000,000000;6574,466980;0,947368;3000,000000
4595;74872,254128;43160,767596;0,915789;3000,000000
4596;95105,164058;46493,834323;0,915789;3000,000000
4597;58315,755783;15419,585135;0,936842;3000,000000
4598;107889,090281;0,000000;0,968421;3000,000000
4599;79245,123954;30376,507819;0,926316;3000,000000
4600;111501,160511;36878,884360;0,926316;3000,000000
4601;66797,247983;6813,108266;0,947368;3000,000000
4602;79811,316513;56285,755863;0,842105;3000,000000
4603;95384,994708;51381,268390;0,852632;3000,000000
4604;60245,419607;29592,663246;0,915789;3000,000000
4605;111171,979904;27258,379513;0,926316;3000,000000
4606;98214,504198;48205,267334;0,894737;3000,000000
4607;120000,000000;9098,109308;0,947368;3000,000000
4608;73145,875506;17929,120722;0,936842;3000,000000
4609;62853,745861;16331,362232;0,936842;3000,000000
4610;120000,000000;27230,269700;0,936842;3000,000000
4611;66742,722081;44798,675899;0,863158;3000,000000
4612;112083,208410;0,000000;0,957895;3000,000000
4613;86811,488101;0,000000;0,968421;3000,000000
4614;83985,366172;0,000000;0,968421;3000,000000
4615;99363,292669;22094,340522;0,936842;3000,000000
4616;62383,259626;37786,724129;0,894737;3000,000000
4617;92234,377104;41937,959605;0,894737;3000,000000
4618;85164,505337;49957,580155;0,915789;3000,000000
4619;109160,088117;4395,657294;0,947368;3000,000000
4620;2793,211438;0,000000;1,000000;3000,000000
4621;79287,833767;54161,382165;0,894737;3000,000000
4622;102344,470318;31435,168289;0,915789;3000,000000
4623;63759,320539;9892,665721;0,947368;3000,000000
4624;93510,869488;53048,776682;0,884211;3000,000000
4625;104155,066746;58094,782747;0,873684;3000,000000
4626;58305,583188;9101,817405;0,947368;3000,000000
4627;95218,863474;49771,407056;0,894737;3000,000000
4628;51604,648476;27970,199909;0,936842;3000,000000
4629;96177,912996;32033,150869;0,915789;3000,000000
4630;57687,266912;7970,515070;0,947368;3000,000000
4631;62557,819535;0,000000;0,957895;3000,000000
4632;82674,208888;47367,913900;0,842105;3000,000000
4633;94797,267636;65383,940796;0,863158;3000,000000
4634;96695,011926;39627,416206;0,936842;3000,000000
4635;50930,842425;27602,125935;0,915789;3000,000000
4636;120000,000000;88952,613492;0,831579;3000,000000
4637;107070,167623;58976,085868;0,926316;3000,000000
4638;120000,000000;0,000000;0,957895;3000,000000
4639;113721,999673;73115,295205;0,852632;3000,000000
4640;93324,576701;7790,283344;0,947368;3000,000000
4641;60710,209512;1332,342144;0,947368;3000,000000
4642;75229,604211;0,000000;0,957895;3000,000000
4643;101326,451620;0,000000;0,978947;3000,000000
4644;46935,412973;0,000000;0,957895;3000,000000
4645;0,000000;0,000000;1,000000;3000,000000
4646;97186,352821;0,000000;0,968421;3000,000000
4647;120000,000000;42838,479766;0,915789;3000,000000
4648;100159,206921;18451,859033;0,915789;3000,000000
4649;85101,045448;0,000000;0,968421;3000,000000
4650;81299,222298;34475,900494;0,926316;3000,000000
4651;58363,831572;5577,697281;0,947368;3000,000000
4652;109058,946632;0,000000;0,968421;3000,000000
4653;82817,049823;0,000000;0,968421;3000,000000
4654;102249,651032;0,000000;0,957895;3000,000000
4655;110196,582349;37347,373714;0,936842;3000,000000
4656;102073,038797;47248,132303;0,915789;3000,000000
4657;54203,301672;0,000000;0,989474;3000,000000
4658;85952,087320;7172,206494;0,947368;3000,000000
4659;75515,981468;2049,539499;0,947368;3000,000000
4660;106589,991547;53541,238761;0,873684;3000,000000
4661;89400,385422;0,000000;0,978947;3000,000000
4662;95241,506992;38112,116683;0,905263;3000,000000
4663;117549,421807;36935,842750;0,936842;3000,000000
4664;120000,000000;19570,327838;0,936842;3000,000000
4665;96257,001112;13875,834561;0,926316;3000,000000
4666;119225,858871;0,000000;0,957895;3000,000000
4667;116792,901002;94975,674778;0,884211;3000,000000
4668;95384,994708;34847,084136;0,915789;3000,000000
4669;54375,097585;5374,399109;0,947368;3000,000000
4670;83701,552923;0,000000;0,957895;3000,000000
4671;110667,224964;38357,999981;0,915789;3000,000000
4672;95170,778580;0,000000;0,978947;3000,000000
4673;69824,261261;0,000000;0,957895;3000,000000
4674;106632,605933;32747,261343;0,926316;3000,000000
4675;65056,336039;44176,521974;0,926316;3000,000000
4676;11978,661496;0,000000;0,989474;3000,000000
4677;108816,957498;0,000000;0,968421;3000,000000
4678;113504,151420;0,000000;0,968421;3000,000000
4679;0,000000;0,000000;1,000000;3000,000000
4680;54319,179798;0,000000;0,957895;3000,000000
4681;58570,412274;17074,286740;0,936842;3000,000000
4682;36733,176884;0,000000;0,978947;3000,000000
4683;120000,000000;33296,389003;0,926316;3000,000000
4684;113788,220855;0,000000;0,978947;3000,000000
4685;101390,455965;16677,687747;0,936842;3000,000000
4686;105183,526826;27969,777459;0,936842;3000,000000
4687;112198,048095;43344,153096;0,936842;3000,000000
4688;54263,207593;0,000000;0,968421;3000,000000
4689;29231,194873;4654,438414;0,947368;3000,000000
4690;61144,207491;0,000000;0,989474;3000,000000
4691;95218,863474;6492,278549;0,947368;3000,000000
4692;68220,140147;0,000000;0,989474;3000,000000
4693;47075,869695;0,000000;0,978947;3000,000000
4694;104056,884268;3296,615345;0,947368;3000,000000
4695;111902,236784;55234,879856;0,915789;3000,000000
4696;30348,855595;0,000000;0,978947;3000,000000
4697;53018,022124;0,000000;0,957895;3000,000000
4698;76373,866740;0,000000;0,957895;3000,000000
4699;109067,809371;47150,049804;0,936842;3000,000000
4700;120000,000000;2177,072338;0,947368;3000,000000
4701;66991,558901;0,000000;0,968421;3000,000000
4702;105351,456626;72727,051690;0,873684;3000,000000
4703;90002,404976;65431,841290;0,894737;3000,000000
4704;75648,409926;0,000000;0,957895;3000,000000
4705;83701,552923;32073,429516;0,915789;3000,000000
4706;93158,689293;45064,302459;0,905263;3000,000000
4707;77971,231130;7537,071447;0,947368;3000,000000
4708;103462,786818;16075,254054;0,926316;3000,000000
4709;119737,099603;61579,998315;0,915789;3000,000000
4710;66037,185113;0,000000;0,978947;3000,000000
4711;89887,954395;54794,974452;0,852632;3000,000000
4712;86311,764256;7294,902273;0,947368;3000,000000
4713;52576,114738;3549,416211;0,947368;3000,000000
4714;39268,439171;0,000000;0,978947;3000,000000
4715;66973,536185;0,000000;0,957895;3000,000000
4716;76544,190711;52348,255437;0,905263;3000,000000
4717;45365,333490;23865,130030;0,936842;3000,000000
4718;92574,006195;44312,976095;0,915789;3000,000000
4719;87628,387141;34338,183801;0,926316;3000,000000
4720;60853,320327;27849,643195;0,936842;3000,000000
4721;51030,244389;0,000000;0,957895;3000,000000
4722;92527,097847;41703,498223;0,915789;3000,000000
4723;57242,242619;0,000000;0,968421;3000,000000
4724;37542,669509;0,000000;0,957895;3000,000000
4725;98887,193921;16251,703393;0,947368;3000,000000
4726;85024,429118;0,000000;0,957895;3000,000000
4727;94311,392831;0,000000;0,978947;3000,000000
4728;120000,000000;78776,466434;0,789474;3000,000000
4729;95170,778580;26391,598233;0,936842;3000,000000
4730;78194,539936;6976,138911;0,947368;3000,000000
4731;95400,190593;53264,597940;0,915789;3000,000000
4732;74052,216713;30928,998048;0,936842;3000,000000
4733;81934,268198;29323,340721;0,884211;3000,000000
4734;49532,079097;26249,148113;0,926316;3000,000000
4735;48519,291049;9278,046967;0,947368;3000,000000
4736;59790,045904;0,000000;0,978947;3000,000000
4737;99034,383547;17370,635038;0,947368;3000,000000
4738;57496,451937;4439,953054;0,947368;3000,000000
4739;78551,220252;30456,420814;0,936842;3000,000000
4740;63762,647217;3168,575028;0,947368;3000,000000
4741;49121,894117;0,000000;0,978947;3000,000000
4742;49979,305827;0,000000;0,957895;3000,000000
4743;48274,207504;0,000000;0,957895;3000,000000
4744;120000,000000;98400,463649;0,842105;3000,000000
4745;104344,130128;0,000000;0,957895;3000,000000
4746;64358,778625;19775,338109;0,936842;3000,000000
4747;37908,266796;0,000000;0,957895;3000,000000
4748;71876,118756;8327,343024;0,947368;3000,000000
4749;118265,695606;12063,607656;0,947368;3000,000000
4750;120000,000000;83620,468991;0,810526;3000,000000
4751;93051,116967;38055,641575;0,936842;3000,000000
4752;95718,713454;35162,855328;0,915789;3000,000000
4753;77606,089874;13491,774999;0,947368;3000,000000
4754;61986,486387;0,000000;0,957895;3000,000000
4755;62985,150058;0,000000;0,957895;3000,000000
4756;101672,611918;55037,497877;0,873684;3000,000000
4757;87769,756560;80389,420707;0,821053;3000,000000
4758;49345,885047;7386,312342;0,947368;3000,000000
4759;117198,359651;7548,480538;0,947368;3000,000000
4760;120000,000000;0,000000;0,978947;3000,000000
4761;38363,900675;0,000000;0,989474;3000,000000
4762;76351,146171;0,000000;0,957895;3000,000000
4763;42286,755583;0,000000;0,989474;3000,000000
4764;120000,000000;6574,466980;0,947368;3000,000000
4765;73460,343684;0,000000;0,978947;3000,000000
4766;77688,599848;0,000000;0,989474;3000,000000
4767;99451,541429;0,000000;0,957895;3000,000000
4768;41010,157457;0,000000;0,978947;3000,000000
4769;29726,092302;0,000000;0,978947;3000,000000
4770;106346,648428;0,000000;0,978947;3000,000000
4771;27569,374322;0,000000;0,978947;3000,000000
4772;84513,574829;21300,041576;0,936842;3000,000000
4773;118562,193975;0,000000;0,968421;3000,000000
4774;54957,567256;0,000000;0,978947;3000,000000
4775;120000,000000;84768,288142;0,863158;3000,000000
4776;104056,884268;43715,693594;0,905263;3000,000000
4777;36970,469296;5974,456365;0,936842;3000,000000
4778;53906,002389;8518,837679;0,947368;3000,000000
4779;102769,056555;60839,097918;0,926316;3000,000000
4780;45718,572792;0,000000;0,978947;3000,000000
4781;53173,650510;0,000000;0,978947;3000,000000
4782;118261,933101;34300,883152;0,926316;3000,000000
4783;120000,000000;93365,930899;0,884211;3000,000000
4784;76441,115482;0,000000;0,989474;3000,000000
4785;96364,968481;3215,705936;0,947368;3000,000000
4786;117351,271644;0,000000;0,968421;3000,000000
4787;65041,127287;8344,615043;0,947368;3000,000000
4788;62000,913456;0,000000;0,989474;3000,000000
4789;99362,015580;0,000000;0,957895;3000,000000
4790;120000,000000;0,000000;0,968421;3000,000000
4791;60887,037941;0,000000;0,978947;3000,000000
4792;109110,003296;0,000000;0,968421;3000,000000
4793;120000,000000;66494,504257;0,894737;3000,000000
4794;94548,038374;0,000000;0,957895;3000,000000
4795;91132,813323;0,000000;0,957895;3000,000000
4796;51640,057882;0,000000;0,968421;3000,000000
4797;64350,336305;0,000000;0,957895;3000,000000
4798;73209,161301;0,000000;0,978947;3000,000000
4799;91220,020553;0,000000;0,978947;3000,000000
4800;45077,197354;0,000000;0,968421;3000,000000
4801;36691,500158;0,000000;0,968421;3000,000000
4802;118958,618725;0,000000;0,978947;3000,000000
4803;33080,812483;0,000000;0,968421;3000,000000
4804;67114,078807;0,000000;0,978947;3000,000000
4805;57797,311352;14694,328788;0,936842;3000,000000
4806;66742,722081;12955,900409;0,936842;3000,000000
4807;52295,962750;0,000000;0,989474;3000,000000
4808;0,000000;0,000000;1,000000;3000,000000
4809;98486,616746;0,000000;0,957895;3000,000000
4810;99575,801837;922,025885;0,947368;3000,000000
4811;98139,683443;47051,482632;0,926316;3000,000000
4812;109093,573082;0,000000;0,978947;3000,000000
4813;69242,461646;0,000000;0,989474;3000,000000
4814;85691,455705;0,000000;0,978947;3000,000000
4815;59531,613296;37622,050073;0,915789;3000,000000
4816;58592,337288;4840,733265;0,936842;3000,000000
4817;120000,000000;0,000000;0,978947;3000,000000
4818;8175,766119;0,000000;0,989474;3000,000000
4819;65400,961449;0,000000;0,957895;3000,000000
4820;0,000000;0,000000;1,000000;3000,000000
4821;21640,928497;0,000000;0,978947;3000,000000
4822;119793,836280;0,000000;0,978947;3000,000000
4823;0,000000;0,000000;1,000000;3000,000000
4824;120000,000000;48456,372006;0,894737;3000,000000
4825;88285,033614;0,000000;0,989474;3000,000000
4826;80922,611314;0,000000;0,957895;3000,000000
4827;31325,063262;0,000000;0,989474;3000,000000
4828;1000,145841;0,000000;1,000000;3000,000000
4829;31795,880383;0,000000;0,978947;3000,000000
4830;79697,242074;0,000000;0,968421;3000,000000
4831;79837,932283;0,000000;0,978947;3000,000000
4832;106854,000701;0,000000;0,989474;3000,000000
4833;45447,634270;0,000000;0,957895;3000,000000
4834;120000,000000;0,000000;0,957895;3000,000000
4835;120000,000000;96178,403302;0,842105;3000,000000
4836;92674,866213;27322,535798;0,936842;3000,000000
4837;120000,000000;83519,422401;0,915789;3000,000000
4838;73332,422867;0,000000;0,968421;3000,000000
4839;4292,695262;0,000000;0,989474;3000,000000
4840;116850,247622;20168,953961;0,947368;3000,000000
4841;73332,840214;0,000000;0,968421;3000,000000
4842;54604,792009;0,000000;0,978947;3000,000000
4843;112787,955716;0,000000;0,989474;3000,000000
4844;37806,092154;0,000000;0,989474;3000,000000
4845;73287,552616;0,000000;0,968421;3000,000000
4846;75515,981468;0,000000;0,957895;3000,000000
4847;50108,647938;0,000000;0,978947;3000,000000
4848;92349,576505;0,000000;0,957895;3000,000000
4849;0,000000;0,000000;1,000000;3000,000000
4850;34674,778704;0,000000;0,989474;3000,000000
4851;120000,000000;71921,820648;0,884211;3000,000000
4852;118734,197567;30488,298130;0,926316;3000,000000
4853;74551,609136;0,000000;0,957895;3000,000000
4854;120000,000000;66902,411899;0,884211;3000,000000
4855;67598,477351;8904,696950;0,947368;3000,000000
4856;46078,482803;0,000000;0,968421;3000,000000
4857;38454,314764;0,000000;0,989474;3000,000000
4858;35842,201317;0,000000;0,957895;3000,000000
4859;48110,922940;0,000000;0,978947;3000,000000
4860;97623,685304;0,000000;0,989474;3000,000000
4861;44314,755657;0,000000;0,989474;3000,000000
4862;31466,836224;0,000000;0,978947;3000,000000
4863;64183,674829;0,000000;0,978947;3000,000000
4864;50685,615498;0,000000;0,957895;3000,000000
4865;66646,312660;0,000000;0,968421;3000,000000
4866;24192,050429;0,000000;0,989474;3000,000000
4867;34350,172416;0,000000;0,978947;3000,000000
4868;33542,731627;0,000000;0,968421;3000,000000
4869;94054,186520;0,000000;0,957895;3000,000000
4870;66603,401908;0,000000;0,957895;3000,000000
4871;68373,666713;0,000000;0,957895;3000,000000
4872;0,000000;0,000000;1,000000;3000,000000
4873;0,000000;0,000000;1,000000;3000,000000
4874;120000,000000;54615,816387;0,915789;3000,000000
4875;99403,741017;76003,509245;0,800000;3000,000000
4876;108020,363962;73697,015984;0,863158;3000,000000
4877;92620,062254;14307,029412;0,947368;3000,000000
4878;73545,120185;0,000000;0,968421;3000,000000
4879;74376,040256;0,000000;0,957895;3000,000000
4880;66782,334104;0,000000;0,957895;3000,000000
4881;112740,689964;0,000000;0,968421;3000,000000
4882;120000,000000;84330,851511;0,884211;3000,000000
4883;103768,170297;84936,728708;0,736842;3000,000000
4884;83703,659573;17593,072016;0,936842;3000,000000
4885;51166,337679;0,000000;0,957895;3000,000000
4886;61288,896014;32075,003587;0,936842;3000,000000
4887;73355,676125;0,000000;0,968421;3000,000000
4888;51792,304494;0,000000;0,968421;3000,000000
4889;33429,695516;0,000000;0,968421;3000,000000
4890;66348,062069;6356,269347;0,947368;3000,000000
4891;51007,827995;0,000000;0,989474;3000,000000
4892;69308,693318;35951,748156;0,936842;3000,000000
4893;43691,465128;0,000000;0,968421;3000,000000
4894;47797,341603;0,000000;0,957895;3000,000000
4895;57857,690103;0,000000;0,968421;3000,000000
4896;104878,590248;14019,968548;0,947368;3000,000000
4897;71807,642074;0,000000;0,957895;3000,000000
4898;43131,532742;0,000000;0,989474;3000,000000
4899;0,000000;0,000000;1,000000;3000,000000
4900;57857,690103;0,000000;0,957895;3000,000000
4901;95696,049577;0,000000;0,957895;3000,000000
4902;49812,488752;0,000000;0,978947;3000,000000
4903;10921,734270;0,000000;0,989474;3000,000000
4904;120000,000000;0,000000;0,968421;3000,000000
4905;120000,000000;114547,796929;0,800000;3000,000000
4906;38479,361872;0,000000;0,957895;3000,000000
4907;77253,159383;22596,123541;0,852632;3000,000000
4908;45646,382286;2715,736083;0,947368;3000,000000
4909;103224,149582;0,000000;0,968421;3000,000000
4910;120000,000000;2587,626967;0,947368;3000,000000
4911;51391,423028;0,000000;0,957895;3000,000000
4912;78643,194180;0,000000;0,968421;3000,000000
4913;84742,035662;7644,140646;0,947368;3000,000000
4914;56926,773229;0,000000;0,978947;3000,000000
4915;0,000000;0,000000;1,000000;3000,000000
4916;0,000000;0,000000;1,000000;3000,000000
4917;120000,000000;43281,020673;0,915789;3000,000000
4918;97663,393495;0,000000;0,968421;3000,000000
4919;33447,414560;0,000000;0,989474;3000,000000
4920;20638,909048;0,000000;0,989474;3000,000000
4921;31288,703035;0,000000;0,989474;3000,000000
4922;55774,562608;0,000000;0,989474;3000,000000
4923;82242,304176;0,000000;0,968421;3000,000000
4924;42604,930868;0,000000;0,989474;3000,000000
4925;87331,084697;0,000000;0,989474;3000,000000
4926;31221,617411;0,000000;0,978947;3000,000000
4927;61592,361567;6954,755990;0,947368;3000,000000
4928;120000,000000;0,000000;0,989474;3000,000000
4929;69089,328740;0,000000;0,978947;3000,000000
4930;59153,793587;0,000000;0,957895;3000,000000
4931;0,000000;0,000000;1,000000;3000,000000
4932;86727,436947;0,000000;0,989474;3000,000000
4933;100304,129771;0,000000;0,957895;3000,000000
4934;106144,395187;95925,437830;0,789474;3000,000000
4935;120000,000000;44545,643381;0,884211;3000,000000
4936;120000,000000;116886,907738;0,800000;3000,000000
4937;91882,799478;0,000000;0,957895;3000,000000
4938;35722,635562;0,000000;0,989474;3000,000000
4939;82573,310197;0,000000;0,957895;3000,000000
4940;0,000000;0,000000;1,000000;3000,000000
4941;105374,863816;0,000000;0,978947;3000,000000
4942;56128,524296;0,000000;0,957895;3000,000000
4943;38479,361872;0,000000;0,968421;3000,000000
4944;109875,005545;90923,506537;0,747368;3000,000000
4945;115461,611363;43539,360446;0,926316;3000,000000
4946;38246,507814;0,000000;0,978947;3000,000000
4947;92473,481773;0,000000;0,978947;3000,000000
4948;0,000000;0,000000;1,000000;3000,000000
4949;49990,087734;0,000000;0,989474;3000,000000
4950;120000,000000;108996,786484;0,631579;3000,000000
4951;101226,120051;66617,374211;0,894737;3000,000000
4952;0,000000;0,000000;1,000000;3000,000000
4953;0,000000;0,000000;1,000000;3000,000000
4954;25377,089596;0,000000;0,989474;3000,000000
4955;0,000000;0,000000;1,000000;3000,000000
4956;0,000000;0,000000;1,000000;3000,000000
4957;0,000000;0,000000;1,000000;3000,000000
4958;0,000000;0,000000;1,000000;3000,000000
4959;74518,370665;0,000000;0,968421;3000,000000
4960;0,000000;0,000000;1,000000;3000,000000
4961;23068,725127;0,000000;0,989474;3000,000000
4962;0,000000;0,000000;1,000000;3000,000000
4963;0,000000;0,000000;1,000000;3000,000000
4964;0,000000;0,000000;1,000000;3000,000000
4965;386,095972;0,000000;1,000000;3000,000000
4966;69944,239802;0,000000;0,978947;3000,000000
4967;89624,990882;0,000000;0,968421;3000,000000
4968;0,000000;0,000000;1,000000;3000,000000
4969;0,000000;0,000000;1,000000;3000,000000
4970;0,000000;0,000000;1,000000;3000,000000
4971;0,000000;0,000000;1,000000;3000,000000
4972;0,000000;0,000000;1,000000;3000,000000
4973;0,000000;0,000000;1,000000;3000,000000
4974;0,000000;0,000000;1,000000;3000,000000
4975;3744,494078;0,000000;0,989474;3000,000000
4976;0,000000;0,000000;1,000000;3000,000000
4977;58751,057717;0,000000;0,989474;3000,000000
4978;0,000000;0,000000;1,000000;3000,000000
4979;29383,050735;0,000000;0,978947;3000,000000
4980;0,000000;0,000000;1,000000;3000,000000
4981;0,000000;0,000000;1,000000;3000,000000
4982;0,000000;0,000000;1,000000;3000,000000
4983;0,000000;0,000000;1,000000;3000,000000
4984;0,000000;0,000000;1,000000;3000,000000
4985;36780,993059;0,000000;0,989474;3000,000000
4986;0,000000;0,000000;1,000000;3000,000000
4987;0,000000;0,000000;1,000000;3000,000000
4988;0,000000;0,000000;1,000000;3000,000000
4989;0,000000;0,000000;1,000000;3000,000000
4990;34026,477134;0,000000;0,989474;3000,000000
4991;0,000000;0,000000;1,000000;3000,000000
4992;0,000000;0,000000;1,000000;3000,000000
4993;0,000000;0,000000;1,000000;3000,000000
4994;0,000000;0,000000;1,000000;3000,000000
4995;0,000000;0,000000;1,000000;3000,000000
4996;65129,116442;36048,653907;0,915789;3000,000000
4997;0,000000;0,000000;1,000000;3000,000000
4998;51623,713255;0,000000;0,989474;3000,000000
4999;39914,894169;0,000000;0,989474;3000,000000
