episode;action_column;switch_rate
0;action_battery#0;0,648936
1;action_battery#0;0,680851
2;action_battery#0;0,648936
3;action_battery#0;0,712766
4;action_battery#0;0,670213
5;action_battery#0;0,648936
6;action_battery#0;0,648936
7;action_battery#0;0,574468
8;action_battery#0;0,670213
9;action_battery#0;0,595745
10;action_battery#0;0,744681
11;action_battery#0;0,691489
12;action_battery#0;0,670213
13;action_battery#0;0,617021
14;action_battery#0;0,680851
15;action_battery#0;0,712766
16;action_battery#0;0,638298
17;action_battery#0;0,680851
18;action_battery#0;0,702128
19;action_battery#0;0,638298
20;action_battery#0;0,606383
21;action_battery#0;0,691489
22;action_battery#0;0,659574
23;action_battery#0;0,638298
24;action_battery#0;0,723404
25;action_battery#0;0,734043
26;action_battery#0;0,638298
27;action_battery#0;0,595745
28;action_battery#0;0,595745
29;action_battery#0;0,585106
30;action_battery#0;0,627660
31;action_battery#0;0,617021
32;action_battery#0;0,638298
33;action_battery#0;0,595745
34;action_battery#0;0,638298
35;action_battery#0;0,585106
36;action_battery#0;0,627660
37;action_battery#0;0,648936
38;action_battery#0;0,627660
39;action_battery#0;0,702128
40;action_battery#0;0,670213
41;action_battery#0;0,755319
42;action_battery#0;0,680851
43;action_battery#0;0,627660
44;action_battery#0;0,744681
45;action_battery#0;0,723404
46;action_battery#0;0,702128
47;action_battery#0;0,702128
48;action_battery#0;0,680851
49;action_battery#0;0,659574
50;action_battery#0;0,617021
51;action_battery#0;0,723404
52;action_battery#0;0,638298
53;action_battery#0;0,595745
54;action_battery#0;0,638298
55;action_battery#0;0,670213
56;action_battery#0;0,734043
57;action_battery#0;0,734043
58;action_battery#0;0,680851
59;action_battery#0;0,702128
60;action_battery#0;0,659574
61;action_battery#0;0,627660
62;action_battery#0;0,638298
63;action_battery#0;0,734043
64;action_battery#0;0,606383
65;action_battery#0;0,723404
66;action_battery#0;0,648936
67;action_battery#0;0,702128
68;action_battery#0;0,680851
69;action_battery#0;0,627660
70;action_battery#0;0,712766
71;action_battery#0;0,670213
72;action_battery#0;0,734043
73;action_battery#0;0,659574
74;action_battery#0;0,723404
75;action_battery#0;0,734043
76;action_battery#0;0,744681
77;action_battery#0;0,680851
78;action_battery#0;0,659574
79;action_battery#0;0,680851
80;action_battery#0;0,648936
81;action_battery#0;0,638298
82;action_battery#0;0,617021
83;action_battery#0;0,659574
84;action_battery#0;0,734043
85;action_battery#0;0,670213
86;action_battery#0;0,648936
87;action_battery#0;0,765957
88;action_battery#0;0,617021
89;action_battery#0;0,723404
90;action_battery#0;0,617021
91;action_battery#0;0,702128
92;action_battery#0;0,670213
93;action_battery#0;0,617021
94;action_battery#0;0,680851
95;action_battery#0;0,723404
96;action_battery#0;0,648936
97;action_battery#0;0,659574
98;action_battery#0;0,585106
99;action_battery#0;0,755319
100;action_battery#0;0,712766
101;action_battery#0;0,691489
102;action_battery#0;0,691489
103;action_battery#0;0,638298
104;action_battery#0;0,712766
105;action_battery#0;0,627660
106;action_battery#0;0,585106
107;action_battery#0;0,755319
108;action_battery#0;0,659574
109;action_battery#0;0,702128
110;action_battery#0;0,648936
111;action_battery#0;0,723404
112;action_battery#0;0,585106
113;action_battery#0;0,617021
114;action_battery#0;0,659574
115;action_battery#0;0,744681
116;action_battery#0;0,691489
117;action_battery#0;0,617021
118;action_battery#0;0,691489
119;action_battery#0;0,670213
120;action_battery#0;0,627660
121;action_battery#0;0,723404
122;action_battery#0;0,659574
123;action_battery#0;0,627660
124;action_battery#0;0,648936
125;action_battery#0;0,691489
126;action_battery#0;0,531915
127;action_battery#0;0,670213
128;action_battery#0;0,638298
129;action_battery#0;0,734043
130;action_battery#0;0,670213
131;action_battery#0;0,648936
132;action_battery#0;0,627660
133;action_battery#0;0,648936
134;action_battery#0;0,648936
135;action_battery#0;0,627660
136;action_battery#0;0,659574
137;action_battery#0;0,648936
138;action_battery#0;0,744681
139;action_battery#0;0,638298
140;action_battery#0;0,638298
141;action_battery#0;0,627660
142;action_battery#0;0,680851
143;action_battery#0;0,680851
144;action_battery#0;0,563830
145;action_battery#0;0,617021
146;action_battery#0;0,563830
147;action_battery#0;0,638298
148;action_battery#0;0,702128
149;action_battery#0;0,648936
150;action_battery#0;0,617021
151;action_battery#0;0,702128
152;action_battery#0;0,627660
153;action_battery#0;0,680851
154;action_battery#0;0,617021
155;action_battery#0;0,627660
156;action_battery#0;0,691489
157;action_battery#0;0,670213
158;action_battery#0;0,670213
159;action_battery#0;0,638298
160;action_battery#0;0,680851
161;action_battery#0;0,648936
162;action_battery#0;0,627660
163;action_battery#0;0,702128
164;action_battery#0;0,627660
165;action_battery#0;0,648936
166;action_battery#0;0,680851
167;action_battery#0;0,585106
168;action_battery#0;0,648936
169;action_battery#0;0,670213
170;action_battery#0;0,606383
171;action_battery#0;0,670213
172;action_battery#0;0,734043
173;action_battery#0;0,670213
174;action_battery#0;0,734043
175;action_battery#0;0,670213
176;action_battery#0;0,755319
177;action_battery#0;0,670213
178;action_battery#0;0,755319
179;action_battery#0;0,595745
180;action_battery#0;0,595745
181;action_battery#0;0,680851
182;action_battery#0;0,648936
183;action_battery#0;0,691489
184;action_battery#0;0,648936
185;action_battery#0;0,606383
186;action_battery#0;0,712766
187;action_battery#0;0,617021
188;action_battery#0;0,712766
189;action_battery#0;0,712766
190;action_battery#0;0,585106
191;action_battery#0;0,595745
192;action_battery#0;0,659574
193;action_battery#0;0,712766
194;action_battery#0;0,734043
195;action_battery#0;0,680851
196;action_battery#0;0,702128
197;action_battery#0;0,617021
198;action_battery#0;0,744681
199;action_battery#0;0,648936
200;action_battery#0;0,670213
201;action_battery#0;0,702128
202;action_battery#0;0,734043
203;action_battery#0;0,755319
204;action_battery#0;0,659574
205;action_battery#0;0,702128
206;action_battery#0;0,627660
207;action_battery#0;0,734043
208;action_battery#0;0,723404
209;action_battery#0;0,702128
210;action_battery#0;0,648936
211;action_battery#0;0,734043
212;action_battery#0;0,627660
213;action_battery#0;0,680851
214;action_battery#0;0,691489
215;action_battery#0;0,691489
216;action_battery#0;0,734043
217;action_battery#0;0,627660
218;action_battery#0;0,670213
219;action_battery#0;0,680851
220;action_battery#0;0,723404
221;action_battery#0;0,712766
222;action_battery#0;0,712766
223;action_battery#0;0,670213
224;action_battery#0;0,659574
225;action_battery#0;0,776596
226;action_battery#0;0,755319
227;action_battery#0;0,659574
228;action_battery#0;0,680851
229;action_battery#0;0,691489
230;action_battery#0;0,627660
231;action_battery#0;0,680851
232;action_battery#0;0,627660
233;action_battery#0;0,638298
234;action_battery#0;0,691489
235;action_battery#0;0,776596
236;action_battery#0;0,691489
237;action_battery#0;0,723404
238;action_battery#0;0,680851
239;action_battery#0;0,638298
240;action_battery#0;0,648936
241;action_battery#0;0,659574
242;action_battery#0;0,606383
243;action_battery#0;0,734043
244;action_battery#0;0,680851
245;action_battery#0;0,723404
246;action_battery#0;0,776596
247;action_battery#0;0,680851
248;action_battery#0;0,595745
249;action_battery#0;0,659574
250;action_battery#0;0,702128
251;action_battery#0;0,680851
252;action_battery#0;0,702128
253;action_battery#0;0,606383
254;action_battery#0;0,744681
255;action_battery#0;0,659574
256;action_battery#0;0,659574
257;action_battery#0;0,723404
258;action_battery#0;0,659574
259;action_battery#0;0,670213
260;action_battery#0;0,606383
261;action_battery#0;0,648936
262;action_battery#0;0,680851
263;action_battery#0;0,680851
264;action_battery#0;0,627660
265;action_battery#0;0,734043
266;action_battery#0;0,542553
267;action_battery#0;0,776596
268;action_battery#0;0,627660
269;action_battery#0;0,553191
270;action_battery#0;0,723404
271;action_battery#0;0,691489
272;action_battery#0;0,723404
273;action_battery#0;0,627660
274;action_battery#0;0,723404
275;action_battery#0;0,606383
276;action_battery#0;0,680851
277;action_battery#0;0,712766
278;action_battery#0;0,648936
279;action_battery#0;0,617021
280;action_battery#0;0,606383
281;action_battery#0;0,659574
282;action_battery#0;0,691489
283;action_battery#0;0,617021
284;action_battery#0;0,734043
285;action_battery#0;0,670213
286;action_battery#0;0,787234
287;action_battery#0;0,691489
288;action_battery#0;0,606383
289;action_battery#0;0,680851
290;action_battery#0;0,712766
291;action_battery#0;0,606383
292;action_battery#0;0,680851
293;action_battery#0;0,734043
294;action_battery#0;0,744681
295;action_battery#0;0,776596
296;action_battery#0;0,617021
297;action_battery#0;0,797872
298;action_battery#0;0,702128
299;action_battery#0;0,702128
300;action_battery#0;0,638298
301;action_battery#0;0,606383
302;action_battery#0;0,680851
303;action_battery#0;0,617021
304;action_battery#0;0,702128
305;action_battery#0;0,638298
306;action_battery#0;0,670213
307;action_battery#0;0,627660
308;action_battery#0;0,627660
309;action_battery#0;0,670213
310;action_battery#0;0,659574
311;action_battery#0;0,712766
312;action_battery#0;0,712766
313;action_battery#0;0,670213
314;action_battery#0;0,670213
315;action_battery#0;0,617021
316;action_battery#0;0,648936
317;action_battery#0;0,702128
318;action_battery#0;0,648936
319;action_battery#0;0,670213
320;action_battery#0;0,648936
321;action_battery#0;0,606383
322;action_battery#0;0,691489
323;action_battery#0;0,723404
324;action_battery#0;0,553191
325;action_battery#0;0,659574
326;action_battery#0;0,617021
327;action_battery#0;0,648936
328;action_battery#0;0,617021
329;action_battery#0;0,659574
330;action_battery#0;0,670213
331;action_battery#0;0,574468
332;action_battery#0;0,648936
333;action_battery#0;0,712766
334;action_battery#0;0,680851
335;action_battery#0;0,627660
336;action_battery#0;0,755319
337;action_battery#0;0,595745
338;action_battery#0;0,627660
339;action_battery#0;0,638298
340;action_battery#0;0,648936
341;action_battery#0;0,638298
342;action_battery#0;0,648936
343;action_battery#0;0,563830
344;action_battery#0;0,659574
345;action_battery#0;0,723404
346;action_battery#0;0,691489
347;action_battery#0;0,680851
348;action_battery#0;0,712766
349;action_battery#0;0,702128
350;action_battery#0;0,627660
351;action_battery#0;0,712766
352;action_battery#0;0,691489
353;action_battery#0;0,680851
354;action_battery#0;0,617021
355;action_battery#0;0,563830
356;action_battery#0;0,670213
357;action_battery#0;0,680851
358;action_battery#0;0,670213
359;action_battery#0;0,638298
360;action_battery#0;0,691489
361;action_battery#0;0,627660
362;action_battery#0;0,680851
363;action_battery#0;0,574468
364;action_battery#0;0,617021
365;action_battery#0;0,680851
366;action_battery#0;0,744681
367;action_battery#0;0,595745
368;action_battery#0;0,680851
369;action_battery#0;0,691489
370;action_battery#0;0,659574
371;action_battery#0;0,702128
372;action_battery#0;0,521277
373;action_battery#0;0,744681
374;action_battery#0;0,702128
375;action_battery#0;0,734043
376;action_battery#0;0,638298
377;action_battery#0;0,734043
378;action_battery#0;0,606383
379;action_battery#0;0,691489
380;action_battery#0;0,606383
381;action_battery#0;0,595745
382;action_battery#0;0,617021
383;action_battery#0;0,680851
384;action_battery#0;0,712766
385;action_battery#0;0,712766
386;action_battery#0;0,670213
387;action_battery#0;0,595745
388;action_battery#0;0,691489
389;action_battery#0;0,627660
390;action_battery#0;0,606383
391;action_battery#0;0,627660
392;action_battery#0;0,691489
393;action_battery#0;0,680851
394;action_battery#0;0,521277
395;action_battery#0;0,702128
396;action_battery#0;0,670213
397;action_battery#0;0,680851
398;action_battery#0;0,755319
399;action_battery#0;0,680851
400;action_battery#0;0,765957
401;action_battery#0;0,648936
402;action_battery#0;0,585106
403;action_battery#0;0,606383
404;action_battery#0;0,680851
405;action_battery#0;0,670213
406;action_battery#0;0,734043
407;action_battery#0;0,829787
408;action_battery#0;0,702128
409;action_battery#0;0,744681
410;action_battery#0;0,563830
411;action_battery#0;0,659574
412;action_battery#0;0,659574
413;action_battery#0;0,691489
414;action_battery#0;0,702128
415;action_battery#0;0,670213
416;action_battery#0;0,691489
417;action_battery#0;0,542553
418;action_battery#0;0,691489
419;action_battery#0;0,670213
420;action_battery#0;0,606383
421;action_battery#0;0,648936
422;action_battery#0;0,627660
423;action_battery#0;0,670213
424;action_battery#0;0,606383
425;action_battery#0;0,670213
426;action_battery#0;0,680851
427;action_battery#0;0,606383
428;action_battery#0;0,617021
429;action_battery#0;0,670213
430;action_battery#0;0,595745
431;action_battery#0;0,648936
432;action_battery#0;0,585106
433;action_battery#0;0,617021
434;action_battery#0;0,691489
435;action_battery#0;0,574468
436;action_battery#0;0,617021
437;action_battery#0;0,606383
438;action_battery#0;0,702128
439;action_battery#0;0,680851
440;action_battery#0;0,659574
441;action_battery#0;0,627660
442;action_battery#0;0,702128
443;action_battery#0;0,702128
444;action_battery#0;0,702128
445;action_battery#0;0,734043
446;action_battery#0;0,574468
447;action_battery#0;0,670213
448;action_battery#0;0,638298
449;action_battery#0;0,680851
450;action_battery#0;0,595745
451;action_battery#0;0,574468
452;action_battery#0;0,659574
453;action_battery#0;0,659574
454;action_battery#0;0,659574
455;action_battery#0;0,638298
456;action_battery#0;0,670213
457;action_battery#0;0,595745
458;action_battery#0;0,659574
459;action_battery#0;0,691489
460;action_battery#0;0,712766
461;action_battery#0;0,691489
462;action_battery#0;0,574468
463;action_battery#0;0,691489
464;action_battery#0;0,606383
465;action_battery#0;0,670213
466;action_battery#0;0,659574
467;action_battery#0;0,638298
468;action_battery#0;0,595745
469;action_battery#0;0,563830
470;action_battery#0;0,627660
471;action_battery#0;0,595745
472;action_battery#0;0,712766
473;action_battery#0;0,744681
474;action_battery#0;0,563830
475;action_battery#0;0,627660
476;action_battery#0;0,680851
477;action_battery#0;0,712766
478;action_battery#0;0,776596
479;action_battery#0;0,606383
480;action_battery#0;0,670213
481;action_battery#0;0,627660
482;action_battery#0;0,680851
483;action_battery#0;0,574468
484;action_battery#0;0,638298
485;action_battery#0;0,648936
486;action_battery#0;0,670213
487;action_battery#0;0,744681
488;action_battery#0;0,670213
489;action_battery#0;0,627660
490;action_battery#0;0,648936
491;action_battery#0;0,659574
492;action_battery#0;0,648936
493;action_battery#0;0,680851
494;action_battery#0;0,574468
495;action_battery#0;0,563830
496;action_battery#0;0,617021
497;action_battery#0;0,659574
498;action_battery#0;0,670213
499;action_battery#0;0,595745
500;action_battery#0;0,627660
501;action_battery#0;0,755319
502;action_battery#0;0,595745
503;action_battery#0;0,638298
504;action_battery#0;0,691489
505;action_battery#0;0,606383
506;action_battery#0;0,648936
507;action_battery#0;0,723404
508;action_battery#0;0,638298
509;action_battery#0;0,670213
510;action_battery#0;0,638298
511;action_battery#0;0,680851
512;action_battery#0;0,648936
513;action_battery#0;0,638298
514;action_battery#0;0,521277
515;action_battery#0;0,659574
516;action_battery#0;0,670213
517;action_battery#0;0,638298
518;action_battery#0;0,691489
519;action_battery#0;0,648936
520;action_battery#0;0,691489
521;action_battery#0;0,638298
522;action_battery#0;0,680851
523;action_battery#0;0,606383
524;action_battery#0;0,627660
525;action_battery#0;0,574468
526;action_battery#0;0,712766
527;action_battery#0;0,638298
528;action_battery#0;0,617021
529;action_battery#0;0,595745
530;action_battery#0;0,702128
531;action_battery#0;0,723404
532;action_battery#0;0,648936
533;action_battery#0;0,510638
534;action_battery#0;0,723404
535;action_battery#0;0,680851
536;action_battery#0;0,638298
537;action_battery#0;0,648936
538;action_battery#0;0,776596
539;action_battery#0;0,648936
540;action_battery#0;0,659574
541;action_battery#0;0,563830
542;action_battery#0;0,670213
543;action_battery#0;0,659574
544;action_battery#0;0,776596
545;action_battery#0;0,765957
546;action_battery#0;0,617021
547;action_battery#0;0,627660
548;action_battery#0;0,723404
549;action_battery#0;0,606383
550;action_battery#0;0,670213
551;action_battery#0;0,617021
552;action_battery#0;0,670213
553;action_battery#0;0,723404
554;action_battery#0;0,680851
555;action_battery#0;0,680851
556;action_battery#0;0,574468
557;action_battery#0;0,734043
558;action_battery#0;0,563830
559;action_battery#0;0,680851
560;action_battery#0;0,691489
561;action_battery#0;0,691489
562;action_battery#0;0,553191
563;action_battery#0;0,680851
564;action_battery#0;0,702128
565;action_battery#0;0,702128
566;action_battery#0;0,670213
567;action_battery#0;0,734043
568;action_battery#0;0,744681
569;action_battery#0;0,627660
570;action_battery#0;0,702128
571;action_battery#0;0,670213
572;action_battery#0;0,670213
573;action_battery#0;0,617021
574;action_battery#0;0,627660
575;action_battery#0;0,659574
576;action_battery#0;0,691489
577;action_battery#0;0,723404
578;action_battery#0;0,648936
579;action_battery#0;0,691489
580;action_battery#0;0,574468
581;action_battery#0;0,659574
582;action_battery#0;0,723404
583;action_battery#0;0,702128
584;action_battery#0;0,585106
585;action_battery#0;0,595745
586;action_battery#0;0,659574
587;action_battery#0;0,659574
588;action_battery#0;0,638298
589;action_battery#0;0,595745
590;action_battery#0;0,659574
591;action_battery#0;0,691489
592;action_battery#0;0,691489
593;action_battery#0;0,638298
594;action_battery#0;0,680851
595;action_battery#0;0,617021
596;action_battery#0;0,648936
597;action_battery#0;0,702128
598;action_battery#0;0,638298
599;action_battery#0;0,670213
600;action_battery#0;0,670213
601;action_battery#0;0,617021
602;action_battery#0;0,691489
603;action_battery#0;0,659574
604;action_battery#0;0,553191
605;action_battery#0;0,712766
606;action_battery#0;0,680851
607;action_battery#0;0,723404
608;action_battery#0;0,691489
609;action_battery#0;0,659574
610;action_battery#0;0,627660
611;action_battery#0;0,606383
612;action_battery#0;0,627660
613;action_battery#0;0,680851
614;action_battery#0;0,734043
615;action_battery#0;0,574468
616;action_battery#0;0,553191
617;action_battery#0;0,648936
618;action_battery#0;0,712766
619;action_battery#0;0,617021
620;action_battery#0;0,659574
621;action_battery#0;0,574468
622;action_battery#0;0,712766
623;action_battery#0;0,659574
624;action_battery#0;0,617021
625;action_battery#0;0,627660
626;action_battery#0;0,691489
627;action_battery#0;0,606383
628;action_battery#0;0,691489
629;action_battery#0;0,574468
630;action_battery#0;0,691489
631;action_battery#0;0,734043
632;action_battery#0;0,606383
633;action_battery#0;0,638298
634;action_battery#0;0,553191
635;action_battery#0;0,659574
636;action_battery#0;0,638298
637;action_battery#0;0,606383
638;action_battery#0;0,659574
639;action_battery#0;0,606383
640;action_battery#0;0,723404
641;action_battery#0;0,691489
642;action_battery#0;0,659574
643;action_battery#0;0,723404
644;action_battery#0;0,734043
645;action_battery#0;0,680851
646;action_battery#0;0,606383
647;action_battery#0;0,680851
648;action_battery#0;0,563830
649;action_battery#0;0,702128
650;action_battery#0;0,606383
651;action_battery#0;0,595745
652;action_battery#0;0,648936
653;action_battery#0;0,648936
654;action_battery#0;0,638298
655;action_battery#0;0,606383
656;action_battery#0;0,680851
657;action_battery#0;0,670213
658;action_battery#0;0,659574
659;action_battery#0;0,691489
660;action_battery#0;0,712766
661;action_battery#0;0,734043
662;action_battery#0;0,723404
663;action_battery#0;0,680851
664;action_battery#0;0,627660
665;action_battery#0;0,648936
666;action_battery#0;0,734043
667;action_battery#0;0,585106
668;action_battery#0;0,659574
669;action_battery#0;0,680851
670;action_battery#0;0,648936
671;action_battery#0;0,606383
672;action_battery#0;0,755319
673;action_battery#0;0,638298
674;action_battery#0;0,670213
675;action_battery#0;0,702128
676;action_battery#0;0,627660
677;action_battery#0;0,574468
678;action_battery#0;0,680851
679;action_battery#0;0,638298
680;action_battery#0;0,617021
681;action_battery#0;0,574468
682;action_battery#0;0,606383
683;action_battery#0;0,712766
684;action_battery#0;0,755319
685;action_battery#0;0,606383
686;action_battery#0;0,670213
687;action_battery#0;0,606383
688;action_battery#0;0,691489
689;action_battery#0;0,648936
690;action_battery#0;0,617021
691;action_battery#0;0,723404
692;action_battery#0;0,585106
693;action_battery#0;0,617021
694;action_battery#0;0,702128
695;action_battery#0;0,670213
696;action_battery#0;0,617021
697;action_battery#0;0,670213
698;action_battery#0;0,659574
699;action_battery#0;0,595745
700;action_battery#0;0,648936
701;action_battery#0;0,691489
702;action_battery#0;0,691489
703;action_battery#0;0,723404
704;action_battery#0;0,638298
705;action_battery#0;0,617021
706;action_battery#0;0,659574
707;action_battery#0;0,638298
708;action_battery#0;0,670213
709;action_battery#0;0,702128
710;action_battery#0;0,670213
711;action_battery#0;0,510638
712;action_battery#0;0,680851
713;action_battery#0;0,648936
714;action_battery#0;0,670213
715;action_battery#0;0,776596
716;action_battery#0;0,712766
717;action_battery#0;0,585106
718;action_battery#0;0,659574
719;action_battery#0;0,606383
720;action_battery#0;0,542553
721;action_battery#0;0,659574
722;action_battery#0;0,574468
723;action_battery#0;0,585106
724;action_battery#0;0,723404
725;action_battery#0;0,606383
726;action_battery#0;0,670213
727;action_battery#0;0,680851
728;action_battery#0;0,659574
729;action_battery#0;0,670213
730;action_battery#0;0,723404
731;action_battery#0;0,808511
732;action_battery#0;0,606383
733;action_battery#0;0,648936
734;action_battery#0;0,702128
735;action_battery#0;0,627660
736;action_battery#0;0,755319
737;action_battery#0;0,617021
738;action_battery#0;0,574468
739;action_battery#0;0,712766
740;action_battery#0;0,670213
741;action_battery#0;0,670213
742;action_battery#0;0,574468
743;action_battery#0;0,574468
744;action_battery#0;0,776596
745;action_battery#0;0,659574
746;action_battery#0;0,606383
747;action_battery#0;0,712766
748;action_battery#0;0,627660
749;action_battery#0;0,627660
750;action_battery#0;0,627660
751;action_battery#0;0,648936
752;action_battery#0;0,680851
753;action_battery#0;0,595745
754;action_battery#0;0,734043
755;action_battery#0;0,744681
756;action_battery#0;0,595745
757;action_battery#0;0,595745
758;action_battery#0;0,734043
759;action_battery#0;0,702128
760;action_battery#0;0,478723
761;action_battery#0;0,585106
762;action_battery#0;0,670213
763;action_battery#0;0,627660
764;action_battery#0;0,680851
765;action_battery#0;0,595745
766;action_battery#0;0,627660
767;action_battery#0;0,702128
768;action_battery#0;0,680851
769;action_battery#0;0,585106
770;action_battery#0;0,542553
771;action_battery#0;0,659574
772;action_battery#0;0,712766
773;action_battery#0;0,574468
774;action_battery#0;0,744681
775;action_battery#0;0,606383
776;action_battery#0;0,521277
777;action_battery#0;0,585106
778;action_battery#0;0,638298
779;action_battery#0;0,606383
780;action_battery#0;0,755319
781;action_battery#0;0,606383
782;action_battery#0;0,670213
783;action_battery#0;0,648936
784;action_battery#0;0,659574
785;action_battery#0;0,617021
786;action_battery#0;0,659574
787;action_battery#0;0,670213
788;action_battery#0;0,595745
789;action_battery#0;0,680851
790;action_battery#0;0,585106
791;action_battery#0;0,691489
792;action_battery#0;0,531915
793;action_battery#0;0,574468
794;action_battery#0;0,617021
795;action_battery#0;0,702128
796;action_battery#0;0,638298
797;action_battery#0;0,585106
798;action_battery#0;0,595745
799;action_battery#0;0,691489
800;action_battery#0;0,702128
801;action_battery#0;0,638298
802;action_battery#0;0,617021
803;action_battery#0;0,638298
804;action_battery#0;0,648936
805;action_battery#0;0,680851
806;action_battery#0;0,723404
807;action_battery#0;0,659574
808;action_battery#0;0,744681
809;action_battery#0;0,691489
810;action_battery#0;0,542553
811;action_battery#0;0,648936
812;action_battery#0;0,702128
813;action_battery#0;0,638298
814;action_battery#0;0,563830
815;action_battery#0;0,670213
816;action_battery#0;0,627660
817;action_battery#0;0,755319
818;action_battery#0;0,617021
819;action_battery#0;0,627660
820;action_battery#0;0,648936
821;action_battery#0;0,670213
822;action_battery#0;0,585106
823;action_battery#0;0,585106
824;action_battery#0;0,691489
825;action_battery#0;0,648936
826;action_battery#0;0,617021
827;action_battery#0;0,617021
828;action_battery#0;0,712766
829;action_battery#0;0,553191
830;action_battery#0;0,680851
831;action_battery#0;0,638298
832;action_battery#0;0,574468
833;action_battery#0;0,648936
834;action_battery#0;0,659574
835;action_battery#0;0,617021
836;action_battery#0;0,606383
837;action_battery#0;0,617021
838;action_battery#0;0,648936
839;action_battery#0;0,702128
840;action_battery#0;0,606383
841;action_battery#0;0,648936
842;action_battery#0;0,659574
843;action_battery#0;0,574468
844;action_battery#0;0,617021
845;action_battery#0;0,680851
846;action_battery#0;0,659574
847;action_battery#0;0,680851
848;action_battery#0;0,563830
849;action_battery#0;0,680851
850;action_battery#0;0,648936
851;action_battery#0;0,680851
852;action_battery#0;0,691489
853;action_battery#0;0,531915
854;action_battery#0;0,638298
855;action_battery#0;0,521277
856;action_battery#0;0,585106
857;action_battery#0;0,638298
858;action_battery#0;0,553191
859;action_battery#0;0,500000
860;action_battery#0;0,542553
861;action_battery#0;0,606383
862;action_battery#0;0,659574
863;action_battery#0;0,617021
864;action_battery#0;0,606383
865;action_battery#0;0,702128
866;action_battery#0;0,648936
867;action_battery#0;0,670213
868;action_battery#0;0,734043
869;action_battery#0;0,680851
870;action_battery#0;0,606383
871;action_battery#0;0,659574
872;action_battery#0;0,638298
873;action_battery#0;0,617021
874;action_battery#0;0,659574
875;action_battery#0;0,585106
876;action_battery#0;0,648936
877;action_battery#0;0,638298
878;action_battery#0;0,670213
879;action_battery#0;0,595745
880;action_battery#0;0,691489
881;action_battery#0;0,638298
882;action_battery#0;0,563830
883;action_battery#0;0,585106
884;action_battery#0;0,702128
885;action_battery#0;0,553191
886;action_battery#0;0,680851
887;action_battery#0;0,574468
888;action_battery#0;0,691489
889;action_battery#0;0,712766
890;action_battery#0;0,595745
891;action_battery#0;0,670213
892;action_battery#0;0,691489
893;action_battery#0;0,659574
894;action_battery#0;0,617021
895;action_battery#0;0,617021
896;action_battery#0;0,574468
897;action_battery#0;0,553191
898;action_battery#0;0,574468
899;action_battery#0;0,574468
900;action_battery#0;0,531915
901;action_battery#0;0,638298
902;action_battery#0;0,617021
903;action_battery#0;0,670213
904;action_battery#0;0,680851
905;action_battery#0;0,648936
906;action_battery#0;0,531915
907;action_battery#0;0,648936
908;action_battery#0;0,702128
909;action_battery#0;0,574468
910;action_battery#0;0,670213
911;action_battery#0;0,680851
912;action_battery#0;0,670213
913;action_battery#0;0,606383
914;action_battery#0;0,617021
915;action_battery#0;0,617021
916;action_battery#0;0,648936
917;action_battery#0;0,734043
918;action_battery#0;0,553191
919;action_battery#0;0,553191
920;action_battery#0;0,595745
921;action_battery#0;0,734043
922;action_battery#0;0,585106
923;action_battery#0;0,627660
924;action_battery#0;0,585106
925;action_battery#0;0,638298
926;action_battery#0;0,542553
927;action_battery#0;0,553191
928;action_battery#0;0,595745
929;action_battery#0;0,638298
930;action_battery#0;0,638298
931;action_battery#0;0,606383
932;action_battery#0;0,574468
933;action_battery#0;0,574468
934;action_battery#0;0,659574
935;action_battery#0;0,670213
936;action_battery#0;0,691489
937;action_battery#0;0,691489
938;action_battery#0;0,648936
939;action_battery#0;0,617021
940;action_battery#0;0,617021
941;action_battery#0;0,627660
942;action_battery#0;0,595745
943;action_battery#0;0,712766
944;action_battery#0;0,648936
945;action_battery#0;0,712766
946;action_battery#0;0,659574
947;action_battery#0;0,691489
948;action_battery#0;0,617021
949;action_battery#0;0,744681
950;action_battery#0;0,563830
951;action_battery#0;0,521277
952;action_battery#0;0,659574
953;action_battery#0;0,563830
954;action_battery#0;0,734043
955;action_battery#0;0,606383
956;action_battery#0;0,606383
957;action_battery#0;0,606383
958;action_battery#0;0,680851
959;action_battery#0;0,734043
960;action_battery#0;0,627660
961;action_battery#0;0,531915
962;action_battery#0;0,680851
963;action_battery#0;0,648936
964;action_battery#0;0,606383
965;action_battery#0;0,606383
966;action_battery#0;0,617021
967;action_battery#0;0,659574
968;action_battery#0;0,521277
969;action_battery#0;0,606383
970;action_battery#0;0,702128
971;action_battery#0;0,563830
972;action_battery#0;0,606383
973;action_battery#0;0,638298
974;action_battery#0;0,702128
975;action_battery#0;0,659574
976;action_battery#0;0,648936
977;action_battery#0;0,670213
978;action_battery#0;0,563830
979;action_battery#0;0,680851
980;action_battery#0;0,574468
981;action_battery#0;0,638298
982;action_battery#0;0,691489
983;action_battery#0;0,691489
984;action_battery#0;0,606383
985;action_battery#0;0,627660
986;action_battery#0;0,638298
987;action_battery#0;0,617021
988;action_battery#0;0,595745
989;action_battery#0;0,648936
990;action_battery#0;0,574468
991;action_battery#0;0,755319
992;action_battery#0;0,670213
993;action_battery#0;0,595745
994;action_battery#0;0,606383
995;action_battery#0;0,680851
996;action_battery#0;0,542553
997;action_battery#0;0,617021
998;action_battery#0;0,595745
999;action_battery#0;0,563830
1000;action_battery#0;0,595745
1001;action_battery#0;0,563830
1002;action_battery#0;0,638298
1003;action_battery#0;0,638298
1004;action_battery#0;0,638298
1005;action_battery#0;0,670213
1006;action_battery#0;0,468085
1007;action_battery#0;0,638298
1008;action_battery#0;0,638298
1009;action_battery#0;0,638298
1010;action_battery#0;0,723404
1011;action_battery#0;0,627660
1012;action_battery#0;0,574468
1013;action_battery#0;0,563830
1014;action_battery#0;0,617021
1015;action_battery#0;0,702128
1016;action_battery#0;0,606383
1017;action_battery#0;0,648936
1018;action_battery#0;0,670213
1019;action_battery#0;0,553191
1020;action_battery#0;0,531915
1021;action_battery#0;0,638298
1022;action_battery#0;0,670213
1023;action_battery#0;0,585106
1024;action_battery#0;0,595745
1025;action_battery#0;0,659574
1026;action_battery#0;0,617021
1027;action_battery#0;0,670213
1028;action_battery#0;0,563830
1029;action_battery#0;0,659574
1030;action_battery#0;0,606383
1031;action_battery#0;0,670213
1032;action_battery#0;0,648936
1033;action_battery#0;0,574468
1034;action_battery#0;0,648936
1035;action_battery#0;0,606383
1036;action_battery#0;0,542553
1037;action_battery#0;0,617021
1038;action_battery#0;0,606383
1039;action_battery#0;0,574468
1040;action_battery#0;0,659574
1041;action_battery#0;0,702128
1042;action_battery#0;0,606383
1043;action_battery#0;0,585106
1044;action_battery#0;0,617021
1045;action_battery#0;0,617021
1046;action_battery#0;0,734043
1047;action_battery#0;0,574468
1048;action_battery#0;0,606383
1049;action_battery#0;0,648936
1050;action_battery#0;0,648936
1051;action_battery#0;0,595745
1052;action_battery#0;0,553191
1053;action_battery#0;0,574468
1054;action_battery#0;0,585106
1055;action_battery#0;0,638298
1056;action_battery#0;0,638298
1057;action_battery#0;0,648936
1058;action_battery#0;0,638298
1059;action_battery#0;0,563830
1060;action_battery#0;0,680851
1061;action_battery#0;0,563830
1062;action_battery#0;0,702128
1063;action_battery#0;0,712766
1064;action_battery#0;0,595745
1065;action_battery#0;0,648936
1066;action_battery#0;0,648936
1067;action_battery#0;0,563830
1068;action_battery#0;0,595745
1069;action_battery#0;0,510638
1070;action_battery#0;0,595745
1071;action_battery#0;0,521277
1072;action_battery#0;0,638298
1073;action_battery#0;0,617021
1074;action_battery#0;0,712766
1075;action_battery#0;0,553191
1076;action_battery#0;0,638298
1077;action_battery#0;0,691489
1078;action_battery#0;0,638298
1079;action_battery#0;0,680851
1080;action_battery#0;0,500000
1081;action_battery#0;0,563830
1082;action_battery#0;0,670213
1083;action_battery#0;0,670213
1084;action_battery#0;0,531915
1085;action_battery#0;0,542553
1086;action_battery#0;0,489362
1087;action_battery#0;0,627660
1088;action_battery#0;0,563830
1089;action_battery#0;0,659574
1090;action_battery#0;0,680851
1091;action_battery#0;0,627660
1092;action_battery#0;0,574468
1093;action_battery#0;0,617021
1094;action_battery#0;0,595745
1095;action_battery#0;0,691489
1096;action_battery#0;0,617021
1097;action_battery#0;0,510638
1098;action_battery#0;0,617021
1099;action_battery#0;0,680851
1100;action_battery#0;0,670213
1101;action_battery#0;0,638298
1102;action_battery#0;0,702128
1103;action_battery#0;0,659574
1104;action_battery#0;0,648936
1105;action_battery#0;0,553191
1106;action_battery#0;0,606383
1107;action_battery#0;0,680851
1108;action_battery#0;0,638298
1109;action_battery#0;0,553191
1110;action_battery#0;0,521277
1111;action_battery#0;0,638298
1112;action_battery#0;0,648936
1113;action_battery#0;0,627660
1114;action_battery#0;0,680851
1115;action_battery#0;0,627660
1116;action_battery#0;0,489362
1117;action_battery#0;0,659574
1118;action_battery#0;0,585106
1119;action_battery#0;0,617021
1120;action_battery#0;0,489362
1121;action_battery#0;0,627660
1122;action_battery#0;0,563830
1123;action_battery#0;0,638298
1124;action_battery#0;0,521277
1125;action_battery#0;0,627660
1126;action_battery#0;0,638298
1127;action_battery#0;0,627660
1128;action_battery#0;0,606383
1129;action_battery#0;0,712766
1130;action_battery#0;0,510638
1131;action_battery#0;0,712766
1132;action_battery#0;0,606383
1133;action_battery#0;0,531915
1134;action_battery#0;0,712766
1135;action_battery#0;0,765957
1136;action_battery#0;0,617021
1137;action_battery#0;0,595745
1138;action_battery#0;0,659574
1139;action_battery#0;0,617021
1140;action_battery#0;0,627660
1141;action_battery#0;0,712766
1142;action_battery#0;0,531915
1143;action_battery#0;0,595745
1144;action_battery#0;0,638298
1145;action_battery#0;0,521277
1146;action_battery#0;0,585106
1147;action_battery#0;0,638298
1148;action_battery#0;0,542553
1149;action_battery#0;0,606383
1150;action_battery#0;0,617021
1151;action_battery#0;0,574468
1152;action_battery#0;0,595745
1153;action_battery#0;0,670213
1154;action_battery#0;0,638298
1155;action_battery#0;0,702128
1156;action_battery#0;0,595745
1157;action_battery#0;0,521277
1158;action_battery#0;0,659574
1159;action_battery#0;0,606383
1160;action_battery#0;0,531915
1161;action_battery#0;0,776596
1162;action_battery#0;0,542553
1163;action_battery#0;0,585106
1164;action_battery#0;0,712766
1165;action_battery#0;0,617021
1166;action_battery#0;0,595745
1167;action_battery#0;0,702128
1168;action_battery#0;0,691489
1169;action_battery#0;0,638298
1170;action_battery#0;0,521277
1171;action_battery#0;0,563830
1172;action_battery#0;0,531915
1173;action_battery#0;0,659574
1174;action_battery#0;0,680851
1175;action_battery#0;0,521277
1176;action_battery#0;0,542553
1177;action_battery#0;0,510638
1178;action_battery#0;0,414894
1179;action_battery#0;0,404255
1180;action_battery#0;0,595745
1181;action_battery#0;0,468085
1182;action_battery#0;0,521277
1183;action_battery#0;0,648936
1184;action_battery#0;0,521277
1185;action_battery#0;0,500000
1186;action_battery#0;0,606383
1187;action_battery#0;0,563830
1188;action_battery#0;0,617021
1189;action_battery#0;0,648936
1190;action_battery#0;0,500000
1191;action_battery#0;0,563830
1192;action_battery#0;0,627660
1193;action_battery#0;0,659574
1194;action_battery#0;0,553191
1195;action_battery#0;0,606383
1196;action_battery#0;0,702128
1197;action_battery#0;0,627660
1198;action_battery#0;0,542553
1199;action_battery#0;0,691489
1200;action_battery#0;0,638298
1201;action_battery#0;0,606383
1202;action_battery#0;0,585106
1203;action_battery#0;0,648936
1204;action_battery#0;0,627660
1205;action_battery#0;0,627660
1206;action_battery#0;0,574468
1207;action_battery#0;0,595745
1208;action_battery#0;0,563830
1209;action_battery#0;0,585106
1210;action_battery#0;0,553191
1211;action_battery#0;0,648936
1212;action_battery#0;0,670213
1213;action_battery#0;0,627660
1214;action_battery#0;0,659574
1215;action_battery#0;0,691489
1216;action_battery#0;0,595745
1217;action_battery#0;0,627660
1218;action_battery#0;0,553191
1219;action_battery#0;0,521277
1220;action_battery#0;0,489362
1221;action_battery#0;0,670213
1222;action_battery#0;0,595745
1223;action_battery#0;0,712766
1224;action_battery#0;0,510638
1225;action_battery#0;0,606383
1226;action_battery#0;0,627660
1227;action_battery#0;0,659574
1228;action_battery#0;0,542553
1229;action_battery#0;0,595745
1230;action_battery#0;0,521277
1231;action_battery#0;0,648936
1232;action_battery#0;0,585106
1233;action_battery#0;0,670213
1234;action_battery#0;0,574468
1235;action_battery#0;0,595745
1236;action_battery#0;0,723404
1237;action_battery#0;0,585106
1238;action_battery#0;0,691489
1239;action_battery#0;0,723404
1240;action_battery#0;0,500000
1241;action_battery#0;0,638298
1242;action_battery#0;0,531915
1243;action_battery#0;0,574468
1244;action_battery#0;0,617021
1245;action_battery#0;0,617021
1246;action_battery#0;0,744681
1247;action_battery#0;0,595745
1248;action_battery#0;0,574468
1249;action_battery#0;0,734043
1250;action_battery#0;0,638298
1251;action_battery#0;0,574468
1252;action_battery#0;0,585106
1253;action_battery#0;0,606383
1254;action_battery#0;0,531915
1255;action_battery#0;0,553191
1256;action_battery#0;0,574468
1257;action_battery#0;0,606383
1258;action_battery#0;0,627660
1259;action_battery#0;0,617021
1260;action_battery#0;0,521277
1261;action_battery#0;0,638298
1262;action_battery#0;0,606383
1263;action_battery#0;0,712766
1264;action_battery#0;0,627660
1265;action_battery#0;0,531915
1266;action_battery#0;0,500000
1267;action_battery#0;0,617021
1268;action_battery#0;0,510638
1269;action_battery#0;0,659574
1270;action_battery#0;0,478723
1271;action_battery#0;0,542553
1272;action_battery#0;0,542553
1273;action_battery#0;0,617021
1274;action_battery#0;0,574468
1275;action_battery#0;0,521277
1276;action_battery#0;0,659574
1277;action_battery#0;0,670213
1278;action_battery#0;0,595745
1279;action_battery#0;0,617021
1280;action_battery#0;0,680851
1281;action_battery#0;0,585106
1282;action_battery#0;0,648936
1283;action_battery#0;0,648936
1284;action_battery#0;0,521277
1285;action_battery#0;0,595745
1286;action_battery#0;0,617021
1287;action_battery#0;0,659574
1288;action_battery#0;0,553191
1289;action_battery#0;0,563830
1290;action_battery#0;0,500000
1291;action_battery#0;0,627660
1292;action_battery#0;0,574468
1293;action_battery#0;0,553191
1294;action_battery#0;0,595745
1295;action_battery#0;0,585106
1296;action_battery#0;0,531915
1297;action_battery#0;0,606383
1298;action_battery#0;0,553191
1299;action_battery#0;0,648936
1300;action_battery#0;0,510638
1301;action_battery#0;0,659574
1302;action_battery#0;0,606383
1303;action_battery#0;0,638298
1304;action_battery#0;0,648936
1305;action_battery#0;0,627660
1306;action_battery#0;0,606383
1307;action_battery#0;0,553191
1308;action_battery#0;0,436170
1309;action_battery#0;0,648936
1310;action_battery#0;0,617021
1311;action_battery#0;0,542553
1312;action_battery#0;0,500000
1313;action_battery#0;0,680851
1314;action_battery#0;0,574468
1315;action_battery#0;0,563830
1316;action_battery#0;0,500000
1317;action_battery#0;0,723404
1318;action_battery#0;0,553191
1319;action_battery#0;0,478723
1320;action_battery#0;0,542553
1321;action_battery#0;0,595745
1322;action_battery#0;0,510638
1323;action_battery#0;0,531915
1324;action_battery#0;0,723404
1325;action_battery#0;0,489362
1326;action_battery#0;0,563830
1327;action_battery#0;0,574468
1328;action_battery#0;0,510638
1329;action_battery#0;0,659574
1330;action_battery#0;0,531915
1331;action_battery#0;0,680851
1332;action_battery#0;0,500000
1333;action_battery#0;0,638298
1334;action_battery#0;0,563830
1335;action_battery#0;0,648936
1336;action_battery#0;0,627660
1337;action_battery#0;0,595745
1338;action_battery#0;0,595745
1339;action_battery#0;0,627660
1340;action_battery#0;0,574468
1341;action_battery#0;0,595745
1342;action_battery#0;0,595745
1343;action_battery#0;0,627660
1344;action_battery#0;0,617021
1345;action_battery#0;0,627660
1346;action_battery#0;0,489362
1347;action_battery#0;0,638298
1348;action_battery#0;0,500000
1349;action_battery#0;0,510638
1350;action_battery#0;0,521277
1351;action_battery#0;0,468085
1352;action_battery#0;0,595745
1353;action_battery#0;0,500000
1354;action_battery#0;0,531915
1355;action_battery#0;0,648936
1356;action_battery#0;0,606383
1357;action_battery#0;0,542553
1358;action_battery#0;0,574468
1359;action_battery#0;0,531915
1360;action_battery#0;0,617021
1361;action_battery#0;0,542553
1362;action_battery#0;0,659574
1363;action_battery#0;0,542553
1364;action_battery#0;0,531915
1365;action_battery#0;0,563830
1366;action_battery#0;0,531915
1367;action_battery#0;0,489362
1368;action_battery#0;0,585106
1369;action_battery#0;0,531915
1370;action_battery#0;0,659574
1371;action_battery#0;0,585106
1372;action_battery#0;0,659574
1373;action_battery#0;0,510638
1374;action_battery#0;0,606383
1375;action_battery#0;0,585106
1376;action_battery#0;0,510638
1377;action_battery#0;0,659574
1378;action_battery#0;0,670213
1379;action_battery#0;0,617021
1380;action_battery#0;0,542553
1381;action_battery#0;0,574468
1382;action_battery#0;0,638298
1383;action_battery#0;0,659574
1384;action_battery#0;0,595745
1385;action_battery#0;0,617021
1386;action_battery#0;0,595745
1387;action_battery#0;0,574468
1388;action_battery#0;0,531915
1389;action_battery#0;0,712766
1390;action_battery#0;0,457447
1391;action_battery#0;0,680851
1392;action_battery#0;0,489362
1393;action_battery#0;0,531915
1394;action_battery#0;0,723404
1395;action_battery#0;0,702128
1396;action_battery#0;0,563830
1397;action_battery#0;0,563830
1398;action_battery#0;0,574468
1399;action_battery#0;0,680851
1400;action_battery#0;0,521277
1401;action_battery#0;0,606383
1402;action_battery#0;0,500000
1403;action_battery#0;0,478723
1404;action_battery#0;0,563830
1405;action_battery#0;0,595745
1406;action_battery#0;0,606383
1407;action_battery#0;0,574468
1408;action_battery#0;0,510638
1409;action_battery#0;0,585106
1410;action_battery#0;0,595745
1411;action_battery#0;0,542553
1412;action_battery#0;0,702128
1413;action_battery#0;0,595745
1414;action_battery#0;0,617021
1415;action_battery#0;0,595745
1416;action_battery#0;0,563830
1417;action_battery#0;0,617021
1418;action_battery#0;0,531915
1419;action_battery#0;0,606383
1420;action_battery#0;0,595745
1421;action_battery#0;0,670213
1422;action_battery#0;0,723404
1423;action_battery#0;0,659574
1424;action_battery#0;0,489362
1425;action_battery#0;0,680851
1426;action_battery#0;0,659574
1427;action_battery#0;0,606383
1428;action_battery#0;0,585106
1429;action_battery#0;0,585106
1430;action_battery#0;0,638298
1431;action_battery#0;0,542553
1432;action_battery#0;0,638298
1433;action_battery#0;0,585106
1434;action_battery#0;0,744681
1435;action_battery#0;0,500000
1436;action_battery#0;0,510638
1437;action_battery#0;0,531915
1438;action_battery#0;0,574468
1439;action_battery#0;0,574468
1440;action_battery#0;0,574468
1441;action_battery#0;0,500000
1442;action_battery#0;0,659574
1443;action_battery#0;0,542553
1444;action_battery#0;0,351064
1445;action_battery#0;0,468085
1446;action_battery#0;0,585106
1447;action_battery#0;0,617021
1448;action_battery#0;0,712766
1449;action_battery#0;0,638298
1450;action_battery#0;0,702128
1451;action_battery#0;0,542553
1452;action_battery#0;0,563830
1453;action_battery#0;0,648936
1454;action_battery#0;0,585106
1455;action_battery#0;0,734043
1456;action_battery#0;0,510638
1457;action_battery#0;0,542553
1458;action_battery#0;0,627660
1459;action_battery#0;0,521277
1460;action_battery#0;0,627660
1461;action_battery#0;0,595745
1462;action_battery#0;0,553191
1463;action_battery#0;0,446809
1464;action_battery#0;0,585106
1465;action_battery#0;0,510638
1466;action_battery#0;0,553191
1467;action_battery#0;0,542553
1468;action_battery#0;0,542553
1469;action_battery#0;0,585106
1470;action_battery#0;0,553191
1471;action_battery#0;0,563830
1472;action_battery#0;0,510638
1473;action_battery#0;0,553191
1474;action_battery#0;0,659574
1475;action_battery#0;0,457447
1476;action_battery#0;0,500000
1477;action_battery#0;0,489362
1478;action_battery#0;0,659574
1479;action_battery#0;0,563830
1480;action_battery#0;0,627660
1481;action_battery#0;0,606383
1482;action_battery#0;0,595745
1483;action_battery#0;0,393617
1484;action_battery#0;0,425532
1485;action_battery#0;0,648936
1486;action_battery#0;0,563830
1487;action_battery#0;0,680851
1488;action_battery#0;0,574468
1489;action_battery#0;0,510638
1490;action_battery#0;0,680851
1491;action_battery#0;0,702128
1492;action_battery#0;0,787234
1493;action_battery#0;0,563830
1494;action_battery#0;0,500000
1495;action_battery#0;0,489362
1496;action_battery#0;0,595745
1497;action_battery#0;0,595745
1498;action_battery#0;0,563830
1499;action_battery#0;0,319149
1500;action_battery#0;0,510638
1501;action_battery#0;0,648936
1502;action_battery#0;0,712766
1503;action_battery#0;0,542553
1504;action_battery#0;0,542553
1505;action_battery#0;0,648936
1506;action_battery#0;0,531915
1507;action_battery#0;0,638298
1508;action_battery#0;0,617021
1509;action_battery#0;0,563830
1510;action_battery#0;0,648936
1511;action_battery#0;0,617021
1512;action_battery#0;0,563830
1513;action_battery#0;0,574468
1514;action_battery#0;0,468085
1515;action_battery#0;0,563830
1516;action_battery#0;0,510638
1517;action_battery#0;0,393617
1518;action_battery#0;0,585106
1519;action_battery#0;0,638298
1520;action_battery#0;0,404255
1521;action_battery#0;0,478723
1522;action_battery#0;0,627660
1523;action_battery#0;0,659574
1524;action_battery#0;0,553191
1525;action_battery#0;0,606383
1526;action_battery#0;0,382979
1527;action_battery#0;0,595745
1528;action_battery#0;0,531915
1529;action_battery#0;0,510638
1530;action_battery#0;0,670213
1531;action_battery#0;0,553191
1532;action_battery#0;0,468085
1533;action_battery#0;0,606383
1534;action_battery#0;0,627660
1535;action_battery#0;0,670213
1536;action_battery#0;0,531915
1537;action_battery#0;0,478723
1538;action_battery#0;0,478723
1539;action_battery#0;0,627660
1540;action_battery#0;0,691489
1541;action_battery#0;0,553191
1542;action_battery#0;0,521277
1543;action_battery#0;0,574468
1544;action_battery#0;0,606383
1545;action_battery#0;0,500000
1546;action_battery#0;0,712766
1547;action_battery#0;0,457447
1548;action_battery#0;0,340426
1549;action_battery#0;0,606383
1550;action_battery#0;0,542553
1551;action_battery#0;0,500000
1552;action_battery#0;0,478723
1553;action_battery#0;0,329787
1554;action_battery#0;0,659574
1555;action_battery#0;0,617021
1556;action_battery#0;0,351064
1557;action_battery#0;0,680851
1558;action_battery#0;0,595745
1559;action_battery#0;0,617021
1560;action_battery#0;0,585106
1561;action_battery#0;0,500000
1562;action_battery#0;0,542553
1563;action_battery#0;0,425532
1564;action_battery#0;0,542553
1565;action_battery#0;0,585106
1566;action_battery#0;0,617021
1567;action_battery#0;0,457447
1568;action_battery#0;0,595745
1569;action_battery#0;0,521277
1570;action_battery#0;0,606383
1571;action_battery#0;0,553191
1572;action_battery#0;0,574468
1573;action_battery#0;0,553191
1574;action_battery#0;0,531915
1575;action_battery#0;0,425532
1576;action_battery#0;0,521277
1577;action_battery#0;0,510638
1578;action_battery#0;0,372340
1579;action_battery#0;0,595745
1580;action_battery#0;0,563830
1581;action_battery#0;0,436170
1582;action_battery#0;0,659574
1583;action_battery#0;0,617021
1584;action_battery#0;0,457447
1585;action_battery#0;0,531915
1586;action_battery#0;0,606383
1587;action_battery#0;0,659574
1588;action_battery#0;0,489362
1589;action_battery#0;0,574468
1590;action_battery#0;0,500000
1591;action_battery#0;0,734043
1592;action_battery#0;0,617021
1593;action_battery#0;0,595745
1594;action_battery#0;0,457447
1595;action_battery#0;0,574468
1596;action_battery#0;0,510638
1597;action_battery#0;0,595745
1598;action_battery#0;0,542553
1599;action_battery#0;0,606383
1600;action_battery#0;0,595745
1601;action_battery#0;0,510638
1602;action_battery#0;0,489362
1603;action_battery#0;0,382979
1604;action_battery#0;0,574468
1605;action_battery#0;0,670213
1606;action_battery#0;0,638298
1607;action_battery#0;0,776596
1608;action_battery#0;0,638298
1609;action_battery#0;0,606383
1610;action_battery#0;0,563830
1611;action_battery#0;0,531915
1612;action_battery#0;0,436170
1613;action_battery#0;0,659574
1614;action_battery#0;0,531915
1615;action_battery#0;0,617021
1616;action_battery#0;0,351064
1617;action_battery#0;0,542553
1618;action_battery#0;0,638298
1619;action_battery#0;0,478723
1620;action_battery#0;0,702128
1621;action_battery#0;0,542553
1622;action_battery#0;0,585106
1623;action_battery#0;0,531915
1624;action_battery#0;0,712766
1625;action_battery#0;0,521277
1626;action_battery#0;0,680851
1627;action_battery#0;0,510638
1628;action_battery#0;0,393617
1629;action_battery#0;0,510638
1630;action_battery#0;0,521277
1631;action_battery#0;0,510638
1632;action_battery#0;0,542553
1633;action_battery#0;0,521277
1634;action_battery#0;0,510638
1635;action_battery#0;0,627660
1636;action_battery#0;0,627660
1637;action_battery#0;0,553191
1638;action_battery#0;0,553191
1639;action_battery#0;0,553191
1640;action_battery#0;0,553191
1641;action_battery#0;0,617021
1642;action_battery#0;0,521277
1643;action_battery#0;0,542553
1644;action_battery#0;0,446809
1645;action_battery#0;0,531915
1646;action_battery#0;0,606383
1647;action_battery#0;0,510638
1648;action_battery#0;0,808511
1649;action_battery#0;0,617021
1650;action_battery#0;0,553191
1651;action_battery#0;0,553191
1652;action_battery#0;0,489362
1653;action_battery#0;0,500000
1654;action_battery#0;0,510638
1655;action_battery#0;0,510638
1656;action_battery#0;0,670213
1657;action_battery#0;0,542553
1658;action_battery#0;0,510638
1659;action_battery#0;0,478723
1660;action_battery#0;0,500000
1661;action_battery#0;0,553191
1662;action_battery#0;0,521277
1663;action_battery#0;0,404255
1664;action_battery#0;0,563830
1665;action_battery#0;0,595745
1666;action_battery#0;0,521277
1667;action_battery#0;0,425532
1668;action_battery#0;0,670213
1669;action_battery#0;0,542553
1670;action_battery#0;0,648936
1671;action_battery#0;0,542553
1672;action_battery#0;0,648936
1673;action_battery#0;0,531915
1674;action_battery#0;0,531915
1675;action_battery#0;0,606383
1676;action_battery#0;0,510638
1677;action_battery#0;0,468085
1678;action_battery#0;0,489362
1679;action_battery#0;0,521277
1680;action_battery#0;0,531915
1681;action_battery#0;0,500000
1682;action_battery#0;0,457447
1683;action_battery#0;0,563830
1684;action_battery#0;0,648936
1685;action_battery#0;0,659574
1686;action_battery#0;0,393617
1687;action_battery#0;0,372340
1688;action_battery#0;0,585106
1689;action_battery#0;0,468085
1690;action_battery#0;0,436170
1691;action_battery#0;0,521277
1692;action_battery#0;0,425532
1693;action_battery#0;0,489362
1694;action_battery#0;0,500000
1695;action_battery#0;0,436170
1696;action_battery#0;0,446809
1697;action_battery#0;0,585106
1698;action_battery#0;0,542553
1699;action_battery#0;0,521277
1700;action_battery#0;0,382979
1701;action_battery#0;0,723404
1702;action_battery#0;0,680851
1703;action_battery#0;0,478723
1704;action_battery#0;0,500000
1705;action_battery#0;0,436170
1706;action_battery#0;0,425532
1707;action_battery#0;0,414894
1708;action_battery#0;0,542553
1709;action_battery#0;0,531915
1710;action_battery#0;0,457447
1711;action_battery#0;0,531915
1712;action_battery#0;0,606383
1713;action_battery#0;0,510638
1714;action_battery#0;0,414894
1715;action_battery#0;0,563830
1716;action_battery#0;0,521277
1717;action_battery#0;0,468085
1718;action_battery#0;0,500000
1719;action_battery#0;0,414894
1720;action_battery#0;0,510638
1721;action_battery#0;0,531915
1722;action_battery#0;0,606383
1723;action_battery#0;0,585106
1724;action_battery#0;0,457447
1725;action_battery#0;0,723404
1726;action_battery#0;0,723404
1727;action_battery#0;0,531915
1728;action_battery#0;0,446809
1729;action_battery#0;0,627660
1730;action_battery#0;0,670213
1731;action_battery#0;0,382979
1732;action_battery#0;0,521277
1733;action_battery#0;0,478723
1734;action_battery#0;0,585106
1735;action_battery#0;0,617021
1736;action_battery#0;0,542553
1737;action_battery#0;0,595745
1738;action_battery#0;0,617021
1739;action_battery#0;0,595745
1740;action_battery#0;0,542553
1741;action_battery#0;0,542553
1742;action_battery#0;0,542553
1743;action_battery#0;0,521277
1744;action_battery#0;0,478723
1745;action_battery#0;0,478723
1746;action_battery#0;0,425532
1747;action_battery#0;0,595745
1748;action_battery#0;0,585106
1749;action_battery#0;0,606383
1750;action_battery#0;0,542553
1751;action_battery#0;0,500000
1752;action_battery#0;0,574468
1753;action_battery#0;0,446809
1754;action_battery#0;0,553191
1755;action_battery#0;0,563830
1756;action_battery#0;0,638298
1757;action_battery#0;0,446809
1758;action_battery#0;0,436170
1759;action_battery#0;0,351064
1760;action_battery#0;0,489362
1761;action_battery#0;0,563830
1762;action_battery#0;0,595745
1763;action_battery#0;0,446809
1764;action_battery#0;0,478723
1765;action_battery#0;0,468085
1766;action_battery#0;0,553191
1767;action_battery#0;0,414894
1768;action_battery#0;0,468085
1769;action_battery#0;0,521277
1770;action_battery#0;0,500000
1771;action_battery#0;0,351064
1772;action_battery#0;0,478723
1773;action_battery#0;0,574468
1774;action_battery#0;0,414894
1775;action_battery#0;0,510638
1776;action_battery#0;0,617021
1777;action_battery#0;0,468085
1778;action_battery#0;0,585106
1779;action_battery#0;0,436170
1780;action_battery#0;0,510638
1781;action_battery#0;0,542553
1782;action_battery#0;0,542553
1783;action_battery#0;0,265957
1784;action_battery#0;0,382979
1785;action_battery#0;0,414894
1786;action_battery#0;0,478723
1787;action_battery#0;0,468085
1788;action_battery#0;0,606383
1789;action_battery#0;0,808511
1790;action_battery#0;0,595745
1791;action_battery#0;0,542553
1792;action_battery#0;0,585106
1793;action_battery#0;0,574468
1794;action_battery#0;0,468085
1795;action_battery#0;0,255319
1796;action_battery#0;0,414894
1797;action_battery#0;0,404255
1798;action_battery#0;0,648936
1799;action_battery#0;0,638298
1800;action_battery#0;0,553191
1801;action_battery#0;0,414894
1802;action_battery#0;0,595745
1803;action_battery#0;0,531915
1804;action_battery#0;0,414894
1805;action_battery#0;0,414894
1806;action_battery#0;0,521277
1807;action_battery#0;0,382979
1808;action_battery#0;0,478723
1809;action_battery#0;0,531915
1810;action_battery#0;0,436170
1811;action_battery#0;0,553191
1812;action_battery#0;0,563830
1813;action_battery#0;0,617021
1814;action_battery#0;0,702128
1815;action_battery#0;0,478723
1816;action_battery#0;0,404255
1817;action_battery#0;0,489362
1818;action_battery#0;0,340426
1819;action_battery#0;0,393617
1820;action_battery#0;0,351064
1821;action_battery#0;0,563830
1822;action_battery#0;0,500000
1823;action_battery#0;0,414894
1824;action_battery#0;0,361702
1825;action_battery#0;0,372340
1826;action_battery#0;0,680851
1827;action_battery#0;0,521277
1828;action_battery#0;0,691489
1829;action_battery#0;0,404255
1830;action_battery#0;0,531915
1831;action_battery#0;0,542553
1832;action_battery#0;0,563830
1833;action_battery#0;0,436170
1834;action_battery#0;0,648936
1835;action_battery#0;0,436170
1836;action_battery#0;0,563830
1837;action_battery#0;0,500000
1838;action_battery#0;0,436170
1839;action_battery#0;0,553191
1840;action_battery#0;0,500000
1841;action_battery#0;0,521277
1842;action_battery#0;0,563830
1843;action_battery#0;0,510638
1844;action_battery#0;0,510638
1845;action_battery#0;0,595745
1846;action_battery#0;0,553191
1847;action_battery#0;0,521277
1848;action_battery#0;0,414894
1849;action_battery#0;0,500000
1850;action_battery#0;0,478723
1851;action_battery#0;0,648936
1852;action_battery#0;0,489362
1853;action_battery#0;0,542553
1854;action_battery#0;0,468085
1855;action_battery#0;0,468085
1856;action_battery#0;0,436170
1857;action_battery#0;0,648936
1858;action_battery#0;0,553191
1859;action_battery#0;0,606383
1860;action_battery#0;0,478723
1861;action_battery#0;0,457447
1862;action_battery#0;0,414894
1863;action_battery#0;0,468085
1864;action_battery#0;0,457447
1865;action_battery#0;0,659574
1866;action_battery#0;0,489362
1867;action_battery#0;0,340426
1868;action_battery#0;0,585106
1869;action_battery#0;0,553191
1870;action_battery#0;0,680851
1871;action_battery#0;0,553191
1872;action_battery#0;0,457447
1873;action_battery#0;0,404255
1874;action_battery#0;0,446809
1875;action_battery#0;0,457447
1876;action_battery#0;0,712766
1877;action_battery#0;0,500000
1878;action_battery#0;0,478723
1879;action_battery#0;0,393617
1880;action_battery#0;0,457447
1881;action_battery#0;0,446809
1882;action_battery#0;0,606383
1883;action_battery#0;0,393617
1884;action_battery#0;0,446809
1885;action_battery#0;0,531915
1886;action_battery#0;0,659574
1887;action_battery#0;0,510638
1888;action_battery#0;0,500000
1889;action_battery#0;0,500000
1890;action_battery#0;0,500000
1891;action_battery#0;0,648936
1892;action_battery#0;0,414894
1893;action_battery#0;0,585106
1894;action_battery#0;0,585106
1895;action_battery#0;0,446809
1896;action_battery#0;0,542553
1897;action_battery#0;0,436170
1898;action_battery#0;0,436170
1899;action_battery#0;0,521277
1900;action_battery#0;0,382979
1901;action_battery#0;0,414894
1902;action_battery#0;0,340426
1903;action_battery#0;0,468085
1904;action_battery#0;0,393617
1905;action_battery#0;0,531915
1906;action_battery#0;0,659574
1907;action_battery#0;0,414894
1908;action_battery#0;0,414894
1909;action_battery#0;0,436170
1910;action_battery#0;0,436170
1911;action_battery#0;0,446809
1912;action_battery#0;0,510638
1913;action_battery#0;0,680851
1914;action_battery#0;0,276596
1915;action_battery#0;0,425532
1916;action_battery#0;0,425532
1917;action_battery#0;0,617021
1918;action_battery#0;0,457447
1919;action_battery#0;0,425532
1920;action_battery#0;0,510638
1921;action_battery#0;0,393617
1922;action_battery#0;0,393617
1923;action_battery#0;0,457447
1924;action_battery#0;0,361702
1925;action_battery#0;0,446809
1926;action_battery#0;0,574468
1927;action_battery#0;0,436170
1928;action_battery#0;0,361702
1929;action_battery#0;0,436170
1930;action_battery#0;0,319149
1931;action_battery#0;0,436170
1932;action_battery#0;0,500000
1933;action_battery#0;0,329787
1934;action_battery#0;0,414894
1935;action_battery#0;0,329787
1936;action_battery#0;0,414894
1937;action_battery#0;0,478723
1938;action_battery#0;0,500000
1939;action_battery#0;0,234043
1940;action_battery#0;0,287234
1941;action_battery#0;0,478723
1942;action_battery#0;0,510638
1943;action_battery#0;0,425532
1944;action_battery#0;0,680851
1945;action_battery#0;0,574468
1946;action_battery#0;0,393617
1947;action_battery#0;0,648936
1948;action_battery#0;0,500000
1949;action_battery#0;0,414894
1950;action_battery#0;0,468085
1951;action_battery#0;0,382979
1952;action_battery#0;0,372340
1953;action_battery#0;0,393617
1954;action_battery#0;0,457447
1955;action_battery#0;0,468085
1956;action_battery#0;0,595745
1957;action_battery#0;0,414894
1958;action_battery#0;0,510638
1959;action_battery#0;0,468085
1960;action_battery#0;0,521277
1961;action_battery#0;0,446809
1962;action_battery#0;0,308511
1963;action_battery#0;0,478723
1964;action_battery#0;0,234043
1965;action_battery#0;0,340426
1966;action_battery#0;0,542553
1967;action_battery#0;0,606383
1968;action_battery#0;0,382979
1969;action_battery#0;0,361702
1970;action_battery#0;0,414894
1971;action_battery#0;0,521277
1972;action_battery#0;0,276596
1973;action_battery#0;0,542553
1974;action_battery#0;0,468085
1975;action_battery#0;0,446809
1976;action_battery#0;0,404255
1977;action_battery#0;0,553191
1978;action_battery#0;0,553191
1979;action_battery#0;0,489362
1980;action_battery#0;0,425532
1981;action_battery#0;0,510638
1982;action_battery#0;0,510638
1983;action_battery#0;0,436170
1984;action_battery#0;0,478723
1985;action_battery#0;0,446809
1986;action_battery#0;0,500000
1987;action_battery#0;0,425532
1988;action_battery#0;0,531915
1989;action_battery#0;0,531915
1990;action_battery#0;0,755319
1991;action_battery#0;0,404255
1992;action_battery#0;0,553191
1993;action_battery#0;0,510638
1994;action_battery#0;0,542553
1995;action_battery#0;0,521277
1996;action_battery#0;0,382979
1997;action_battery#0;0,319149
1998;action_battery#0;0,393617
1999;action_battery#0;0,329787
2000;action_battery#0;0,414894
2001;action_battery#0;0,808511
2002;action_battery#0;0,627660
2003;action_battery#0;0,478723
2004;action_battery#0;0,468085
2005;action_battery#0;0,446809
2006;action_battery#0;0,500000
2007;action_battery#0;0,425532
2008;action_battery#0;0,382979
2009;action_battery#0;0,414894
2010;action_battery#0;0,404255
2011;action_battery#0;0,702128
2012;action_battery#0;0,446809
2013;action_battery#0;0,531915
2014;action_battery#0;0,308511
2015;action_battery#0;0,329787
2016;action_battery#0;0,670213
2017;action_battery#0;0,436170
2018;action_battery#0;0,542553
2019;action_battery#0;0,425532
2020;action_battery#0;0,446809
2021;action_battery#0;0,446809
2022;action_battery#0;0,393617
2023;action_battery#0;0,351064
2024;action_battery#0;0,521277
2025;action_battery#0;0,553191
2026;action_battery#0;0,563830
2027;action_battery#0;0,510638
2028;action_battery#0;0,287234
2029;action_battery#0;0,425532
2030;action_battery#0;0,765957
2031;action_battery#0;0,521277
2032;action_battery#0;0,404255
2033;action_battery#0;0,393617
2034;action_battery#0;0,468085
2035;action_battery#0;0,648936
2036;action_battery#0;0,414894
2037;action_battery#0;0,436170
2038;action_battery#0;0,531915
2039;action_battery#0;0,255319
2040;action_battery#0;0,265957
2041;action_battery#0;0,382979
2042;action_battery#0;0,255319
2043;action_battery#0;0,638298
2044;action_battery#0;0,414894
2045;action_battery#0;0,372340
2046;action_battery#0;0,297872
2047;action_battery#0;0,436170
2048;action_battery#0;0,563830
2049;action_battery#0;0,489362
2050;action_battery#0;0,361702
2051;action_battery#0;0,244681
2052;action_battery#0;0,531915
2053;action_battery#0;0,489362
2054;action_battery#0;0,563830
2055;action_battery#0;0,436170
2056;action_battery#0;0,361702
2057;action_battery#0;0,265957
2058;action_battery#0;0,340426
2059;action_battery#0;0,351064
2060;action_battery#0;0,446809
2061;action_battery#0;0,319149
2062;action_battery#0;0,340426
2063;action_battery#0;0,308511
2064;action_battery#0;0,393617
2065;action_battery#0;0,489362
2066;action_battery#0;0,659574
2067;action_battery#0;0,489362
2068;action_battery#0;0,351064
2069;action_battery#0;0,521277
2070;action_battery#0;0,361702
2071;action_battery#0;0,574468
2072;action_battery#0;0,531915
2073;action_battery#0;0,680851
2074;action_battery#0;0,510638
2075;action_battery#0;0,382979
2076;action_battery#0;0,446809
2077;action_battery#0;0,382979
2078;action_battery#0;0,361702
2079;action_battery#0;0,468085
2080;action_battery#0;0,351064
2081;action_battery#0;0,287234
2082;action_battery#0;0,340426
2083;action_battery#0;0,500000
2084;action_battery#0;0,478723
2085;action_battery#0;0,382979
2086;action_battery#0;0,446809
2087;action_battery#0;0,542553
2088;action_battery#0;0,351064
2089;action_battery#0;0,478723
2090;action_battery#0;0,372340
2091;action_battery#0;0,351064
2092;action_battery#0;0,393617
2093;action_battery#0;0,393617
2094;action_battery#0;0,372340
2095;action_battery#0;0,244681
2096;action_battery#0;0,425532
2097;action_battery#0;0,404255
2098;action_battery#0;0,393617
2099;action_battery#0;0,255319
2100;action_battery#0;0,393617
2101;action_battery#0;0,191489
2102;action_battery#0;0,553191
2103;action_battery#0;0,489362
2104;action_battery#0;0,457447
2105;action_battery#0;0,393617
2106;action_battery#0;0,404255
2107;action_battery#0;0,457447
2108;action_battery#0;0,478723
2109;action_battery#0;0,478723
2110;action_battery#0;0,234043
2111;action_battery#0;0,521277
2112;action_battery#0;0,457447
2113;action_battery#0;0,329787
2114;action_battery#0;0,372340
2115;action_battery#0;0,542553
2116;action_battery#0;0,542553
2117;action_battery#0;0,276596
2118;action_battery#0;0,404255
2119;action_battery#0;0,457447
2120;action_battery#0;0,372340
2121;action_battery#0;0,414894
2122;action_battery#0;0,457447
2123;action_battery#0;0,297872
2124;action_battery#0;0,425532
2125;action_battery#0;0,361702
2126;action_battery#0;0,574468
2127;action_battery#0;0,414894
2128;action_battery#0;0,361702
2129;action_battery#0;0,446809
2130;action_battery#0;0,382979
2131;action_battery#0;0,510638
2132;action_battery#0;0,234043
2133;action_battery#0;0,436170
2134;action_battery#0;0,553191
2135;action_battery#0;0,627660
2136;action_battery#0;0,457447
2137;action_battery#0;0,648936
2138;action_battery#0;0,468085
2139;action_battery#0;0,319149
2140;action_battery#0;0,489362
2141;action_battery#0;0,510638
2142;action_battery#0;0,393617
2143;action_battery#0;0,340426
2144;action_battery#0;0,340426
2145;action_battery#0;0,393617
2146;action_battery#0;0,468085
2147;action_battery#0;0,340426
2148;action_battery#0;0,446809
2149;action_battery#0;0,425532
2150;action_battery#0;0,361702
2151;action_battery#0;0,393617
2152;action_battery#0;0,457447
2153;action_battery#0;0,393617
2154;action_battery#0;0,553191
2155;action_battery#0;0,574468
2156;action_battery#0;0,500000
2157;action_battery#0;0,351064
2158;action_battery#0;0,319149
2159;action_battery#0;0,382979
2160;action_battery#0;0,393617
2161;action_battery#0;0,404255
2162;action_battery#0;0,382979
2163;action_battery#0;0,297872
2164;action_battery#0;0,393617
2165;action_battery#0;0,255319
2166;action_battery#0;0,404255
2167;action_battery#0;0,372340
2168;action_battery#0;0,425532
2169;action_battery#0;0,500000
2170;action_battery#0;0,351064
2171;action_battery#0;0,372340
2172;action_battery#0;0,319149
2173;action_battery#0;0,297872
2174;action_battery#0;0,287234
2175;action_battery#0;0,436170
2176;action_battery#0;0,414894
2177;action_battery#0;0,574468
2178;action_battery#0;0,436170
2179;action_battery#0;0,393617
2180;action_battery#0;0,351064
2181;action_battery#0;0,574468
2182;action_battery#0;0,510638
2183;action_battery#0;0,308511
2184;action_battery#0;0,340426
2185;action_battery#0;0,308511
2186;action_battery#0;0,404255
2187;action_battery#0;0,468085
2188;action_battery#0;0,500000
2189;action_battery#0;0,436170
2190;action_battery#0;0,244681
2191;action_battery#0;0,372340
2192;action_battery#0;0,500000
2193;action_battery#0;0,351064
2194;action_battery#0;0,404255
2195;action_battery#0;0,340426
2196;action_battery#0;0,265957
2197;action_battery#0;0,361702
2198;action_battery#0;0,265957
2199;action_battery#0;0,329787
2200;action_battery#0;0,382979
2201;action_battery#0;0,361702
2202;action_battery#0;0,308511
2203;action_battery#0;0,234043
2204;action_battery#0;0,500000
2205;action_battery#0;0,361702
2206;action_battery#0;0,457447
2207;action_battery#0;0,478723
2208;action_battery#0;0,521277
2209;action_battery#0;0,414894
2210;action_battery#0;0,351064
2211;action_battery#0;0,372340
2212;action_battery#0;0,404255
2213;action_battery#0;0,436170
2214;action_battery#0;0,500000
2215;action_battery#0;0,329787
2216;action_battery#0;0,340426
2217;action_battery#0;0,468085
2218;action_battery#0;0,340426
2219;action_battery#0;0,340426
2220;action_battery#0;0,202128
2221;action_battery#0;0,340426
2222;action_battery#0;0,297872
2223;action_battery#0;0,265957
2224;action_battery#0;0,297872
2225;action_battery#0;0,329787
2226;action_battery#0;0,319149
2227;action_battery#0;0,255319
2228;action_battery#0;0,457447
2229;action_battery#0;0,351064
2230;action_battery#0;0,436170
2231;action_battery#0;0,212766
2232;action_battery#0;0,276596
2233;action_battery#0;0,468085
2234;action_battery#0;0,329787
2235;action_battery#0;0,382979
2236;action_battery#0;0,382979
2237;action_battery#0;0,265957
2238;action_battery#0;0,457447
2239;action_battery#0;0,351064
2240;action_battery#0;0,468085
2241;action_battery#0;0,436170
2242;action_battery#0;0,393617
2243;action_battery#0;0,372340
2244;action_battery#0;0,319149
2245;action_battery#0;0,542553
2246;action_battery#0;0,563830
2247;action_battery#0;0,393617
2248;action_battery#0;0,372340
2249;action_battery#0;0,297872
2250;action_battery#0;0,489362
2251;action_battery#0;0,202128
2252;action_battery#0;0,212766
2253;action_battery#0;0,287234
2254;action_battery#0;0,585106
2255;action_battery#0;0,297872
2256;action_battery#0;0,287234
2257;action_battery#0;0,393617
2258;action_battery#0;0,308511
2259;action_battery#0;0,606383
2260;action_battery#0;0,393617
2261;action_battery#0;0,244681
2262;action_battery#0;0,425532
2263;action_battery#0;0,148936
2264;action_battery#0;0,308511
2265;action_battery#0;0,372340
2266;action_battery#0;0,244681
2267;action_battery#0;0,297872
2268;action_battery#0;0,329787
2269;action_battery#0;0,446809
2270;action_battery#0;0,329787
2271;action_battery#0;0,255319
2272;action_battery#0;0,234043
2273;action_battery#0;0,425532
2274;action_battery#0;0,393617
2275;action_battery#0;0,500000
2276;action_battery#0;0,329787
2277;action_battery#0;0,382979
2278;action_battery#0;0,351064
2279;action_battery#0;0,287234
2280;action_battery#0;0,361702
2281;action_battery#0;0,361702
2282;action_battery#0;0,287234
2283;action_battery#0;0,404255
2284;action_battery#0;0,329787
2285;action_battery#0;0,287234
2286;action_battery#0;0,287234
2287;action_battery#0;0,202128
2288;action_battery#0;0,244681
2289;action_battery#0;0,319149
2290;action_battery#0;0,340426
2291;action_battery#0;0,446809
2292;action_battery#0;0,372340
2293;action_battery#0;0,425532
2294;action_battery#0;0,414894
2295;action_battery#0;0,446809
2296;action_battery#0;0,393617
2297;action_battery#0;0,478723
2298;action_battery#0;0,542553
2299;action_battery#0;0,531915
2300;action_battery#0;0,287234
2301;action_battery#0;0,308511
2302;action_battery#0;0,404255
2303;action_battery#0;0,436170
2304;action_battery#0;0,319149
2305;action_battery#0;0,319149
2306;action_battery#0;0,351064
2307;action_battery#0;0,276596
2308;action_battery#0;0,372340
2309;action_battery#0;0,276596
2310;action_battery#0;0,340426
2311;action_battery#0;0,372340
2312;action_battery#0;0,393617
2313;action_battery#0;0,393617
2314;action_battery#0;0,478723
2315;action_battery#0;0,276596
2316;action_battery#0;0,308511
2317;action_battery#0;0,489362
2318;action_battery#0;0,382979
2319;action_battery#0;0,361702
2320;action_battery#0;0,276596
2321;action_battery#0;0,308511
2322;action_battery#0;0,265957
2323;action_battery#0;0,500000
2324;action_battery#0;0,521277
2325;action_battery#0;0,265957
2326;action_battery#0;0,308511
2327;action_battery#0;0,393617
2328;action_battery#0;0,425532
2329;action_battery#0;0,265957
2330;action_battery#0;0,308511
2331;action_battery#0;0,287234
2332;action_battery#0;0,202128
2333;action_battery#0;0,351064
2334;action_battery#0;0,361702
2335;action_battery#0;0,361702
2336;action_battery#0;0,202128
2337;action_battery#0;0,287234
2338;action_battery#0;0,212766
2339;action_battery#0;0,276596
2340;action_battery#0;0,404255
2341;action_battery#0;0,436170
2342;action_battery#0;0,478723
2343;action_battery#0;0,393617
2344;action_battery#0;0,234043
2345;action_battery#0;0,276596
2346;action_battery#0;0,234043
2347;action_battery#0;0,297872
2348;action_battery#0;0,329787
2349;action_battery#0;0,361702
2350;action_battery#0;0,276596
2351;action_battery#0;0,297872
2352;action_battery#0;0,329787
2353;action_battery#0;0,106383
2354;action_battery#0;0,287234
2355;action_battery#0;0,234043
2356;action_battery#0;0,191489
2357;action_battery#0;0,340426
2358;action_battery#0;0,255319
2359;action_battery#0;0,202128
2360;action_battery#0;0,265957
2361;action_battery#0;0,308511
2362;action_battery#0;0,191489
2363;action_battery#0;0,351064
2364;action_battery#0;0,361702
2365;action_battery#0;0,468085
2366;action_battery#0;0,425532
2367;action_battery#0;0,648936
2368;action_battery#0;0,404255
2369;action_battery#0;0,414894
2370;action_battery#0;0,457447
2371;action_battery#0;0,212766
2372;action_battery#0;0,382979
2373;action_battery#0;0,202128
2374;action_battery#0;0,170213
2375;action_battery#0;0,308511
2376;action_battery#0;0,404255
2377;action_battery#0;0,361702
2378;action_battery#0;0,351064
2379;action_battery#0;0,329787
2380;action_battery#0;0,244681
2381;action_battery#0;0,329787
2382;action_battery#0;0,382979
2383;action_battery#0;0,340426
2384;action_battery#0;0,223404
2385;action_battery#0;0,382979
2386;action_battery#0;0,212766
2387;action_battery#0;0,382979
2388;action_battery#0;0,372340
2389;action_battery#0;0,361702
2390;action_battery#0;0,329787
2391;action_battery#0;0,361702
2392;action_battery#0;0,223404
2393;action_battery#0;0,191489
2394;action_battery#0;0,212766
2395;action_battery#0;0,148936
2396;action_battery#0;0,308511
2397;action_battery#0;0,478723
2398;action_battery#0;0,308511
2399;action_battery#0;0,372340
2400;action_battery#0;0,297872
2401;action_battery#0;0,244681
2402;action_battery#0;0,276596
2403;action_battery#0;0,329787
2404;action_battery#0;0,212766
2405;action_battery#0;0,180851
2406;action_battery#0;0,127660
2407;action_battery#0;0,255319
2408;action_battery#0;0,244681
2409;action_battery#0;0,276596
2410;action_battery#0;0,159574
2411;action_battery#0;0,170213
2412;action_battery#0;0,265957
2413;action_battery#0;0,148936
2414;action_battery#0;0,138298
2415;action_battery#0;0,223404
2416;action_battery#0;0,276596
2417;action_battery#0;0,191489
2418;action_battery#0;0,180851
2419;action_battery#0;0,255319
2420;action_battery#0;0,212766
2421;action_battery#0;0,308511
2422;action_battery#0;0,170213
2423;action_battery#0;0,085106
2424;action_battery#0;0,425532
2425;action_battery#0;0,393617
2426;action_battery#0;0,212766
2427;action_battery#0;0,287234
2428;action_battery#0;0,180851
2429;action_battery#0;0,329787
2430;action_battery#0;0,351064
2431;action_battery#0;0,414894
2432;action_battery#0;0,361702
2433;action_battery#0;0,148936
2434;action_battery#0;0,563830
2435;action_battery#0;0,297872
2436;action_battery#0;0,372340
2437;action_battery#0;0,372340
2438;action_battery#0;0,382979
2439;action_battery#0;0,223404
2440;action_battery#0;0,127660
2441;action_battery#0;0,191489
2442;action_battery#0;0,212766
2443;action_battery#0;0,478723
2444;action_battery#0;0,170213
2445;action_battery#0;0,180851
2446;action_battery#0;0,127660
2447;action_battery#0;0,127660
2448;action_battery#0;0,138298
2449;action_battery#0;0,234043
2450;action_battery#0;0,085106
2451;action_battery#0;0,127660
2452;action_battery#0;0,170213
2453;action_battery#0;0,276596
2454;action_battery#0;0,212766
2455;action_battery#0;0,085106
2456;action_battery#0;0,191489
2457;action_battery#0;0,244681
2458;action_battery#0;0,042553
2459;action_battery#0;0,329787
2460;action_battery#0;0,351064
2461;action_battery#0;0,297872
2462;action_battery#0;0,180851
2463;action_battery#0;0,276596
2464;action_battery#0;0,308511
2465;action_battery#0;0,319149
2466;action_battery#0;0,308511
2467;action_battery#0;0,319149
2468;action_battery#0;0,138298
2469;action_battery#0;0,191489
2470;action_battery#0;0,351064
2471;action_battery#0;0,382979
2472;action_battery#0;0,329787
2473;action_battery#0;0,319149
2474;action_battery#0;0,340426
2475;action_battery#0;0,287234
2476;action_battery#0;0,212766
2477;action_battery#0;0,265957
2478;action_battery#0;0,340426
2479;action_battery#0;0,191489
2480;action_battery#0;0,351064
2481;action_battery#0;0,382979
2482;action_battery#0;0,287234
2483;action_battery#0;0,159574
2484;action_battery#0;0,180851
2485;action_battery#0;0,329787
2486;action_battery#0;0,170213
2487;action_battery#0;0,234043
2488;action_battery#0;0,170213
2489;action_battery#0;0,085106
2490;action_battery#0;0,170213
2491;action_battery#0;0,234043
2492;action_battery#0;0,138298
2493;action_battery#0;0,223404
2494;action_battery#0;0,148936
2495;action_battery#0;0,170213
2496;action_battery#0;0,106383
2497;action_battery#0;0,329787
2498;action_battery#0;0,063830
2499;action_battery#0;0,244681
0;action_grid#0;0,574468
1;action_grid#0;0,606383
2;action_grid#0;0,500000
3;action_grid#0;0,585106
4;action_grid#0;0,489362
5;action_grid#0;0,563830
6;action_grid#0;0,457447
7;action_grid#0;0,489362
8;action_grid#0;0,531915
9;action_grid#0;0,553191
10;action_grid#0;0,531915
11;action_grid#0;0,542553
12;action_grid#0;0,531915
13;action_grid#0;0,436170
14;action_grid#0;0,595745
15;action_grid#0;0,446809
16;action_grid#0;0,510638
17;action_grid#0;0,500000
18;action_grid#0;0,457447
19;action_grid#0;0,521277
20;action_grid#0;0,372340
21;action_grid#0;0,425532
22;action_grid#0;0,500000
23;action_grid#0;0,531915
24;action_grid#0;0,500000
25;action_grid#0;0,531915
26;action_grid#0;0,436170
27;action_grid#0;0,446809
28;action_grid#0;0,478723
29;action_grid#0;0,468085
30;action_grid#0;0,414894
31;action_grid#0;0,531915
32;action_grid#0;0,563830
33;action_grid#0;0,510638
34;action_grid#0;0,500000
35;action_grid#0;0,563830
36;action_grid#0;0,425532
37;action_grid#0;0,510638
38;action_grid#0;0,425532
39;action_grid#0;0,457447
40;action_grid#0;0,531915
41;action_grid#0;0,585106
42;action_grid#0;0,436170
43;action_grid#0;0,446809
44;action_grid#0;0,457447
45;action_grid#0;0,446809
46;action_grid#0;0,500000
47;action_grid#0;0,468085
48;action_grid#0;0,521277
49;action_grid#0;0,468085
50;action_grid#0;0,574468
51;action_grid#0;0,542553
52;action_grid#0;0,521277
53;action_grid#0;0,478723
54;action_grid#0;0,489362
55;action_grid#0;0,563830
56;action_grid#0;0,489362
57;action_grid#0;0,521277
58;action_grid#0;0,404255
59;action_grid#0;0,563830
60;action_grid#0;0,436170
61;action_grid#0;0,468085
62;action_grid#0;0,436170
63;action_grid#0;0,436170
64;action_grid#0;0,531915
65;action_grid#0;0,436170
66;action_grid#0;0,489362
67;action_grid#0;0,414894
68;action_grid#0;0,542553
69;action_grid#0;0,542553
70;action_grid#0;0,489362
71;action_grid#0;0,500000
72;action_grid#0;0,457447
73;action_grid#0;0,468085
74;action_grid#0;0,553191
75;action_grid#0;0,468085
76;action_grid#0;0,521277
77;action_grid#0;0,563830
78;action_grid#0;0,531915
79;action_grid#0;0,457447
80;action_grid#0;0,500000
81;action_grid#0;0,468085
82;action_grid#0;0,553191
83;action_grid#0;0,425532
84;action_grid#0;0,531915
85;action_grid#0;0,382979
86;action_grid#0;0,606383
87;action_grid#0;0,478723
88;action_grid#0;0,521277
89;action_grid#0;0,542553
90;action_grid#0;0,468085
91;action_grid#0;0,457447
92;action_grid#0;0,585106
93;action_grid#0;0,574468
94;action_grid#0;0,510638
95;action_grid#0;0,595745
96;action_grid#0;0,500000
97;action_grid#0;0,478723
98;action_grid#0;0,500000
99;action_grid#0;0,436170
100;action_grid#0;0,457447
101;action_grid#0;0,553191
102;action_grid#0;0,521277
103;action_grid#0;0,638298
104;action_grid#0;0,574468
105;action_grid#0;0,521277
106;action_grid#0;0,478723
107;action_grid#0;0,361702
108;action_grid#0;0,510638
109;action_grid#0;0,585106
110;action_grid#0;0,457447
111;action_grid#0;0,478723
112;action_grid#0;0,489362
113;action_grid#0;0,510638
114;action_grid#0;0,542553
115;action_grid#0;0,585106
116;action_grid#0;0,617021
117;action_grid#0;0,553191
118;action_grid#0;0,553191
119;action_grid#0;0,510638
120;action_grid#0;0,489362
121;action_grid#0;0,489362
122;action_grid#0;0,563830
123;action_grid#0;0,521277
124;action_grid#0;0,648936
125;action_grid#0;0,436170
126;action_grid#0;0,489362
127;action_grid#0;0,595745
128;action_grid#0;0,500000
129;action_grid#0;0,521277
130;action_grid#0;0,510638
131;action_grid#0;0,521277
132;action_grid#0;0,563830
133;action_grid#0;0,500000
134;action_grid#0;0,393617
135;action_grid#0;0,500000
136;action_grid#0;0,436170
137;action_grid#0;0,531915
138;action_grid#0;0,436170
139;action_grid#0;0,595745
140;action_grid#0;0,553191
141;action_grid#0;0,521277
142;action_grid#0;0,500000
143;action_grid#0;0,638298
144;action_grid#0;0,531915
145;action_grid#0;0,627660
146;action_grid#0;0,478723
147;action_grid#0;0,446809
148;action_grid#0;0,500000
149;action_grid#0;0,585106
150;action_grid#0;0,574468
151;action_grid#0;0,468085
152;action_grid#0;0,585106
153;action_grid#0;0,553191
154;action_grid#0;0,500000
155;action_grid#0;0,531915
156;action_grid#0;0,468085
157;action_grid#0;0,446809
158;action_grid#0;0,542553
159;action_grid#0;0,542553
160;action_grid#0;0,500000
161;action_grid#0;0,478723
162;action_grid#0;0,510638
163;action_grid#0;0,521277
164;action_grid#0;0,478723
165;action_grid#0;0,489362
166;action_grid#0;0,574468
167;action_grid#0;0,468085
168;action_grid#0;0,510638
169;action_grid#0;0,510638
170;action_grid#0;0,425532
171;action_grid#0;0,531915
172;action_grid#0;0,521277
173;action_grid#0;0,500000
174;action_grid#0;0,574468
175;action_grid#0;0,500000
176;action_grid#0;0,478723
177;action_grid#0;0,457447
178;action_grid#0;0,553191
179;action_grid#0;0,404255
180;action_grid#0;0,478723
181;action_grid#0;0,521277
182;action_grid#0;0,468085
183;action_grid#0;0,500000
184;action_grid#0;0,500000
185;action_grid#0;0,457447
186;action_grid#0;0,500000
187;action_grid#0;0,457447
188;action_grid#0;0,553191
189;action_grid#0;0,468085
190;action_grid#0;0,553191
191;action_grid#0;0,478723
192;action_grid#0;0,563830
193;action_grid#0;0,531915
194;action_grid#0;0,553191
195;action_grid#0;0,510638
196;action_grid#0;0,468085
197;action_grid#0;0,489362
198;action_grid#0;0,489362
199;action_grid#0;0,489362
200;action_grid#0;0,468085
201;action_grid#0;0,478723
202;action_grid#0;0,500000
203;action_grid#0;0,500000
204;action_grid#0;0,436170
205;action_grid#0;0,404255
206;action_grid#0;0,500000
207;action_grid#0;0,606383
208;action_grid#0;0,446809
209;action_grid#0;0,595745
210;action_grid#0;0,414894
211;action_grid#0;0,425532
212;action_grid#0;0,510638
213;action_grid#0;0,468085
214;action_grid#0;0,425532
215;action_grid#0;0,393617
216;action_grid#0;0,489362
217;action_grid#0;0,521277
218;action_grid#0;0,500000
219;action_grid#0;0,425532
220;action_grid#0;0,585106
221;action_grid#0;0,436170
222;action_grid#0;0,478723
223;action_grid#0;0,446809
224;action_grid#0;0,414894
225;action_grid#0;0,425532
226;action_grid#0;0,478723
227;action_grid#0;0,489362
228;action_grid#0;0,521277
229;action_grid#0;0,521277
230;action_grid#0;0,574468
231;action_grid#0;0,468085
232;action_grid#0;0,510638
233;action_grid#0;0,553191
234;action_grid#0;0,563830
235;action_grid#0;0,531915
236;action_grid#0;0,521277
237;action_grid#0;0,425532
238;action_grid#0;0,414894
239;action_grid#0;0,478723
240;action_grid#0;0,393617
241;action_grid#0;0,446809
242;action_grid#0;0,553191
243;action_grid#0;0,521277
244;action_grid#0;0,436170
245;action_grid#0;0,595745
246;action_grid#0;0,563830
247;action_grid#0;0,500000
248;action_grid#0;0,531915
249;action_grid#0;0,531915
250;action_grid#0;0,468085
251;action_grid#0;0,500000
252;action_grid#0;0,500000
253;action_grid#0;0,542553
254;action_grid#0;0,425532
255;action_grid#0;0,478723
256;action_grid#0;0,531915
257;action_grid#0;0,521277
258;action_grid#0;0,489362
259;action_grid#0;0,457447
260;action_grid#0;0,478723
261;action_grid#0;0,563830
262;action_grid#0;0,489362
263;action_grid#0;0,553191
264;action_grid#0;0,478723
265;action_grid#0;0,446809
266;action_grid#0;0,500000
267;action_grid#0;0,500000
268;action_grid#0;0,510638
269;action_grid#0;0,436170
270;action_grid#0;0,489362
271;action_grid#0;0,425532
272;action_grid#0;0,585106
273;action_grid#0;0,489362
274;action_grid#0;0,617021
275;action_grid#0;0,425532
276;action_grid#0;0,510638
277;action_grid#0;0,500000
278;action_grid#0;0,489362
279;action_grid#0;0,489362
280;action_grid#0;0,489362
281;action_grid#0;0,585106
282;action_grid#0;0,457447
283;action_grid#0;0,414894
284;action_grid#0;0,457447
285;action_grid#0;0,553191
286;action_grid#0;0,585106
287;action_grid#0;0,585106
288;action_grid#0;0,478723
289;action_grid#0;0,468085
290;action_grid#0;0,521277
291;action_grid#0;0,393617
292;action_grid#0;0,468085
293;action_grid#0;0,489362
294;action_grid#0;0,510638
295;action_grid#0;0,510638
296;action_grid#0;0,574468
297;action_grid#0;0,553191
298;action_grid#0;0,489362
299;action_grid#0;0,414894
300;action_grid#0;0,457447
301;action_grid#0;0,500000
302;action_grid#0;0,510638
303;action_grid#0;0,574468
304;action_grid#0;0,617021
305;action_grid#0;0,468085
306;action_grid#0;0,521277
307;action_grid#0;0,500000
308;action_grid#0;0,414894
309;action_grid#0;0,510638
310;action_grid#0;0,489362
311;action_grid#0;0,489362
312;action_grid#0;0,446809
313;action_grid#0;0,531915
314;action_grid#0;0,542553
315;action_grid#0;0,457447
316;action_grid#0;0,531915
317;action_grid#0;0,436170
318;action_grid#0;0,531915
319;action_grid#0;0,542553
320;action_grid#0;0,500000
321;action_grid#0;0,372340
322;action_grid#0;0,542553
323;action_grid#0;0,468085
324;action_grid#0;0,478723
325;action_grid#0;0,531915
326;action_grid#0;0,436170
327;action_grid#0;0,510638
328;action_grid#0;0,531915
329;action_grid#0;0,542553
330;action_grid#0;0,478723
331;action_grid#0;0,468085
332;action_grid#0;0,563830
333;action_grid#0;0,393617
334;action_grid#0;0,531915
335;action_grid#0;0,457447
336;action_grid#0;0,468085
337;action_grid#0;0,531915
338;action_grid#0;0,521277
339;action_grid#0;0,585106
340;action_grid#0;0,404255
341;action_grid#0;0,521277
342;action_grid#0;0,478723
343;action_grid#0;0,521277
344;action_grid#0;0,595745
345;action_grid#0;0,500000
346;action_grid#0;0,521277
347;action_grid#0;0,468085
348;action_grid#0;0,500000
349;action_grid#0;0,521277
350;action_grid#0;0,425532
351;action_grid#0;0,468085
352;action_grid#0;0,414894
353;action_grid#0;0,489362
354;action_grid#0;0,563830
355;action_grid#0;0,521277
356;action_grid#0;0,531915
357;action_grid#0;0,510638
358;action_grid#0;0,531915
359;action_grid#0;0,510638
360;action_grid#0;0,468085
361;action_grid#0;0,553191
362;action_grid#0;0,521277
363;action_grid#0;0,531915
364;action_grid#0;0,521277
365;action_grid#0;0,468085
366;action_grid#0;0,489362
367;action_grid#0;0,468085
368;action_grid#0;0,446809
369;action_grid#0;0,478723
370;action_grid#0;0,553191
371;action_grid#0;0,425532
372;action_grid#0;0,531915
373;action_grid#0;0,425532
374;action_grid#0;0,574468
375;action_grid#0;0,585106
376;action_grid#0;0,521277
377;action_grid#0;0,468085
378;action_grid#0;0,574468
379;action_grid#0;0,553191
380;action_grid#0;0,404255
381;action_grid#0;0,489362
382;action_grid#0;0,521277
383;action_grid#0;0,478723
384;action_grid#0;0,489362
385;action_grid#0;0,468085
386;action_grid#0;0,468085
387;action_grid#0;0,393617
388;action_grid#0;0,521277
389;action_grid#0;0,574468
390;action_grid#0;0,425532
391;action_grid#0;0,468085
392;action_grid#0;0,468085
393;action_grid#0;0,468085
394;action_grid#0;0,500000
395;action_grid#0;0,414894
396;action_grid#0;0,585106
397;action_grid#0;0,500000
398;action_grid#0;0,574468
399;action_grid#0;0,478723
400;action_grid#0;0,595745
401;action_grid#0;0,414894
402;action_grid#0;0,500000
403;action_grid#0;0,414894
404;action_grid#0;0,563830
405;action_grid#0;0,446809
406;action_grid#0;0,489362
407;action_grid#0;0,510638
408;action_grid#0;0,489362
409;action_grid#0;0,563830
410;action_grid#0;0,595745
411;action_grid#0;0,500000
412;action_grid#0;0,510638
413;action_grid#0;0,478723
414;action_grid#0;0,542553
415;action_grid#0;0,425532
416;action_grid#0;0,563830
417;action_grid#0;0,617021
418;action_grid#0;0,446809
419;action_grid#0;0,521277
420;action_grid#0;0,457447
421;action_grid#0;0,468085
422;action_grid#0;0,500000
423;action_grid#0;0,446809
424;action_grid#0;0,414894
425;action_grid#0;0,457447
426;action_grid#0;0,510638
427;action_grid#0;0,553191
428;action_grid#0;0,510638
429;action_grid#0;0,478723
430;action_grid#0;0,468085
431;action_grid#0;0,468085
432;action_grid#0;0,404255
433;action_grid#0;0,446809
434;action_grid#0;0,500000
435;action_grid#0;0,489362
436;action_grid#0;0,382979
437;action_grid#0;0,521277
438;action_grid#0;0,542553
439;action_grid#0;0,414894
440;action_grid#0;0,500000
441;action_grid#0;0,446809
442;action_grid#0;0,425532
443;action_grid#0;0,542553
444;action_grid#0;0,478723
445;action_grid#0;0,531915
446;action_grid#0;0,542553
447;action_grid#0;0,585106
448;action_grid#0;0,446809
449;action_grid#0;0,457447
450;action_grid#0;0,425532
451;action_grid#0;0,489362
452;action_grid#0;0,553191
453;action_grid#0;0,574468
454;action_grid#0;0,531915
455;action_grid#0;0,563830
456;action_grid#0;0,585106
457;action_grid#0;0,457447
458;action_grid#0;0,542553
459;action_grid#0;0,468085
460;action_grid#0;0,468085
461;action_grid#0;0,585106
462;action_grid#0;0,500000
463;action_grid#0;0,446809
464;action_grid#0;0,542553
465;action_grid#0;0,457447
466;action_grid#0;0,510638
467;action_grid#0;0,340426
468;action_grid#0;0,425532
469;action_grid#0;0,489362
470;action_grid#0;0,531915
471;action_grid#0;0,478723
472;action_grid#0;0,489362
473;action_grid#0;0,574468
474;action_grid#0;0,553191
475;action_grid#0;0,521277
476;action_grid#0;0,553191
477;action_grid#0;0,489362
478;action_grid#0;0,425532
479;action_grid#0;0,510638
480;action_grid#0;0,531915
481;action_grid#0;0,468085
482;action_grid#0;0,500000
483;action_grid#0;0,553191
484;action_grid#0;0,521277
485;action_grid#0;0,446809
486;action_grid#0;0,531915
487;action_grid#0;0,553191
488;action_grid#0;0,563830
489;action_grid#0;0,489362
490;action_grid#0;0,489362
491;action_grid#0;0,489362
492;action_grid#0;0,521277
493;action_grid#0;0,510638
494;action_grid#0;0,382979
495;action_grid#0;0,446809
496;action_grid#0;0,436170
497;action_grid#0;0,489362
498;action_grid#0;0,414894
499;action_grid#0;0,478723
500;action_grid#0;0,627660
501;action_grid#0;0,446809
502;action_grid#0;0,457447
503;action_grid#0;0,563830
504;action_grid#0;0,521277
505;action_grid#0;0,457447
506;action_grid#0;0,436170
507;action_grid#0;0,436170
508;action_grid#0;0,531915
509;action_grid#0;0,563830
510;action_grid#0;0,478723
511;action_grid#0;0,542553
512;action_grid#0;0,521277
513;action_grid#0;0,457447
514;action_grid#0;0,500000
515;action_grid#0;0,393617
516;action_grid#0;0,500000
517;action_grid#0;0,531915
518;action_grid#0;0,510638
519;action_grid#0;0,585106
520;action_grid#0;0,468085
521;action_grid#0;0,414894
522;action_grid#0;0,425532
523;action_grid#0;0,531915
524;action_grid#0;0,510638
525;action_grid#0;0,414894
526;action_grid#0;0,414894
527;action_grid#0;0,478723
528;action_grid#0;0,446809
529;action_grid#0;0,478723
530;action_grid#0;0,542553
531;action_grid#0;0,553191
532;action_grid#0;0,500000
533;action_grid#0;0,489362
534;action_grid#0;0,585106
535;action_grid#0;0,531915
536;action_grid#0;0,500000
537;action_grid#0;0,617021
538;action_grid#0;0,500000
539;action_grid#0;0,510638
540;action_grid#0;0,510638
541;action_grid#0;0,510638
542;action_grid#0;0,510638
543;action_grid#0;0,531915
544;action_grid#0;0,436170
545;action_grid#0;0,436170
546;action_grid#0;0,531915
547;action_grid#0;0,489362
548;action_grid#0;0,510638
549;action_grid#0;0,468085
550;action_grid#0;0,521277
551;action_grid#0;0,542553
552;action_grid#0;0,425532
553;action_grid#0;0,436170
554;action_grid#0;0,648936
555;action_grid#0;0,457447
556;action_grid#0;0,531915
557;action_grid#0;0,436170
558;action_grid#0;0,425532
559;action_grid#0;0,446809
560;action_grid#0;0,425532
561;action_grid#0;0,574468
562;action_grid#0;0,468085
563;action_grid#0;0,500000
564;action_grid#0;0,563830
565;action_grid#0;0,542553
566;action_grid#0;0,531915
567;action_grid#0;0,585106
568;action_grid#0;0,531915
569;action_grid#0;0,468085
570;action_grid#0;0,500000
571;action_grid#0;0,542553
572;action_grid#0;0,521277
573;action_grid#0;0,521277
574;action_grid#0;0,531915
575;action_grid#0;0,606383
576;action_grid#0;0,489362
577;action_grid#0;0,489362
578;action_grid#0;0,468085
579;action_grid#0;0,574468
580;action_grid#0;0,361702
581;action_grid#0;0,531915
582;action_grid#0;0,478723
583;action_grid#0;0,372340
584;action_grid#0;0,510638
585;action_grid#0;0,404255
586;action_grid#0;0,478723
587;action_grid#0;0,510638
588;action_grid#0;0,340426
589;action_grid#0;0,510638
590;action_grid#0;0,521277
591;action_grid#0;0,446809
592;action_grid#0;0,531915
593;action_grid#0;0,510638
594;action_grid#0;0,500000
595;action_grid#0;0,436170
596;action_grid#0;0,446809
597;action_grid#0;0,457447
598;action_grid#0;0,404255
599;action_grid#0;0,489362
600;action_grid#0;0,446809
601;action_grid#0;0,500000
602;action_grid#0;0,500000
603;action_grid#0;0,478723
604;action_grid#0;0,489362
605;action_grid#0;0,542553
606;action_grid#0;0,382979
607;action_grid#0;0,468085
608;action_grid#0;0,489362
609;action_grid#0;0,510638
610;action_grid#0;0,510638
611;action_grid#0;0,595745
612;action_grid#0;0,595745
613;action_grid#0;0,510638
614;action_grid#0;0,393617
615;action_grid#0;0,329787
616;action_grid#0;0,510638
617;action_grid#0;0,500000
618;action_grid#0;0,489362
619;action_grid#0;0,425532
620;action_grid#0;0,478723
621;action_grid#0;0,436170
622;action_grid#0;0,361702
623;action_grid#0;0,468085
624;action_grid#0;0,446809
625;action_grid#0;0,531915
626;action_grid#0;0,468085
627;action_grid#0;0,446809
628;action_grid#0;0,404255
629;action_grid#0;0,489362
630;action_grid#0;0,574468
631;action_grid#0;0,425532
632;action_grid#0;0,531915
633;action_grid#0;0,457447
634;action_grid#0;0,446809
635;action_grid#0;0,457447
636;action_grid#0;0,553191
637;action_grid#0;0,500000
638;action_grid#0;0,531915
639;action_grid#0;0,393617
640;action_grid#0;0,404255
641;action_grid#0;0,531915
642;action_grid#0;0,457447
643;action_grid#0;0,425532
644;action_grid#0;0,468085
645;action_grid#0;0,457447
646;action_grid#0;0,425532
647;action_grid#0;0,436170
648;action_grid#0;0,553191
649;action_grid#0;0,425532
650;action_grid#0;0,457447
651;action_grid#0;0,574468
652;action_grid#0;0,436170
653;action_grid#0;0,510638
654;action_grid#0;0,414894
655;action_grid#0;0,425532
656;action_grid#0;0,563830
657;action_grid#0;0,553191
658;action_grid#0;0,531915
659;action_grid#0;0,510638
660;action_grid#0;0,446809
661;action_grid#0;0,510638
662;action_grid#0;0,531915
663;action_grid#0;0,510638
664;action_grid#0;0,436170
665;action_grid#0;0,500000
666;action_grid#0;0,531915
667;action_grid#0;0,468085
668;action_grid#0;0,436170
669;action_grid#0;0,468085
670;action_grid#0;0,436170
671;action_grid#0;0,425532
672;action_grid#0;0,446809
673;action_grid#0;0,457447
674;action_grid#0;0,436170
675;action_grid#0;0,489362
676;action_grid#0;0,393617
677;action_grid#0;0,436170
678;action_grid#0;0,521277
679;action_grid#0;0,500000
680;action_grid#0;0,489362
681;action_grid#0;0,489362
682;action_grid#0;0,489362
683;action_grid#0;0,500000
684;action_grid#0;0,638298
685;action_grid#0;0,521277
686;action_grid#0;0,553191
687;action_grid#0;0,382979
688;action_grid#0;0,542553
689;action_grid#0;0,574468
690;action_grid#0;0,489362
691;action_grid#0;0,468085
692;action_grid#0;0,478723
693;action_grid#0;0,414894
694;action_grid#0;0,404255
695;action_grid#0;0,574468
696;action_grid#0;0,436170
697;action_grid#0;0,404255
698;action_grid#0;0,521277
699;action_grid#0;0,446809
700;action_grid#0;0,478723
701;action_grid#0;0,478723
702;action_grid#0;0,478723
703;action_grid#0;0,468085
704;action_grid#0;0,457447
705;action_grid#0;0,404255
706;action_grid#0;0,500000
707;action_grid#0;0,478723
708;action_grid#0;0,478723
709;action_grid#0;0,404255
710;action_grid#0;0,468085
711;action_grid#0;0,563830
712;action_grid#0;0,638298
713;action_grid#0;0,563830
714;action_grid#0;0,425532
715;action_grid#0;0,457447
716;action_grid#0;0,446809
717;action_grid#0;0,414894
718;action_grid#0;0,425532
719;action_grid#0;0,478723
720;action_grid#0;0,446809
721;action_grid#0;0,468085
722;action_grid#0;0,563830
723;action_grid#0;0,521277
724;action_grid#0;0,510638
725;action_grid#0;0,574468
726;action_grid#0;0,542553
727;action_grid#0;0,510638
728;action_grid#0;0,446809
729;action_grid#0;0,489362
730;action_grid#0;0,563830
731;action_grid#0;0,500000
732;action_grid#0;0,425532
733;action_grid#0;0,510638
734;action_grid#0;0,531915
735;action_grid#0;0,489362
736;action_grid#0;0,542553
737;action_grid#0;0,574468
738;action_grid#0;0,372340
739;action_grid#0;0,489362
740;action_grid#0;0,436170
741;action_grid#0;0,542553
742;action_grid#0;0,478723
743;action_grid#0;0,478723
744;action_grid#0;0,446809
745;action_grid#0;0,500000
746;action_grid#0;0,521277
747;action_grid#0;0,553191
748;action_grid#0;0,585106
749;action_grid#0;0,521277
750;action_grid#0;0,478723
751;action_grid#0;0,478723
752;action_grid#0;0,563830
753;action_grid#0;0,425532
754;action_grid#0;0,553191
755;action_grid#0;0,478723
756;action_grid#0;0,531915
757;action_grid#0;0,468085
758;action_grid#0;0,510638
759;action_grid#0;0,425532
760;action_grid#0;0,510638
761;action_grid#0;0,446809
762;action_grid#0;0,468085
763;action_grid#0;0,457447
764;action_grid#0;0,404255
765;action_grid#0;0,468085
766;action_grid#0;0,563830
767;action_grid#0;0,351064
768;action_grid#0;0,489362
769;action_grid#0;0,500000
770;action_grid#0;0,510638
771;action_grid#0;0,425532
772;action_grid#0;0,478723
773;action_grid#0;0,489362
774;action_grid#0;0,351064
775;action_grid#0;0,531915
776;action_grid#0;0,478723
777;action_grid#0;0,446809
778;action_grid#0;0,404255
779;action_grid#0;0,468085
780;action_grid#0;0,425532
781;action_grid#0;0,414894
782;action_grid#0;0,489362
783;action_grid#0;0,489362
784;action_grid#0;0,531915
785;action_grid#0;0,436170
786;action_grid#0;0,510638
787;action_grid#0;0,382979
788;action_grid#0;0,468085
789;action_grid#0;0,404255
790;action_grid#0;0,382979
791;action_grid#0;0,489362
792;action_grid#0;0,521277
793;action_grid#0;0,425532
794;action_grid#0;0,436170
795;action_grid#0;0,361702
796;action_grid#0;0,404255
797;action_grid#0;0,500000
798;action_grid#0;0,531915
799;action_grid#0;0,478723
800;action_grid#0;0,553191
801;action_grid#0;0,521277
802;action_grid#0;0,446809
803;action_grid#0;0,468085
804;action_grid#0;0,531915
805;action_grid#0;0,489362
806;action_grid#0;0,457447
807;action_grid#0;0,478723
808;action_grid#0;0,521277
809;action_grid#0;0,510638
810;action_grid#0;0,382979
811;action_grid#0;0,457447
812;action_grid#0;0,500000
813;action_grid#0;0,531915
814;action_grid#0;0,372340
815;action_grid#0;0,372340
816;action_grid#0;0,414894
817;action_grid#0;0,478723
818;action_grid#0;0,372340
819;action_grid#0;0,489362
820;action_grid#0;0,606383
821;action_grid#0;0,563830
822;action_grid#0;0,553191
823;action_grid#0;0,393617
824;action_grid#0;0,425532
825;action_grid#0;0,404255
826;action_grid#0;0,489362
827;action_grid#0;0,393617
828;action_grid#0;0,425532
829;action_grid#0;0,500000
830;action_grid#0;0,361702
831;action_grid#0;0,510638
832;action_grid#0;0,531915
833;action_grid#0;0,510638
834;action_grid#0;0,457447
835;action_grid#0;0,563830
836;action_grid#0;0,531915
837;action_grid#0;0,436170
838;action_grid#0;0,414894
839;action_grid#0;0,457447
840;action_grid#0;0,542553
841;action_grid#0;0,478723
842;action_grid#0;0,553191
843;action_grid#0;0,425532
844;action_grid#0;0,531915
845;action_grid#0;0,425532
846;action_grid#0;0,425532
847;action_grid#0;0,468085
848;action_grid#0;0,414894
849;action_grid#0;0,531915
850;action_grid#0;0,457447
851;action_grid#0;0,606383
852;action_grid#0;0,489362
853;action_grid#0;0,457447
854;action_grid#0;0,436170
855;action_grid#0;0,436170
856;action_grid#0;0,563830
857;action_grid#0;0,425532
858;action_grid#0;0,393617
859;action_grid#0;0,510638
860;action_grid#0;0,521277
861;action_grid#0;0,436170
862;action_grid#0;0,510638
863;action_grid#0;0,595745
864;action_grid#0;0,351064
865;action_grid#0;0,351064
866;action_grid#0;0,404255
867;action_grid#0;0,489362
868;action_grid#0;0,468085
869;action_grid#0;0,510638
870;action_grid#0;0,510638
871;action_grid#0;0,340426
872;action_grid#0;0,531915
873;action_grid#0;0,510638
874;action_grid#0;0,436170
875;action_grid#0;0,521277
876;action_grid#0;0,446809
877;action_grid#0;0,510638
878;action_grid#0;0,414894
879;action_grid#0;0,425532
880;action_grid#0;0,489362
881;action_grid#0;0,478723
882;action_grid#0;0,521277
883;action_grid#0;0,446809
884;action_grid#0;0,425532
885;action_grid#0;0,414894
886;action_grid#0;0,585106
887;action_grid#0;0,382979
888;action_grid#0;0,500000
889;action_grid#0;0,436170
890;action_grid#0;0,521277
891;action_grid#0;0,404255
892;action_grid#0;0,382979
893;action_grid#0;0,521277
894;action_grid#0;0,500000
895;action_grid#0;0,542553
896;action_grid#0;0,468085
897;action_grid#0;0,500000
898;action_grid#0;0,414894
899;action_grid#0;0,500000
900;action_grid#0;0,553191
901;action_grid#0;0,478723
902;action_grid#0;0,510638
903;action_grid#0;0,595745
904;action_grid#0;0,382979
905;action_grid#0;0,468085
906;action_grid#0;0,372340
907;action_grid#0;0,468085
908;action_grid#0;0,372340
909;action_grid#0;0,510638
910;action_grid#0;0,500000
911;action_grid#0;0,414894
912;action_grid#0;0,457447
913;action_grid#0;0,436170
914;action_grid#0;0,393617
915;action_grid#0;0,542553
916;action_grid#0;0,393617
917;action_grid#0;0,489362
918;action_grid#0;0,372340
919;action_grid#0;0,404255
920;action_grid#0;0,425532
921;action_grid#0;0,425532
922;action_grid#0;0,585106
923;action_grid#0;0,489362
924;action_grid#0;0,404255
925;action_grid#0;0,404255
926;action_grid#0;0,500000
927;action_grid#0;0,510638
928;action_grid#0;0,414894
929;action_grid#0;0,425532
930;action_grid#0;0,478723
931;action_grid#0;0,500000
932;action_grid#0;0,500000
933;action_grid#0;0,468085
934;action_grid#0;0,468085
935;action_grid#0;0,500000
936;action_grid#0;0,478723
937;action_grid#0;0,468085
938;action_grid#0;0,468085
939;action_grid#0;0,478723
940;action_grid#0;0,351064
941;action_grid#0;0,351064
942;action_grid#0;0,489362
943;action_grid#0;0,489362
944;action_grid#0;0,436170
945;action_grid#0;0,531915
946;action_grid#0;0,414894
947;action_grid#0;0,468085
948;action_grid#0;0,382979
949;action_grid#0;0,393617
950;action_grid#0;0,361702
951;action_grid#0;0,361702
952;action_grid#0;0,542553
953;action_grid#0;0,287234
954;action_grid#0;0,446809
955;action_grid#0;0,446809
956;action_grid#0;0,574468
957;action_grid#0;0,468085
958;action_grid#0;0,542553
959;action_grid#0;0,521277
960;action_grid#0;0,446809
961;action_grid#0;0,521277
962;action_grid#0;0,457447
963;action_grid#0;0,478723
964;action_grid#0;0,351064
965;action_grid#0;0,521277
966;action_grid#0;0,351064
967;action_grid#0;0,563830
968;action_grid#0;0,510638
969;action_grid#0;0,531915
970;action_grid#0;0,446809
971;action_grid#0;0,393617
972;action_grid#0;0,489362
973;action_grid#0;0,500000
974;action_grid#0;0,531915
975;action_grid#0;0,468085
976;action_grid#0;0,414894
977;action_grid#0;0,478723
978;action_grid#0;0,329787
979;action_grid#0;0,468085
980;action_grid#0;0,436170
981;action_grid#0;0,425532
982;action_grid#0;0,510638
983;action_grid#0;0,414894
984;action_grid#0;0,500000
985;action_grid#0;0,510638
986;action_grid#0;0,361702
987;action_grid#0;0,425532
988;action_grid#0;0,521277
989;action_grid#0;0,521277
990;action_grid#0;0,446809
991;action_grid#0;0,319149
992;action_grid#0;0,372340
993;action_grid#0;0,489362
994;action_grid#0;0,446809
995;action_grid#0;0,446809
996;action_grid#0;0,563830
997;action_grid#0;0,425532
998;action_grid#0;0,361702
999;action_grid#0;0,436170
1000;action_grid#0;0,393617
1001;action_grid#0;0,500000
1002;action_grid#0;0,436170
1003;action_grid#0;0,425532
1004;action_grid#0;0,446809
1005;action_grid#0;0,436170
1006;action_grid#0;0,468085
1007;action_grid#0;0,468085
1008;action_grid#0;0,372340
1009;action_grid#0;0,531915
1010;action_grid#0;0,500000
1011;action_grid#0;0,510638
1012;action_grid#0;0,542553
1013;action_grid#0;0,500000
1014;action_grid#0;0,382979
1015;action_grid#0;0,489362
1016;action_grid#0;0,425532
1017;action_grid#0;0,457447
1018;action_grid#0;0,500000
1019;action_grid#0;0,425532
1020;action_grid#0;0,489362
1021;action_grid#0;0,382979
1022;action_grid#0;0,382979
1023;action_grid#0;0,414894
1024;action_grid#0;0,457447
1025;action_grid#0;0,521277
1026;action_grid#0;0,404255
1027;action_grid#0;0,382979
1028;action_grid#0;0,436170
1029;action_grid#0;0,521277
1030;action_grid#0;0,478723
1031;action_grid#0;0,446809
1032;action_grid#0;0,393617
1033;action_grid#0;0,361702
1034;action_grid#0;0,489362
1035;action_grid#0;0,489362
1036;action_grid#0;0,436170
1037;action_grid#0;0,521277
1038;action_grid#0;0,351064
1039;action_grid#0;0,468085
1040;action_grid#0;0,425532
1041;action_grid#0;0,595745
1042;action_grid#0;0,500000
1043;action_grid#0;0,510638
1044;action_grid#0;0,425532
1045;action_grid#0;0,563830
1046;action_grid#0;0,489362
1047;action_grid#0;0,468085
1048;action_grid#0;0,436170
1049;action_grid#0;0,404255
1050;action_grid#0;0,457447
1051;action_grid#0;0,372340
1052;action_grid#0;0,500000
1053;action_grid#0;0,446809
1054;action_grid#0;0,425532
1055;action_grid#0;0,446809
1056;action_grid#0;0,436170
1057;action_grid#0;0,574468
1058;action_grid#0;0,542553
1059;action_grid#0;0,382979
1060;action_grid#0;0,457447
1061;action_grid#0;0,468085
1062;action_grid#0;0,521277
1063;action_grid#0;0,436170
1064;action_grid#0;0,521277
1065;action_grid#0;0,510638
1066;action_grid#0;0,489362
1067;action_grid#0;0,478723
1068;action_grid#0;0,478723
1069;action_grid#0;0,436170
1070;action_grid#0;0,393617
1071;action_grid#0;0,404255
1072;action_grid#0;0,425532
1073;action_grid#0;0,414894
1074;action_grid#0;0,457447
1075;action_grid#0;0,446809
1076;action_grid#0;0,372340
1077;action_grid#0;0,287234
1078;action_grid#0;0,500000
1079;action_grid#0;0,446809
1080;action_grid#0;0,425532
1081;action_grid#0;0,500000
1082;action_grid#0;0,468085
1083;action_grid#0;0,404255
1084;action_grid#0;0,436170
1085;action_grid#0;0,553191
1086;action_grid#0;0,510638
1087;action_grid#0;0,446809
1088;action_grid#0;0,521277
1089;action_grid#0;0,425532
1090;action_grid#0;0,500000
1091;action_grid#0;0,468085
1092;action_grid#0;0,468085
1093;action_grid#0;0,425532
1094;action_grid#0;0,489362
1095;action_grid#0;0,489362
1096;action_grid#0;0,500000
1097;action_grid#0;0,446809
1098;action_grid#0;0,457447
1099;action_grid#0;0,500000
1100;action_grid#0;0,510638
1101;action_grid#0;0,468085
1102;action_grid#0;0,393617
1103;action_grid#0;0,319149
1104;action_grid#0;0,414894
1105;action_grid#0;0,500000
1106;action_grid#0;0,361702
1107;action_grid#0;0,436170
1108;action_grid#0;0,340426
1109;action_grid#0;0,542553
1110;action_grid#0;0,308511
1111;action_grid#0;0,404255
1112;action_grid#0;0,457447
1113;action_grid#0;0,393617
1114;action_grid#0;0,436170
1115;action_grid#0;0,393617
1116;action_grid#0;0,414894
1117;action_grid#0;0,340426
1118;action_grid#0;0,404255
1119;action_grid#0;0,404255
1120;action_grid#0;0,553191
1121;action_grid#0;0,436170
1122;action_grid#0;0,404255
1123;action_grid#0;0,425532
1124;action_grid#0;0,446809
1125;action_grid#0;0,404255
1126;action_grid#0;0,446809
1127;action_grid#0;0,425532
1128;action_grid#0;0,468085
1129;action_grid#0;0,457447
1130;action_grid#0;0,478723
1131;action_grid#0;0,468085
1132;action_grid#0;0,393617
1133;action_grid#0;0,510638
1134;action_grid#0;0,361702
1135;action_grid#0;0,468085
1136;action_grid#0;0,510638
1137;action_grid#0;0,414894
1138;action_grid#0;0,521277
1139;action_grid#0;0,468085
1140;action_grid#0;0,425532
1141;action_grid#0;0,521277
1142;action_grid#0;0,478723
1143;action_grid#0;0,531915
1144;action_grid#0;0,436170
1145;action_grid#0;0,340426
1146;action_grid#0;0,425532
1147;action_grid#0;0,425532
1148;action_grid#0;0,457447
1149;action_grid#0;0,361702
1150;action_grid#0;0,531915
1151;action_grid#0;0,446809
1152;action_grid#0;0,297872
1153;action_grid#0;0,308511
1154;action_grid#0;0,446809
1155;action_grid#0;0,446809
1156;action_grid#0;0,627660
1157;action_grid#0;0,436170
1158;action_grid#0;0,425532
1159;action_grid#0;0,478723
1160;action_grid#0;0,340426
1161;action_grid#0;0,361702
1162;action_grid#0;0,372340
1163;action_grid#0;0,436170
1164;action_grid#0;0,446809
1165;action_grid#0;0,425532
1166;action_grid#0;0,521277
1167;action_grid#0;0,521277
1168;action_grid#0;0,521277
1169;action_grid#0;0,425532
1170;action_grid#0;0,340426
1171;action_grid#0;0,393617
1172;action_grid#0;0,382979
1173;action_grid#0;0,500000
1174;action_grid#0;0,361702
1175;action_grid#0;0,489362
1176;action_grid#0;0,478723
1177;action_grid#0;0,500000
1178;action_grid#0;0,446809
1179;action_grid#0;0,489362
1180;action_grid#0;0,404255
1181;action_grid#0;0,436170
1182;action_grid#0;0,500000
1183;action_grid#0;0,372340
1184;action_grid#0;0,468085
1185;action_grid#0;0,446809
1186;action_grid#0;0,436170
1187;action_grid#0;0,531915
1188;action_grid#0;0,361702
1189;action_grid#0;0,393617
1190;action_grid#0;0,446809
1191;action_grid#0;0,436170
1192;action_grid#0;0,478723
1193;action_grid#0;0,372340
1194;action_grid#0;0,404255
1195;action_grid#0;0,361702
1196;action_grid#0;0,436170
1197;action_grid#0;0,436170
1198;action_grid#0;0,478723
1199;action_grid#0;0,500000
1200;action_grid#0;0,436170
1201;action_grid#0;0,446809
1202;action_grid#0;0,351064
1203;action_grid#0;0,414894
1204;action_grid#0;0,372340
1205;action_grid#0;0,425532
1206;action_grid#0;0,457447
1207;action_grid#0;0,521277
1208;action_grid#0;0,436170
1209;action_grid#0;0,446809
1210;action_grid#0;0,489362
1211;action_grid#0;0,531915
1212;action_grid#0;0,425532
1213;action_grid#0;0,457447
1214;action_grid#0;0,361702
1215;action_grid#0;0,382979
1216;action_grid#0;0,446809
1217;action_grid#0;0,382979
1218;action_grid#0;0,382979
1219;action_grid#0;0,468085
1220;action_grid#0;0,521277
1221;action_grid#0;0,425532
1222;action_grid#0;0,446809
1223;action_grid#0;0,372340
1224;action_grid#0;0,436170
1225;action_grid#0;0,361702
1226;action_grid#0;0,563830
1227;action_grid#0;0,457447
1228;action_grid#0;0,563830
1229;action_grid#0;0,446809
1230;action_grid#0;0,436170
1231;action_grid#0;0,361702
1232;action_grid#0;0,425532
1233;action_grid#0;0,510638
1234;action_grid#0;0,468085
1235;action_grid#0;0,510638
1236;action_grid#0;0,531915
1237;action_grid#0;0,468085
1238;action_grid#0;0,500000
1239;action_grid#0;0,468085
1240;action_grid#0;0,425532
1241;action_grid#0;0,404255
1242;action_grid#0;0,585106
1243;action_grid#0;0,521277
1244;action_grid#0;0,500000
1245;action_grid#0;0,446809
1246;action_grid#0;0,489362
1247;action_grid#0;0,425532
1248;action_grid#0;0,404255
1249;action_grid#0;0,510638
1250;action_grid#0;0,457447
1251;action_grid#0;0,414894
1252;action_grid#0;0,393617
1253;action_grid#0;0,468085
1254;action_grid#0;0,489362
1255;action_grid#0;0,478723
1256;action_grid#0;0,436170
1257;action_grid#0;0,489362
1258;action_grid#0;0,393617
1259;action_grid#0;0,468085
1260;action_grid#0;0,457447
1261;action_grid#0;0,574468
1262;action_grid#0;0,382979
1263;action_grid#0;0,436170
1264;action_grid#0;0,287234
1265;action_grid#0;0,521277
1266;action_grid#0;0,563830
1267;action_grid#0;0,329787
1268;action_grid#0;0,287234
1269;action_grid#0;0,457447
1270;action_grid#0;0,436170
1271;action_grid#0;0,329787
1272;action_grid#0;0,446809
1273;action_grid#0;0,404255
1274;action_grid#0;0,468085
1275;action_grid#0;0,468085
1276;action_grid#0;0,319149
1277;action_grid#0;0,436170
1278;action_grid#0;0,372340
1279;action_grid#0;0,382979
1280;action_grid#0;0,404255
1281;action_grid#0;0,351064
1282;action_grid#0;0,361702
1283;action_grid#0;0,404255
1284;action_grid#0;0,446809
1285;action_grid#0;0,382979
1286;action_grid#0;0,478723
1287;action_grid#0;0,340426
1288;action_grid#0;0,500000
1289;action_grid#0;0,382979
1290;action_grid#0;0,414894
1291;action_grid#0;0,457447
1292;action_grid#0;0,382979
1293;action_grid#0;0,436170
1294;action_grid#0;0,340426
1295;action_grid#0;0,468085
1296;action_grid#0;0,393617
1297;action_grid#0;0,361702
1298;action_grid#0;0,446809
1299;action_grid#0;0,446809
1300;action_grid#0;0,436170
1301;action_grid#0;0,500000
1302;action_grid#0;0,425532
1303;action_grid#0;0,414894
1304;action_grid#0;0,382979
1305;action_grid#0;0,329787
1306;action_grid#0;0,414894
1307;action_grid#0;0,489362
1308;action_grid#0;0,287234
1309;action_grid#0;0,308511
1310;action_grid#0;0,372340
1311;action_grid#0;0,436170
1312;action_grid#0;0,446809
1313;action_grid#0;0,436170
1314;action_grid#0;0,425532
1315;action_grid#0;0,468085
1316;action_grid#0;0,446809
1317;action_grid#0;0,414894
1318;action_grid#0;0,510638
1319;action_grid#0;0,382979
1320;action_grid#0;0,372340
1321;action_grid#0;0,521277
1322;action_grid#0;0,468085
1323;action_grid#0;0,446809
1324;action_grid#0;0,436170
1325;action_grid#0;0,319149
1326;action_grid#0;0,489362
1327;action_grid#0;0,414894
1328;action_grid#0;0,404255
1329;action_grid#0;0,521277
1330;action_grid#0;0,446809
1331;action_grid#0;0,361702
1332;action_grid#0;0,393617
1333;action_grid#0;0,329787
1334;action_grid#0;0,436170
1335;action_grid#0;0,404255
1336;action_grid#0;0,446809
1337;action_grid#0;0,436170
1338;action_grid#0;0,595745
1339;action_grid#0;0,457447
1340;action_grid#0;0,329787
1341;action_grid#0;0,372340
1342;action_grid#0;0,414894
1343;action_grid#0;0,372340
1344;action_grid#0;0,436170
1345;action_grid#0;0,425532
1346;action_grid#0;0,446809
1347;action_grid#0;0,468085
1348;action_grid#0;0,414894
1349;action_grid#0;0,382979
1350;action_grid#0;0,414894
1351;action_grid#0;0,510638
1352;action_grid#0;0,489362
1353;action_grid#0;0,382979
1354;action_grid#0;0,372340
1355;action_grid#0;0,468085
1356;action_grid#0;0,425532
1357;action_grid#0;0,372340
1358;action_grid#0;0,404255
1359;action_grid#0;0,425532
1360;action_grid#0;0,372340
1361;action_grid#0;0,382979
1362;action_grid#0;0,457447
1363;action_grid#0;0,372340
1364;action_grid#0;0,510638
1365;action_grid#0;0,446809
1366;action_grid#0;0,372340
1367;action_grid#0;0,542553
1368;action_grid#0;0,404255
1369;action_grid#0;0,468085
1370;action_grid#0;0,382979
1371;action_grid#0;0,393617
1372;action_grid#0;0,382979
1373;action_grid#0;0,489362
1374;action_grid#0;0,425532
1375;action_grid#0;0,414894
1376;action_grid#0;0,382979
1377;action_grid#0;0,478723
1378;action_grid#0;0,308511
1379;action_grid#0;0,382979
1380;action_grid#0;0,553191
1381;action_grid#0;0,393617
1382;action_grid#0;0,329787
1383;action_grid#0;0,404255
1384;action_grid#0;0,414894
1385;action_grid#0;0,425532
1386;action_grid#0;0,531915
1387;action_grid#0;0,404255
1388;action_grid#0;0,319149
1389;action_grid#0;0,382979
1390;action_grid#0;0,329787
1391;action_grid#0;0,382979
1392;action_grid#0;0,276596
1393;action_grid#0;0,436170
1394;action_grid#0;0,372340
1395;action_grid#0;0,393617
1396;action_grid#0;0,404255
1397;action_grid#0;0,308511
1398;action_grid#0;0,414894
1399;action_grid#0;0,446809
1400;action_grid#0;0,468085
1401;action_grid#0;0,446809
1402;action_grid#0;0,372340
1403;action_grid#0;0,308511
1404;action_grid#0;0,414894
1405;action_grid#0;0,404255
1406;action_grid#0;0,510638
1407;action_grid#0;0,372340
1408;action_grid#0;0,255319
1409;action_grid#0;0,542553
1410;action_grid#0;0,425532
1411;action_grid#0;0,212766
1412;action_grid#0;0,372340
1413;action_grid#0;0,319149
1414;action_grid#0;0,361702
1415;action_grid#0;0,468085
1416;action_grid#0;0,414894
1417;action_grid#0;0,510638
1418;action_grid#0;0,340426
1419;action_grid#0;0,372340
1420;action_grid#0;0,308511
1421;action_grid#0;0,351064
1422;action_grid#0;0,489362
1423;action_grid#0;0,436170
1424;action_grid#0;0,329787
1425;action_grid#0;0,297872
1426;action_grid#0;0,468085
1427;action_grid#0;0,404255
1428;action_grid#0;0,404255
1429;action_grid#0;0,457447
1430;action_grid#0;0,340426
1431;action_grid#0;0,351064
1432;action_grid#0;0,361702
1433;action_grid#0;0,382979
1434;action_grid#0;0,425532
1435;action_grid#0;0,425532
1436;action_grid#0;0,382979
1437;action_grid#0;0,297872
1438;action_grid#0;0,425532
1439;action_grid#0;0,308511
1440;action_grid#0;0,489362
1441;action_grid#0;0,404255
1442;action_grid#0;0,468085
1443;action_grid#0;0,414894
1444;action_grid#0;0,393617
1445;action_grid#0;0,351064
1446;action_grid#0;0,393617
1447;action_grid#0;0,446809
1448;action_grid#0;0,585106
1449;action_grid#0;0,446809
1450;action_grid#0;0,393617
1451;action_grid#0;0,500000
1452;action_grid#0;0,361702
1453;action_grid#0;0,436170
1454;action_grid#0;0,500000
1455;action_grid#0;0,404255
1456;action_grid#0;0,361702
1457;action_grid#0;0,340426
1458;action_grid#0;0,404255
1459;action_grid#0;0,468085
1460;action_grid#0;0,329787
1461;action_grid#0;0,340426
1462;action_grid#0;0,446809
1463;action_grid#0;0,500000
1464;action_grid#0;0,361702
1465;action_grid#0;0,446809
1466;action_grid#0;0,404255
1467;action_grid#0;0,446809
1468;action_grid#0;0,372340
1469;action_grid#0;0,404255
1470;action_grid#0;0,393617
1471;action_grid#0;0,308511
1472;action_grid#0;0,404255
1473;action_grid#0;0,361702
1474;action_grid#0;0,468085
1475;action_grid#0;0,255319
1476;action_grid#0;0,446809
1477;action_grid#0;0,414894
1478;action_grid#0;0,308511
1479;action_grid#0;0,372340
1480;action_grid#0;0,425532
1481;action_grid#0;0,425532
1482;action_grid#0;0,393617
1483;action_grid#0;0,340426
1484;action_grid#0;0,361702
1485;action_grid#0;0,414894
1486;action_grid#0;0,340426
1487;action_grid#0;0,425532
1488;action_grid#0;0,404255
1489;action_grid#0;0,361702
1490;action_grid#0;0,489362
1491;action_grid#0;0,372340
1492;action_grid#0;0,361702
1493;action_grid#0;0,425532
1494;action_grid#0;0,521277
1495;action_grid#0;0,361702
1496;action_grid#0;0,351064
1497;action_grid#0;0,404255
1498;action_grid#0;0,340426
1499;action_grid#0;0,308511
1500;action_grid#0;0,340426
1501;action_grid#0;0,393617
1502;action_grid#0;0,361702
1503;action_grid#0;0,340426
1504;action_grid#0;0,329787
1505;action_grid#0;0,425532
1506;action_grid#0;0,329787
1507;action_grid#0;0,361702
1508;action_grid#0;0,382979
1509;action_grid#0;0,478723
1510;action_grid#0;0,404255
1511;action_grid#0;0,425532
1512;action_grid#0;0,436170
1513;action_grid#0;0,393617
1514;action_grid#0;0,361702
1515;action_grid#0;0,351064
1516;action_grid#0;0,361702
1517;action_grid#0;0,404255
1518;action_grid#0;0,393617
1519;action_grid#0;0,382979
1520;action_grid#0;0,542553
1521;action_grid#0;0,382979
1522;action_grid#0;0,404255
1523;action_grid#0;0,297872
1524;action_grid#0;0,436170
1525;action_grid#0;0,393617
1526;action_grid#0;0,489362
1527;action_grid#0;0,329787
1528;action_grid#0;0,404255
1529;action_grid#0;0,297872
1530;action_grid#0;0,425532
1531;action_grid#0;0,531915
1532;action_grid#0;0,372340
1533;action_grid#0;0,393617
1534;action_grid#0;0,648936
1535;action_grid#0;0,393617
1536;action_grid#0;0,393617
1537;action_grid#0;0,425532
1538;action_grid#0;0,404255
1539;action_grid#0;0,351064
1540;action_grid#0;0,531915
1541;action_grid#0;0,361702
1542;action_grid#0;0,319149
1543;action_grid#0;0,425532
1544;action_grid#0;0,414894
1545;action_grid#0;0,500000
1546;action_grid#0;0,319149
1547;action_grid#0;0,297872
1548;action_grid#0;0,436170
1549;action_grid#0;0,382979
1550;action_grid#0;0,265957
1551;action_grid#0;0,446809
1552;action_grid#0;0,340426
1553;action_grid#0;0,382979
1554;action_grid#0;0,446809
1555;action_grid#0;0,393617
1556;action_grid#0;0,382979
1557;action_grid#0;0,361702
1558;action_grid#0;0,329787
1559;action_grid#0;0,425532
1560;action_grid#0;0,319149
1561;action_grid#0;0,308511
1562;action_grid#0;0,382979
1563;action_grid#0;0,404255
1564;action_grid#0;0,351064
1565;action_grid#0;0,489362
1566;action_grid#0;0,393617
1567;action_grid#0;0,361702
1568;action_grid#0;0,361702
1569;action_grid#0;0,404255
1570;action_grid#0;0,372340
1571;action_grid#0;0,382979
1572;action_grid#0;0,404255
1573;action_grid#0;0,361702
1574;action_grid#0;0,276596
1575;action_grid#0;0,297872
1576;action_grid#0;0,319149
1577;action_grid#0;0,329787
1578;action_grid#0;0,255319
1579;action_grid#0;0,372340
1580;action_grid#0;0,297872
1581;action_grid#0;0,329787
1582;action_grid#0;0,425532
1583;action_grid#0;0,457447
1584;action_grid#0;0,468085
1585;action_grid#0;0,404255
1586;action_grid#0;0,361702
1587;action_grid#0;0,319149
1588;action_grid#0;0,329787
1589;action_grid#0;0,414894
1590;action_grid#0;0,414894
1591;action_grid#0;0,319149
1592;action_grid#0;0,319149
1593;action_grid#0;0,372340
1594;action_grid#0;0,382979
1595;action_grid#0;0,351064
1596;action_grid#0;0,393617
1597;action_grid#0;0,393617
1598;action_grid#0;0,382979
1599;action_grid#0;0,404255
1600;action_grid#0;0,478723
1601;action_grid#0;0,372340
1602;action_grid#0;0,361702
1603;action_grid#0;0,457447
1604;action_grid#0;0,393617
1605;action_grid#0;0,393617
1606;action_grid#0;0,500000
1607;action_grid#0;0,276596
1608;action_grid#0;0,404255
1609;action_grid#0;0,244681
1610;action_grid#0;0,393617
1611;action_grid#0;0,372340
1612;action_grid#0;0,351064
1613;action_grid#0;0,340426
1614;action_grid#0;0,404255
1615;action_grid#0;0,457447
1616;action_grid#0;0,425532
1617;action_grid#0;0,414894
1618;action_grid#0;0,425532
1619;action_grid#0;0,351064
1620;action_grid#0;0,414894
1621;action_grid#0;0,340426
1622;action_grid#0;0,414894
1623;action_grid#0;0,393617
1624;action_grid#0;0,468085
1625;action_grid#0;0,361702
1626;action_grid#0;0,457447
1627;action_grid#0;0,361702
1628;action_grid#0;0,340426
1629;action_grid#0;0,372340
1630;action_grid#0;0,382979
1631;action_grid#0;0,340426
1632;action_grid#0;0,276596
1633;action_grid#0;0,361702
1634;action_grid#0;0,436170
1635;action_grid#0;0,542553
1636;action_grid#0;0,297872
1637;action_grid#0;0,276596
1638;action_grid#0;0,425532
1639;action_grid#0;0,276596
1640;action_grid#0;0,393617
1641;action_grid#0;0,351064
1642;action_grid#0;0,234043
1643;action_grid#0;0,542553
1644;action_grid#0;0,340426
1645;action_grid#0;0,414894
1646;action_grid#0;0,255319
1647;action_grid#0;0,436170
1648;action_grid#0;0,276596
1649;action_grid#0;0,297872
1650;action_grid#0;0,297872
1651;action_grid#0;0,340426
1652;action_grid#0;0,308511
1653;action_grid#0;0,319149
1654;action_grid#0;0,287234
1655;action_grid#0;0,340426
1656;action_grid#0;0,340426
1657;action_grid#0;0,404255
1658;action_grid#0;0,265957
1659;action_grid#0;0,393617
1660;action_grid#0;0,372340
1661;action_grid#0;0,308511
1662;action_grid#0;0,180851
1663;action_grid#0;0,319149
1664;action_grid#0;0,340426
1665;action_grid#0;0,329787
1666;action_grid#0;0,457447
1667;action_grid#0;0,510638
1668;action_grid#0;0,553191
1669;action_grid#0;0,436170
1670;action_grid#0;0,478723
1671;action_grid#0;0,382979
1672;action_grid#0;0,425532
1673;action_grid#0;0,361702
1674;action_grid#0;0,329787
1675;action_grid#0;0,404255
1676;action_grid#0;0,340426
1677;action_grid#0;0,361702
1678;action_grid#0;0,308511
1679;action_grid#0;0,351064
1680;action_grid#0;0,446809
1681;action_grid#0;0,351064
1682;action_grid#0;0,255319
1683;action_grid#0;0,308511
1684;action_grid#0;0,372340
1685;action_grid#0;0,457447
1686;action_grid#0;0,308511
1687;action_grid#0;0,404255
1688;action_grid#0;0,340426
1689;action_grid#0;0,319149
1690;action_grid#0;0,361702
1691;action_grid#0;0,265957
1692;action_grid#0;0,425532
1693;action_grid#0;0,234043
1694;action_grid#0;0,276596
1695;action_grid#0;0,297872
1696;action_grid#0;0,425532
1697;action_grid#0;0,382979
1698;action_grid#0;0,446809
1699;action_grid#0;0,436170
1700;action_grid#0;0,382979
1701;action_grid#0;0,361702
1702;action_grid#0;0,297872
1703;action_grid#0;0,340426
1704;action_grid#0;0,425532
1705;action_grid#0;0,319149
1706;action_grid#0;0,351064
1707;action_grid#0;0,223404
1708;action_grid#0;0,372340
1709;action_grid#0;0,340426
1710;action_grid#0;0,329787
1711;action_grid#0;0,457447
1712;action_grid#0;0,287234
1713;action_grid#0;0,404255
1714;action_grid#0;0,340426
1715;action_grid#0;0,244681
1716;action_grid#0;0,255319
1717;action_grid#0;0,436170
1718;action_grid#0;0,468085
1719;action_grid#0;0,436170
1720;action_grid#0;0,446809
1721;action_grid#0;0,319149
1722;action_grid#0;0,255319
1723;action_grid#0;0,404255
1724;action_grid#0;0,382979
1725;action_grid#0;0,340426
1726;action_grid#0;0,478723
1727;action_grid#0;0,361702
1728;action_grid#0;0,425532
1729;action_grid#0;0,319149
1730;action_grid#0;0,425532
1731;action_grid#0;0,382979
1732;action_grid#0;0,351064
1733;action_grid#0;0,382979
1734;action_grid#0;0,489362
1735;action_grid#0;0,382979
1736;action_grid#0;0,340426
1737;action_grid#0;0,319149
1738;action_grid#0;0,340426
1739;action_grid#0;0,287234
1740;action_grid#0;0,329787
1741;action_grid#0;0,319149
1742;action_grid#0;0,393617
1743;action_grid#0;0,436170
1744;action_grid#0;0,276596
1745;action_grid#0;0,404255
1746;action_grid#0;0,361702
1747;action_grid#0;0,297872
1748;action_grid#0;0,478723
1749;action_grid#0;0,329787
1750;action_grid#0;0,244681
1751;action_grid#0;0,382979
1752;action_grid#0;0,436170
1753;action_grid#0;0,329787
1754;action_grid#0;0,319149
1755;action_grid#0;0,436170
1756;action_grid#0;0,382979
1757;action_grid#0;0,234043
1758;action_grid#0;0,425532
1759;action_grid#0;0,372340
1760;action_grid#0;0,372340
1761;action_grid#0;0,180851
1762;action_grid#0;0,393617
1763;action_grid#0;0,382979
1764;action_grid#0;0,425532
1765;action_grid#0;0,308511
1766;action_grid#0;0,340426
1767;action_grid#0;0,276596
1768;action_grid#0;0,361702
1769;action_grid#0;0,361702
1770;action_grid#0;0,319149
1771;action_grid#0;0,255319
1772;action_grid#0;0,468085
1773;action_grid#0;0,393617
1774;action_grid#0;0,340426
1775;action_grid#0;0,276596
1776;action_grid#0;0,382979
1777;action_grid#0;0,361702
1778;action_grid#0;0,255319
1779;action_grid#0;0,351064
1780;action_grid#0;0,372340
1781;action_grid#0;0,319149
1782;action_grid#0;0,404255
1783;action_grid#0;0,382979
1784;action_grid#0;0,319149
1785;action_grid#0;0,404255
1786;action_grid#0;0,329787
1787;action_grid#0;0,414894
1788;action_grid#0;0,425532
1789;action_grid#0;0,234043
1790;action_grid#0;0,393617
1791;action_grid#0;0,436170
1792;action_grid#0;0,361702
1793;action_grid#0;0,478723
1794;action_grid#0;0,361702
1795;action_grid#0;0,340426
1796;action_grid#0;0,351064
1797;action_grid#0;0,329787
1798;action_grid#0;0,244681
1799;action_grid#0;0,393617
1800;action_grid#0;0,414894
1801;action_grid#0;0,329787
1802;action_grid#0;0,404255
1803;action_grid#0;0,265957
1804;action_grid#0;0,319149
1805;action_grid#0;0,372340
1806;action_grid#0;0,340426
1807;action_grid#0;0,329787
1808;action_grid#0;0,414894
1809;action_grid#0;0,319149
1810;action_grid#0;0,351064
1811;action_grid#0;0,414894
1812;action_grid#0;0,436170
1813;action_grid#0;0,287234
1814;action_grid#0;0,319149
1815;action_grid#0;0,276596
1816;action_grid#0;0,308511
1817;action_grid#0;0,468085
1818;action_grid#0;0,351064
1819;action_grid#0;0,297872
1820;action_grid#0;0,351064
1821;action_grid#0;0,393617
1822;action_grid#0;0,382979
1823;action_grid#0;0,382979
1824;action_grid#0;0,382979
1825;action_grid#0;0,212766
1826;action_grid#0;0,425532
1827;action_grid#0;0,361702
1828;action_grid#0;0,436170
1829;action_grid#0;0,265957
1830;action_grid#0;0,106383
1831;action_grid#0;0,255319
1832;action_grid#0;0,446809
1833;action_grid#0;0,297872
1834;action_grid#0;0,382979
1835;action_grid#0;0,382979
1836;action_grid#0;0,223404
1837;action_grid#0;0,393617
1838;action_grid#0;0,234043
1839;action_grid#0;0,340426
1840;action_grid#0;0,414894
1841;action_grid#0;0,255319
1842;action_grid#0;0,255319
1843;action_grid#0;0,319149
1844;action_grid#0;0,319149
1845;action_grid#0;0,319149
1846;action_grid#0;0,287234
1847;action_grid#0;0,446809
1848;action_grid#0;0,255319
1849;action_grid#0;0,340426
1850;action_grid#0;0,361702
1851;action_grid#0;0,361702
1852;action_grid#0;0,319149
1853;action_grid#0;0,382979
1854;action_grid#0;0,404255
1855;action_grid#0;0,319149
1856;action_grid#0;0,308511
1857;action_grid#0;0,393617
1858;action_grid#0;0,361702
1859;action_grid#0;0,329787
1860;action_grid#0;0,276596
1861;action_grid#0;0,148936
1862;action_grid#0;0,361702
1863;action_grid#0;0,382979
1864;action_grid#0;0,308511
1865;action_grid#0;0,382979
1866;action_grid#0;0,297872
1867;action_grid#0;0,351064
1868;action_grid#0;0,265957
1869;action_grid#0;0,382979
1870;action_grid#0;0,351064
1871;action_grid#0;0,212766
1872;action_grid#0;0,308511
1873;action_grid#0;0,361702
1874;action_grid#0;0,276596
1875;action_grid#0;0,340426
1876;action_grid#0;0,319149
1877;action_grid#0;0,276596
1878;action_grid#0;0,319149
1879;action_grid#0;0,436170
1880;action_grid#0;0,297872
1881;action_grid#0;0,255319
1882;action_grid#0;0,308511
1883;action_grid#0;0,372340
1884;action_grid#0;0,404255
1885;action_grid#0;0,287234
1886;action_grid#0;0,340426
1887;action_grid#0;0,212766
1888;action_grid#0;0,287234
1889;action_grid#0;0,212766
1890;action_grid#0;0,308511
1891;action_grid#0;0,393617
1892;action_grid#0;0,319149
1893;action_grid#0;0,457447
1894;action_grid#0;0,340426
1895;action_grid#0;0,212766
1896;action_grid#0;0,287234
1897;action_grid#0;0,340426
1898;action_grid#0;0,255319
1899;action_grid#0;0,287234
1900;action_grid#0;0,329787
1901;action_grid#0;0,265957
1902;action_grid#0;0,085106
1903;action_grid#0;0,297872
1904;action_grid#0;0,191489
1905;action_grid#0;0,404255
1906;action_grid#0;0,276596
1907;action_grid#0;0,319149
1908;action_grid#0;0,319149
1909;action_grid#0;0,234043
1910;action_grid#0;0,393617
1911;action_grid#0;0,297872
1912;action_grid#0;0,212766
1913;action_grid#0;0,191489
1914;action_grid#0;0,436170
1915;action_grid#0;0,340426
1916;action_grid#0;0,255319
1917;action_grid#0;0,212766
1918;action_grid#0;0,297872
1919;action_grid#0;0,372340
1920;action_grid#0;0,351064
1921;action_grid#0;0,212766
1922;action_grid#0;0,425532
1923;action_grid#0;0,404255
1924;action_grid#0;0,457447
1925;action_grid#0;0,244681
1926;action_grid#0;0,265957
1927;action_grid#0;0,297872
1928;action_grid#0;0,425532
1929;action_grid#0;0,425532
1930;action_grid#0;0,244681
1931;action_grid#0;0,340426
1932;action_grid#0;0,297872
1933;action_grid#0;0,351064
1934;action_grid#0;0,351064
1935;action_grid#0;0,297872
1936;action_grid#0;0,340426
1937;action_grid#0;0,297872
1938;action_grid#0;0,255319
1939;action_grid#0;0,319149
1940;action_grid#0;0,372340
1941;action_grid#0;0,372340
1942;action_grid#0;0,340426
1943;action_grid#0;0,404255
1944;action_grid#0;0,340426
1945;action_grid#0;0,319149
1946;action_grid#0;0,329787
1947;action_grid#0;0,372340
1948;action_grid#0;0,446809
1949;action_grid#0;0,436170
1950;action_grid#0;0,265957
1951;action_grid#0;0,361702
1952;action_grid#0;0,287234
1953;action_grid#0;0,202128
1954;action_grid#0;0,297872
1955;action_grid#0;0,244681
1956;action_grid#0;0,234043
1957;action_grid#0;0,276596
1958;action_grid#0;0,404255
1959;action_grid#0;0,329787
1960;action_grid#0;0,212766
1961;action_grid#0;0,361702
1962;action_grid#0;0,308511
1963;action_grid#0;0,361702
1964;action_grid#0;0,372340
1965;action_grid#0;0,404255
1966;action_grid#0;0,255319
1967;action_grid#0;0,297872
1968;action_grid#0;0,361702
1969;action_grid#0;0,276596
1970;action_grid#0;0,382979
1971;action_grid#0;0,329787
1972;action_grid#0;0,223404
1973;action_grid#0;0,308511
1974;action_grid#0;0,255319
1975;action_grid#0;0,319149
1976;action_grid#0;0,276596
1977;action_grid#0;0,329787
1978;action_grid#0;0,329787
1979;action_grid#0;0,308511
1980;action_grid#0;0,287234
1981;action_grid#0;0,308511
1982;action_grid#0;0,297872
1983;action_grid#0;0,255319
1984;action_grid#0;0,127660
1985;action_grid#0;0,191489
1986;action_grid#0;0,148936
1987;action_grid#0;0,265957
1988;action_grid#0;0,191489
1989;action_grid#0;0,255319
1990;action_grid#0;0,297872
1991;action_grid#0;0,382979
1992;action_grid#0;0,265957
1993;action_grid#0;0,287234
1994;action_grid#0;0,425532
1995;action_grid#0;0,457447
1996;action_grid#0;0,319149
1997;action_grid#0;0,404255
1998;action_grid#0;0,446809
1999;action_grid#0;0,308511
2000;action_grid#0;0,265957
2001;action_grid#0;0,265957
2002;action_grid#0;0,436170
2003;action_grid#0;0,319149
2004;action_grid#0;0,287234
2005;action_grid#0;0,446809
2006;action_grid#0;0,276596
2007;action_grid#0;0,351064
2008;action_grid#0;0,276596
2009;action_grid#0;0,170213
2010;action_grid#0;0,351064
2011;action_grid#0;0,202128
2012;action_grid#0;0,265957
2013;action_grid#0;0,276596
2014;action_grid#0;0,276596
2015;action_grid#0;0,404255
2016;action_grid#0;0,148936
2017;action_grid#0;0,276596
2018;action_grid#0;0,244681
2019;action_grid#0;0,287234
2020;action_grid#0;0,255319
2021;action_grid#0;0,319149
2022;action_grid#0;0,170213
2023;action_grid#0;0,308511
2024;action_grid#0;0,308511
2025;action_grid#0;0,329787
2026;action_grid#0;0,244681
2027;action_grid#0;0,329787
2028;action_grid#0;0,404255
2029;action_grid#0;0,191489
2030;action_grid#0;0,351064
2031;action_grid#0;0,202128
2032;action_grid#0;0,159574
2033;action_grid#0;0,340426
2034;action_grid#0;0,138298
2035;action_grid#0;0,212766
2036;action_grid#0;0,351064
2037;action_grid#0;0,329787
2038;action_grid#0;0,276596
2039;action_grid#0;0,276596
2040;action_grid#0;0,276596
2041;action_grid#0;0,372340
2042;action_grid#0;0,361702
2043;action_grid#0;0,191489
2044;action_grid#0;0,265957
2045;action_grid#0;0,255319
2046;action_grid#0;0,372340
2047;action_grid#0;0,148936
2048;action_grid#0;0,287234
2049;action_grid#0;0,255319
2050;action_grid#0;0,244681
2051;action_grid#0;0,287234
2052;action_grid#0;0,191489
2053;action_grid#0;0,244681
2054;action_grid#0;0,265957
2055;action_grid#0;0,297872
2056;action_grid#0;0,180851
2057;action_grid#0;0,180851
2058;action_grid#0;0,223404
2059;action_grid#0;0,340426
2060;action_grid#0;0,382979
2061;action_grid#0;0,340426
2062;action_grid#0;0,255319
2063;action_grid#0;0,255319
2064;action_grid#0;0,255319
2065;action_grid#0;0,212766
2066;action_grid#0;0,191489
2067;action_grid#0;0,276596
2068;action_grid#0;0,308511
2069;action_grid#0;0,234043
2070;action_grid#0;0,404255
2071;action_grid#0;0,212766
2072;action_grid#0;0,202128
2073;action_grid#0;0,276596
2074;action_grid#0;0,308511
2075;action_grid#0;0,276596
2076;action_grid#0;0,202128
2077;action_grid#0;0,319149
2078;action_grid#0;0,276596
2079;action_grid#0;0,276596
2080;action_grid#0;0,319149
2081;action_grid#0;0,308511
2082;action_grid#0;0,223404
2083;action_grid#0;0,212766
2084;action_grid#0;0,244681
2085;action_grid#0;0,276596
2086;action_grid#0;0,297872
2087;action_grid#0;0,170213
2088;action_grid#0;0,180851
2089;action_grid#0;0,265957
2090;action_grid#0;0,340426
2091;action_grid#0;0,212766
2092;action_grid#0;0,276596
2093;action_grid#0;0,244681
2094;action_grid#0;0,372340
2095;action_grid#0;0,255319
2096;action_grid#0;0,404255
2097;action_grid#0;0,457447
2098;action_grid#0;0,223404
2099;action_grid#0;0,276596
2100;action_grid#0;0,297872
2101;action_grid#0;0,372340
2102;action_grid#0;0,202128
2103;action_grid#0;0,361702
2104;action_grid#0;0,170213
2105;action_grid#0;0,234043
2106;action_grid#0;0,191489
2107;action_grid#0;0,361702
2108;action_grid#0;0,287234
2109;action_grid#0;0,340426
2110;action_grid#0;0,180851
2111;action_grid#0;0,361702
2112;action_grid#0;0,393617
2113;action_grid#0;0,308511
2114;action_grid#0;0,255319
2115;action_grid#0;0,223404
2116;action_grid#0;0,265957
2117;action_grid#0;0,191489
2118;action_grid#0;0,308511
2119;action_grid#0;0,500000
2120;action_grid#0;0,287234
2121;action_grid#0;0,414894
2122;action_grid#0;0,319149
2123;action_grid#0;0,340426
2124;action_grid#0;0,382979
2125;action_grid#0;0,170213
2126;action_grid#0;0,276596
2127;action_grid#0;0,351064
2128;action_grid#0;0,244681
2129;action_grid#0;0,255319
2130;action_grid#0;0,255319
2131;action_grid#0;0,117021
2132;action_grid#0;0,234043
2133;action_grid#0;0,202128
2134;action_grid#0;0,265957
2135;action_grid#0;0,191489
2136;action_grid#0;0,170213
2137;action_grid#0;0,255319
2138;action_grid#0;0,191489
2139;action_grid#0;0,212766
2140;action_grid#0;0,255319
2141;action_grid#0;0,255319
2142;action_grid#0;0,170213
2143;action_grid#0;0,276596
2144;action_grid#0;0,138298
2145;action_grid#0;0,148936
2146;action_grid#0;0,382979
2147;action_grid#0;0,138298
2148;action_grid#0;0,170213
2149;action_grid#0;0,255319
2150;action_grid#0;0,170213
2151;action_grid#0;0,212766
2152;action_grid#0;0,212766
2153;action_grid#0;0,191489
2154;action_grid#0;0,308511
2155;action_grid#0;0,212766
2156;action_grid#0;0,127660
2157;action_grid#0;0,244681
2158;action_grid#0;0,351064
2159;action_grid#0;0,319149
2160;action_grid#0;0,329787
2161;action_grid#0;0,446809
2162;action_grid#0;0,351064
2163;action_grid#0;0,223404
2164;action_grid#0;0,361702
2165;action_grid#0;0,234043
2166;action_grid#0;0,287234
2167;action_grid#0;0,287234
2168;action_grid#0;0,223404
2169;action_grid#0;0,234043
2170;action_grid#0;0,234043
2171;action_grid#0;0,287234
2172;action_grid#0;0,223404
2173;action_grid#0;0,351064
2174;action_grid#0;0,308511
2175;action_grid#0;0,340426
2176;action_grid#0;0,191489
2177;action_grid#0;0,106383
2178;action_grid#0;0,212766
2179;action_grid#0;0,340426
2180;action_grid#0;0,191489
2181;action_grid#0;0,287234
2182;action_grid#0;0,361702
2183;action_grid#0;0,159574
2184;action_grid#0;0,276596
2185;action_grid#0;0,372340
2186;action_grid#0;0,223404
2187;action_grid#0;0,127660
2188;action_grid#0;0,191489
2189;action_grid#0;0,276596
2190;action_grid#0;0,265957
2191;action_grid#0;0,202128
2192;action_grid#0;0,212766
2193;action_grid#0;0,319149
2194;action_grid#0;0,308511
2195;action_grid#0;0,212766
2196;action_grid#0;0,223404
2197;action_grid#0;0,255319
2198;action_grid#0;0,159574
2199;action_grid#0;0,212766
2200;action_grid#0;0,287234
2201;action_grid#0;0,127660
2202;action_grid#0;0,180851
2203;action_grid#0;0,255319
2204;action_grid#0;0,170213
2205;action_grid#0;0,276596
2206;action_grid#0;0,212766
2207;action_grid#0;0,319149
2208;action_grid#0;0,297872
2209;action_grid#0;0,276596
2210;action_grid#0;0,127660
2211;action_grid#0;0,212766
2212;action_grid#0;0,191489
2213;action_grid#0;0,180851
2214;action_grid#0;0,329787
2215;action_grid#0;0,180851
2216;action_grid#0;0,234043
2217;action_grid#0;0,180851
2218;action_grid#0;0,170213
2219;action_grid#0;0,351064
2220;action_grid#0;0,212766
2221;action_grid#0;0,319149
2222;action_grid#0;0,340426
2223;action_grid#0;0,329787
2224;action_grid#0;0,340426
2225;action_grid#0;0,138298
2226;action_grid#0;0,276596
2227;action_grid#0;0,234043
2228;action_grid#0;0,297872
2229;action_grid#0;0,212766
2230;action_grid#0;0,351064
2231;action_grid#0;0,234043
2232;action_grid#0;0,234043
2233;action_grid#0;0,319149
2234;action_grid#0;0,138298
2235;action_grid#0;0,212766
2236;action_grid#0;0,234043
2237;action_grid#0;0,148936
2238;action_grid#0;0,138298
2239;action_grid#0;0,223404
2240;action_grid#0;0,287234
2241;action_grid#0;0,276596
2242;action_grid#0;0,340426
2243;action_grid#0;0,234043
2244;action_grid#0;0,319149
2245;action_grid#0;0,191489
2246;action_grid#0;0,106383
2247;action_grid#0;0,297872
2248;action_grid#0;0,234043
2249;action_grid#0;0,180851
2250;action_grid#0;0,319149
2251;action_grid#0;0,297872
2252;action_grid#0;0,234043
2253;action_grid#0;0,180851
2254;action_grid#0;0,234043
2255;action_grid#0;0,319149
2256;action_grid#0;0,148936
2257;action_grid#0;0,148936
2258;action_grid#0;0,265957
2259;action_grid#0;0,234043
2260;action_grid#0;0,319149
2261;action_grid#0;0,191489
2262;action_grid#0;0,148936
2263;action_grid#0;0,191489
2264;action_grid#0;0,287234
2265;action_grid#0;0,159574
2266;action_grid#0;0,191489
2267;action_grid#0;0,180851
2268;action_grid#0;0,212766
2269;action_grid#0;0,329787
2270;action_grid#0;0,276596
2271;action_grid#0;0,117021
2272;action_grid#0;0,191489
2273;action_grid#0;0,180851
2274;action_grid#0;0,234043
2275;action_grid#0;0,202128
2276;action_grid#0;0,180851
2277;action_grid#0;0,234043
2278;action_grid#0;0,085106
2279;action_grid#0;0,127660
2280;action_grid#0;0,191489
2281;action_grid#0;0,106383
2282;action_grid#0;0,159574
2283;action_grid#0;0,180851
2284;action_grid#0;0,265957
2285;action_grid#0;0,297872
2286;action_grid#0;0,276596
2287;action_grid#0;0,212766
2288;action_grid#0;0,244681
2289;action_grid#0;0,191489
2290;action_grid#0;0,244681
2291;action_grid#0;0,180851
2292;action_grid#0;0,202128
2293;action_grid#0;0,191489
2294;action_grid#0;0,170213
2295;action_grid#0;0,127660
2296;action_grid#0;0,148936
2297;action_grid#0;0,159574
2298;action_grid#0;0,255319
2299;action_grid#0;0,202128
2300;action_grid#0;0,212766
2301;action_grid#0;0,244681
2302;action_grid#0;0,170213
2303;action_grid#0;0,234043
2304;action_grid#0;0,148936
2305;action_grid#0;0,148936
2306;action_grid#0;0,202128
2307;action_grid#0;0,170213
2308;action_grid#0;0,191489
2309;action_grid#0;0,202128
2310;action_grid#0;0,138298
2311;action_grid#0;0,244681
2312;action_grid#0;0,212766
2313;action_grid#0;0,106383
2314;action_grid#0;0,223404
2315;action_grid#0;0,265957
2316;action_grid#0;0,180851
2317;action_grid#0;0,297872
2318;action_grid#0;0,234043
2319;action_grid#0;0,287234
2320;action_grid#0;0,117021
2321;action_grid#0;0,297872
2322;action_grid#0;0,223404
2323;action_grid#0;0,170213
2324;action_grid#0;0,106383
2325;action_grid#0;0,234043
2326;action_grid#0;0,255319
2327;action_grid#0;0,340426
2328;action_grid#0;0,361702
2329;action_grid#0;0,212766
2330;action_grid#0;0,234043
2331;action_grid#0;0,170213
2332;action_grid#0;0,170213
2333;action_grid#0;0,138298
2334;action_grid#0;0,287234
2335;action_grid#0;0,404255
2336;action_grid#0;0,191489
2337;action_grid#0;0,276596
2338;action_grid#0;0,351064
2339;action_grid#0;0,202128
2340;action_grid#0;0,191489
2341;action_grid#0;0,234043
2342;action_grid#0;0,127660
2343;action_grid#0;0,255319
2344;action_grid#0;0,244681
2345;action_grid#0;0,255319
2346;action_grid#0;0,191489
2347;action_grid#0;0,180851
2348;action_grid#0;0,308511
2349;action_grid#0;0,404255
2350;action_grid#0;0,319149
2351;action_grid#0;0,393617
2352;action_grid#0;0,297872
2353;action_grid#0;0,276596
2354;action_grid#0;0,170213
2355;action_grid#0;0,308511
2356;action_grid#0;0,212766
2357;action_grid#0;0,265957
2358;action_grid#0;0,319149
2359;action_grid#0;0,265957
2360;action_grid#0;0,319149
2361;action_grid#0;0,361702
2362;action_grid#0;0,255319
2363;action_grid#0;0,340426
2364;action_grid#0;0,287234
2365;action_grid#0;0,148936
2366;action_grid#0;0,276596
2367;action_grid#0;0,255319
2368;action_grid#0;0,170213
2369;action_grid#0;0,244681
2370;action_grid#0;0,191489
2371;action_grid#0;0,148936
2372;action_grid#0;0,127660
2373;action_grid#0;0,085106
2374;action_grid#0;0,244681
2375;action_grid#0;0,202128
2376;action_grid#0;0,244681
2377;action_grid#0;0,159574
2378;action_grid#0;0,191489
2379;action_grid#0;0,127660
2380;action_grid#0;0,148936
2381;action_grid#0;0,212766
2382;action_grid#0;0,170213
2383;action_grid#0;0,085106
2384;action_grid#0;0,148936
2385;action_grid#0;0,095745
2386;action_grid#0;0,191489
2387;action_grid#0;0,138298
2388;action_grid#0;0,170213
2389;action_grid#0;0,234043
2390;action_grid#0;0,106383
2391;action_grid#0;0,191489
2392;action_grid#0;0,127660
2393;action_grid#0;0,031915
2394;action_grid#0;0,223404
2395;action_grid#0;0,170213
2396;action_grid#0;0,191489
2397;action_grid#0;0,180851
2398;action_grid#0;0,085106
2399;action_grid#0;0,180851
2400;action_grid#0;0,159574
2401;action_grid#0;0,170213
2402;action_grid#0;0,191489
2403;action_grid#0;0,148936
2404;action_grid#0;0,095745
2405;action_grid#0;0,319149
2406;action_grid#0;0,170213
2407;action_grid#0;0,244681
2408;action_grid#0;0,138298
2409;action_grid#0;0,265957
2410;action_grid#0;0,276596
2411;action_grid#0;0,148936
2412;action_grid#0;0,287234
2413;action_grid#0;0,159574
2414;action_grid#0;0,191489
2415;action_grid#0;0,287234
2416;action_grid#0;0,212766
2417;action_grid#0;0,138298
2418;action_grid#0;0,297872
2419;action_grid#0;0,255319
2420;action_grid#0;0,255319
2421;action_grid#0;0,297872
2422;action_grid#0;0,148936
2423;action_grid#0;0,170213
2424;action_grid#0;0,340426
2425;action_grid#0;0,138298
2426;action_grid#0;0,191489
2427;action_grid#0;0,202128
2428;action_grid#0;0,308511
2429;action_grid#0;0,255319
2430;action_grid#0;0,297872
2431;action_grid#0;0,117021
2432;action_grid#0;0,329787
2433;action_grid#0;0,234043
2434;action_grid#0;0,031915
2435;action_grid#0;0,127660
2436;action_grid#0;0,127660
2437;action_grid#0;0,106383
2438;action_grid#0;0,319149
2439;action_grid#0;0,191489
2440;action_grid#0;0,127660
2441;action_grid#0;0,180851
2442;action_grid#0;0,170213
2443;action_grid#0;0,063830
2444;action_grid#0;0,148936
2445;action_grid#0;0,297872
2446;action_grid#0;0,319149
2447;action_grid#0;0,255319
2448;action_grid#0;0,308511
2449;action_grid#0;0,340426
2450;action_grid#0;0,202128
2451;action_grid#0;0,095745
2452;action_grid#0;0,223404
2453;action_grid#0;0,255319
2454;action_grid#0;0,276596
2455;action_grid#0;0,159574
2456;action_grid#0;0,106383
2457;action_grid#0;0,244681
2458;action_grid#0;0,148936
2459;action_grid#0;0,085106
2460;action_grid#0;0,202128
2461;action_grid#0;0,106383
2462;action_grid#0;0,148936
2463;action_grid#0;0,085106
2464;action_grid#0;0,148936
2465;action_grid#0;0,106383
2466;action_grid#0;0,148936
2467;action_grid#0;0,085106
2468;action_grid#0;0,042553
2469;action_grid#0;0,106383
2470;action_grid#0;0,127660
2471;action_grid#0;0,212766
2472;action_grid#0;0,127660
2473;action_grid#0;0,063830
2474;action_grid#0;0,170213
2475;action_grid#0;0,074468
2476;action_grid#0;0,085106
2477;action_grid#0;0,127660
2478;action_grid#0;0,095745
2479;action_grid#0;0,106383
2480;action_grid#0;0,117021
2481;action_grid#0;0,106383
2482;action_grid#0;0,042553
2483;action_grid#0;0,063830
2484;action_grid#0;0,085106
2485;action_grid#0;0,127660
2486;action_grid#0;0,085106
2487;action_grid#0;0,170213
2488;action_grid#0;0,159574
2489;action_grid#0;0,063830
2490;action_grid#0;0,255319
2491;action_grid#0;0,042553
2492;action_grid#0;0,085106
2493;action_grid#0;0,127660
2494;action_grid#0;0,191489
2495;action_grid#0;0,276596
2496;action_grid#0;0,127660
2497;action_grid#0;0,351064
2498;action_grid#0;0,170213
2499;action_grid#0;0,319149
0;action_wind#0;0,531915
1;action_wind#0;0,531915
2;action_wind#0;0,436170
3;action_wind#0;0,531915
4;action_wind#0;0,510638
5;action_wind#0;0,446809
6;action_wind#0;0,531915
7;action_wind#0;0,531915
8;action_wind#0;0,489362
9;action_wind#0;0,521277
10;action_wind#0;0,563830
11;action_wind#0;0,510638
12;action_wind#0;0,500000
13;action_wind#0;0,553191
14;action_wind#0;0,510638
15;action_wind#0;0,531915
16;action_wind#0;0,510638
17;action_wind#0;0,446809
18;action_wind#0;0,553191
19;action_wind#0;0,500000
20;action_wind#0;0,478723
21;action_wind#0;0,553191
22;action_wind#0;0,553191
23;action_wind#0;0,521277
24;action_wind#0;0,446809
25;action_wind#0;0,489362
26;action_wind#0;0,510638
27;action_wind#0;0,574468
28;action_wind#0;0,563830
29;action_wind#0;0,521277
30;action_wind#0;0,404255
31;action_wind#0;0,606383
32;action_wind#0;0,574468
33;action_wind#0;0,489362
34;action_wind#0;0,542553
35;action_wind#0;0,500000
36;action_wind#0;0,425532
37;action_wind#0;0,489362
38;action_wind#0;0,521277
39;action_wind#0;0,542553
40;action_wind#0;0,542553
41;action_wind#0;0,510638
42;action_wind#0;0,510638
43;action_wind#0;0,489362
44;action_wind#0;0,478723
45;action_wind#0;0,531915
46;action_wind#0;0,510638
47;action_wind#0;0,531915
48;action_wind#0;0,436170
49;action_wind#0;0,500000
50;action_wind#0;0,500000
51;action_wind#0;0,436170
52;action_wind#0;0,414894
53;action_wind#0;0,500000
54;action_wind#0;0,500000
55;action_wind#0;0,393617
56;action_wind#0;0,585106
57;action_wind#0;0,446809
58;action_wind#0;0,468085
59;action_wind#0;0,436170
60;action_wind#0;0,436170
61;action_wind#0;0,457447
62;action_wind#0;0,553191
63;action_wind#0;0,425532
64;action_wind#0;0,457447
65;action_wind#0;0,553191
66;action_wind#0;0,531915
67;action_wind#0;0,478723
68;action_wind#0;0,489362
69;action_wind#0;0,563830
70;action_wind#0;0,510638
71;action_wind#0;0,510638
72;action_wind#0;0,446809
73;action_wind#0;0,542553
74;action_wind#0;0,446809
75;action_wind#0;0,489362
76;action_wind#0;0,489362
77;action_wind#0;0,553191
78;action_wind#0;0,500000
79;action_wind#0;0,500000
80;action_wind#0;0,468085
81;action_wind#0;0,531915
82;action_wind#0;0,521277
83;action_wind#0;0,531915
84;action_wind#0;0,531915
85;action_wind#0;0,510638
86;action_wind#0;0,468085
87;action_wind#0;0,446809
88;action_wind#0;0,425532
89;action_wind#0;0,425532
90;action_wind#0;0,553191
91;action_wind#0;0,446809
92;action_wind#0;0,574468
93;action_wind#0;0,521277
94;action_wind#0;0,510638
95;action_wind#0;0,478723
96;action_wind#0;0,489362
97;action_wind#0;0,510638
98;action_wind#0;0,521277
99;action_wind#0;0,478723
100;action_wind#0;0,425532
101;action_wind#0;0,531915
102;action_wind#0;0,446809
103;action_wind#0;0,585106
104;action_wind#0;0,478723
105;action_wind#0;0,542553
106;action_wind#0;0,510638
107;action_wind#0;0,617021
108;action_wind#0;0,478723
109;action_wind#0;0,468085
110;action_wind#0;0,553191
111;action_wind#0;0,478723
112;action_wind#0;0,478723
113;action_wind#0;0,531915
114;action_wind#0;0,414894
115;action_wind#0;0,574468
116;action_wind#0;0,414894
117;action_wind#0;0,531915
118;action_wind#0;0,478723
119;action_wind#0;0,478723
120;action_wind#0;0,563830
121;action_wind#0;0,468085
122;action_wind#0;0,542553
123;action_wind#0;0,500000
124;action_wind#0;0,500000
125;action_wind#0;0,500000
126;action_wind#0;0,457447
127;action_wind#0;0,489362
128;action_wind#0;0,404255
129;action_wind#0;0,500000
130;action_wind#0;0,500000
131;action_wind#0;0,553191
132;action_wind#0;0,446809
133;action_wind#0;0,404255
134;action_wind#0;0,542553
135;action_wind#0;0,478723
136;action_wind#0;0,457447
137;action_wind#0;0,468085
138;action_wind#0;0,446809
139;action_wind#0;0,468085
140;action_wind#0;0,531915
141;action_wind#0;0,468085
142;action_wind#0;0,531915
143;action_wind#0;0,489362
144;action_wind#0;0,500000
145;action_wind#0;0,478723
146;action_wind#0;0,585106
147;action_wind#0;0,436170
148;action_wind#0;0,553191
149;action_wind#0;0,521277
150;action_wind#0;0,553191
151;action_wind#0;0,531915
152;action_wind#0;0,468085
153;action_wind#0;0,531915
154;action_wind#0;0,478723
155;action_wind#0;0,510638
156;action_wind#0;0,510638
157;action_wind#0;0,489362
158;action_wind#0;0,617021
159;action_wind#0;0,489362
160;action_wind#0;0,510638
161;action_wind#0;0,425532
162;action_wind#0;0,563830
163;action_wind#0;0,468085
164;action_wind#0;0,531915
165;action_wind#0;0,372340
166;action_wind#0;0,510638
167;action_wind#0;0,553191
168;action_wind#0;0,446809
169;action_wind#0;0,436170
170;action_wind#0;0,627660
171;action_wind#0;0,553191
172;action_wind#0;0,510638
173;action_wind#0;0,531915
174;action_wind#0;0,500000
175;action_wind#0;0,468085
176;action_wind#0;0,436170
177;action_wind#0;0,563830
178;action_wind#0;0,531915
179;action_wind#0;0,563830
180;action_wind#0;0,574468
181;action_wind#0;0,446809
182;action_wind#0;0,563830
183;action_wind#0;0,563830
184;action_wind#0;0,382979
185;action_wind#0;0,425532
186;action_wind#0;0,436170
187;action_wind#0;0,500000
188;action_wind#0;0,638298
189;action_wind#0;0,510638
190;action_wind#0;0,521277
191;action_wind#0;0,510638
192;action_wind#0;0,595745
193;action_wind#0;0,489362
194;action_wind#0;0,531915
195;action_wind#0;0,542553
196;action_wind#0;0,510638
197;action_wind#0;0,553191
198;action_wind#0;0,553191
199;action_wind#0;0,521277
200;action_wind#0;0,563830
201;action_wind#0;0,436170
202;action_wind#0;0,489362
203;action_wind#0;0,542553
204;action_wind#0;0,500000
205;action_wind#0;0,446809
206;action_wind#0;0,500000
207;action_wind#0;0,478723
208;action_wind#0;0,542553
209;action_wind#0;0,521277
210;action_wind#0;0,457447
211;action_wind#0;0,425532
212;action_wind#0;0,414894
213;action_wind#0;0,489362
214;action_wind#0;0,595745
215;action_wind#0;0,457447
216;action_wind#0;0,553191
217;action_wind#0;0,531915
218;action_wind#0;0,425532
219;action_wind#0;0,510638
220;action_wind#0;0,521277
221;action_wind#0;0,404255
222;action_wind#0;0,468085
223;action_wind#0;0,553191
224;action_wind#0;0,542553
225;action_wind#0;0,500000
226;action_wind#0;0,489362
227;action_wind#0;0,372340
228;action_wind#0;0,510638
229;action_wind#0;0,478723
230;action_wind#0;0,574468
231;action_wind#0;0,446809
232;action_wind#0;0,457447
233;action_wind#0;0,404255
234;action_wind#0;0,404255
235;action_wind#0;0,478723
236;action_wind#0;0,393617
237;action_wind#0;0,414894
238;action_wind#0;0,595745
239;action_wind#0;0,500000
240;action_wind#0;0,627660
241;action_wind#0;0,627660
242;action_wind#0;0,521277
243;action_wind#0;0,468085
244;action_wind#0;0,478723
245;action_wind#0;0,531915
246;action_wind#0;0,553191
247;action_wind#0;0,638298
248;action_wind#0;0,542553
249;action_wind#0;0,425532
250;action_wind#0;0,510638
251;action_wind#0;0,436170
252;action_wind#0;0,457447
253;action_wind#0;0,393617
254;action_wind#0;0,414894
255;action_wind#0;0,563830
256;action_wind#0;0,510638
257;action_wind#0;0,574468
258;action_wind#0;0,489362
259;action_wind#0;0,585106
260;action_wind#0;0,574468
261;action_wind#0;0,521277
262;action_wind#0;0,510638
263;action_wind#0;0,510638
264;action_wind#0;0,478723
265;action_wind#0;0,500000
266;action_wind#0;0,531915
267;action_wind#0;0,489362
268;action_wind#0;0,521277
269;action_wind#0;0,531915
270;action_wind#0;0,510638
271;action_wind#0;0,521277
272;action_wind#0;0,542553
273;action_wind#0;0,510638
274;action_wind#0;0,563830
275;action_wind#0;0,446809
276;action_wind#0;0,542553
277;action_wind#0;0,574468
278;action_wind#0;0,510638
279;action_wind#0;0,414894
280;action_wind#0;0,393617
281;action_wind#0;0,382979
282;action_wind#0;0,478723
283;action_wind#0;0,468085
284;action_wind#0;0,510638
285;action_wind#0;0,510638
286;action_wind#0;0,500000
287;action_wind#0;0,521277
288;action_wind#0;0,478723
289;action_wind#0;0,500000
290;action_wind#0;0,521277
291;action_wind#0;0,436170
292;action_wind#0;0,585106
293;action_wind#0;0,468085
294;action_wind#0;0,574468
295;action_wind#0;0,468085
296;action_wind#0;0,574468
297;action_wind#0;0,585106
298;action_wind#0;0,500000
299;action_wind#0;0,574468
300;action_wind#0;0,446809
301;action_wind#0;0,468085
302;action_wind#0;0,372340
303;action_wind#0;0,393617
304;action_wind#0;0,585106
305;action_wind#0;0,457447
306;action_wind#0;0,478723
307;action_wind#0;0,414894
308;action_wind#0;0,478723
309;action_wind#0;0,489362
310;action_wind#0;0,553191
311;action_wind#0;0,563830
312;action_wind#0;0,382979
313;action_wind#0;0,457447
314;action_wind#0;0,510638
315;action_wind#0;0,425532
316;action_wind#0;0,457447
317;action_wind#0;0,500000
318;action_wind#0;0,585106
319;action_wind#0;0,404255
320;action_wind#0;0,510638
321;action_wind#0;0,489362
322;action_wind#0;0,521277
323;action_wind#0;0,468085
324;action_wind#0;0,468085
325;action_wind#0;0,500000
326;action_wind#0;0,489362
327;action_wind#0;0,500000
328;action_wind#0;0,446809
329;action_wind#0;0,606383
330;action_wind#0;0,425532
331;action_wind#0;0,489362
332;action_wind#0;0,478723
333;action_wind#0;0,457447
334;action_wind#0;0,500000
335;action_wind#0;0,468085
336;action_wind#0;0,361702
337;action_wind#0;0,468085
338;action_wind#0;0,510638
339;action_wind#0;0,489362
340;action_wind#0;0,457447
341;action_wind#0;0,553191
342;action_wind#0;0,500000
343;action_wind#0;0,521277
344;action_wind#0;0,531915
345;action_wind#0;0,489362
346;action_wind#0;0,382979
347;action_wind#0;0,478723
348;action_wind#0;0,531915
349;action_wind#0;0,531915
350;action_wind#0;0,489362
351;action_wind#0;0,468085
352;action_wind#0;0,457447
353;action_wind#0;0,500000
354;action_wind#0;0,542553
355;action_wind#0;0,521277
356;action_wind#0;0,500000
357;action_wind#0;0,489362
358;action_wind#0;0,553191
359;action_wind#0;0,436170
360;action_wind#0;0,393617
361;action_wind#0;0,382979
362;action_wind#0;0,510638
363;action_wind#0;0,446809
364;action_wind#0;0,500000
365;action_wind#0;0,521277
366;action_wind#0;0,500000
367;action_wind#0;0,521277
368;action_wind#0;0,521277
369;action_wind#0;0,521277
370;action_wind#0;0,563830
371;action_wind#0;0,393617
372;action_wind#0;0,478723
373;action_wind#0;0,500000
374;action_wind#0;0,457447
375;action_wind#0;0,521277
376;action_wind#0;0,542553
377;action_wind#0;0,489362
378;action_wind#0;0,510638
379;action_wind#0;0,510638
380;action_wind#0;0,606383
381;action_wind#0;0,510638
382;action_wind#0;0,489362
383;action_wind#0;0,446809
384;action_wind#0;0,457447
385;action_wind#0;0,457447
386;action_wind#0;0,446809
387;action_wind#0;0,489362
388;action_wind#0;0,510638
389;action_wind#0;0,531915
390;action_wind#0;0,563830
391;action_wind#0;0,521277
392;action_wind#0;0,436170
393;action_wind#0;0,500000
394;action_wind#0;0,531915
395;action_wind#0;0,436170
396;action_wind#0;0,478723
397;action_wind#0;0,521277
398;action_wind#0;0,531915
399;action_wind#0;0,531915
400;action_wind#0;0,531915
401;action_wind#0;0,553191
402;action_wind#0;0,489362
403;action_wind#0;0,446809
404;action_wind#0;0,500000
405;action_wind#0;0,489362
406;action_wind#0;0,510638
407;action_wind#0;0,489362
408;action_wind#0;0,500000
409;action_wind#0;0,585106
410;action_wind#0;0,500000
411;action_wind#0;0,478723
412;action_wind#0;0,531915
413;action_wind#0;0,468085
414;action_wind#0;0,574468
415;action_wind#0;0,563830
416;action_wind#0;0,425532
417;action_wind#0;0,404255
418;action_wind#0;0,446809
419;action_wind#0;0,531915
420;action_wind#0;0,446809
421;action_wind#0;0,361702
422;action_wind#0;0,468085
423;action_wind#0;0,446809
424;action_wind#0;0,436170
425;action_wind#0;0,457447
426;action_wind#0;0,404255
427;action_wind#0;0,489362
428;action_wind#0;0,531915
429;action_wind#0;0,446809
430;action_wind#0;0,510638
431;action_wind#0;0,436170
432;action_wind#0;0,414894
433;action_wind#0;0,521277
434;action_wind#0;0,393617
435;action_wind#0;0,510638
436;action_wind#0;0,457447
437;action_wind#0;0,446809
438;action_wind#0;0,436170
439;action_wind#0;0,521277
440;action_wind#0;0,500000
441;action_wind#0;0,617021
442;action_wind#0;0,531915
443;action_wind#0;0,393617
444;action_wind#0;0,531915
445;action_wind#0;0,521277
446;action_wind#0;0,382979
447;action_wind#0;0,489362
448;action_wind#0;0,500000
449;action_wind#0;0,510638
450;action_wind#0;0,478723
451;action_wind#0;0,489362
452;action_wind#0;0,563830
453;action_wind#0;0,510638
454;action_wind#0;0,436170
455;action_wind#0;0,500000
456;action_wind#0;0,414894
457;action_wind#0;0,542553
458;action_wind#0;0,595745
459;action_wind#0;0,468085
460;action_wind#0;0,553191
461;action_wind#0;0,500000
462;action_wind#0;0,510638
463;action_wind#0;0,553191
464;action_wind#0;0,521277
465;action_wind#0;0,436170
466;action_wind#0;0,585106
467;action_wind#0;0,446809
468;action_wind#0;0,489362
469;action_wind#0;0,489362
470;action_wind#0;0,521277
471;action_wind#0;0,595745
472;action_wind#0;0,553191
473;action_wind#0;0,457447
474;action_wind#0;0,478723
475;action_wind#0;0,340426
476;action_wind#0;0,521277
477;action_wind#0;0,457447
478;action_wind#0;0,468085
479;action_wind#0;0,457447
480;action_wind#0;0,510638
481;action_wind#0;0,468085
482;action_wind#0;0,457447
483;action_wind#0;0,500000
484;action_wind#0;0,468085
485;action_wind#0;0,457447
486;action_wind#0;0,478723
487;action_wind#0;0,563830
488;action_wind#0;0,446809
489;action_wind#0;0,500000
490;action_wind#0;0,489362
491;action_wind#0;0,510638
492;action_wind#0;0,478723
493;action_wind#0;0,521277
494;action_wind#0;0,500000
495;action_wind#0;0,595745
496;action_wind#0;0,489362
497;action_wind#0;0,659574
498;action_wind#0;0,553191
499;action_wind#0;0,404255
500;action_wind#0;0,457447
501;action_wind#0;0,468085
502;action_wind#0;0,553191
503;action_wind#0;0,446809
504;action_wind#0;0,574468
505;action_wind#0;0,457447
506;action_wind#0;0,510638
507;action_wind#0;0,382979
508;action_wind#0;0,542553
509;action_wind#0;0,510638
510;action_wind#0;0,457447
511;action_wind#0;0,436170
512;action_wind#0;0,468085
513;action_wind#0;0,542553
514;action_wind#0;0,404255
515;action_wind#0;0,489362
516;action_wind#0;0,468085
517;action_wind#0;0,531915
518;action_wind#0;0,500000
519;action_wind#0;0,468085
520;action_wind#0;0,585106
521;action_wind#0;0,478723
522;action_wind#0;0,574468
523;action_wind#0;0,489362
524;action_wind#0;0,457447
525;action_wind#0;0,489362
526;action_wind#0;0,531915
527;action_wind#0;0,436170
528;action_wind#0;0,425532
529;action_wind#0;0,457447
530;action_wind#0;0,382979
531;action_wind#0;0,500000
532;action_wind#0;0,500000
533;action_wind#0;0,542553
534;action_wind#0;0,510638
535;action_wind#0;0,468085
536;action_wind#0;0,553191
537;action_wind#0;0,414894
538;action_wind#0;0,436170
539;action_wind#0;0,457447
540;action_wind#0;0,478723
541;action_wind#0;0,521277
542;action_wind#0;0,446809
543;action_wind#0;0,468085
544;action_wind#0;0,468085
545;action_wind#0;0,521277
546;action_wind#0;0,531915
547;action_wind#0;0,457447
548;action_wind#0;0,510638
549;action_wind#0;0,500000
550;action_wind#0;0,531915
551;action_wind#0;0,510638
552;action_wind#0;0,489362
553;action_wind#0;0,510638
554;action_wind#0;0,510638
555;action_wind#0;0,414894
556;action_wind#0;0,457447
557;action_wind#0;0,617021
558;action_wind#0;0,414894
559;action_wind#0;0,468085
560;action_wind#0;0,531915
561;action_wind#0;0,436170
562;action_wind#0;0,361702
563;action_wind#0;0,531915
564;action_wind#0;0,425532
565;action_wind#0;0,500000
566;action_wind#0;0,521277
567;action_wind#0;0,542553
568;action_wind#0;0,521277
569;action_wind#0;0,478723
570;action_wind#0;0,351064
571;action_wind#0;0,563830
572;action_wind#0;0,457447
573;action_wind#0;0,425532
574;action_wind#0;0,531915
575;action_wind#0;0,382979
576;action_wind#0;0,553191
577;action_wind#0;0,510638
578;action_wind#0;0,468085
579;action_wind#0;0,531915
580;action_wind#0;0,553191
581;action_wind#0;0,531915
582;action_wind#0;0,585106
583;action_wind#0;0,531915
584;action_wind#0;0,489362
585;action_wind#0;0,500000
586;action_wind#0;0,382979
587;action_wind#0;0,478723
588;action_wind#0;0,542553
589;action_wind#0;0,414894
590;action_wind#0;0,382979
591;action_wind#0;0,489362
592;action_wind#0;0,489362
593;action_wind#0;0,457447
594;action_wind#0;0,372340
595;action_wind#0;0,521277
596;action_wind#0;0,478723
597;action_wind#0;0,436170
598;action_wind#0;0,510638
599;action_wind#0;0,457447
600;action_wind#0;0,563830
601;action_wind#0;0,478723
602;action_wind#0;0,425532
603;action_wind#0;0,468085
604;action_wind#0;0,500000
605;action_wind#0;0,446809
606;action_wind#0;0,489362
607;action_wind#0;0,563830
608;action_wind#0;0,489362
609;action_wind#0;0,468085
610;action_wind#0;0,489362
611;action_wind#0;0,436170
612;action_wind#0;0,478723
613;action_wind#0;0,542553
614;action_wind#0;0,510638
615;action_wind#0;0,500000
616;action_wind#0;0,489362
617;action_wind#0;0,617021
618;action_wind#0;0,606383
619;action_wind#0;0,393617
620;action_wind#0;0,500000
621;action_wind#0;0,510638
622;action_wind#0;0,489362
623;action_wind#0;0,468085
624;action_wind#0;0,468085
625;action_wind#0;0,531915
626;action_wind#0;0,489362
627;action_wind#0;0,510638
628;action_wind#0;0,457447
629;action_wind#0;0,531915
630;action_wind#0;0,478723
631;action_wind#0;0,457447
632;action_wind#0;0,468085
633;action_wind#0;0,489362
634;action_wind#0;0,319149
635;action_wind#0;0,521277
636;action_wind#0;0,574468
637;action_wind#0;0,489362
638;action_wind#0;0,500000
639;action_wind#0;0,563830
640;action_wind#0;0,446809
641;action_wind#0;0,489362
642;action_wind#0;0,468085
643;action_wind#0;0,457447
644;action_wind#0;0,414894
645;action_wind#0;0,414894
646;action_wind#0;0,553191
647;action_wind#0;0,468085
648;action_wind#0;0,500000
649;action_wind#0;0,382979
650;action_wind#0;0,446809
651;action_wind#0;0,531915
652;action_wind#0;0,489362
653;action_wind#0;0,478723
654;action_wind#0;0,489362
655;action_wind#0;0,446809
656;action_wind#0;0,510638
657;action_wind#0;0,446809
658;action_wind#0;0,531915
659;action_wind#0;0,457447
660;action_wind#0;0,489362
661;action_wind#0;0,531915
662;action_wind#0;0,457447
663;action_wind#0;0,404255
664;action_wind#0;0,542553
665;action_wind#0;0,531915
666;action_wind#0;0,468085
667;action_wind#0;0,425532
668;action_wind#0;0,425532
669;action_wind#0;0,510638
670;action_wind#0;0,489362
671;action_wind#0;0,542553
672;action_wind#0;0,489362
673;action_wind#0;0,446809
674;action_wind#0;0,457447
675;action_wind#0;0,446809
676;action_wind#0;0,478723
677;action_wind#0;0,414894
678;action_wind#0;0,521277
679;action_wind#0;0,553191
680;action_wind#0;0,531915
681;action_wind#0;0,478723
682;action_wind#0;0,414894
683;action_wind#0;0,468085
684;action_wind#0;0,510638
685;action_wind#0;0,478723
686;action_wind#0;0,521277
687;action_wind#0;0,468085
688;action_wind#0;0,478723
689;action_wind#0;0,446809
690;action_wind#0;0,574468
691;action_wind#0;0,574468
692;action_wind#0;0,521277
693;action_wind#0;0,500000
694;action_wind#0;0,489362
695;action_wind#0;0,574468
696;action_wind#0;0,382979
697;action_wind#0;0,393617
698;action_wind#0;0,436170
699;action_wind#0;0,500000
700;action_wind#0;0,500000
701;action_wind#0;0,446809
702;action_wind#0;0,457447
703;action_wind#0;0,648936
704;action_wind#0;0,500000
705;action_wind#0;0,457447
706;action_wind#0;0,521277
707;action_wind#0;0,457447
708;action_wind#0;0,414894
709;action_wind#0;0,617021
710;action_wind#0;0,436170
711;action_wind#0;0,468085
712;action_wind#0;0,489362
713;action_wind#0;0,521277
714;action_wind#0;0,468085
715;action_wind#0;0,436170
716;action_wind#0;0,478723
717;action_wind#0;0,468085
718;action_wind#0;0,436170
719;action_wind#0;0,351064
720;action_wind#0;0,468085
721;action_wind#0;0,521277
722;action_wind#0;0,436170
723;action_wind#0;0,393617
724;action_wind#0;0,574468
725;action_wind#0;0,489362
726;action_wind#0;0,489362
727;action_wind#0;0,521277
728;action_wind#0;0,510638
729;action_wind#0;0,425532
730;action_wind#0;0,414894
731;action_wind#0;0,446809
732;action_wind#0;0,489362
733;action_wind#0;0,425532
734;action_wind#0;0,404255
735;action_wind#0;0,414894
736;action_wind#0;0,393617
737;action_wind#0;0,382979
738;action_wind#0;0,478723
739;action_wind#0;0,489362
740;action_wind#0;0,393617
741;action_wind#0;0,489362
742;action_wind#0;0,468085
743;action_wind#0;0,414894
744;action_wind#0;0,436170
745;action_wind#0;0,478723
746;action_wind#0;0,500000
747;action_wind#0;0,457447
748;action_wind#0;0,489362
749;action_wind#0;0,489362
750;action_wind#0;0,585106
751;action_wind#0;0,489362
752;action_wind#0;0,393617
753;action_wind#0;0,500000
754;action_wind#0;0,436170
755;action_wind#0;0,457447
756;action_wind#0;0,500000
757;action_wind#0;0,585106
758;action_wind#0;0,468085
759;action_wind#0;0,553191
760;action_wind#0;0,531915
761;action_wind#0;0,468085
762;action_wind#0;0,510638
763;action_wind#0;0,468085
764;action_wind#0;0,510638
765;action_wind#0;0,446809
766;action_wind#0;0,510638
767;action_wind#0;0,542553
768;action_wind#0;0,425532
769;action_wind#0;0,340426
770;action_wind#0;0,446809
771;action_wind#0;0,510638
772;action_wind#0;0,436170
773;action_wind#0;0,595745
774;action_wind#0;0,542553
775;action_wind#0;0,478723
776;action_wind#0;0,425532
777;action_wind#0;0,404255
778;action_wind#0;0,425532
779;action_wind#0;0,478723
780;action_wind#0;0,521277
781;action_wind#0;0,468085
782;action_wind#0;0,478723
783;action_wind#0;0,425532
784;action_wind#0;0,468085
785;action_wind#0;0,446809
786;action_wind#0;0,457447
787;action_wind#0;0,404255
788;action_wind#0;0,489362
789;action_wind#0;0,414894
790;action_wind#0;0,446809
791;action_wind#0;0,478723
792;action_wind#0;0,468085
793;action_wind#0;0,393617
794;action_wind#0;0,414894
795;action_wind#0;0,414894
796;action_wind#0;0,489362
797;action_wind#0;0,468085
798;action_wind#0;0,521277
799;action_wind#0;0,425532
800;action_wind#0;0,595745
801;action_wind#0;0,468085
802;action_wind#0;0,468085
803;action_wind#0;0,436170
804;action_wind#0;0,372340
805;action_wind#0;0,489362
806;action_wind#0;0,436170
807;action_wind#0;0,468085
808;action_wind#0;0,446809
809;action_wind#0;0,563830
810;action_wind#0;0,489362
811;action_wind#0;0,393617
812;action_wind#0;0,446809
813;action_wind#0;0,414894
814;action_wind#0;0,468085
815;action_wind#0;0,521277
816;action_wind#0;0,478723
817;action_wind#0;0,531915
818;action_wind#0;0,414894
819;action_wind#0;0,457447
820;action_wind#0;0,489362
821;action_wind#0;0,457447
822;action_wind#0;0,436170
823;action_wind#0;0,574468
824;action_wind#0;0,500000
825;action_wind#0;0,436170
826;action_wind#0;0,414894
827;action_wind#0;0,393617
828;action_wind#0;0,510638
829;action_wind#0;0,521277
830;action_wind#0;0,563830
831;action_wind#0;0,393617
832;action_wind#0;0,446809
833;action_wind#0;0,404255
834;action_wind#0;0,361702
835;action_wind#0;0,563830
836;action_wind#0;0,468085
837;action_wind#0;0,372340
838;action_wind#0;0,500000
839;action_wind#0;0,446809
840;action_wind#0;0,468085
841;action_wind#0;0,478723
842;action_wind#0;0,489362
843;action_wind#0;0,468085
844;action_wind#0;0,446809
845;action_wind#0;0,531915
846;action_wind#0;0,521277
847;action_wind#0;0,425532
848;action_wind#0;0,489362
849;action_wind#0;0,414894
850;action_wind#0;0,436170
851;action_wind#0;0,414894
852;action_wind#0;0,446809
853;action_wind#0;0,521277
854;action_wind#0;0,446809
855;action_wind#0;0,468085
856;action_wind#0;0,531915
857;action_wind#0;0,510638
858;action_wind#0;0,425532
859;action_wind#0;0,414894
860;action_wind#0;0,436170
861;action_wind#0;0,553191
862;action_wind#0;0,510638
863;action_wind#0;0,425532
864;action_wind#0;0,553191
865;action_wind#0;0,382979
866;action_wind#0;0,478723
867;action_wind#0;0,436170
868;action_wind#0;0,500000
869;action_wind#0;0,329787
870;action_wind#0;0,478723
871;action_wind#0;0,468085
872;action_wind#0;0,382979
873;action_wind#0;0,563830
874;action_wind#0;0,436170
875;action_wind#0;0,414894
876;action_wind#0;0,531915
877;action_wind#0;0,500000
878;action_wind#0;0,414894
879;action_wind#0;0,457447
880;action_wind#0;0,425532
881;action_wind#0;0,478723
882;action_wind#0;0,468085
883;action_wind#0;0,446809
884;action_wind#0;0,457447
885;action_wind#0;0,510638
886;action_wind#0;0,531915
887;action_wind#0;0,436170
888;action_wind#0;0,425532
889;action_wind#0;0,489362
890;action_wind#0;0,425532
891;action_wind#0;0,425532
892;action_wind#0;0,468085
893;action_wind#0;0,425532
894;action_wind#0;0,500000
895;action_wind#0;0,446809
896;action_wind#0;0,414894
897;action_wind#0;0,521277
898;action_wind#0;0,595745
899;action_wind#0;0,446809
900;action_wind#0;0,500000
901;action_wind#0;0,531915
902;action_wind#0;0,500000
903;action_wind#0;0,563830
904;action_wind#0;0,510638
905;action_wind#0;0,414894
906;action_wind#0;0,478723
907;action_wind#0;0,489362
908;action_wind#0;0,510638
909;action_wind#0;0,478723
910;action_wind#0;0,372340
911;action_wind#0;0,436170
912;action_wind#0;0,425532
913;action_wind#0;0,425532
914;action_wind#0;0,393617
915;action_wind#0;0,489362
916;action_wind#0;0,553191
917;action_wind#0;0,500000
918;action_wind#0;0,468085
919;action_wind#0;0,531915
920;action_wind#0;0,489362
921;action_wind#0;0,489362
922;action_wind#0;0,425532
923;action_wind#0;0,446809
924;action_wind#0;0,457447
925;action_wind#0;0,510638
926;action_wind#0;0,478723
927;action_wind#0;0,489362
928;action_wind#0;0,457447
929;action_wind#0;0,446809
930;action_wind#0;0,446809
931;action_wind#0;0,553191
932;action_wind#0;0,478723
933;action_wind#0;0,468085
934;action_wind#0;0,478723
935;action_wind#0;0,382979
936;action_wind#0;0,446809
937;action_wind#0;0,436170
938;action_wind#0;0,468085
939;action_wind#0;0,478723
940;action_wind#0;0,414894
941;action_wind#0;0,468085
942;action_wind#0;0,489362
943;action_wind#0;0,436170
944;action_wind#0;0,329787
945;action_wind#0;0,351064
946;action_wind#0;0,414894
947;action_wind#0;0,319149
948;action_wind#0;0,436170
949;action_wind#0;0,393617
950;action_wind#0;0,446809
951;action_wind#0;0,425532
952;action_wind#0;0,372340
953;action_wind#0;0,436170
954;action_wind#0;0,393617
955;action_wind#0;0,446809
956;action_wind#0;0,542553
957;action_wind#0;0,478723
958;action_wind#0;0,404255
959;action_wind#0;0,372340
960;action_wind#0;0,457447
961;action_wind#0;0,425532
962;action_wind#0;0,446809
963;action_wind#0;0,340426
964;action_wind#0;0,436170
965;action_wind#0;0,425532
966;action_wind#0;0,404255
967;action_wind#0;0,372340
968;action_wind#0;0,446809
969;action_wind#0;0,489362
970;action_wind#0;0,404255
971;action_wind#0;0,382979
972;action_wind#0;0,510638
973;action_wind#0;0,521277
974;action_wind#0;0,361702
975;action_wind#0;0,414894
976;action_wind#0;0,351064
977;action_wind#0;0,446809
978;action_wind#0;0,382979
979;action_wind#0;0,510638
980;action_wind#0;0,446809
981;action_wind#0;0,510638
982;action_wind#0;0,425532
983;action_wind#0;0,414894
984;action_wind#0;0,457447
985;action_wind#0;0,361702
986;action_wind#0;0,436170
987;action_wind#0;0,425532
988;action_wind#0;0,382979
989;action_wind#0;0,457447
990;action_wind#0;0,489362
991;action_wind#0;0,468085
992;action_wind#0;0,478723
993;action_wind#0;0,436170
994;action_wind#0;0,468085
995;action_wind#0;0,457447
996;action_wind#0;0,489362
997;action_wind#0;0,414894
998;action_wind#0;0,372340
999;action_wind#0;0,446809
1000;action_wind#0;0,319149
1001;action_wind#0;0,478723
1002;action_wind#0;0,372340
1003;action_wind#0;0,542553
1004;action_wind#0;0,478723
1005;action_wind#0;0,468085
1006;action_wind#0;0,446809
1007;action_wind#0;0,382979
1008;action_wind#0;0,425532
1009;action_wind#0;0,521277
1010;action_wind#0;0,436170
1011;action_wind#0;0,436170
1012;action_wind#0;0,478723
1013;action_wind#0;0,414894
1014;action_wind#0;0,478723
1015;action_wind#0;0,500000
1016;action_wind#0;0,446809
1017;action_wind#0;0,510638
1018;action_wind#0;0,468085
1019;action_wind#0;0,404255
1020;action_wind#0;0,510638
1021;action_wind#0;0,468085
1022;action_wind#0;0,457447
1023;action_wind#0;0,478723
1024;action_wind#0;0,436170
1025;action_wind#0;0,414894
1026;action_wind#0;0,489362
1027;action_wind#0;0,404255
1028;action_wind#0;0,414894
1029;action_wind#0;0,468085
1030;action_wind#0;0,468085
1031;action_wind#0;0,446809
1032;action_wind#0;0,478723
1033;action_wind#0;0,489362
1034;action_wind#0;0,457447
1035;action_wind#0;0,436170
1036;action_wind#0;0,542553
1037;action_wind#0;0,489362
1038;action_wind#0;0,414894
1039;action_wind#0;0,414894
1040;action_wind#0;0,404255
1041;action_wind#0;0,425532
1042;action_wind#0;0,372340
1043;action_wind#0;0,521277
1044;action_wind#0;0,425532
1045;action_wind#0;0,382979
1046;action_wind#0;0,425532
1047;action_wind#0;0,414894
1048;action_wind#0;0,446809
1049;action_wind#0;0,436170
1050;action_wind#0;0,436170
1051;action_wind#0;0,553191
1052;action_wind#0;0,489362
1053;action_wind#0;0,478723
1054;action_wind#0;0,340426
1055;action_wind#0;0,425532
1056;action_wind#0;0,361702
1057;action_wind#0;0,436170
1058;action_wind#0;0,574468
1059;action_wind#0;0,489362
1060;action_wind#0;0,393617
1061;action_wind#0;0,404255
1062;action_wind#0;0,446809
1063;action_wind#0;0,457447
1064;action_wind#0;0,404255
1065;action_wind#0;0,468085
1066;action_wind#0;0,382979
1067;action_wind#0;0,446809
1068;action_wind#0;0,436170
1069;action_wind#0;0,500000
1070;action_wind#0;0,510638
1071;action_wind#0;0,457447
1072;action_wind#0;0,489362
1073;action_wind#0;0,457447
1074;action_wind#0;0,446809
1075;action_wind#0;0,297872
1076;action_wind#0;0,446809
1077;action_wind#0;0,414894
1078;action_wind#0;0,510638
1079;action_wind#0;0,468085
1080;action_wind#0;0,340426
1081;action_wind#0;0,446809
1082;action_wind#0;0,382979
1083;action_wind#0;0,382979
1084;action_wind#0;0,425532
1085;action_wind#0;0,436170
1086;action_wind#0;0,457447
1087;action_wind#0;0,446809
1088;action_wind#0;0,436170
1089;action_wind#0;0,510638
1090;action_wind#0;0,308511
1091;action_wind#0;0,478723
1092;action_wind#0;0,457447
1093;action_wind#0;0,468085
1094;action_wind#0;0,478723
1095;action_wind#0;0,425532
1096;action_wind#0;0,521277
1097;action_wind#0;0,329787
1098;action_wind#0;0,478723
1099;action_wind#0;0,446809
1100;action_wind#0;0,414894
1101;action_wind#0;0,414894
1102;action_wind#0;0,340426
1103;action_wind#0;0,382979
1104;action_wind#0;0,436170
1105;action_wind#0;0,531915
1106;action_wind#0;0,414894
1107;action_wind#0;0,510638
1108;action_wind#0;0,468085
1109;action_wind#0;0,372340
1110;action_wind#0;0,404255
1111;action_wind#0;0,457447
1112;action_wind#0;0,446809
1113;action_wind#0;0,457447
1114;action_wind#0;0,414894
1115;action_wind#0;0,340426
1116;action_wind#0;0,510638
1117;action_wind#0;0,404255
1118;action_wind#0;0,446809
1119;action_wind#0;0,351064
1120;action_wind#0;0,585106
1121;action_wind#0;0,457447
1122;action_wind#0;0,308511
1123;action_wind#0;0,414894
1124;action_wind#0;0,436170
1125;action_wind#0;0,478723
1126;action_wind#0;0,372340
1127;action_wind#0;0,414894
1128;action_wind#0;0,425532
1129;action_wind#0;0,436170
1130;action_wind#0;0,500000
1131;action_wind#0;0,500000
1132;action_wind#0;0,404255
1133;action_wind#0;0,425532
1134;action_wind#0;0,329787
1135;action_wind#0;0,489362
1136;action_wind#0;0,393617
1137;action_wind#0;0,393617
1138;action_wind#0;0,478723
1139;action_wind#0;0,436170
1140;action_wind#0;0,553191
1141;action_wind#0;0,446809
1142;action_wind#0;0,436170
1143;action_wind#0;0,425532
1144;action_wind#0;0,393617
1145;action_wind#0;0,340426
1146;action_wind#0;0,382979
1147;action_wind#0;0,446809
1148;action_wind#0;0,414894
1149;action_wind#0;0,457447
1150;action_wind#0;0,468085
1151;action_wind#0;0,382979
1152;action_wind#0;0,425532
1153;action_wind#0;0,404255
1154;action_wind#0;0,372340
1155;action_wind#0;0,510638
1156;action_wind#0;0,457447
1157;action_wind#0;0,457447
1158;action_wind#0;0,361702
1159;action_wind#0;0,521277
1160;action_wind#0;0,542553
1161;action_wind#0;0,425532
1162;action_wind#0;0,446809
1163;action_wind#0;0,393617
1164;action_wind#0;0,414894
1165;action_wind#0;0,468085
1166;action_wind#0;0,627660
1167;action_wind#0;0,500000
1168;action_wind#0;0,457447
1169;action_wind#0;0,372340
1170;action_wind#0;0,425532
1171;action_wind#0;0,500000
1172;action_wind#0;0,361702
1173;action_wind#0;0,319149
1174;action_wind#0;0,361702
1175;action_wind#0;0,457447
1176;action_wind#0;0,393617
1177;action_wind#0;0,446809
1178;action_wind#0;0,446809
1179;action_wind#0;0,446809
1180;action_wind#0;0,446809
1181;action_wind#0;0,404255
1182;action_wind#0;0,372340
1183;action_wind#0;0,425532
1184;action_wind#0;0,457447
1185;action_wind#0;0,500000
1186;action_wind#0;0,372340
1187;action_wind#0;0,510638
1188;action_wind#0;0,372340
1189;action_wind#0;0,585106
1190;action_wind#0;0,436170
1191;action_wind#0;0,372340
1192;action_wind#0;0,351064
1193;action_wind#0;0,382979
1194;action_wind#0;0,468085
1195;action_wind#0;0,404255
1196;action_wind#0;0,446809
1197;action_wind#0;0,234043
1198;action_wind#0;0,500000
1199;action_wind#0;0,446809
1200;action_wind#0;0,436170
1201;action_wind#0;0,361702
1202;action_wind#0;0,468085
1203;action_wind#0;0,287234
1204;action_wind#0;0,340426
1205;action_wind#0;0,425532
1206;action_wind#0;0,308511
1207;action_wind#0;0,361702
1208;action_wind#0;0,308511
1209;action_wind#0;0,372340
1210;action_wind#0;0,329787
1211;action_wind#0;0,500000
1212;action_wind#0;0,542553
1213;action_wind#0;0,414894
1214;action_wind#0;0,446809
1215;action_wind#0;0,276596
1216;action_wind#0;0,446809
1217;action_wind#0;0,489362
1218;action_wind#0;0,372340
1219;action_wind#0;0,382979
1220;action_wind#0;0,340426
1221;action_wind#0;0,446809
1222;action_wind#0;0,340426
1223;action_wind#0;0,319149
1224;action_wind#0;0,510638
1225;action_wind#0;0,372340
1226;action_wind#0;0,361702
1227;action_wind#0;0,351064
1228;action_wind#0;0,393617
1229;action_wind#0;0,531915
1230;action_wind#0;0,372340
1231;action_wind#0;0,382979
1232;action_wind#0;0,478723
1233;action_wind#0;0,478723
1234;action_wind#0;0,446809
1235;action_wind#0;0,446809
1236;action_wind#0;0,223404
1237;action_wind#0;0,436170
1238;action_wind#0;0,404255
1239;action_wind#0;0,404255
1240;action_wind#0;0,446809
1241;action_wind#0;0,372340
1242;action_wind#0;0,372340
1243;action_wind#0;0,510638
1244;action_wind#0;0,425532
1245;action_wind#0;0,414894
1246;action_wind#0;0,340426
1247;action_wind#0;0,319149
1248;action_wind#0;0,446809
1249;action_wind#0;0,446809
1250;action_wind#0;0,404255
1251;action_wind#0;0,500000
1252;action_wind#0;0,425532
1253;action_wind#0;0,414894
1254;action_wind#0;0,478723
1255;action_wind#0;0,478723
1256;action_wind#0;0,372340
1257;action_wind#0;0,404255
1258;action_wind#0;0,393617
1259;action_wind#0;0,425532
1260;action_wind#0;0,478723
1261;action_wind#0;0,372340
1262;action_wind#0;0,393617
1263;action_wind#0;0,404255
1264;action_wind#0;0,382979
1265;action_wind#0;0,382979
1266;action_wind#0;0,382979
1267;action_wind#0;0,372340
1268;action_wind#0;0,361702
1269;action_wind#0;0,446809
1270;action_wind#0;0,521277
1271;action_wind#0;0,478723
1272;action_wind#0;0,404255
1273;action_wind#0;0,393617
1274;action_wind#0;0,372340
1275;action_wind#0;0,436170
1276;action_wind#0;0,500000
1277;action_wind#0;0,404255
1278;action_wind#0;0,361702
1279;action_wind#0;0,351064
1280;action_wind#0;0,436170
1281;action_wind#0;0,340426
1282;action_wind#0;0,425532
1283;action_wind#0;0,446809
1284;action_wind#0;0,457447
1285;action_wind#0;0,393617
1286;action_wind#0;0,436170
1287;action_wind#0;0,436170
1288;action_wind#0;0,404255
1289;action_wind#0;0,553191
1290;action_wind#0;0,489362
1291;action_wind#0;0,382979
1292;action_wind#0;0,436170
1293;action_wind#0;0,425532
1294;action_wind#0;0,361702
1295;action_wind#0;0,500000
1296;action_wind#0;0,436170
1297;action_wind#0;0,361702
1298;action_wind#0;0,382979
1299;action_wind#0;0,425532
1300;action_wind#0;0,457447
1301;action_wind#0;0,393617
1302;action_wind#0;0,457447
1303;action_wind#0;0,468085
1304;action_wind#0;0,436170
1305;action_wind#0;0,404255
1306;action_wind#0;0,563830
1307;action_wind#0;0,457447
1308;action_wind#0;0,372340
1309;action_wind#0;0,340426
1310;action_wind#0;0,436170
1311;action_wind#0;0,446809
1312;action_wind#0;0,382979
1313;action_wind#0;0,457447
1314;action_wind#0;0,329787
1315;action_wind#0;0,351064
1316;action_wind#0;0,436170
1317;action_wind#0;0,500000
1318;action_wind#0;0,404255
1319;action_wind#0;0,414894
1320;action_wind#0;0,372340
1321;action_wind#0;0,468085
1322;action_wind#0;0,468085
1323;action_wind#0;0,404255
1324;action_wind#0;0,425532
1325;action_wind#0;0,457447
1326;action_wind#0;0,372340
1327;action_wind#0;0,425532
1328;action_wind#0;0,393617
1329;action_wind#0;0,308511
1330;action_wind#0;0,468085
1331;action_wind#0;0,372340
1332;action_wind#0;0,457447
1333;action_wind#0;0,393617
1334;action_wind#0;0,436170
1335;action_wind#0;0,319149
1336;action_wind#0;0,468085
1337;action_wind#0;0,489362
1338;action_wind#0;0,340426
1339;action_wind#0;0,393617
1340;action_wind#0;0,382979
1341;action_wind#0;0,436170
1342;action_wind#0;0,319149
1343;action_wind#0;0,319149
1344;action_wind#0;0,425532
1345;action_wind#0;0,414894
1346;action_wind#0;0,425532
1347;action_wind#0;0,340426
1348;action_wind#0;0,436170
1349;action_wind#0;0,319149
1350;action_wind#0;0,563830
1351;action_wind#0;0,468085
1352;action_wind#0;0,425532
1353;action_wind#0;0,404255
1354;action_wind#0;0,478723
1355;action_wind#0;0,382979
1356;action_wind#0;0,308511
1357;action_wind#0;0,468085
1358;action_wind#0;0,425532
1359;action_wind#0;0,478723
1360;action_wind#0;0,521277
1361;action_wind#0;0,489362
1362;action_wind#0;0,489362
1363;action_wind#0;0,425532
1364;action_wind#0;0,446809
1365;action_wind#0;0,382979
1366;action_wind#0;0,372340
1367;action_wind#0;0,393617
1368;action_wind#0;0,425532
1369;action_wind#0;0,500000
1370;action_wind#0;0,351064
1371;action_wind#0;0,510638
1372;action_wind#0;0,276596
1373;action_wind#0;0,531915
1374;action_wind#0;0,425532
1375;action_wind#0;0,340426
1376;action_wind#0;0,414894
1377;action_wind#0;0,382979
1378;action_wind#0;0,276596
1379;action_wind#0;0,372340
1380;action_wind#0;0,478723
1381;action_wind#0;0,478723
1382;action_wind#0;0,319149
1383;action_wind#0;0,382979
1384;action_wind#0;0,361702
1385;action_wind#0;0,404255
1386;action_wind#0;0,446809
1387;action_wind#0;0,468085
1388;action_wind#0;0,340426
1389;action_wind#0;0,382979
1390;action_wind#0;0,340426
1391;action_wind#0;0,468085
1392;action_wind#0;0,425532
1393;action_wind#0;0,351064
1394;action_wind#0;0,276596
1395;action_wind#0;0,276596
1396;action_wind#0;0,478723
1397;action_wind#0;0,319149
1398;action_wind#0;0,468085
1399;action_wind#0;0,382979
1400;action_wind#0;0,382979
1401;action_wind#0;0,489362
1402;action_wind#0;0,489362
1403;action_wind#0;0,329787
1404;action_wind#0;0,468085
1405;action_wind#0;0,468085
1406;action_wind#0;0,425532
1407;action_wind#0;0,457447
1408;action_wind#0;0,446809
1409;action_wind#0;0,340426
1410;action_wind#0;0,446809
1411;action_wind#0;0,404255
1412;action_wind#0;0,414894
1413;action_wind#0;0,446809
1414;action_wind#0;0,308511
1415;action_wind#0;0,393617
1416;action_wind#0;0,393617
1417;action_wind#0;0,361702
1418;action_wind#0;0,351064
1419;action_wind#0;0,414894
1420;action_wind#0;0,372340
1421;action_wind#0;0,425532
1422;action_wind#0;0,361702
1423;action_wind#0;0,340426
1424;action_wind#0;0,393617
1425;action_wind#0;0,425532
1426;action_wind#0;0,446809
1427;action_wind#0;0,436170
1428;action_wind#0;0,489362
1429;action_wind#0;0,393617
1430;action_wind#0;0,500000
1431;action_wind#0;0,265957
1432;action_wind#0;0,542553
1433;action_wind#0;0,393617
1434;action_wind#0;0,436170
1435;action_wind#0;0,446809
1436;action_wind#0;0,372340
1437;action_wind#0;0,329787
1438;action_wind#0;0,382979
1439;action_wind#0;0,414894
1440;action_wind#0;0,351064
1441;action_wind#0;0,489362
1442;action_wind#0;0,425532
1443;action_wind#0;0,478723
1444;action_wind#0;0,457447
1445;action_wind#0;0,393617
1446;action_wind#0;0,372340
1447;action_wind#0;0,414894
1448;action_wind#0;0,351064
1449;action_wind#0;0,329787
1450;action_wind#0;0,393617
1451;action_wind#0;0,308511
1452;action_wind#0;0,340426
1453;action_wind#0;0,329787
1454;action_wind#0;0,382979
1455;action_wind#0;0,457447
1456;action_wind#0;0,372340
1457;action_wind#0;0,393617
1458;action_wind#0;0,361702
1459;action_wind#0;0,340426
1460;action_wind#0;0,382979
1461;action_wind#0;0,297872
1462;action_wind#0;0,414894
1463;action_wind#0;0,297872
1464;action_wind#0;0,276596
1465;action_wind#0;0,446809
1466;action_wind#0;0,372340
1467;action_wind#0;0,340426
1468;action_wind#0;0,361702
1469;action_wind#0;0,414894
1470;action_wind#0;0,393617
1471;action_wind#0;0,414894
1472;action_wind#0;0,372340
1473;action_wind#0;0,404255
1474;action_wind#0;0,191489
1475;action_wind#0;0,425532
1476;action_wind#0;0,382979
1477;action_wind#0;0,446809
1478;action_wind#0;0,446809
1479;action_wind#0;0,468085
1480;action_wind#0;0,276596
1481;action_wind#0;0,478723
1482;action_wind#0;0,372340
1483;action_wind#0;0,340426
1484;action_wind#0;0,382979
1485;action_wind#0;0,489362
1486;action_wind#0;0,510638
1487;action_wind#0;0,329787
1488;action_wind#0;0,478723
1489;action_wind#0;0,489362
1490;action_wind#0;0,351064
1491;action_wind#0;0,404255
1492;action_wind#0;0,319149
1493;action_wind#0;0,265957
1494;action_wind#0;0,468085
1495;action_wind#0;0,351064
1496;action_wind#0;0,414894
1497;action_wind#0;0,414894
1498;action_wind#0;0,319149
1499;action_wind#0;0,351064
1500;action_wind#0;0,319149
1501;action_wind#0;0,308511
1502;action_wind#0;0,329787
1503;action_wind#0;0,425532
1504;action_wind#0;0,478723
1505;action_wind#0;0,404255
1506;action_wind#0;0,382979
1507;action_wind#0;0,382979
1508;action_wind#0;0,287234
1509;action_wind#0;0,404255
1510;action_wind#0;0,329787
1511;action_wind#0;0,425532
1512;action_wind#0;0,361702
1513;action_wind#0;0,287234
1514;action_wind#0;0,276596
1515;action_wind#0;0,372340
1516;action_wind#0;0,414894
1517;action_wind#0;0,319149
1518;action_wind#0;0,478723
1519;action_wind#0;0,404255
1520;action_wind#0;0,351064
1521;action_wind#0;0,340426
1522;action_wind#0;0,404255
1523;action_wind#0;0,361702
1524;action_wind#0;0,382979
1525;action_wind#0;0,361702
1526;action_wind#0;0,414894
1527;action_wind#0;0,297872
1528;action_wind#0;0,414894
1529;action_wind#0;0,308511
1530;action_wind#0;0,340426
1531;action_wind#0;0,340426
1532;action_wind#0;0,361702
1533;action_wind#0;0,382979
1534;action_wind#0;0,223404
1535;action_wind#0;0,319149
1536;action_wind#0;0,372340
1537;action_wind#0;0,414894
1538;action_wind#0;0,393617
1539;action_wind#0;0,393617
1540;action_wind#0;0,372340
1541;action_wind#0;0,457447
1542;action_wind#0;0,553191
1543;action_wind#0;0,436170
1544;action_wind#0;0,382979
1545;action_wind#0;0,340426
1546;action_wind#0;0,404255
1547;action_wind#0;0,404255
1548;action_wind#0;0,478723
1549;action_wind#0;0,297872
1550;action_wind#0;0,436170
1551;action_wind#0;0,425532
1552;action_wind#0;0,414894
1553;action_wind#0;0,382979
1554;action_wind#0;0,478723
1555;action_wind#0;0,436170
1556;action_wind#0;0,393617
1557;action_wind#0;0,351064
1558;action_wind#0;0,414894
1559;action_wind#0;0,329787
1560;action_wind#0;0,425532
1561;action_wind#0;0,276596
1562;action_wind#0;0,436170
1563;action_wind#0;0,329787
1564;action_wind#0;0,393617
1565;action_wind#0;0,308511
1566;action_wind#0;0,404255
1567;action_wind#0;0,478723
1568;action_wind#0;0,361702
1569;action_wind#0;0,425532
1570;action_wind#0;0,308511
1571;action_wind#0;0,340426
1572;action_wind#0;0,340426
1573;action_wind#0;0,340426
1574;action_wind#0;0,425532
1575;action_wind#0;0,319149
1576;action_wind#0;0,457447
1577;action_wind#0;0,319149
1578;action_wind#0;0,372340
1579;action_wind#0;0,297872
1580;action_wind#0;0,404255
1581;action_wind#0;0,351064
1582;action_wind#0;0,276596
1583;action_wind#0;0,457447
1584;action_wind#0;0,361702
1585;action_wind#0;0,489362
1586;action_wind#0;0,361702
1587;action_wind#0;0,319149
1588;action_wind#0;0,436170
1589;action_wind#0;0,351064
1590;action_wind#0;0,446809
1591;action_wind#0;0,287234
1592;action_wind#0;0,361702
1593;action_wind#0;0,436170
1594;action_wind#0;0,372340
1595;action_wind#0;0,404255
1596;action_wind#0;0,457447
1597;action_wind#0;0,287234
1598;action_wind#0;0,319149
1599;action_wind#0;0,382979
1600;action_wind#0;0,351064
1601;action_wind#0;0,351064
1602;action_wind#0;0,319149
1603;action_wind#0;0,404255
1604;action_wind#0;0,361702
1605;action_wind#0;0,361702
1606;action_wind#0;0,223404
1607;action_wind#0;0,276596
1608;action_wind#0;0,382979
1609;action_wind#0;0,393617
1610;action_wind#0;0,425532
1611;action_wind#0;0,436170
1612;action_wind#0;0,329787
1613;action_wind#0;0,234043
1614;action_wind#0;0,276596
1615;action_wind#0;0,340426
1616;action_wind#0;0,425532
1617;action_wind#0;0,265957
1618;action_wind#0;0,319149
1619;action_wind#0;0,329787
1620;action_wind#0;0,276596
1621;action_wind#0;0,372340
1622;action_wind#0;0,446809
1623;action_wind#0;0,489362
1624;action_wind#0;0,223404
1625;action_wind#0;0,382979
1626;action_wind#0;0,478723
1627;action_wind#0;0,382979
1628;action_wind#0;0,265957
1629;action_wind#0;0,319149
1630;action_wind#0;0,297872
1631;action_wind#0;0,414894
1632;action_wind#0;0,276596
1633;action_wind#0;0,446809
1634;action_wind#0;0,404255
1635;action_wind#0;0,191489
1636;action_wind#0;0,340426
1637;action_wind#0;0,297872
1638;action_wind#0;0,361702
1639;action_wind#0;0,308511
1640;action_wind#0;0,340426
1641;action_wind#0;0,340426
1642;action_wind#0;0,425532
1643;action_wind#0;0,425532
1644;action_wind#0;0,414894
1645;action_wind#0;0,372340
1646;action_wind#0;0,255319
1647;action_wind#0;0,393617
1648;action_wind#0;0,297872
1649;action_wind#0;0,361702
1650;action_wind#0;0,404255
1651;action_wind#0;0,212766
1652;action_wind#0;0,351064
1653;action_wind#0;0,382979
1654;action_wind#0;0,425532
1655;action_wind#0;0,361702
1656;action_wind#0;0,372340
1657;action_wind#0;0,319149
1658;action_wind#0;0,308511
1659;action_wind#0;0,425532
1660;action_wind#0;0,351064
1661;action_wind#0;0,425532
1662;action_wind#0;0,414894
1663;action_wind#0;0,361702
1664;action_wind#0;0,340426
1665;action_wind#0;0,425532
1666;action_wind#0;0,393617
1667;action_wind#0;0,382979
1668;action_wind#0;0,287234
1669;action_wind#0;0,351064
1670;action_wind#0;0,382979
1671;action_wind#0;0,276596
1672;action_wind#0;0,372340
1673;action_wind#0;0,234043
1674;action_wind#0;0,404255
1675;action_wind#0;0,361702
1676;action_wind#0;0,340426
1677;action_wind#0;0,404255
1678;action_wind#0;0,361702
1679;action_wind#0;0,351064
1680;action_wind#0;0,414894
1681;action_wind#0;0,372340
1682;action_wind#0;0,404255
1683;action_wind#0;0,319149
1684;action_wind#0;0,170213
1685;action_wind#0;0,372340
1686;action_wind#0;0,319149
1687;action_wind#0;0,382979
1688;action_wind#0;0,297872
1689;action_wind#0;0,361702
1690;action_wind#0;0,446809
1691;action_wind#0;0,393617
1692;action_wind#0;0,382979
1693;action_wind#0;0,361702
1694;action_wind#0;0,319149
1695;action_wind#0;0,361702
1696;action_wind#0;0,382979
1697;action_wind#0;0,287234
1698;action_wind#0;0,340426
1699;action_wind#0;0,340426
1700;action_wind#0;0,361702
1701;action_wind#0;0,276596
1702;action_wind#0;0,329787
1703;action_wind#0;0,276596
1704;action_wind#0;0,404255
1705;action_wind#0;0,393617
1706;action_wind#0;0,340426
1707;action_wind#0;0,319149
1708;action_wind#0;0,329787
1709;action_wind#0;0,446809
1710;action_wind#0;0,319149
1711;action_wind#0;0,382979
1712;action_wind#0;0,223404
1713;action_wind#0;0,404255
1714;action_wind#0;0,393617
1715;action_wind#0;0,212766
1716;action_wind#0;0,287234
1717;action_wind#0;0,457447
1718;action_wind#0;0,404255
1719;action_wind#0;0,340426
1720;action_wind#0;0,404255
1721;action_wind#0;0,393617
1722;action_wind#0;0,297872
1723;action_wind#0;0,457447
1724;action_wind#0;0,382979
1725;action_wind#0;0,340426
1726;action_wind#0;0,255319
1727;action_wind#0;0,436170
1728;action_wind#0;0,319149
1729;action_wind#0;0,255319
1730;action_wind#0;0,319149
1731;action_wind#0;0,382979
1732;action_wind#0;0,361702
1733;action_wind#0;0,372340
1734;action_wind#0;0,404255
1735;action_wind#0;0,414894
1736;action_wind#0;0,351064
1737;action_wind#0;0,287234
1738;action_wind#0;0,319149
1739;action_wind#0;0,340426
1740;action_wind#0;0,446809
1741;action_wind#0;0,510638
1742;action_wind#0;0,297872
1743;action_wind#0;0,489362
1744;action_wind#0;0,319149
1745;action_wind#0;0,414894
1746;action_wind#0;0,468085
1747;action_wind#0;0,351064
1748;action_wind#0;0,393617
1749;action_wind#0;0,244681
1750;action_wind#0;0,361702
1751;action_wind#0;0,372340
1752;action_wind#0;0,436170
1753;action_wind#0;0,478723
1754;action_wind#0;0,276596
1755;action_wind#0;0,414894
1756;action_wind#0;0,170213
1757;action_wind#0;0,372340
1758;action_wind#0;0,393617
1759;action_wind#0;0,297872
1760;action_wind#0;0,446809
1761;action_wind#0;0,212766
1762;action_wind#0;0,404255
1763;action_wind#0;0,319149
1764;action_wind#0;0,393617
1765;action_wind#0;0,372340
1766;action_wind#0;0,404255
1767;action_wind#0;0,478723
1768;action_wind#0;0,340426
1769;action_wind#0;0,404255
1770;action_wind#0;0,340426
1771;action_wind#0;0,297872
1772;action_wind#0;0,446809
1773;action_wind#0;0,297872
1774;action_wind#0;0,255319
1775;action_wind#0;0,244681
1776;action_wind#0;0,340426
1777;action_wind#0;0,446809
1778;action_wind#0;0,276596
1779;action_wind#0;0,329787
1780;action_wind#0;0,297872
1781;action_wind#0;0,255319
1782;action_wind#0;0,382979
1783;action_wind#0;0,319149
1784;action_wind#0;0,244681
1785;action_wind#0;0,436170
1786;action_wind#0;0,329787
1787;action_wind#0;0,425532
1788;action_wind#0;0,180851
1789;action_wind#0;0,340426
1790;action_wind#0;0,212766
1791;action_wind#0;0,340426
1792;action_wind#0;0,478723
1793;action_wind#0;0,478723
1794;action_wind#0;0,308511
1795;action_wind#0;0,297872
1796;action_wind#0;0,372340
1797;action_wind#0;0,255319
1798;action_wind#0;0,255319
1799;action_wind#0;0,244681
1800;action_wind#0;0,436170
1801;action_wind#0;0,340426
1802;action_wind#0;0,351064
1803;action_wind#0;0,340426
1804;action_wind#0;0,308511
1805;action_wind#0;0,297872
1806;action_wind#0;0,351064
1807;action_wind#0;0,425532
1808;action_wind#0;0,382979
1809;action_wind#0;0,276596
1810;action_wind#0;0,351064
1811;action_wind#0;0,361702
1812;action_wind#0;0,255319
1813;action_wind#0;0,276596
1814;action_wind#0;0,297872
1815;action_wind#0;0,372340
1816;action_wind#0;0,446809
1817;action_wind#0;0,319149
1818;action_wind#0;0,372340
1819;action_wind#0;0,276596
1820;action_wind#0;0,382979
1821;action_wind#0;0,255319
1822;action_wind#0;0,297872
1823;action_wind#0;0,404255
1824;action_wind#0;0,340426
1825;action_wind#0;0,404255
1826;action_wind#0;0,340426
1827;action_wind#0;0,404255
1828;action_wind#0;0,287234
1829;action_wind#0;0,319149
1830;action_wind#0;0,234043
1831;action_wind#0;0,287234
1832;action_wind#0;0,500000
1833;action_wind#0;0,234043
1834;action_wind#0;0,234043
1835;action_wind#0;0,244681
1836;action_wind#0;0,457447
1837;action_wind#0;0,361702
1838;action_wind#0;0,351064
1839;action_wind#0;0,393617
1840;action_wind#0;0,265957
1841;action_wind#0;0,297872
1842;action_wind#0;0,255319
1843;action_wind#0;0,340426
1844;action_wind#0;0,340426
1845;action_wind#0;0,276596
1846;action_wind#0;0,191489
1847;action_wind#0;0,425532
1848;action_wind#0;0,393617
1849;action_wind#0;0,297872
1850;action_wind#0;0,319149
1851;action_wind#0;0,446809
1852;action_wind#0;0,276596
1853;action_wind#0;0,414894
1854;action_wind#0;0,361702
1855;action_wind#0;0,170213
1856;action_wind#0;0,372340
1857;action_wind#0;0,297872
1858;action_wind#0;0,436170
1859;action_wind#0;0,446809
1860;action_wind#0;0,361702
1861;action_wind#0;0,319149
1862;action_wind#0;0,372340
1863;action_wind#0;0,308511
1864;action_wind#0;0,372340
1865;action_wind#0;0,202128
1866;action_wind#0;0,297872
1867;action_wind#0;0,319149
1868;action_wind#0;0,297872
1869;action_wind#0;0,404255
1870;action_wind#0;0,255319
1871;action_wind#0;0,212766
1872;action_wind#0;0,329787
1873;action_wind#0;0,446809
1874;action_wind#0;0,255319
1875;action_wind#0;0,319149
1876;action_wind#0;0,255319
1877;action_wind#0;0,191489
1878;action_wind#0;0,319149
1879;action_wind#0;0,404255
1880;action_wind#0;0,319149
1881;action_wind#0;0,351064
1882;action_wind#0;0,255319
1883;action_wind#0;0,404255
1884;action_wind#0;0,372340
1885;action_wind#0;0,425532
1886;action_wind#0;0,180851
1887;action_wind#0;0,351064
1888;action_wind#0;0,382979
1889;action_wind#0;0,382979
1890;action_wind#0;0,255319
1891;action_wind#0;0,276596
1892;action_wind#0;0,361702
1893;action_wind#0;0,255319
1894;action_wind#0;0,425532
1895;action_wind#0;0,329787
1896;action_wind#0;0,276596
1897;action_wind#0;0,351064
1898;action_wind#0;0,361702
1899;action_wind#0;0,255319
1900;action_wind#0;0,425532
1901;action_wind#0;0,265957
1902;action_wind#0;0,308511
1903;action_wind#0;0,308511
1904;action_wind#0;0,297872
1905;action_wind#0;0,234043
1906;action_wind#0;0,382979
1907;action_wind#0;0,340426
1908;action_wind#0;0,255319
1909;action_wind#0;0,234043
1910;action_wind#0;0,287234
1911;action_wind#0;0,340426
1912;action_wind#0;0,319149
1913;action_wind#0;0,234043
1914;action_wind#0;0,436170
1915;action_wind#0;0,404255
1916;action_wind#0;0,234043
1917;action_wind#0;0,297872
1918;action_wind#0;0,329787
1919;action_wind#0;0,319149
1920;action_wind#0;0,319149
1921;action_wind#0;0,276596
1922;action_wind#0;0,319149
1923;action_wind#0;0,319149
1924;action_wind#0;0,340426
1925;action_wind#0;0,340426
1926;action_wind#0;0,319149
1927;action_wind#0;0,265957
1928;action_wind#0;0,425532
1929;action_wind#0;0,340426
1930;action_wind#0;0,223404
1931;action_wind#0;0,159574
1932;action_wind#0;0,340426
1933;action_wind#0;0,234043
1934;action_wind#0;0,329787
1935;action_wind#0;0,265957
1936;action_wind#0;0,297872
1937;action_wind#0;0,276596
1938;action_wind#0;0,234043
1939;action_wind#0;0,329787
1940;action_wind#0;0,308511
1941;action_wind#0;0,297872
1942;action_wind#0;0,276596
1943;action_wind#0;0,276596
1944;action_wind#0;0,287234
1945;action_wind#0;0,191489
1946;action_wind#0;0,319149
1947;action_wind#0;0,287234
1948;action_wind#0;0,319149
1949;action_wind#0;0,308511
1950;action_wind#0;0,191489
1951;action_wind#0;0,297872
1952;action_wind#0;0,255319
1953;action_wind#0;0,446809
1954;action_wind#0;0,265957
1955;action_wind#0;0,276596
1956;action_wind#0;0,265957
1957;action_wind#0;0,329787
1958;action_wind#0;0,351064
1959;action_wind#0;0,436170
1960;action_wind#0;0,170213
1961;action_wind#0;0,287234
1962;action_wind#0;0,361702
1963;action_wind#0;0,382979
1964;action_wind#0;0,372340
1965;action_wind#0;0,382979
1966;action_wind#0;0,127660
1967;action_wind#0;0,276596
1968;action_wind#0;0,319149
1969;action_wind#0;0,255319
1970;action_wind#0;0,425532
1971;action_wind#0;0,404255
1972;action_wind#0;0,265957
1973;action_wind#0;0,244681
1974;action_wind#0;0,319149
1975;action_wind#0;0,468085
1976;action_wind#0;0,340426
1977;action_wind#0;0,234043
1978;action_wind#0;0,414894
1979;action_wind#0;0,234043
1980;action_wind#0;0,297872
1981;action_wind#0;0,361702
1982;action_wind#0;0,425532
1983;action_wind#0;0,382979
1984;action_wind#0;0,425532
1985;action_wind#0;0,468085
1986;action_wind#0;0,297872
1987;action_wind#0;0,329787
1988;action_wind#0;0,457447
1989;action_wind#0;0,255319
1990;action_wind#0;0,287234
1991;action_wind#0;0,276596
1992;action_wind#0;0,276596
1993;action_wind#0;0,287234
1994;action_wind#0;0,255319
1995;action_wind#0;0,414894
1996;action_wind#0;0,297872
1997;action_wind#0;0,351064
1998;action_wind#0;0,382979
1999;action_wind#0;0,297872
2000;action_wind#0;0,308511
2001;action_wind#0;0,234043
2002;action_wind#0;0,212766
2003;action_wind#0;0,414894
2004;action_wind#0;0,234043
2005;action_wind#0;0,361702
2006;action_wind#0;0,191489
2007;action_wind#0;0,308511
2008;action_wind#0;0,329787
2009;action_wind#0;0,287234
2010;action_wind#0;0,319149
2011;action_wind#0;0,255319
2012;action_wind#0;0,265957
2013;action_wind#0;0,170213
2014;action_wind#0;0,265957
2015;action_wind#0;0,361702
2016;action_wind#0;0,212766
2017;action_wind#0;0,244681
2018;action_wind#0;0,255319
2019;action_wind#0;0,404255
2020;action_wind#0;0,319149
2021;action_wind#0;0,351064
2022;action_wind#0;0,297872
2023;action_wind#0;0,276596
2024;action_wind#0;0,297872
2025;action_wind#0;0,319149
2026;action_wind#0;0,276596
2027;action_wind#0;0,382979
2028;action_wind#0;0,404255
2029;action_wind#0;0,308511
2030;action_wind#0;0,255319
2031;action_wind#0;0,340426
2032;action_wind#0;0,287234
2033;action_wind#0;0,319149
2034;action_wind#0;0,351064
2035;action_wind#0;0,148936
2036;action_wind#0;0,351064
2037;action_wind#0;0,265957
2038;action_wind#0;0,361702
2039;action_wind#0;0,234043
2040;action_wind#0;0,351064
2041;action_wind#0;0,372340
2042;action_wind#0;0,351064
2043;action_wind#0;0,202128
2044;action_wind#0;0,212766
2045;action_wind#0;0,308511
2046;action_wind#0;0,329787
2047;action_wind#0;0,234043
2048;action_wind#0;0,265957
2049;action_wind#0;0,287234
2050;action_wind#0;0,308511
2051;action_wind#0;0,287234
2052;action_wind#0;0,234043
2053;action_wind#0;0,191489
2054;action_wind#0;0,212766
2055;action_wind#0;0,234043
2056;action_wind#0;0,276596
2057;action_wind#0;0,212766
2058;action_wind#0;0,319149
2059;action_wind#0;0,393617
2060;action_wind#0;0,361702
2061;action_wind#0;0,351064
2062;action_wind#0;0,436170
2063;action_wind#0;0,404255
2064;action_wind#0;0,191489
2065;action_wind#0;0,329787
2066;action_wind#0;0,244681
2067;action_wind#0;0,244681
2068;action_wind#0;0,297872
2069;action_wind#0;0,276596
2070;action_wind#0;0,319149
2071;action_wind#0;0,170213
2072;action_wind#0;0,170213
2073;action_wind#0;0,223404
2074;action_wind#0;0,361702
2075;action_wind#0;0,265957
2076;action_wind#0;0,265957
2077;action_wind#0;0,340426
2078;action_wind#0;0,255319
2079;action_wind#0;0,191489
2080;action_wind#0;0,234043
2081;action_wind#0;0,244681
2082;action_wind#0;0,287234
2083;action_wind#0;0,159574
2084;action_wind#0;0,297872
2085;action_wind#0;0,287234
2086;action_wind#0;0,372340
2087;action_wind#0;0,319149
2088;action_wind#0;0,212766
2089;action_wind#0;0,223404
2090;action_wind#0;0,340426
2091;action_wind#0;0,202128
2092;action_wind#0;0,308511
2093;action_wind#0;0,297872
2094;action_wind#0;0,372340
2095;action_wind#0;0,170213
2096;action_wind#0;0,340426
2097;action_wind#0;0,446809
2098;action_wind#0;0,319149
2099;action_wind#0;0,297872
2100;action_wind#0;0,265957
2101;action_wind#0;0,404255
2102;action_wind#0;0,138298
2103;action_wind#0;0,276596
2104;action_wind#0;0,340426
2105;action_wind#0;0,255319
2106;action_wind#0;0,265957
2107;action_wind#0;0,255319
2108;action_wind#0;0,170213
2109;action_wind#0;0,404255
2110;action_wind#0;0,191489
2111;action_wind#0;0,255319
2112;action_wind#0;0,234043
2113;action_wind#0;0,319149
2114;action_wind#0;0,255319
2115;action_wind#0;0,159574
2116;action_wind#0;0,329787
2117;action_wind#0;0,319149
2118;action_wind#0;0,340426
2119;action_wind#0;0,308511
2120;action_wind#0;0,287234
2121;action_wind#0;0,382979
2122;action_wind#0;0,319149
2123;action_wind#0;0,223404
2124;action_wind#0;0,297872
2125;action_wind#0;0,255319
2126;action_wind#0;0,191489
2127;action_wind#0;0,329787
2128;action_wind#0;0,223404
2129;action_wind#0;0,340426
2130;action_wind#0;0,319149
2131;action_wind#0;0,351064
2132;action_wind#0;0,255319
2133;action_wind#0;0,425532
2134;action_wind#0;0,255319
2135;action_wind#0;0,170213
2136;action_wind#0;0,276596
2137;action_wind#0;0,319149
2138;action_wind#0;0,340426
2139;action_wind#0;0,212766
2140;action_wind#0;0,212766
2141;action_wind#0;0,265957
2142;action_wind#0;0,138298
2143;action_wind#0;0,297872
2144;action_wind#0;0,212766
2145;action_wind#0;0,106383
2146;action_wind#0;0,340426
2147;action_wind#0;0,255319
2148;action_wind#0;0,159574
2149;action_wind#0;0,265957
2150;action_wind#0;0,085106
2151;action_wind#0;0,404255
2152;action_wind#0;0,372340
2153;action_wind#0;0,223404
2154;action_wind#0;0,212766
2155;action_wind#0;0,191489
2156;action_wind#0;0,255319
2157;action_wind#0;0,340426
2158;action_wind#0;0,287234
2159;action_wind#0;0,297872
2160;action_wind#0;0,308511
2161;action_wind#0;0,340426
2162;action_wind#0;0,468085
2163;action_wind#0;0,212766
2164;action_wind#0;0,414894
2165;action_wind#0;0,255319
2166;action_wind#0;0,308511
2167;action_wind#0;0,265957
2168;action_wind#0;0,159574
2169;action_wind#0;0,340426
2170;action_wind#0;0,255319
2171;action_wind#0;0,308511
2172;action_wind#0;0,234043
2173;action_wind#0;0,329787
2174;action_wind#0;0,393617
2175;action_wind#0;0,382979
2176;action_wind#0;0,234043
2177;action_wind#0;0,255319
2178;action_wind#0;0,244681
2179;action_wind#0;0,329787
2180;action_wind#0;0,319149
2181;action_wind#0;0,340426
2182;action_wind#0;0,276596
2183;action_wind#0;0,234043
2184;action_wind#0;0,276596
2185;action_wind#0;0,244681
2186;action_wind#0;0,212766
2187;action_wind#0;0,255319
2188;action_wind#0;0,212766
2189;action_wind#0;0,297872
2190;action_wind#0;0,276596
2191;action_wind#0;0,191489
2192;action_wind#0;0,276596
2193;action_wind#0;0,361702
2194;action_wind#0;0,329787
2195;action_wind#0;0,170213
2196;action_wind#0;0,212766
2197;action_wind#0;0,255319
2198;action_wind#0;0,191489
2199;action_wind#0;0,191489
2200;action_wind#0;0,372340
2201;action_wind#0;0,404255
2202;action_wind#0;0,212766
2203;action_wind#0;0,255319
2204;action_wind#0;0,148936
2205;action_wind#0;0,106383
2206;action_wind#0;0,202128
2207;action_wind#0;0,276596
2208;action_wind#0;0,138298
2209;action_wind#0;0,276596
2210;action_wind#0;0,255319
2211;action_wind#0;0,361702
2212;action_wind#0;0,255319
2213;action_wind#0;0,159574
2214;action_wind#0;0,223404
2215;action_wind#0;0,308511
2216;action_wind#0;0,265957
2217;action_wind#0;0,159574
2218;action_wind#0;0,127660
2219;action_wind#0;0,361702
2220;action_wind#0;0,202128
2221;action_wind#0;0,308511
2222;action_wind#0;0,340426
2223;action_wind#0;0,308511
2224;action_wind#0;0,265957
2225;action_wind#0;0,063830
2226;action_wind#0;0,276596
2227;action_wind#0;0,255319
2228;action_wind#0;0,361702
2229;action_wind#0;0,191489
2230;action_wind#0;0,308511
2231;action_wind#0;0,212766
2232;action_wind#0;0,180851
2233;action_wind#0;0,319149
2234;action_wind#0;0,319149
2235;action_wind#0;0,234043
2236;action_wind#0;0,255319
2237;action_wind#0;0,063830
2238;action_wind#0;0,170213
2239;action_wind#0;0,287234
2240;action_wind#0;0,382979
2241;action_wind#0;0,276596
2242;action_wind#0;0,361702
2243;action_wind#0;0,212766
2244;action_wind#0;0,255319
2245;action_wind#0;0,255319
2246;action_wind#0;0,212766
2247;action_wind#0;0,361702
2248;action_wind#0;0,382979
2249;action_wind#0;0,212766
2250;action_wind#0;0,276596
2251;action_wind#0;0,255319
2252;action_wind#0;0,276596
2253;action_wind#0;0,159574
2254;action_wind#0;0,170213
2255;action_wind#0;0,255319
2256;action_wind#0;0,234043
2257;action_wind#0;0,148936
2258;action_wind#0;0,148936
2259;action_wind#0;0,127660
2260;action_wind#0;0,340426
2261;action_wind#0;0,255319
2262;action_wind#0;0,127660
2263;action_wind#0;0,297872
2264;action_wind#0;0,287234
2265;action_wind#0;0,202128
2266;action_wind#0;0,170213
2267;action_wind#0;0,297872
2268;action_wind#0;0,308511
2269;action_wind#0;0,372340
2270;action_wind#0;0,340426
2271;action_wind#0;0,106383
2272;action_wind#0;0,202128
2273;action_wind#0;0,202128
2274;action_wind#0;0,255319
2275;action_wind#0;0,404255
2276;action_wind#0;0,106383
2277;action_wind#0;0,276596
2278;action_wind#0;0,351064
2279;action_wind#0;0,234043
2280;action_wind#0;0,361702
2281;action_wind#0;0,297872
2282;action_wind#0;0,191489
2283;action_wind#0;0,085106
2284;action_wind#0;0,255319
2285;action_wind#0;0,255319
2286;action_wind#0;0,319149
2287;action_wind#0;0,276596
2288;action_wind#0;0,244681
2289;action_wind#0;0,170213
2290;action_wind#0;0,308511
2291;action_wind#0;0,202128
2292;action_wind#0;0,297872
2293;action_wind#0;0,319149
2294;action_wind#0;0,372340
2295;action_wind#0;0,319149
2296;action_wind#0;0,191489
2297;action_wind#0;0,212766
2298;action_wind#0;0,191489
2299;action_wind#0;0,085106
2300;action_wind#0;0,148936
2301;action_wind#0;0,255319
2302;action_wind#0;0,202128
2303;action_wind#0;0,255319
2304;action_wind#0;0,244681
2305;action_wind#0;0,287234
2306;action_wind#0;0,308511
2307;action_wind#0;0,063830
2308;action_wind#0;0,361702
2309;action_wind#0;0,223404
2310;action_wind#0;0,095745
2311;action_wind#0;0,308511
2312;action_wind#0;0,340426
2313;action_wind#0;0,191489
2314;action_wind#0;0,148936
2315;action_wind#0;0,265957
2316;action_wind#0;0,212766
2317;action_wind#0;0,127660
2318;action_wind#0;0,191489
2319;action_wind#0;0,351064
2320;action_wind#0;0,212766
2321;action_wind#0;0,223404
2322;action_wind#0;0,244681
2323;action_wind#0;0,148936
2324;action_wind#0;0,138298
2325;action_wind#0;0,170213
2326;action_wind#0;0,329787
2327;action_wind#0;0,297872
2328;action_wind#0;0,404255
2329;action_wind#0;0,276596
2330;action_wind#0;0,202128
2331;action_wind#0;0,117021
2332;action_wind#0;0,127660
2333;action_wind#0;0,159574
2334;action_wind#0;0,265957
2335;action_wind#0;0,255319
2336;action_wind#0;0,191489
2337;action_wind#0;0,191489
2338;action_wind#0;0,276596
2339;action_wind#0;0,234043
2340;action_wind#0;0,212766
2341;action_wind#0;0,276596
2342;action_wind#0;0,085106
2343;action_wind#0;0,212766
2344;action_wind#0;0,255319
2345;action_wind#0;0,180851
2346;action_wind#0;0,127660
2347;action_wind#0;0,106383
2348;action_wind#0;0,127660
2349;action_wind#0;0,361702
2350;action_wind#0;0,234043
2351;action_wind#0;0,351064
2352;action_wind#0;0,308511
2353;action_wind#0;0,063830
2354;action_wind#0;0,127660
2355;action_wind#0;0,308511
2356;action_wind#0;0,127660
2357;action_wind#0;0,223404
2358;action_wind#0;0,297872
2359;action_wind#0;0,287234
2360;action_wind#0;0,234043
2361;action_wind#0;0,351064
2362;action_wind#0;0,191489
2363;action_wind#0;0,297872
2364;action_wind#0;0,329787
2365;action_wind#0;0,106383
2366;action_wind#0;0,191489
2367;action_wind#0;0,170213
2368;action_wind#0;0,106383
2369;action_wind#0;0,287234
2370;action_wind#0;0,340426
2371;action_wind#0;0,234043
2372;action_wind#0;0,255319
2373;action_wind#0;0,170213
2374;action_wind#0;0,170213
2375;action_wind#0;0,202128
2376;action_wind#0;0,276596
2377;action_wind#0;0,148936
2378;action_wind#0;0,148936
2379;action_wind#0;0,148936
2380;action_wind#0;0,170213
2381;action_wind#0;0,106383
2382;action_wind#0;0,382979
2383;action_wind#0;0,287234
2384;action_wind#0;0,148936
2385;action_wind#0;0,148936
2386;action_wind#0;0,148936
2387;action_wind#0;0,106383
2388;action_wind#0;0,234043
2389;action_wind#0;0,265957
2390;action_wind#0;0,319149
2391;action_wind#0;0,319149
2392;action_wind#0;0,148936
2393;action_wind#0;0,127660
2394;action_wind#0;0,351064
2395;action_wind#0;0,148936
2396;action_wind#0;0,191489
2397;action_wind#0;0,170213
2398;action_wind#0;0,265957
2399;action_wind#0;0,170213
2400;action_wind#0;0,212766
2401;action_wind#0;0,170213
2402;action_wind#0;0,159574
2403;action_wind#0;0,117021
2404;action_wind#0;0,148936
2405;action_wind#0;0,340426
2406;action_wind#0;0,191489
2407;action_wind#0;0,308511
2408;action_wind#0;0,159574
2409;action_wind#0;0,265957
2410;action_wind#0;0,255319
2411;action_wind#0;0,148936
2412;action_wind#0;0,265957
2413;action_wind#0;0,159574
2414;action_wind#0;0,127660
2415;action_wind#0;0,329787
2416;action_wind#0;0,202128
2417;action_wind#0;0,138298
2418;action_wind#0;0,297872
2419;action_wind#0;0,212766
2420;action_wind#0;0,297872
2421;action_wind#0;0,319149
2422;action_wind#0;0,127660
2423;action_wind#0;0,191489
2424;action_wind#0;0,340426
2425;action_wind#0;0,085106
2426;action_wind#0;0,148936
2427;action_wind#0;0,212766
2428;action_wind#0;0,276596
2429;action_wind#0;0,276596
2430;action_wind#0;0,287234
2431;action_wind#0;0,170213
2432;action_wind#0;0,287234
2433;action_wind#0;0,148936
2434;action_wind#0;0,053191
2435;action_wind#0;0,127660
2436;action_wind#0;0,127660
2437;action_wind#0;0,148936
2438;action_wind#0;0,340426
2439;action_wind#0;0,191489
2440;action_wind#0;0,191489
2441;action_wind#0;0,180851
2442;action_wind#0;0,191489
2443;action_wind#0;0,042553
2444;action_wind#0;0,148936
2445;action_wind#0;0,319149
2446;action_wind#0;0,276596
2447;action_wind#0;0,255319
2448;action_wind#0;0,287234
2449;action_wind#0;0,319149
2450;action_wind#0;0,244681
2451;action_wind#0;0,095745
2452;action_wind#0;0,223404
2453;action_wind#0;0,297872
2454;action_wind#0;0,276596
2455;action_wind#0;0,138298
2456;action_wind#0;0,127660
2457;action_wind#0;0,244681
2458;action_wind#0;0,148936
2459;action_wind#0;0,106383
2460;action_wind#0;0,202128
2461;action_wind#0;0,255319
2462;action_wind#0;0,106383
2463;action_wind#0;0,106383
2464;action_wind#0;0,212766
2465;action_wind#0;0,255319
2466;action_wind#0;0,212766
2467;action_wind#0;0,276596
2468;action_wind#0;0,117021
2469;action_wind#0;0,148936
2470;action_wind#0;0,329787
2471;action_wind#0;0,340426
2472;action_wind#0;0,297872
2473;action_wind#0;0,276596
2474;action_wind#0;0,297872
2475;action_wind#0;0,244681
2476;action_wind#0;0,191489
2477;action_wind#0;0,170213
2478;action_wind#0;0,287234
2479;action_wind#0;0,148936
2480;action_wind#0;0,297872
2481;action_wind#0;0,308511
2482;action_wind#0;0,255319
2483;action_wind#0;0,127660
2484;action_wind#0;0,138298
2485;action_wind#0;0,265957
2486;action_wind#0;0,148936
2487;action_wind#0;0,148936
2488;action_wind#0;0,223404
2489;action_wind#0;0,042553
2490;action_wind#0;0,255319
2491;action_wind#0;0,042553
2492;action_wind#0;0,085106
2493;action_wind#0;0,127660
2494;action_wind#0;0,191489
2495;action_wind#0;0,276596
2496;action_wind#0;0,127660
2497;action_wind#0;0,351064
2498;action_wind#0;0,170213
2499;action_wind#0;0,319149
