episode;num_events;num_recovered;recovered_ratio;mean_recovery_time_steps;median_recovery_time_steps;mean_recovery_time_hours;median_recovery_time_hours
0;24,000000;20,000000;0,833333;11,200000;11,000000;11,200000;11,000000
1;21,000000;12,000000;0,571429;12,583333;12,500000;12,583333;12,500000
2;23,000000;8,000000;0,347826;14,500000;13,000000;14,500000;13,000000
3;23,000000;20,000000;0,869565;19,750000;20,000000;19,750000;20,000000
4;21,000000;21,000000;1,000000;21,571429;19,000000;21,571429;19,000000
5;25,000000;17,000000;0,680000;17,647059;14,000000;17,647059;14,000000
6;21,000000;17,000000;0,809524;33,058824;34,000000;33,058824;34,000000
7;23,000000;22,000000;0,956522;45,363636;47,000000;45,363636;47,000000
8;22,000000;16,000000;0,727273;24,187500;24,000000;24,187500;24,000000
9;25,000000;21,000000;0,840000;35,380952;37,000000;35,380952;37,000000
10;23,000000;8,000000;0,347826;7,000000;6,000000;7,000000;6,000000
11;25,000000;3,000000;0,120000;1,666667;1,000000;1,666667;1,000000
12;22,000000;16,000000;0,727273;17,125000;16,000000;17,125000;16,000000
13;19,000000;14,000000;0,736842;29,500000;32,000000;29,500000;32,000000
14;19,000000;19,000000;1,000000;8,052632;6,000000;8,052632;6,000000
15;19,000000;7,000000;0,368421;21,142857;18,000000;21,142857;18,000000
16;21,000000;19,000000;0,904762;10,052632;9,000000;10,052632;9,000000
17;18,000000;3,000000;0,166667;3,000000;2,000000;3,000000;2,000000
18;19,000000;18,000000;0,947368;7,277778;5,500000;7,277778;5,500000
19;19,000000;17,000000;0,894737;14,529412;12,000000;14,529412;12,000000
20;21,000000;21,000000;1,000000;16,333333;14,000000;16,333333;14,000000
21;21,000000;19,000000;0,904762;25,157895;22,000000;25,157895;22,000000
22;19,000000;17,000000;0,894737;9,823529;9,000000;9,823529;9,000000
23;19,000000;13,000000;0,684211;15,538462;15,000000;15,538462;15,000000
24;24,000000;17,000000;0,708333;19,764706;14,000000;19,764706;14,000000
25;25,000000;18,000000;0,720000;21,888889;22,000000;21,888889;22,000000
26;16,000000;15,000000;0,937500;10,600000;9,000000;10,600000;9,000000
27;22,000000;2,000000;0,090909;2,500000;2,500000;2,500000;2,500000
28;21,000000;21,000000;1,000000;11,095238;11,000000;11,095238;11,000000
29;19,000000;18,000000;0,947368;22,444444;15,000000;22,444444;15,000000
30;23,000000;15,000000;0,652174;7,533333;8,000000;7,533333;8,000000
31;19,000000;16,000000;0,842105;12,937500;7,500000;12,937500;7,500000
32;23,000000;0,000000;0,000000;;;;
33;20,000000;12,000000;0,600000;11,666667;6,500000;11,666667;6,500000
34;23,000000;21,000000;0,913043;11,190476;9,000000;11,190476;9,000000
35;24,000000;21,000000;0,875000;28,000000;28,000000;28,000000;28,000000
36;20,000000;3,000000;0,150000;11,333333;12,000000;11,333333;12,000000
37;25,000000;14,000000;0,560000;11,000000;10,000000;11,000000;10,000000
38;19,000000;12,000000;0,631579;29,166667;29,500000;29,166667;29,500000
39;22,000000;13,000000;0,590909;18,615385;15,000000;18,615385;15,000000
40;23,000000;1,000000;0,043478;1,000000;1,000000;1,000000;1,000000
41;24,000000;18,000000;0,750000;26,166667;28,000000;26,166667;28,000000
42;23,000000;12,000000;0,521739;24,166667;22,500000;24,166667;22,500000
43;22,000000;13,000000;0,590909;28,461538;29,000000;28,461538;29,000000
44;21,000000;12,000000;0,571429;7,250000;6,000000;7,250000;6,000000
45;22,000000;20,000000;0,909091;41,750000;41,500000;41,750000;41,500000
46;25,000000;22,000000;0,880000;24,000000;21,000000;24,000000;21,000000
47;26,000000;21,000000;0,807692;33,000000;29,000000;33,000000;29,000000
48;20,000000;20,000000;1,000000;29,300000;27,500000;29,300000;27,500000
49;18,000000;16,000000;0,888889;14,250000;15,000000;14,250000;15,000000
50;23,000000;15,000000;0,652174;17,866667;18,000000;17,866667;18,000000
51;24,000000;14,000000;0,583333;12,714286;11,000000;12,714286;11,000000
52;26,000000;22,000000;0,846154;21,090909;18,000000;21,090909;18,000000
53;19,000000;7,000000;0,368421;8,285714;8,000000;8,285714;8,000000
54;21,000000;0,000000;0,000000;;;;
55;23,000000;0,000000;0,000000;;;;
56;24,000000;20,000000;0,833333;16,950000;13,000000;16,950000;13,000000
57;22,000000;21,000000;0,954545;9,142857;8,000000;9,142857;8,000000
58;21,000000;4,000000;0,190476;6,750000;6,000000;6,750000;6,000000
59;25,000000;18,000000;0,720000;28,500000;27,000000;28,500000;27,000000
60;28,000000;12,000000;0,428571;19,000000;18,000000;19,000000;18,000000
61;23,000000;14,000000;0,608696;14,285714;11,000000;14,285714;11,000000
62;23,000000;0,000000;0,000000;;;;
63;18,000000;11,000000;0,611111;9,727273;9,000000;9,727273;9,000000
64;25,000000;0,000000;0,000000;;;;
65;18,000000;16,000000;0,888889;19,812500;16,000000;19,812500;16,000000
66;24,000000;21,000000;0,875000;25,476190;22,000000;25,476190;22,000000
67;22,000000;17,000000;0,772727;12,647059;10,000000;12,647059;10,000000
68;24,000000;3,000000;0,125000;3,333333;3,000000;3,333333;3,000000
69;22,000000;7,000000;0,318182;10,428571;12,000000;10,428571;12,000000
70;21,000000;21,000000;1,000000;25,523810;20,000000;25,523810;20,000000
71;22,000000;12,000000;0,545455;18,333333;17,500000;18,333333;17,500000
72;22,000000;12,000000;0,545455;19,500000;17,500000;19,500000;17,500000
73;22,000000;4,000000;0,181818;7,750000;7,500000;7,750000;7,500000
74;22,000000;21,000000;0,954545;38,142857;43,000000;38,142857;43,000000
75;18,000000;16,000000;0,888889;24,187500;20,500000;24,187500;20,500000
76;21,000000;20,000000;0,952381;40,600000;44,000000;40,600000;44,000000
77;24,000000;0,000000;0,000000;;;;
78;22,000000;15,000000;0,681818;16,333333;14,000000;16,333333;14,000000
79;22,000000;10,000000;0,454545;24,500000;25,500000;24,500000;25,500000
80;22,000000;7,000000;0,318182;14,285714;12,000000;14,285714;12,000000
81;27,000000;0,000000;0,000000;;;;
82;25,000000;10,000000;0,400000;19,200000;19,000000;19,200000;19,000000
83;18,000000;2,000000;0,111111;2,500000;2,500000;2,500000;2,500000
84;17,000000;16,000000;0,941176;31,875000;33,500000;31,875000;33,500000
85;21,000000;19,000000;0,904762;17,736842;15,000000;17,736842;15,000000
86;20,000000;14,000000;0,700000;17,571429;16,500000;17,571429;16,500000
87;21,000000;0,000000;0,000000;;;;
88;20,000000;10,000000;0,500000;8,200000;6,500000;8,200000;6,500000
89;26,000000;0,000000;0,000000;;;;
90;19,000000;15,000000;0,789474;15,400000;17,000000;15,400000;17,000000
91;21,000000;3,000000;0,142857;5,333333;6,000000;5,333333;6,000000
92;26,000000;0,000000;0,000000;;;;
93;21,000000;18,000000;0,857143;14,888889;16,000000;14,888889;16,000000
94;20,000000;8,000000;0,400000;7,250000;5,000000;7,250000;5,000000
95;27,000000;25,000000;0,925926;15,440000;15,000000;15,440000;15,000000
96;22,000000;20,000000;0,909091;27,100000;25,000000;27,100000;25,000000
97;24,000000;16,000000;0,666667;27,625000;27,000000;27,625000;27,000000
98;16,000000;9,000000;0,562500;10,555556;8,000000;10,555556;8,000000
99;17,000000;16,000000;0,941176;14,625000;15,500000;14,625000;15,500000
100;20,000000;3,000000;0,150000;2,000000;1,000000;2,000000;1,000000
101;25,000000;8,000000;0,320000;6,000000;6,000000;6,000000;6,000000
102;23,000000;6,000000;0,260870;5,166667;4,000000;5,166667;4,000000
103;23,000000;15,000000;0,652174;25,133333;24,000000;25,133333;24,000000
104;27,000000;0,000000;0,000000;;;;
105;24,000000;0,000000;0,000000;;;;
106;24,000000;18,000000;0,750000;34,055556;33,500000;34,055556;33,500000
107;19,000000;18,000000;0,947368;13,111111;12,000000;13,111111;12,000000
108;24,000000;15,000000;0,625000;28,733333;24,000000;28,733333;24,000000
109;24,000000;24,000000;1,000000;22,458333;21,500000;22,458333;21,500000
110;24,000000;0,000000;0,000000;;;;
111;21,000000;14,000000;0,666667;32,714286;34,500000;32,714286;34,500000
112;21,000000;13,000000;0,619048;10,923077;10,000000;10,923077;10,000000
113;18,000000;13,000000;0,722222;15,384615;11,000000;15,384615;11,000000
114;27,000000;0,000000;0,000000;;;;
115;26,000000;21,000000;0,807692;19,285714;18,000000;19,285714;18,000000
116;24,000000;0,000000;0,000000;;;;
117;22,000000;19,000000;0,863636;33,736842;31,000000;33,736842;31,000000
118;25,000000;18,000000;0,720000;39,444444;39,500000;39,444444;39,500000
119;24,000000;15,000000;0,625000;14,800000;10,000000;14,800000;10,000000
120;22,000000;6,000000;0,272727;9,833333;10,000000;9,833333;10,000000
121;20,000000;16,000000;0,800000;13,687500;10,500000;13,687500;10,500000
122;22,000000;16,000000;0,727273;28,000000;27,000000;28,000000;27,000000
123;20,000000;14,000000;0,700000;8,642857;6,000000;8,642857;6,000000
124;24,000000;5,000000;0,208333;4,800000;3,000000;4,800000;3,000000
125;18,000000;15,000000;0,833333;7,466667;6,000000;7,466667;6,000000
126;19,000000;3,000000;0,157895;7,666667;8,000000;7,666667;8,000000
127;21,000000;0,000000;0,000000;;;;
128;19,000000;13,000000;0,684211;13,615385;13,000000;13,615385;13,000000
129;24,000000;22,000000;0,916667;22,772727;17,000000;22,772727;17,000000
130;18,000000;13,000000;0,722222;6,769231;6,000000;6,769231;6,000000
131;16,000000;16,000000;1,000000;11,437500;11,500000;11,437500;11,500000
132;24,000000;17,000000;0,708333;29,941176;29,000000;29,941176;29,000000
133;23,000000;16,000000;0,695652;25,312500;28,000000;25,312500;28,000000
134;18,000000;7,000000;0,388889;12,428571;8,000000;12,428571;8,000000
135;22,000000;18,000000;0,818182;19,666667;21,000000;19,666667;21,000000
136;20,000000;13,000000;0,650000;7,846154;6,000000;7,846154;6,000000
137;24,000000;0,000000;0,000000;;;;
138;24,000000;0,000000;0,000000;;;;
139;24,000000;11,000000;0,458333;19,909091;18,000000;19,909091;18,000000
140;19,000000;19,000000;1,000000;11,421053;10,000000;11,421053;10,000000
141;26,000000;12,000000;0,461538;21,250000;21,500000;21,250000;21,500000
142;18,000000;16,000000;0,888889;8,937500;6,500000;8,937500;6,500000
143;21,000000;18,000000;0,857143;40,888889;43,500000;40,888889;43,500000
144;21,000000;11,000000;0,523810;20,545455;21,000000;20,545455;21,000000
145;21,000000;18,000000;0,857143;16,500000;16,000000;16,500000;16,000000
146;18,000000;13,000000;0,722222;9,692308;8,000000;9,692308;8,000000
147;19,000000;15,000000;0,789474;15,200000;17,000000;15,200000;17,000000
148;21,000000;21,000000;1,000000;47,714286;49,000000;47,714286;49,000000
149;25,000000;18,000000;0,720000;35,666667;37,000000;35,666667;37,000000
150;20,000000;9,000000;0,450000;12,555556;13,000000;12,555556;13,000000
151;23,000000;13,000000;0,565217;16,307692;16,000000;16,307692;16,000000
152;21,000000;19,000000;0,904762;39,210526;41,000000;39,210526;41,000000
153;24,000000;20,000000;0,833333;22,400000;17,500000;22,400000;17,500000
154;20,000000;17,000000;0,850000;11,823529;13,000000;11,823529;13,000000
155;19,000000;18,000000;0,947368;15,888889;11,500000;15,888889;11,500000
156;18,000000;12,000000;0,666667;8,916667;7,000000;8,916667;7,000000
157;19,000000;16,000000;0,842105;12,875000;12,000000;12,875000;12,000000
158;22,000000;13,000000;0,590909;14,230769;12,000000;14,230769;12,000000
159;21,000000;13,000000;0,619048;9,461538;8,000000;9,461538;8,000000
160;22,000000;18,000000;0,818182;35,833333;34,500000;35,833333;34,500000
161;19,000000;7,000000;0,368421;5,714286;6,000000;5,714286;6,000000
162;23,000000;17,000000;0,739130;11,529412;8,000000;11,529412;8,000000
163;24,000000;12,000000;0,500000;26,916667;26,500000;26,916667;26,500000
164;23,000000;0,000000;0,000000;;;;
165;29,000000;0,000000;0,000000;;;;
166;22,000000;11,000000;0,500000;12,363636;13,000000;12,363636;13,000000
167;19,000000;16,000000;0,842105;36,250000;34,000000;36,250000;34,000000
168;19,000000;15,000000;0,789474;9,400000;8,000000;9,400000;8,000000
169;26,000000;0,000000;0,000000;;;;
170;19,000000;14,000000;0,736842;18,571429;15,000000;18,571429;15,000000
171;24,000000;14,000000;0,583333;18,857143;18,000000;18,857143;18,000000
172;26,000000;15,000000;0,576923;23,400000;24,000000;23,400000;24,000000
173;21,000000;20,000000;0,952381;21,100000;20,000000;21,100000;20,000000
174;21,000000;17,000000;0,809524;13,058824;9,000000;13,058824;9,000000
175;22,000000;16,000000;0,727273;26,125000;24,000000;26,125000;24,000000
176;24,000000;11,000000;0,458333;8,727273;8,000000;8,727273;8,000000
177;24,000000;15,000000;0,625000;13,133333;12,000000;13,133333;12,000000
178;19,000000;7,000000;0,368421;5,571429;4,000000;5,571429;4,000000
179;16,000000;11,000000;0,687500;8,818182;6,000000;8,818182;6,000000
180;19,000000;17,000000;0,894737;10,529412;9,000000;10,529412;9,000000
181;28,000000;0,000000;0,000000;;;;
182;26,000000;12,000000;0,461538;20,166667;20,000000;20,166667;20,000000
183;22,000000;13,000000;0,590909;28,153846;31,000000;28,153846;31,000000
184;18,000000;15,000000;0,833333;5,866667;6,000000;5,866667;6,000000
185;20,000000;5,000000;0,250000;4,400000;5,000000;4,400000;5,000000
186;25,000000;10,000000;0,400000;12,000000;11,000000;12,000000;11,000000
187;22,000000;16,000000;0,727273;10,375000;9,000000;10,375000;9,000000
188;20,000000;16,000000;0,800000;10,937500;5,500000;10,937500;5,500000
189;20,000000;19,000000;0,950000;12,263158;11,000000;12,263158;11,000000
190;22,000000;9,000000;0,409091;6,000000;6,000000;6,000000;6,000000
191;24,000000;0,000000;0,000000;;;;
192;21,000000;14,000000;0,666667;6,500000;5,500000;6,500000;5,500000
193;23,000000;11,000000;0,478261;10,727273;8,000000;10,727273;8,000000
194;23,000000;0,000000;0,000000;;;;
195;25,000000;9,000000;0,360000;17,888889;17,000000;17,888889;17,000000
196;19,000000;11,000000;0,578947;17,818182;16,000000;17,818182;16,000000
197;19,000000;19,000000;1,000000;16,894737;15,000000;16,894737;15,000000
198;20,000000;19,000000;0,950000;33,842105;33,000000;33,842105;33,000000
199;23,000000;8,000000;0,347826;7,125000;8,000000;7,125000;8,000000
200;23,000000;0,000000;0,000000;;;;
201;24,000000;22,000000;0,916667;17,636364;17,000000;17,636364;17,000000
202;21,000000;7,000000;0,333333;4,428571;4,000000;4,428571;4,000000
203;23,000000;5,000000;0,217391;7,200000;7,000000;7,200000;7,000000
204;25,000000;16,000000;0,640000;21,250000;20,500000;21,250000;20,500000
205;17,000000;13,000000;0,764706;8,461538;6,000000;8,461538;6,000000
206;24,000000;22,000000;0,916667;28,818182;27,000000;28,818182;27,000000
207;21,000000;20,000000;0,952381;21,350000;23,000000;21,350000;23,000000
208;18,000000;18,000000;1,000000;19,555556;20,500000;19,555556;20,500000
209;24,000000;13,000000;0,541667;15,384615;13,000000;15,384615;13,000000
210;25,000000;0,000000;0,000000;;;;
211;23,000000;4,000000;0,173913;3,500000;3,000000;3,500000;3,000000
212;19,000000;18,000000;0,947368;26,111111;24,000000;26,111111;24,000000
213;25,000000;0,000000;0,000000;;;;
214;21,000000;8,000000;0,380952;11,625000;10,500000;11,625000;10,500000
215;22,000000;0,000000;0,000000;;;;
216;23,000000;7,000000;0,304348;14,142857;15,000000;14,142857;15,000000
217;23,000000;14,000000;0,608696;11,714286;11,500000;11,714286;11,500000
218;19,000000;14,000000;0,736842;10,214286;9,000000;10,214286;9,000000
219;19,000000;3,000000;0,157895;3,333333;2,000000;3,333333;2,000000
220;21,000000;14,000000;0,666667;15,214286;12,500000;15,214286;12,500000
221;22,000000;12,000000;0,545455;24,583333;25,500000;24,583333;25,500000
222;18,000000;17,000000;0,944444;7,647059;7,000000;7,647059;7,000000
223;16,000000;1,000000;0,062500;1,000000;1,000000;1,000000;1,000000
224;25,000000;0,000000;0,000000;;;;
225;24,000000;18,000000;0,750000;20,111111;15,000000;20,111111;15,000000
226;20,000000;18,000000;0,900000;15,055556;8,000000;15,055556;8,000000
227;21,000000;9,000000;0,428571;4,000000;5,000000;4,000000;5,000000
228;22,000000;8,000000;0,363636;14,125000;13,500000;14,125000;13,500000
229;19,000000;19,000000;1,000000;11,789474;12,000000;11,789474;12,000000
230;25,000000;9,000000;0,360000;15,333333;15,000000;15,333333;15,000000
231;17,000000;16,000000;0,941176;13,625000;10,500000;13,625000;10,500000
232;21,000000;19,000000;0,904762;9,105263;7,000000;9,105263;7,000000
233;22,000000;19,000000;0,863636;24,157895;24,000000;24,157895;24,000000
234;23,000000;21,000000;0,913043;13,428571;12,000000;13,428571;12,000000
235;24,000000;0,000000;0,000000;;;;
236;24,000000;15,000000;0,625000;12,266667;10,000000;12,266667;10,000000
237;18,000000;17,000000;0,944444;29,058824;21,000000;29,058824;21,000000
238;25,000000;0,000000;0,000000;;;;
239;26,000000;7,000000;0,269231;12,428571;12,000000;12,428571;12,000000
240;17,000000;10,000000;0,588235;7,900000;5,500000;7,900000;5,500000
241;23,000000;1,000000;0,043478;3,000000;3,000000;3,000000;3,000000
242;25,000000;21,000000;0,840000;14,809524;16,000000;14,809524;16,000000
243;21,000000;15,000000;0,714286;12,400000;9,000000;12,400000;9,000000
244;21,000000;6,000000;0,285714;10,833333;8,500000;10,833333;8,500000
245;21,000000;19,000000;0,904762;15,210526;15,000000;15,210526;15,000000
246;18,000000;11,000000;0,611111;10,909091;6,000000;10,909091;6,000000
247;17,000000;17,000000;1,000000;8,764706;9,000000;8,764706;9,000000
248;19,000000;14,000000;0,736842;23,214286;19,500000;23,214286;19,500000
249;23,000000;21,000000;0,913043;31,809524;31,000000;31,809524;31,000000
250;23,000000;10,000000;0,434783;4,100000;4,000000;4,100000;4,000000
251;22,000000;21,000000;0,954545;13,190476;10,000000;13,190476;10,000000
252;20,000000;20,000000;1,000000;36,650000;34,000000;36,650000;34,000000
253;18,000000;14,000000;0,777778;12,000000;11,000000;12,000000;11,000000
254;18,000000;17,000000;0,944444;9,235294;7,000000;9,235294;7,000000
255;19,000000;19,000000;1,000000;9,368421;8,000000;9,368421;8,000000
256;26,000000;0,000000;0,000000;;;;
257;22,000000;20,000000;0,909091;27,350000;23,000000;27,350000;23,000000
258;20,000000;9,000000;0,450000;14,888889;15,000000;14,888889;15,000000
259;21,000000;10,000000;0,476190;13,500000;13,000000;13,500000;13,000000
260;22,000000;16,000000;0,727273;17,937500;16,000000;17,937500;16,000000
261;24,000000;24,000000;1,000000;34,666667;36,000000;34,666667;36,000000
262;23,000000;3,000000;0,130435;3,666667;3,000000;3,666667;3,000000
263;20,000000;18,000000;0,900000;18,166667;17,000000;18,166667;17,000000
264;21,000000;13,000000;0,619048;9,769231;7,000000;9,769231;7,000000
265;15,000000;15,000000;1,000000;10,200000;11,000000;10,200000;11,000000
266;21,000000;20,000000;0,952381;31,250000;30,000000;31,250000;30,000000
267;20,000000;18,000000;0,900000;8,500000;8,500000;8,500000;8,500000
268;20,000000;16,000000;0,800000;18,062500;16,500000;18,062500;16,500000
269;24,000000;3,000000;0,125000;5,666667;7,000000;5,666667;7,000000
270;20,000000;13,000000;0,650000;16,846154;13,000000;16,846154;13,000000
271;21,000000;20,000000;0,952381;34,500000;40,000000;34,500000;40,000000
272;25,000000;3,000000;0,120000;3,666667;4,000000;3,666667;4,000000
273;23,000000;20,000000;0,869565;22,650000;19,500000;22,650000;19,500000
274;27,000000;25,000000;0,925926;32,800000;33,000000;32,800000;33,000000
275;16,000000;16,000000;1,000000;7,875000;7,000000;7,875000;7,000000
276;16,000000;11,000000;0,687500;4,090909;4,000000;4,090909;4,000000
277;25,000000;0,000000;0,000000;;;;
278;21,000000;20,000000;0,952381;15,000000;13,000000;15,000000;13,000000
279;20,000000;4,000000;0,200000;6,500000;6,000000;6,500000;6,000000
280;18,000000;11,000000;0,611111;6,818182;5,000000;6,818182;5,000000
281;25,000000;0,000000;0,000000;;;;
282;23,000000;22,000000;0,956522;20,954545;22,000000;20,954545;22,000000
283;22,000000;11,000000;0,500000;15,272727;11,000000;15,272727;11,000000
284;17,000000;16,000000;0,941176;5,500000;5,000000;5,500000;5,000000
285;24,000000;10,000000;0,416667;10,200000;9,000000;10,200000;9,000000
286;24,000000;10,000000;0,416667;11,200000;9,000000;11,200000;9,000000
287;28,000000;0,000000;0,000000;;;;
288;18,000000;13,000000;0,722222;4,461538;3,000000;4,461538;3,000000
289;23,000000;19,000000;0,826087;9,105263;9,000000;9,105263;9,000000
290;23,000000;16,000000;0,695652;8,562500;6,000000;8,562500;6,000000
291;17,000000;11,000000;0,647059;7,181818;7,000000;7,181818;7,000000
292;20,000000;8,000000;0,400000;8,000000;8,000000;8,000000;8,000000
293;22,000000;9,000000;0,409091;9,000000;10,000000;9,000000;10,000000
294;24,000000;9,000000;0,375000;18,111111;19,000000;18,111111;19,000000
295;18,000000;8,000000;0,444444;3,750000;2,000000;3,750000;2,000000
296;18,000000;9,000000;0,500000;5,666667;4,000000;5,666667;4,000000
297;25,000000;7,000000;0,280000;13,000000;12,000000;13,000000;12,000000
298;20,000000;15,000000;0,750000;9,400000;8,000000;9,400000;8,000000
299;19,000000;8,000000;0,421053;3,375000;3,000000;3,375000;3,000000
300;25,000000;21,000000;0,840000;38,952381;41,000000;38,952381;41,000000
301;20,000000;8,000000;0,400000;5,500000;5,000000;5,500000;5,000000
302;15,000000;12,000000;0,800000;6,333333;6,000000;6,333333;6,000000
303;27,000000;24,000000;0,888889;37,208333;34,000000;37,208333;34,000000
304;26,000000;22,000000;0,846154;28,227273;27,000000;28,227273;27,000000
305;19,000000;19,000000;1,000000;9,368421;7,000000;9,368421;7,000000
306;19,000000;18,000000;0,947368;37,722222;34,000000;37,722222;34,000000
307;20,000000;18,000000;0,900000;8,166667;7,000000;8,166667;7,000000
308;23,000000;0,000000;0,000000;;;;
309;25,000000;0,000000;0,000000;;;;
310;18,000000;9,000000;0,500000;7,666667;7,000000;7,666667;7,000000
311;23,000000;22,000000;0,956522;21,227273;21,500000;21,227273;21,500000
312;18,000000;8,000000;0,444444;8,250000;5,500000;8,250000;5,500000
313;21,000000;16,000000;0,761905;17,750000;14,500000;17,750000;14,500000
314;25,000000;11,000000;0,440000;11,545455;9,000000;11,545455;9,000000
315;16,000000;15,000000;0,937500;15,866667;14,000000;15,866667;14,000000
316;23,000000;19,000000;0,826087;18,421053;13,000000;18,421053;13,000000
317;22,000000;17,000000;0,772727;10,588235;8,000000;10,588235;8,000000
318;26,000000;0,000000;0,000000;;;;
319;17,000000;17,000000;1,000000;9,941176;7,000000;9,941176;7,000000
320;18,000000;14,000000;0,777778;9,642857;9,000000;9,642857;9,000000
321;14,000000;11,000000;0,785714;6,727273;3,000000;6,727273;3,000000
322;21,000000;9,000000;0,428571;13,333333;11,000000;13,333333;11,000000
323;21,000000;12,000000;0,571429;13,333333;11,500000;13,333333;11,500000
324;22,000000;13,000000;0,590909;11,461538;8,000000;11,461538;8,000000
325;25,000000;15,000000;0,600000;26,200000;28,000000;26,200000;28,000000
326;21,000000;21,000000;1,000000;16,238095;15,000000;16,238095;15,000000
327;17,000000;1,000000;0,058824;2,000000;2,000000;2,000000;2,000000
328;21,000000;11,000000;0,523810;20,454545;21,000000;20,454545;21,000000
329;18,000000;16,000000;0,888889;8,750000;7,000000;8,750000;7,000000
330;24,000000;21,000000;0,875000;37,571429;38,000000;37,571429;38,000000
331;24,000000;20,000000;0,833333;19,400000;21,500000;19,400000;21,500000
332;26,000000;0,000000;0,000000;;;;
333;18,000000;18,000000;1,000000;30,777778;31,500000;30,777778;31,500000
334;16,000000;16,000000;1,000000;6,687500;6,500000;6,687500;6,500000
335;20,000000;19,000000;0,950000;19,210526;14,000000;19,210526;14,000000
336;18,000000;15,000000;0,833333;14,333333;15,000000;14,333333;15,000000
337;21,000000;20,000000;0,952381;24,450000;21,000000;24,450000;21,000000
338;15,000000;14,000000;0,933333;7,785714;5,500000;7,785714;5,500000
339;24,000000;6,000000;0,250000;4,833333;4,000000;4,833333;4,000000
340;16,000000;16,000000;1,000000;5,937500;5,000000;5,937500;5,000000
341;22,000000;6,000000;0,272727;11,666667;12,000000;11,666667;12,000000
342;24,000000;4,000000;0,166667;2,750000;2,000000;2,750000;2,000000
343;22,000000;15,000000;0,681818;13,133333;12,000000;13,133333;12,000000
344;27,000000;16,000000;0,592593;23,687500;23,500000;23,687500;23,500000
345;21,000000;19,000000;0,904762;18,684211;17,000000;18,684211;17,000000
346;20,000000;20,000000;1,000000;16,650000;17,000000;16,650000;17,000000
347;23,000000;7,000000;0,304348;14,285714;13,000000;14,285714;13,000000
348;26,000000;15,000000;0,576923;26,933333;29,000000;26,933333;29,000000
349;22,000000;20,000000;0,909091;14,300000;12,500000;14,300000;12,500000
350;15,000000;14,000000;0,933333;13,714286;14,500000;13,714286;14,500000
351;20,000000;12,000000;0,600000;20,416667;21,000000;20,416667;21,000000
352;19,000000;19,000000;1,000000;12,263158;9,000000;12,263158;9,000000
353;21,000000;13,000000;0,619048;12,538462;11,000000;12,538462;11,000000
354;23,000000;4,000000;0,173913;3,500000;3,000000;3,500000;3,000000
355;21,000000;1,000000;0,047619;1,000000;1,000000;1,000000;1,000000
356;19,000000;10,000000;0,526316;10,800000;11,500000;10,800000;11,500000
357;22,000000;21,000000;0,954545;19,571429;21,000000;19,571429;21,000000
358;19,000000;15,000000;0,789474;8,800000;9,000000;8,800000;9,000000
359;20,000000;14,000000;0,700000;11,071429;7,000000;11,071429;7,000000
360;24,000000;13,000000;0,541667;11,153846;13,000000;11,153846;13,000000
361;22,000000;14,000000;0,636364;16,357143;14,500000;16,357143;14,500000
362;21,000000;19,000000;0,904762;42,105263;44,000000;42,105263;44,000000
363;27,000000;11,000000;0,407407;8,909091;8,000000;8,909091;8,000000
364;22,000000;18,000000;0,818182;13,555556;14,000000;13,555556;14,000000
365;23,000000;21,000000;0,913043;23,380952;19,000000;23,380952;19,000000
366;19,000000;8,000000;0,421053;4,625000;4,500000;4,625000;4,500000
367;21,000000;16,000000;0,761905;19,312500;16,500000;19,312500;16,500000
368;16,000000;15,000000;0,937500;11,200000;8,000000;11,200000;8,000000
369;19,000000;10,000000;0,526316;6,400000;6,000000;6,400000;6,000000
370;22,000000;21,000000;0,954545;16,523810;16,000000;16,523810;16,000000
371;14,000000;12,000000;0,857143;5,083333;4,500000;5,083333;4,500000
372;23,000000;8,000000;0,347826;12,250000;11,000000;12,250000;11,000000
373;19,000000;15,000000;0,789474;17,733333;14,000000;17,733333;14,000000
374;20,000000;17,000000;0,850000;11,705882;12,000000;11,705882;12,000000
375;24,000000;23,000000;0,958333;19,608696;18,000000;19,608696;18,000000
376;18,000000;18,000000;1,000000;10,833333;9,500000;10,833333;9,500000
377;23,000000;20,000000;0,869565;33,550000;32,500000;33,550000;32,500000
378;25,000000;13,000000;0,520000;13,153846;10,000000;13,153846;10,000000
379;21,000000;21,000000;1,000000;21,523810;21,000000;21,523810;21,000000
380;22,000000;21,000000;0,954545;20,190476;20,000000;20,190476;20,000000
381;20,000000;20,000000;1,000000;23,500000;18,000000;23,500000;18,000000
382;23,000000;5,000000;0,217391;8,000000;6,000000;8,000000;6,000000
383;23,000000;9,000000;0,391304;12,777778;10,000000;12,777778;10,000000
384;23,000000;0,000000;0,000000;;;;
385;21,000000;12,000000;0,571429;19,166667;21,000000;19,166667;21,000000
386;19,000000;5,000000;0,263158;9,200000;8,000000;9,200000;8,000000
387;18,000000;18,000000;1,000000;13,166667;13,500000;13,166667;13,500000
388;18,000000;13,000000;0,722222;18,769231;17,000000;18,769231;17,000000
389;23,000000;16,000000;0,695652;12,562500;11,500000;12,562500;11,500000
390;18,000000;16,000000;0,888889;23,437500;24,000000;23,437500;24,000000
391;23,000000;23,000000;1,000000;19,130435;13,000000;19,130435;13,000000
392;12,000000;8,000000;0,666667;7,375000;1,500000;7,375000;1,500000
393;20,000000;19,000000;0,950000;19,684211;12,000000;19,684211;12,000000
394;23,000000;23,000000;1,000000;37,347826;41,000000;37,347826;41,000000
395;16,000000;14,000000;0,875000;7,785714;6,500000;7,785714;6,500000
396;24,000000;0,000000;0,000000;;;;
397;23,000000;14,000000;0,608696;17,785714;14,500000;17,785714;14,500000
398;19,000000;18,000000;0,947368;7,000000;7,000000;7,000000;7,000000
399;21,000000;10,000000;0,476190;7,500000;5,000000;7,500000;5,000000
400;23,000000;14,000000;0,608696;27,642857;27,000000;27,642857;27,000000
401;19,000000;18,000000;0,947368;9,666667;7,500000;9,666667;7,500000
402;23,000000;12,000000;0,521739;9,666667;9,500000;9,666667;9,500000
403;19,000000;10,000000;0,526316;11,000000;11,000000;11,000000;11,000000
404;23,000000;17,000000;0,739130;34,352941;34,000000;34,352941;34,000000
405;18,000000;4,000000;0,222222;2,750000;2,000000;2,750000;2,000000
406;21,000000;21,000000;1,000000;16,904762;13,000000;16,904762;13,000000
407;20,000000;19,000000;0,950000;12,421053;11,000000;12,421053;11,000000
408;16,000000;13,000000;0,812500;4,076923;4,000000;4,076923;4,000000
409;23,000000;18,000000;0,782609;14,888889;9,000000;14,888889;9,000000
410;24,000000;13,000000;0,541667;12,076923;11,000000;12,076923;11,000000
411;21,000000;10,000000;0,476190;17,200000;18,500000;17,200000;18,500000
412;21,000000;14,000000;0,666667;10,500000;10,500000;10,500000;10,500000
413;23,000000;15,000000;0,652174;15,733333;14,000000;15,733333;14,000000
414;22,000000;20,000000;0,909091;25,500000;22,000000;25,500000;22,000000
415;18,000000;9,000000;0,500000;6,333333;5,000000;6,333333;5,000000
416;17,000000;9,000000;0,529412;8,555556;7,000000;8,555556;7,000000
417;26,000000;17,000000;0,653846;15,588235;13,000000;15,588235;13,000000
418;21,000000;7,000000;0,333333;13,142857;11,000000;13,142857;11,000000
419;17,000000;14,000000;0,823529;23,142857;23,500000;23,142857;23,500000
420;19,000000;15,000000;0,789474;15,200000;12,000000;15,200000;12,000000
421;23,000000;11,000000;0,478261;17,545455;17,000000;17,545455;17,000000
422;18,000000;16,000000;0,888889;6,437500;4,500000;6,437500;4,500000
423;16,000000;14,000000;0,875000;9,857143;9,000000;9,857143;9,000000
424;17,000000;9,000000;0,529412;5,222222;5,000000;5,222222;5,000000
425;21,000000;19,000000;0,904762;23,052632;20,000000;23,052632;20,000000
426;16,000000;15,000000;0,937500;14,666667;15,000000;14,666667;15,000000
427;19,000000;12,000000;0,631579;6,250000;4,500000;6,250000;4,500000
428;23,000000;20,000000;0,869565;41,800000;42,500000;41,800000;42,500000
429;24,000000;20,000000;0,833333;13,800000;11,000000;13,800000;11,000000
430;23,000000;0,000000;0,000000;;;;
431;21,000000;11,000000;0,523810;9,272727;7,000000;9,272727;7,000000
432;17,000000;17,000000;1,000000;9,588235;10,000000;9,588235;10,000000
433;18,000000;18,000000;1,000000;15,444444;10,000000;15,444444;10,000000
434;24,000000;0,000000;0,000000;;;;
435;12,000000;11,000000;0,916667;3,636364;2,000000;3,636364;2,000000
436;20,000000;19,000000;0,950000;14,315789;11,000000;14,315789;11,000000
437;18,000000;12,000000;0,666667;7,333333;5,500000;7,333333;5,500000
438;25,000000;21,000000;0,840000;37,238095;37,000000;37,238095;37,000000
439;20,000000;12,000000;0,600000;11,333333;11,000000;11,333333;11,000000
440;19,000000;16,000000;0,842105;16,250000;16,500000;16,250000;16,500000
441;22,000000;15,000000;0,681818;25,133333;24,000000;25,133333;24,000000
442;19,000000;16,000000;0,842105;7,875000;6,500000;7,875000;6,500000
443;21,000000;8,000000;0,380952;5,375000;4,500000;5,375000;4,500000
444;23,000000;10,000000;0,434783;4,900000;4,500000;4,900000;4,500000
445;22,000000;13,000000;0,590909;13,076923;13,000000;13,076923;13,000000
446;19,000000;15,000000;0,789474;32,133333;36,000000;32,133333;36,000000
447;25,000000;0,000000;0,000000;;;;
448;17,000000;17,000000;1,000000;14,470588;15,000000;14,470588;15,000000
449;19,000000;16,000000;0,842105;13,625000;9,500000;13,625000;9,500000
450;18,000000;17,000000;0,944444;6,764706;5,000000;6,764706;5,000000
451;20,000000;10,000000;0,500000;7,600000;7,000000;7,600000;7,000000
452;21,000000;18,000000;0,857143;13,055556;12,000000;13,055556;12,000000
453;21,000000;16,000000;0,761905;7,000000;6,000000;7,000000;6,000000
454;20,000000;16,000000;0,800000;9,250000;8,000000;9,250000;8,000000
455;16,000000;14,000000;0,875000;8,571429;7,500000;8,571429;7,500000
456;25,000000;14,000000;0,560000;23,000000;22,000000;23,000000;22,000000
457;19,000000;16,000000;0,842105;10,562500;10,000000;10,562500;10,000000
458;26,000000;13,000000;0,500000;28,000000;31,000000;28,000000;31,000000
459;22,000000;20,000000;0,909091;38,500000;38,000000;38,500000;38,000000
460;18,000000;18,000000;1,000000;12,388889;10,000000;12,388889;10,000000
461;20,000000;17,000000;0,850000;8,823529;8,000000;8,823529;8,000000
462;23,000000;7,000000;0,304348;16,000000;17,000000;16,000000;17,000000
463;22,000000;21,000000;0,954545;34,000000;35,000000;34,000000;35,000000
464;19,000000;12,000000;0,631579;9,500000;6,500000;9,500000;6,500000
465;22,000000;20,000000;0,909091;38,500000;37,000000;38,500000;37,000000
466;15,000000;11,000000;0,733333;14,000000;13,000000;14,000000;13,000000
467;21,000000;17,000000;0,809524;19,470588;19,000000;19,470588;19,000000
468;20,000000;19,000000;0,950000;12,368421;8,000000;12,368421;8,000000
469;24,000000;0,000000;0,000000;;;;
470;21,000000;17,000000;0,809524;16,647059;13,000000;16,647059;13,000000
471;24,000000;22,000000;0,916667;32,863636;33,500000;32,863636;33,500000
472;23,000000;16,000000;0,695652;34,437500;37,000000;34,437500;37,000000
473;23,000000;13,000000;0,565217;18,692308;17,000000;18,692308;17,000000
474;21,000000;14,000000;0,666667;6,214286;5,500000;6,214286;5,500000
475;23,000000;22,000000;0,956522;44,409091;45,000000;44,409091;45,000000
476;22,000000;20,000000;0,909091;21,200000;21,500000;21,200000;21,500000
477;19,000000;17,000000;0,894737;10,529412;9,000000;10,529412;9,000000
478;16,000000;11,000000;0,687500;7,363636;8,000000;7,363636;8,000000
479;19,000000;4,000000;0,210526;8,750000;9,000000;8,750000;9,000000
480;19,000000;18,000000;0,947368;35,444444;39,500000;35,444444;39,500000
481;21,000000;17,000000;0,809524;34,764706;36,000000;34,764706;36,000000
482;24,000000;3,000000;0,125000;3,666667;4,000000;3,666667;4,000000
483;23,000000;0,000000;0,000000;;;;
484;27,000000;11,000000;0,407407;16,090909;16,000000;16,090909;16,000000
485;18,000000;16,000000;0,888889;9,125000;8,000000;9,125000;8,000000
486;17,000000;17,000000;1,000000;6,294118;5,000000;6,294118;5,000000
487;20,000000;19,000000;0,950000;24,000000;22,000000;24,000000;22,000000
488;20,000000;15,000000;0,750000;11,733333;7,000000;11,733333;7,000000
489;21,000000;10,000000;0,476190;9,100000;7,500000;9,100000;7,500000
490;23,000000;23,000000;1,000000;26,913043;23,000000;26,913043;23,000000
491;19,000000;17,000000;0,894737;7,882353;7,000000;7,882353;7,000000
492;22,000000;19,000000;0,863636;35,263158;37,000000;35,263158;37,000000
493;20,000000;17,000000;0,850000;10,058824;11,000000;10,058824;11,000000
494;16,000000;12,000000;0,750000;19,833333;17,000000;19,833333;17,000000
495;20,000000;15,000000;0,750000;5,933333;6,000000;5,933333;6,000000
496;20,000000;17,000000;0,850000;19,882353;15,000000;19,882353;15,000000
497;22,000000;21,000000;0,954545;16,714286;13,000000;16,714286;13,000000
498;18,000000;13,000000;0,722222;6,307692;4,000000;6,307692;4,000000
499;19,000000;16,000000;0,842105;10,812500;9,500000;10,812500;9,500000
500;23,000000;11,000000;0,478261;14,818182;16,000000;14,818182;16,000000
501;23,000000;16,000000;0,695652;27,000000;27,000000;27,000000;27,000000
502;28,000000;0,000000;0,000000;;;;
503;23,000000;11,000000;0,478261;10,727273;9,000000;10,727273;9,000000
504;23,000000;3,000000;0,130435;5,333333;5,000000;5,333333;5,000000
505;15,000000;10,000000;0,666667;9,200000;7,500000;9,200000;7,500000
506;23,000000;14,000000;0,608696;12,285714;11,500000;12,285714;11,500000
507;20,000000;14,000000;0,700000;9,428571;9,000000;9,428571;9,000000
508;24,000000;21,000000;0,875000;17,619048;14,000000;17,619048;14,000000
509;25,000000;11,000000;0,440000;18,363636;19,000000;18,363636;19,000000
510;18,000000;16,000000;0,888889;9,750000;6,500000;9,750000;6,500000
511;19,000000;17,000000;0,894737;16,117647;15,000000;16,117647;15,000000
512;20,000000;17,000000;0,850000;23,176471;21,000000;23,176471;21,000000
513;15,000000;14,000000;0,933333;11,285714;9,500000;11,285714;9,500000
514;23,000000;13,000000;0,565217;20,461538;20,000000;20,461538;20,000000
515;16,000000;13,000000;0,812500;11,384615;4,000000;11,384615;4,000000
516;21,000000;19,000000;0,904762;12,210526;11,000000;12,210526;11,000000
517;21,000000;3,000000;0,142857;5,333333;5,000000;5,333333;5,000000
518;20,000000;20,000000;1,000000;20,300000;20,000000;20,300000;20,000000
519;26,000000;19,000000;0,730769;30,894737;31,000000;30,894737;31,000000
520;26,000000;14,000000;0,538462;16,357143;15,500000;16,357143;15,500000
521;23,000000;0,000000;0,000000;;;;
522;17,000000;17,000000;1,000000;12,411765;10,000000;12,411765;10,000000
523;23,000000;23,000000;1,000000;37,347826;36,000000;37,347826;36,000000
524;25,000000;21,000000;0,840000;37,714286;39,000000;37,714286;39,000000
525;17,000000;15,000000;0,882353;11,666667;11,000000;11,666667;11,000000
526;16,000000;16,000000;1,000000;6,125000;5,000000;6,125000;5,000000
527;21,000000;15,000000;0,714286;12,666667;14,000000;12,666667;14,000000
528;20,000000;4,000000;0,200000;8,500000;7,500000;8,500000;7,500000
529;13,000000;12,000000;0,923077;5,000000;4,500000;5,000000;4,500000
530;21,000000;14,000000;0,666667;14,285714;10,000000;14,285714;10,000000
531;26,000000;2,000000;0,076923;4,000000;4,000000;4,000000;4,000000
532;18,000000;18,000000;1,000000;10,555556;8,500000;10,555556;8,500000
533;19,000000;17,000000;0,894737;39,647059;43,000000;39,647059;43,000000
534;22,000000;20,000000;0,909091;12,250000;10,000000;12,250000;10,000000
535;22,000000;21,000000;0,954545;19,666667;16,000000;19,666667;16,000000
536;21,000000;5,000000;0,238095;11,000000;11,000000;11,000000;11,000000
537;22,000000;12,000000;0,545455;19,000000;18,000000;19,000000;18,000000
538;23,000000;22,000000;0,956522;15,818182;15,500000;15,818182;15,500000
539;23,000000;11,000000;0,478261;10,272727;11,000000;10,272727;11,000000
540;24,000000;19,000000;0,791667;20,684211;20,000000;20,684211;20,000000
541;24,000000;22,000000;0,916667;33,272727;34,500000;33,272727;34,500000
542;20,000000;12,000000;0,600000;7,166667;6,000000;7,166667;6,000000
543;24,000000;0,000000;0,000000;;;;
544;17,000000;14,000000;0,823529;12,928571;12,000000;12,928571;12,000000
545;20,000000;19,000000;0,950000;6,684211;5,000000;6,684211;5,000000
546;24,000000;15,000000;0,625000;7,266667;6,000000;7,266667;6,000000
547;21,000000;8,000000;0,380952;6,875000;5,500000;6,875000;5,500000
548;18,000000;14,000000;0,777778;6,285714;4,500000;6,285714;4,500000
549;22,000000;20,000000;0,909091;13,650000;11,000000;13,650000;11,000000
550;25,000000;22,000000;0,880000;37,090909;37,000000;37,090909;37,000000
551;24,000000;17,000000;0,708333;16,411765;16,000000;16,411765;16,000000
552;18,000000;15,000000;0,833333;15,933333;11,000000;15,933333;11,000000
553;22,000000;0,000000;0,000000;;;;
554;22,000000;22,000000;1,000000;14,363636;10,500000;14,363636;10,500000
555;23,000000;6,000000;0,260870;6,166667;5,000000;6,166667;5,000000
556;21,000000;20,000000;0,952381;46,550000;49,000000;46,550000;49,000000
557;19,000000;11,000000;0,578947;6,454545;5,000000;6,454545;5,000000
558;16,000000;15,000000;0,937500;9,266667;7,000000;9,266667;7,000000
559;25,000000;19,000000;0,760000;30,157895;32,000000;30,157895;32,000000
560;19,000000;10,000000;0,526316;11,700000;10,500000;11,700000;10,500000
561;19,000000;12,000000;0,631579;10,250000;8,500000;10,250000;8,500000
562;22,000000;17,000000;0,772727;18,588235;17,000000;18,588235;17,000000
563;19,000000;14,000000;0,736842;10,571429;9,000000;10,571429;9,000000
564;24,000000;23,000000;0,958333;42,782609;45,000000;42,782609;45,000000
565;24,000000;0,000000;0,000000;;;;
566;20,000000;19,000000;0,950000;23,421053;18,000000;23,421053;18,000000
567;23,000000;20,000000;0,869565;23,100000;18,000000;23,100000;18,000000
568;20,000000;17,000000;0,850000;7,176471;6,000000;7,176471;6,000000
569;16,000000;15,000000;0,937500;4,666667;3,000000;4,666667;3,000000
570;16,000000;14,000000;0,875000;13,714286;13,500000;13,714286;13,500000
571;22,000000;15,000000;0,681818;16,466667;14,000000;16,466667;14,000000
572;17,000000;12,000000;0,705882;8,666667;7,500000;8,666667;7,500000
573;19,000000;19,000000;1,000000;15,315789;12,000000;15,315789;12,000000
574;23,000000;8,000000;0,347826;7,375000;4,500000;7,375000;4,500000
575;24,000000;17,000000;0,708333;29,294118;26,000000;29,294118;26,000000
576;19,000000;15,000000;0,789474;12,933333;13,000000;12,933333;13,000000
577;18,000000;17,000000;0,944444;7,764706;7,000000;7,764706;7,000000
578;20,000000;11,000000;0,550000;10,818182;6,000000;10,818182;6,000000
579;20,000000;13,000000;0,650000;10,076923;9,000000;10,076923;9,000000
580;15,000000;14,000000;0,933333;5,571429;4,000000;5,571429;4,000000
581;21,000000;16,000000;0,761905;13,000000;10,000000;13,000000;10,000000
582;21,000000;21,000000;1,000000;7,904762;8,000000;7,904762;8,000000
583;21,000000;21,000000;1,000000;29,380952;27,000000;29,380952;27,000000
584;17,000000;14,000000;0,823529;8,214286;6,500000;8,214286;6,500000
585;16,000000;16,000000;1,000000;18,750000;13,000000;18,750000;13,000000
586;20,000000;16,000000;0,800000;12,250000;11,000000;12,250000;11,000000
587;25,000000;19,000000;0,760000;34,894737;36,000000;34,894737;36,000000
588;22,000000;21,000000;0,954545;17,523810;12,000000;17,523810;12,000000
589;23,000000;20,000000;0,869565;17,650000;13,000000;17,650000;13,000000
590;19,000000;7,000000;0,368421;9,000000;8,000000;9,000000;8,000000
591;17,000000;17,000000;1,000000;6,823529;6,000000;6,823529;6,000000
592;19,000000;19,000000;1,000000;15,105263;9,000000;15,105263;9,000000
593;22,000000;9,000000;0,409091;8,111111;9,000000;8,111111;9,000000
594;20,000000;15,000000;0,750000;10,466667;10,000000;10,466667;10,000000
595;20,000000;12,000000;0,600000;6,250000;5,500000;6,250000;5,500000
596;22,000000;15,000000;0,681818;29,533333;30,000000;29,533333;30,000000
597;25,000000;16,000000;0,640000;27,500000;26,500000;27,500000;26,500000
598;19,000000;17,000000;0,894737;12,352941;10,000000;12,352941;10,000000
599;19,000000;10,000000;0,526316;5,400000;4,500000;5,400000;4,500000
600;16,000000;13,000000;0,812500;4,000000;3,000000;4,000000;3,000000
601;17,000000;13,000000;0,764706;17,846154;11,000000;17,846154;11,000000
602;18,000000;11,000000;0,611111;6,818182;7,000000;6,818182;7,000000
603;18,000000;13,000000;0,722222;7,923077;5,000000;7,923077;5,000000
604;19,000000;19,000000;1,000000;15,526316;12,000000;15,526316;12,000000
605;16,000000;9,000000;0,562500;2,888889;3,000000;2,888889;3,000000
606;20,000000;18,000000;0,900000;23,388889;19,500000;23,388889;19,500000
607;20,000000;15,000000;0,750000;34,800000;34,000000;34,800000;34,000000
608;22,000000;10,000000;0,454545;21,900000;22,500000;21,900000;22,500000
609;22,000000;18,000000;0,818182;17,500000;11,500000;17,500000;11,500000
610;22,000000;17,000000;0,772727;33,235294;33,000000;33,235294;33,000000
611;23,000000;21,000000;0,913043;16,571429;11,000000;16,571429;11,000000
612;27,000000;0,000000;0,000000;;;;
613;21,000000;7,000000;0,333333;3,857143;4,000000;3,857143;4,000000
614;19,000000;14,000000;0,736842;16,214286;15,000000;16,214286;15,000000
615;13,000000;13,000000;1,000000;11,692308;11,000000;11,692308;11,000000
616;23,000000;16,000000;0,695652;6,437500;5,000000;6,437500;5,000000
617;19,000000;18,000000;0,947368;9,277778;7,000000;9,277778;7,000000
618;20,000000;19,000000;0,950000;19,052632;18,000000;19,052632;18,000000
619;17,000000;13,000000;0,764706;8,000000;8,000000;8,000000;8,000000
620;19,000000;4,000000;0,210526;9,750000;10,500000;9,750000;10,500000
621;20,000000;15,000000;0,750000;11,066667;10,000000;11,066667;10,000000
622;23,000000;16,000000;0,695652;11,937500;8,500000;11,937500;8,500000
623;23,000000;22,000000;0,956522;28,636364;25,500000;28,636364;25,500000
624;19,000000;11,000000;0,578947;10,272727;9,000000;10,272727;9,000000
625;14,000000;11,000000;0,785714;4,727273;4,000000;4,727273;4,000000
626;24,000000;21,000000;0,875000;19,142857;19,000000;19,142857;19,000000
627;17,000000;16,000000;0,941176;10,500000;8,500000;10,500000;8,500000
628;15,000000;14,000000;0,933333;13,214286;12,500000;13,214286;12,500000
629;21,000000;21,000000;1,000000;17,666667;17,000000;17,666667;17,000000
630;23,000000;15,000000;0,652174;28,266667;28,000000;28,266667;28,000000
631;19,000000;17,000000;0,894737;31,647059;31,000000;31,647059;31,000000
632;19,000000;19,000000;1,000000;36,052632;40,000000;36,052632;40,000000
633;21,000000;9,000000;0,428571;10,777778;6,000000;10,777778;6,000000
634;14,000000;10,000000;0,714286;7,200000;5,500000;7,200000;5,500000
635;22,000000;14,000000;0,636364;13,928571;14,000000;13,928571;14,000000
636;25,000000;13,000000;0,520000;11,000000;10,000000;11,000000;10,000000
637;24,000000;7,000000;0,291667;10,714286;11,000000;10,714286;11,000000
638;24,000000;22,000000;0,916667;14,136364;11,000000;14,136364;11,000000
639;21,000000;18,000000;0,857143;14,833333;14,500000;14,833333;14,500000
640;21,000000;19,000000;0,904762;18,263158;14,000000;18,263158;14,000000
641;26,000000;1,000000;0,038462;3,000000;3,000000;3,000000;3,000000
642;19,000000;12,000000;0,631579;12,666667;10,500000;12,666667;10,500000
643;19,000000;8,000000;0,421053;3,250000;3,000000;3,250000;3,000000
644;17,000000;16,000000;0,941176;11,500000;7,500000;11,500000;7,500000
645;19,000000;15,000000;0,789474;20,000000;19,000000;20,000000;19,000000
646;24,000000;11,000000;0,458333;20,181818;20,000000;20,181818;20,000000
647;15,000000;14,000000;0,933333;11,000000;7,000000;11,000000;7,000000
648;21,000000;20,000000;0,952381;16,800000;14,500000;16,800000;14,500000
649;15,000000;13,000000;0,866667;7,769231;6,000000;7,769231;6,000000
650;16,000000;13,000000;0,812500;15,230769;15,000000;15,230769;15,000000
651;20,000000;5,000000;0,250000;6,800000;7,000000;6,800000;7,000000
652;15,000000;15,000000;1,000000;6,200000;4,000000;6,200000;4,000000
653;21,000000;14,000000;0,666667;9,214286;7,500000;9,214286;7,500000
654;20,000000;19,000000;0,950000;25,894737;23,000000;25,894737;23,000000
655;20,000000;18,000000;0,900000;18,777778;16,000000;18,777778;16,000000
656;22,000000;18,000000;0,818182;13,055556;10,500000;13,055556;10,500000
657;21,000000;18,000000;0,857143;8,888889;8,500000;8,888889;8,500000
658;19,000000;11,000000;0,578947;3,000000;1,000000;3,000000;1,000000
659;29,000000;3,000000;0,103448;5,333333;4,000000;5,333333;4,000000
660;19,000000;15,000000;0,789474;16,133333;14,000000;16,133333;14,000000
661;26,000000;21,000000;0,807692;26,523810;29,000000;26,523810;29,000000
662;20,000000;5,000000;0,250000;13,200000;13,000000;13,200000;13,000000
663;19,000000;13,000000;0,684211;6,769231;4,000000;6,769231;4,000000
664;15,000000;11,000000;0,733333;6,181818;6,000000;6,181818;6,000000
665;20,000000;20,000000;1,000000;17,000000;13,500000;17,000000;13,500000
666;23,000000;16,000000;0,695652;9,062500;9,000000;9,062500;9,000000
667;17,000000;14,000000;0,823529;5,428571;5,000000;5,428571;5,000000
668;13,000000;9,000000;0,692308;10,666667;8,000000;10,666667;8,000000
669;20,000000;17,000000;0,850000;16,235294;16,000000;16,235294;16,000000
670;19,000000;19,000000;1,000000;15,894737;13,000000;15,894737;13,000000
671;18,000000;16,000000;0,888889;13,312500;9,000000;13,312500;9,000000
672;18,000000;10,000000;0,555556;7,600000;6,000000;7,600000;6,000000
673;23,000000;21,000000;0,913043;12,523810;10,000000;12,523810;10,000000
674;20,000000;1,000000;0,050000;3,000000;3,000000;3,000000;3,000000
675;17,000000;15,000000;0,882353;8,533333;7,000000;8,533333;7,000000
676;18,000000;12,000000;0,666667;17,500000;16,000000;17,500000;16,000000
677;14,000000;8,000000;0,571429;7,000000;7,000000;7,000000;7,000000
678;26,000000;0,000000;0,000000;;;;
679;19,000000;9,000000;0,473684;12,444444;15,000000;12,444444;15,000000
680;20,000000;10,000000;0,500000;9,800000;8,500000;9,800000;8,500000
681;20,000000;20,000000;1,000000;11,850000;8,500000;11,850000;8,500000
682;21,000000;18,000000;0,857143;17,555556;14,500000;17,555556;14,500000
683;20,000000;17,000000;0,850000;8,647059;7,000000;8,647059;7,000000
684;24,000000;2,000000;0,083333;2,000000;2,000000;2,000000;2,000000
685;21,000000;17,000000;0,809524;8,705882;6,000000;8,705882;6,000000
686;21,000000;11,000000;0,523810;6,363636;6,000000;6,363636;6,000000
687;19,000000;7,000000;0,368421;11,285714;11,000000;11,285714;11,000000
688;19,000000;16,000000;0,842105;4,125000;5,000000;4,125000;5,000000
689;14,000000;3,000000;0,214286;2,666667;1,000000;2,666667;1,000000
690;20,000000;14,000000;0,700000;7,357143;7,500000;7,357143;7,500000
691;15,000000;13,000000;0,866667;9,461538;8,000000;9,461538;8,000000
692;19,000000;6,000000;0,315789;4,500000;4,000000;4,500000;4,000000
693;18,000000;16,000000;0,888889;11,562500;10,500000;11,562500;10,500000
694;16,000000;14,000000;0,875000;13,285714;12,000000;13,285714;12,000000
695;23,000000;2,000000;0,086957;3,500000;3,500000;3,500000;3,500000
696;19,000000;16,000000;0,842105;13,375000;10,500000;13,375000;10,500000
697;14,000000;11,000000;0,785714;5,090909;4,000000;5,090909;4,000000
698;24,000000;24,000000;1,000000;40,916667;42,000000;40,916667;42,000000
699;19,000000;14,000000;0,736842;13,928571;12,500000;13,928571;12,500000
700;20,000000;18,000000;0,900000;10,777778;8,500000;10,777778;8,500000
701;18,000000;18,000000;1,000000;16,444444;16,500000;16,444444;16,500000
702;19,000000;18,000000;0,947368;10,055556;8,000000;10,055556;8,000000
703;15,000000;15,000000;1,000000;16,800000;13,000000;16,800000;13,000000
704;20,000000;14,000000;0,700000;9,785714;8,500000;9,785714;8,500000
705;17,000000;17,000000;1,000000;13,058824;15,000000;13,058824;15,000000
706;22,000000;20,000000;0,909091;8,400000;6,500000;8,400000;6,500000
707;21,000000;19,000000;0,904762;9,421053;8,000000;9,421053;8,000000
708;21,000000;16,000000;0,761905;8,875000;8,000000;8,875000;8,000000
709;15,000000;12,000000;0,800000;9,000000;8,500000;9,000000;8,500000
710;18,000000;16,000000;0,888889;23,250000;22,000000;23,250000;22,000000
711;22,000000;8,000000;0,363636;12,250000;10,000000;12,250000;10,000000
712;20,000000;19,000000;0,950000;9,210526;7,000000;9,210526;7,000000
713;17,000000;14,000000;0,823529;11,785714;9,000000;11,785714;9,000000
714;20,000000;17,000000;0,850000;12,705882;11,000000;12,705882;11,000000
715;18,000000;17,000000;0,944444;7,058824;5,000000;7,058824;5,000000
716;19,000000;17,000000;0,894737;14,058824;11,000000;14,058824;11,000000
717;18,000000;17,000000;0,944444;18,058824;19,000000;18,058824;19,000000
718;16,000000;14,000000;0,875000;7,285714;6,500000;7,285714;6,500000
719;18,000000;14,000000;0,777778;7,000000;6,000000;7,000000;6,000000
720;11,000000;8,000000;0,727273;3,625000;3,000000;3,625000;3,000000
721;20,000000;6,000000;0,300000;4,166667;3,000000;4,166667;3,000000
722;19,000000;17,000000;0,894737;9,352941;6,000000;9,352941;6,000000
723;24,000000;9,000000;0,375000;18,111111;16,000000;18,111111;16,000000
724;20,000000;10,000000;0,500000;5,100000;4,000000;5,100000;4,000000
725;16,000000;14,000000;0,875000;14,571429;16,000000;14,571429;16,000000
726;20,000000;12,000000;0,600000;9,750000;7,000000;9,750000;7,000000
727;19,000000;14,000000;0,736842;7,071429;5,500000;7,071429;5,500000
728;21,000000;18,000000;0,857143;8,166667;7,000000;8,166667;7,000000
729;18,000000;15,000000;0,833333;28,133333;32,000000;28,133333;32,000000
730;23,000000;13,000000;0,565217;8,384615;7,000000;8,384615;7,000000
731;18,000000;10,000000;0,555556;5,500000;4,000000;5,500000;4,000000
732;21,000000;19,000000;0,904762;21,684211;18,000000;21,684211;18,000000
733;14,000000;14,000000;1,000000;9,357143;4,000000;9,357143;4,000000
734;22,000000;3,000000;0,136364;4,000000;4,000000;4,000000;4,000000
735;15,000000;15,000000;1,000000;9,533333;8,000000;9,533333;8,000000
736;19,000000;18,000000;0,947368;12,166667;7,500000;12,166667;7,500000
737;28,000000;13,000000;0,464286;21,307692;21,000000;21,307692;21,000000
738;20,000000;5,000000;0,250000;5,600000;6,000000;5,600000;6,000000
739;18,000000;14,000000;0,777778;7,928571;6,000000;7,928571;6,000000
740;19,000000;14,000000;0,736842;8,642857;8,000000;8,642857;8,000000
741;19,000000;19,000000;1,000000;11,315789;9,000000;11,315789;9,000000
742;20,000000;20,000000;1,000000;28,750000;29,000000;28,750000;29,000000
743;20,000000;18,000000;0,900000;20,111111;19,500000;20,111111;19,500000
744;20,000000;15,000000;0,750000;7,333333;6,000000;7,333333;6,000000
745;19,000000;18,000000;0,947368;11,722222;8,500000;11,722222;8,500000
746;19,000000;17,000000;0,894737;17,352941;18,000000;17,352941;18,000000
747;25,000000;10,000000;0,400000;18,300000;17,500000;18,300000;17,500000
748;22,000000;17,000000;0,772727;11,294118;11,000000;11,294118;11,000000
749;19,000000;18,000000;0,947368;9,000000;7,500000;9,000000;7,500000
750;20,000000;19,000000;0,950000;9,263158;8,000000;9,263158;8,000000
751;21,000000;18,000000;0,857143;16,833333;13,000000;16,833333;13,000000
752;23,000000;15,000000;0,652174;9,066667;9,000000;9,066667;9,000000
753;17,000000;17,000000;1,000000;11,823529;11,000000;11,823529;11,000000
754;21,000000;16,000000;0,761905;18,875000;18,000000;18,875000;18,000000
755;15,000000;14,000000;0,933333;6,428571;6,500000;6,428571;6,500000
756;19,000000;11,000000;0,578947;5,000000;5,000000;5,000000;5,000000
757;21,000000;18,000000;0,857143;9,888889;9,000000;9,888889;9,000000
758;23,000000;22,000000;0,956522;10,045455;9,500000;10,045455;9,500000
759;21,000000;18,000000;0,857143;11,777778;9,500000;11,777778;9,500000
760;15,000000;12,000000;0,800000;6,083333;4,500000;6,083333;4,500000
761;23,000000;15,000000;0,652174;22,400000;24,000000;22,400000;24,000000
762;22,000000;13,000000;0,590909;10,153846;10,000000;10,153846;10,000000
763;20,000000;13,000000;0,650000;8,538462;8,000000;8,538462;8,000000
764;25,000000;14,000000;0,560000;18,071429;15,500000;18,071429;15,500000
765;19,000000;7,000000;0,368421;8,142857;5,000000;8,142857;5,000000
766;24,000000;4,000000;0,166667;4,000000;4,000000;4,000000;4,000000
767;18,000000;14,000000;0,777778;10,214286;7,000000;10,214286;7,000000
768;21,000000;21,000000;1,000000;8,619048;7,000000;8,619048;7,000000
769;20,000000;17,000000;0,850000;12,823529;11,000000;12,823529;11,000000
770;22,000000;15,000000;0,681818;10,733333;6,000000;10,733333;6,000000
771;18,000000;18,000000;1,000000;14,444444;13,000000;14,444444;13,000000
772;18,000000;16,000000;0,888889;10,625000;7,500000;10,625000;7,500000
773;19,000000;16,000000;0,842105;9,812500;8,000000;9,812500;8,000000
774;15,000000;15,000000;1,000000;7,066667;6,000000;7,066667;6,000000
775;17,000000;9,000000;0,529412;6,111111;6,000000;6,111111;6,000000
776;19,000000;18,000000;0,947368;9,111111;8,000000;9,111111;8,000000
777;16,000000;12,000000;0,750000;27,500000;28,000000;27,500000;28,000000
778;15,000000;15,000000;1,000000;7,666667;7,000000;7,666667;7,000000
779;20,000000;19,000000;0,950000;21,368421;21,000000;21,368421;21,000000
780;17,000000;15,000000;0,882353;12,066667;7,000000;12,066667;7,000000
781;19,000000;12,000000;0,631579;10,750000;7,000000;10,750000;7,000000
782;21,000000;17,000000;0,809524;14,411765;14,000000;14,411765;14,000000
783;22,000000;14,000000;0,636364;14,642857;13,000000;14,642857;13,000000
784;23,000000;20,000000;0,869565;8,700000;8,000000;8,700000;8,000000
785;22,000000;16,000000;0,727273;16,437500;14,000000;16,437500;14,000000
786;18,000000;16,000000;0,888889;18,875000;18,500000;18,875000;18,500000
787;18,000000;8,000000;0,444444;3,375000;2,000000;3,375000;2,000000
788;20,000000;20,000000;1,000000;15,250000;13,500000;15,250000;13,500000
789;15,000000;12,000000;0,800000;6,916667;4,000000;6,916667;4,000000
790;18,000000;13,000000;0,722222;7,384615;5,000000;7,384615;5,000000
791;21,000000;10,000000;0,476190;6,500000;5,500000;6,500000;5,500000
792;21,000000;19,000000;0,904762;33,894737;32,000000;33,894737;32,000000
793;16,000000;9,000000;0,562500;14,444444;15,000000;14,444444;15,000000
794;16,000000;13,000000;0,812500;9,538462;10,000000;9,538462;10,000000
795;24,000000;13,000000;0,541667;26,923077;26,000000;26,923077;26,000000
796;13,000000;13,000000;1,000000;9,153846;7,000000;9,153846;7,000000
797;15,000000;15,000000;1,000000;7,466667;6,000000;7,466667;6,000000
798;19,000000;15,000000;0,789474;13,800000;14,000000;13,800000;14,000000
799;17,000000;14,000000;0,823529;18,214286;15,000000;18,214286;15,000000
800;24,000000;8,000000;0,333333;13,375000;14,500000;13,375000;14,500000
801;26,000000;2,000000;0,076923;4,000000;4,000000;4,000000;4,000000
802;19,000000;10,000000;0,526316;8,900000;7,000000;8,900000;7,000000
803;22,000000;21,000000;0,954545;39,142857;39,000000;39,142857;39,000000
804;17,000000;8,000000;0,470588;5,125000;4,500000;5,125000;4,500000
805;18,000000;15,000000;0,833333;17,066667;13,000000;17,066667;13,000000
806;18,000000;16,000000;0,888889;18,437500;17,500000;18,437500;17,500000
807;18,000000;17,000000;0,944444;13,764706;10,000000;13,764706;10,000000
808;21,000000;12,000000;0,571429;7,250000;6,000000;7,250000;6,000000
809;18,000000;17,000000;0,944444;13,823529;11,000000;13,823529;11,000000
810;20,000000;20,000000;1,000000;13,450000;11,000000;13,450000;11,000000
811;17,000000;11,000000;0,647059;12,454545;12,000000;12,454545;12,000000
812;26,000000;10,000000;0,384615;7,600000;6,000000;7,600000;6,000000
813;17,000000;15,000000;0,882353;5,666667;4,000000;5,666667;4,000000
814;22,000000;12,000000;0,545455;10,250000;10,000000;10,250000;10,000000
815;11,000000;10,000000;0,909091;4,900000;2,000000;4,900000;2,000000
816;20,000000;12,000000;0,600000;20,000000;18,500000;20,000000;18,500000
817;18,000000;16,000000;0,888889;12,687500;11,500000;12,687500;11,500000
818;24,000000;2,000000;0,083333;5,500000;5,500000;5,500000;5,500000
819;23,000000;3,000000;0,130435;5,333333;6,000000;5,333333;6,000000
820;19,000000;13,000000;0,684211;7,076923;5,000000;7,076923;5,000000
821;18,000000;15,000000;0,833333;11,733333;8,000000;11,733333;8,000000
822;18,000000;12,000000;0,666667;14,333333;13,500000;14,333333;13,500000
823;19,000000;15,000000;0,789474;13,333333;13,000000;13,333333;13,000000
824;23,000000;21,000000;0,913043;17,000000;11,000000;17,000000;11,000000
825;17,000000;17,000000;1,000000;10,647059;8,000000;10,647059;8,000000
826;22,000000;10,000000;0,454545;16,500000;16,000000;16,500000;16,000000
827;21,000000;11,000000;0,523810;14,090909;13,000000;14,090909;13,000000
828;18,000000;16,000000;0,888889;10,187500;10,000000;10,187500;10,000000
829;22,000000;0,000000;0,000000;;;;
830;14,000000;14,000000;1,000000;4,714286;4,000000;4,714286;4,000000
831;18,000000;12,000000;0,666667;7,250000;6,000000;7,250000;6,000000
832;19,000000;17,000000;0,894737;6,470588;5,000000;6,470588;5,000000
833;18,000000;15,000000;0,833333;8,200000;8,000000;8,200000;8,000000
834;20,000000;20,000000;1,000000;11,050000;9,500000;11,050000;9,500000
835;17,000000;16,000000;0,941176;4,875000;4,000000;4,875000;4,000000
836;18,000000;10,000000;0,555556;4,900000;2,000000;4,900000;2,000000
837;22,000000;6,000000;0,272727;2,333333;2,000000;2,333333;2,000000
838;15,000000;15,000000;1,000000;13,466667;11,000000;13,466667;11,000000
839;19,000000;11,000000;0,578947;12,272727;12,000000;12,272727;12,000000
840;23,000000;7,000000;0,304348;4,428571;3,000000;4,428571;3,000000
841;20,000000;17,000000;0,850000;30,647059;26,000000;30,647059;26,000000
842;23,000000;21,000000;0,913043;31,428571;28,000000;31,428571;28,000000
843;14,000000;11,000000;0,785714;6,727273;5,000000;6,727273;5,000000
844;18,000000;10,000000;0,555556;6,900000;5,500000;6,900000;5,500000
845;18,000000;10,000000;0,555556;8,300000;8,500000;8,300000;8,500000
846;26,000000;3,000000;0,115385;4,000000;4,000000;4,000000;4,000000
847;18,000000;16,000000;0,888889;8,500000;6,000000;8,500000;6,000000
848;18,000000;15,000000;0,833333;7,000000;6,000000;7,000000;6,000000
849;20,000000;18,000000;0,900000;10,500000;7,000000;10,500000;7,000000
850;14,000000;6,000000;0,428571;3,166667;2,500000;3,166667;2,500000
851;23,000000;20,000000;0,869565;15,450000;11,500000;15,450000;11,500000
852;16,000000;16,000000;1,000000;6,375000;5,000000;6,375000;5,000000
853;19,000000;11,000000;0,578947;23,272727;26,000000;23,272727;26,000000
854;22,000000;13,000000;0,590909;13,461538;9,000000;13,461538;9,000000
855;18,000000;17,000000;0,944444;16,058824;11,000000;16,058824;11,000000
856;22,000000;4,000000;0,181818;2,500000;2,500000;2,500000;2,500000
857;19,000000;10,000000;0,526316;13,300000;12,000000;13,300000;12,000000
858;20,000000;14,000000;0,700000;16,571429;14,000000;16,571429;14,000000
859;18,000000;14,000000;0,777778;6,928571;5,000000;6,928571;5,000000
860;24,000000;17,000000;0,708333;20,705882;19,000000;20,705882;19,000000
861;16,000000;14,000000;0,875000;11,071429;8,000000;11,071429;8,000000
862;17,000000;13,000000;0,764706;26,153846;21,000000;26,153846;21,000000
863;22,000000;14,000000;0,636364;12,642857;10,500000;12,642857;10,500000
864;21,000000;17,000000;0,809524;25,000000;23,000000;25,000000;23,000000
865;13,000000;12,000000;0,923077;7,916667;8,000000;7,916667;8,000000
866;18,000000;17,000000;0,944444;8,176471;7,000000;8,176471;7,000000
867;25,000000;9,000000;0,360000;14,666667;15,000000;14,666667;15,000000
868;25,000000;5,000000;0,200000;6,000000;6,000000;6,000000;6,000000
869;23,000000;13,000000;0,565217;23,615385;26,000000;23,615385;26,000000
870;23,000000;19,000000;0,826087;17,578947;18,000000;17,578947;18,000000
871;16,000000;9,000000;0,562500;8,777778;5,000000;8,777778;5,000000
872;21,000000;18,000000;0,857143;16,333333;12,500000;16,333333;12,500000
873;19,000000;16,000000;0,842105;11,187500;9,000000;11,187500;9,000000
874;17,000000;15,000000;0,882353;11,600000;11,000000;11,600000;11,000000
875;27,000000;13,000000;0,481481;19,692308;21,000000;19,692308;21,000000
876;17,000000;11,000000;0,647059;10,454545;8,000000;10,454545;8,000000
877;17,000000;12,000000;0,705882;7,500000;7,000000;7,500000;7,000000
878;23,000000;4,000000;0,173913;5,500000;4,000000;5,500000;4,000000
879;24,000000;18,000000;0,750000;19,500000;18,500000;19,500000;18,500000
880;12,000000;6,000000;0,500000;3,833333;3,000000;3,833333;3,000000
881;20,000000;13,000000;0,650000;9,769231;8,000000;9,769231;8,000000
882;24,000000;0,000000;0,000000;;;;
883;27,000000;5,000000;0,185185;8,000000;9,000000;8,000000;9,000000
884;15,000000;8,000000;0,533333;1,750000;1,000000;1,750000;1,000000
885;20,000000;11,000000;0,550000;22,090909;21,000000;22,090909;21,000000
886;24,000000;0,000000;0,000000;;;;
887;22,000000;21,000000;0,954545;12,952381;12,000000;12,952381;12,000000
888;25,000000;15,000000;0,600000;12,200000;12,000000;12,200000;12,000000
889;20,000000;19,000000;0,950000;26,789474;25,000000;26,789474;25,000000
890;20,000000;16,000000;0,800000;13,625000;10,000000;13,625000;10,000000
891;19,000000;18,000000;0,947368;9,444444;7,000000;9,444444;7,000000
892;19,000000;6,000000;0,315789;10,166667;9,500000;10,166667;9,500000
893;26,000000;19,000000;0,730769;31,210526;29,000000;31,210526;29,000000
894;22,000000;19,000000;0,863636;31,894737;32,000000;31,894737;32,000000
895;24,000000;7,000000;0,291667;7,142857;7,000000;7,142857;7,000000
896;22,000000;20,000000;0,909091;24,400000;19,000000;24,400000;19,000000
897;19,000000;6,000000;0,315789;6,500000;4,000000;6,500000;4,000000
898;24,000000;22,000000;0,916667;17,909091;17,000000;17,909091;17,000000
899;17,000000;17,000000;1,000000;10,058824;7,000000;10,058824;7,000000
900;24,000000;10,000000;0,416667;5,900000;5,000000;5,900000;5,000000
901;22,000000;12,000000;0,545455;13,166667;11,500000;13,166667;11,500000
902;21,000000;19,000000;0,904762;19,789474;15,000000;19,789474;15,000000
903;27,000000;2,000000;0,074074;2,500000;2,500000;2,500000;2,500000
904;24,000000;20,000000;0,833333;18,850000;18,500000;18,850000;18,500000
905;13,000000;13,000000;1,000000;4,692308;3,000000;4,692308;3,000000
906;21,000000;20,000000;0,952381;12,450000;11,000000;12,450000;11,000000
907;18,000000;18,000000;1,000000;5,944444;6,000000;5,944444;6,000000
908;13,000000;10,000000;0,769231;4,900000;4,500000;4,900000;4,500000
909;20,000000;17,000000;0,850000;24,000000;24,000000;24,000000;24,000000
910;18,000000;17,000000;0,944444;6,000000;6,000000;6,000000;6,000000
911;18,000000;18,000000;1,000000;23,111111;23,000000;23,111111;23,000000
912;19,000000;19,000000;1,000000;23,052632;23,000000;23,052632;23,000000
913;21,000000;9,000000;0,428571;10,444444;8,000000;10,444444;8,000000
914;16,000000;15,000000;0,937500;9,400000;7,000000;9,400000;7,000000
915;26,000000;11,000000;0,423077;18,090909;18,000000;18,090909;18,000000
916;17,000000;17,000000;1,000000;13,294118;9,000000;13,294118;9,000000
917;17,000000;15,000000;0,882353;4,933333;3,000000;4,933333;3,000000
918;15,000000;15,000000;1,000000;15,800000;10,000000;15,800000;10,000000
919;21,000000;14,000000;0,666667;16,928571;13,500000;16,928571;13,500000
920;21,000000;6,000000;0,285714;5,833333;4,500000;5,833333;4,500000
921;16,000000;14,000000;0,875000;4,642857;4,000000;4,642857;4,000000
922;18,000000;18,000000;1,000000;12,777778;9,000000;12,777778;9,000000
923;14,000000;11,000000;0,785714;3,545455;3,000000;3,545455;3,000000
924;18,000000;12,000000;0,666667;13,500000;12,000000;13,500000;12,000000
925;19,000000;12,000000;0,631579;9,166667;8,500000;9,166667;8,500000
926;17,000000;11,000000;0,647059;7,636364;7,000000;7,636364;7,000000
927;20,000000;17,000000;0,850000;19,176471;18,000000;19,176471;18,000000
928;19,000000;16,000000;0,842105;15,375000;13,500000;15,375000;13,500000
929;16,000000;15,000000;0,937500;5,266667;3,000000;5,266667;3,000000
930;23,000000;11,000000;0,478261;23,363636;22,000000;23,363636;22,000000
931;19,000000;18,000000;0,947368;12,277778;10,000000;12,277778;10,000000
932;20,000000;17,000000;0,850000;5,882353;5,000000;5,882353;5,000000
933;20,000000;17,000000;0,850000;10,882353;10,000000;10,882353;10,000000
934;25,000000;9,000000;0,360000;16,555556;16,000000;16,555556;16,000000
935;16,000000;15,000000;0,937500;10,866667;7,000000;10,866667;7,000000
936;24,000000;18,000000;0,750000;16,055556;13,000000;16,055556;13,000000
937;18,000000;14,000000;0,777778;13,214286;10,000000;13,214286;10,000000
938;22,000000;16,000000;0,727273;14,750000;11,500000;14,750000;11,500000
939;21,000000;20,000000;0,952381;40,400000;40,000000;40,400000;40,000000
940;16,000000;12,000000;0,750000;8,166667;6,500000;8,166667;6,500000
941;22,000000;15,000000;0,681818;14,400000;14,000000;14,400000;14,000000
942;18,000000;15,000000;0,833333;12,200000;11,000000;12,200000;11,000000
943;23,000000;16,000000;0,695652;9,312500;7,500000;9,312500;7,500000
944;22,000000;14,000000;0,636364;27,071429;28,000000;27,071429;28,000000
945;19,000000;17,000000;0,894737;14,411765;12,000000;14,411765;12,000000
946;19,000000;14,000000;0,736842;8,000000;7,000000;8,000000;7,000000
947;20,000000;20,000000;1,000000;9,600000;6,500000;9,600000;6,500000
948;15,000000;13,000000;0,866667;6,846154;4,000000;6,846154;4,000000
949;27,000000;27,000000;1,000000;39,000000;38,000000;39,000000;38,000000
950;15,000000;13,000000;0,866667;6,076923;7,000000;6,076923;7,000000
951;16,000000;12,000000;0,750000;10,833333;11,500000;10,833333;11,500000
952;23,000000;21,000000;0,913043;14,571429;15,000000;14,571429;15,000000
953;21,000000;20,000000;0,952381;17,600000;14,500000;17,600000;14,500000
954;15,000000;14,000000;0,933333;17,500000;16,500000;17,500000;16,500000
955;22,000000;20,000000;0,909091;15,150000;11,000000;15,150000;11,000000
956;26,000000;1,000000;0,038462;1,000000;1,000000;1,000000;1,000000
957;18,000000;18,000000;1,000000;12,944444;12,500000;12,944444;12,500000
958;18,000000;14,000000;0,777778;8,285714;6,500000;8,285714;6,500000
959;24,000000;18,000000;0,750000;9,277778;9,000000;9,277778;9,000000
960;15,000000;15,000000;1,000000;7,466667;7,000000;7,466667;7,000000
961;24,000000;23,000000;0,958333;22,260870;20,000000;22,260870;20,000000
962;17,000000;14,000000;0,823529;16,428571;16,000000;16,428571;16,000000
963;20,000000;19,000000;0,950000;24,263158;21,000000;24,263158;21,000000
964;22,000000;20,000000;0,909091;19,500000;19,500000;19,500000;19,500000
965;24,000000;24,000000;1,000000;21,708333;17,500000;21,708333;17,500000
966;21,000000;15,000000;0,714286;14,733333;11,000000;14,733333;11,000000
967;23,000000;23,000000;1,000000;11,043478;7,000000;11,043478;7,000000
968;22,000000;19,000000;0,863636;17,210526;17,000000;17,210526;17,000000
969;24,000000;6,000000;0,250000;8,500000;8,500000;8,500000;8,500000
970;18,000000;18,000000;1,000000;43,444444;43,000000;43,444444;43,000000
971;16,000000;14,000000;0,875000;11,357143;9,000000;11,357143;9,000000
972;20,000000;15,000000;0,750000;12,466667;13,000000;12,466667;13,000000
973;21,000000;20,000000;0,952381;41,350000;43,500000;41,350000;43,500000
974;19,000000;15,000000;0,789474;8,533333;7,000000;8,533333;7,000000
975;21,000000;16,000000;0,761905;15,125000;15,500000;15,125000;15,500000
976;14,000000;12,000000;0,857143;2,750000;2,000000;2,750000;2,000000
977;22,000000;18,000000;0,818182;15,444444;11,500000;15,444444;11,500000
978;17,000000;13,000000;0,764706;6,769231;7,000000;6,769231;7,000000
979;15,000000;12,000000;0,800000;10,750000;7,000000;10,750000;7,000000
980;19,000000;6,000000;0,315789;3,833333;3,500000;3,833333;3,500000
981;18,000000;12,000000;0,666667;10,416667;9,000000;10,416667;9,000000
982;17,000000;17,000000;1,000000;7,705882;8,000000;7,705882;8,000000
983;12,000000;12,000000;1,000000;4,083333;3,000000;4,083333;3,000000
984;19,000000;9,000000;0,473684;6,111111;7,000000;6,111111;7,000000
985;17,000000;15,000000;0,882353;21,800000;19,000000;21,800000;19,000000
986;22,000000;10,000000;0,454545;5,600000;5,000000;5,600000;5,000000
987;21,000000;19,000000;0,904762;32,263158;33,000000;32,263158;33,000000
988;21,000000;16,000000;0,761905;9,937500;10,500000;9,937500;10,500000
989;18,000000;11,000000;0,611111;19,636364;19,000000;19,636364;19,000000
990;21,000000;19,000000;0,904762;13,052632;12,000000;13,052632;12,000000
991;17,000000;16,000000;0,941176;7,687500;7,000000;7,687500;7,000000
992;20,000000;16,000000;0,800000;12,625000;12,000000;12,625000;12,000000
993;18,000000;16,000000;0,888889;11,000000;10,000000;11,000000;10,000000
994;21,000000;3,000000;0,142857;5,666667;7,000000;5,666667;7,000000
995;26,000000;0,000000;0,000000;;;;
996;24,000000;21,000000;0,875000;11,571429;10,000000;11,571429;10,000000
997;15,000000;15,000000;1,000000;5,933333;5,000000;5,933333;5,000000
998;17,000000;16,000000;0,941176;9,125000;7,500000;9,125000;7,500000
999;19,000000;11,000000;0,578947;10,545455;11,000000;10,545455;11,000000
1000;14,000000;14,000000;1,000000;6,071429;6,000000;6,071429;6,000000
1001;17,000000;15,000000;0,882353;12,866667;7,000000;12,866667;7,000000
1002;16,000000;15,000000;0,937500;11,200000;7,000000;11,200000;7,000000
1003;22,000000;7,000000;0,318182;9,714286;9,000000;9,714286;9,000000
1004;18,000000;17,000000;0,944444;7,294118;7,000000;7,294118;7,000000
1005;23,000000;0,000000;0,000000;;;;
1006;23,000000;22,000000;0,956522;16,818182;14,500000;16,818182;14,500000
1007;13,000000;7,000000;0,538462;3,000000;2,000000;3,000000;2,000000
1008;17,000000;15,000000;0,882353;11,133333;11,000000;11,133333;11,000000
1009;20,000000;13,000000;0,650000;10,307692;11,000000;10,307692;11,000000
1010;15,000000;9,000000;0,600000;2,888889;2,000000;2,888889;2,000000
1011;21,000000;13,000000;0,619048;10,692308;11,000000;10,692308;11,000000
1012;18,000000;17,000000;0,944444;7,176471;5,000000;7,176471;5,000000
1013;20,000000;18,000000;0,900000;29,722222;28,500000;29,722222;28,500000
1014;25,000000;4,000000;0,160000;5,250000;5,000000;5,250000;5,000000
1015;20,000000;19,000000;0,950000;20,000000;20,000000;20,000000;20,000000
1016;18,000000;17,000000;0,944444;6,000000;5,000000;6,000000;5,000000
1017;15,000000;14,000000;0,933333;10,785714;7,500000;10,785714;7,500000
1018;19,000000;15,000000;0,789474;10,200000;9,000000;10,200000;9,000000
1019;19,000000;9,000000;0,473684;12,333333;9,000000;12,333333;9,000000
1020;18,000000;15,000000;0,833333;5,066667;4,000000;5,066667;4,000000
1021;14,000000;13,000000;0,928571;7,538462;5,000000;7,538462;5,000000
1022;19,000000;13,000000;0,684211;4,769231;3,000000;4,769231;3,000000
1023;15,000000;11,000000;0,733333;8,000000;5,000000;8,000000;5,000000
1024;16,000000;14,000000;0,875000;9,571429;7,500000;9,571429;7,500000
1025;20,000000;20,000000;1,000000;12,350000;12,000000;12,350000;12,000000
1026;16,000000;15,000000;0,937500;9,800000;6,000000;9,800000;6,000000
1027;20,000000;20,000000;1,000000;16,200000;11,500000;16,200000;11,500000
1028;15,000000;13,000000;0,866667;4,692308;3,000000;4,692308;3,000000
1029;25,000000;18,000000;0,720000;9,222222;9,000000;9,222222;9,000000
1030;17,000000;13,000000;0,764706;7,307692;6,000000;7,307692;6,000000
1031;21,000000;0,000000;0,000000;;;;
1032;19,000000;19,000000;1,000000;9,473684;8,000000;9,473684;8,000000
1033;20,000000;10,000000;0,500000;15,700000;15,500000;15,700000;15,500000
1034;25,000000;10,000000;0,400000;20,400000;20,000000;20,400000;20,000000
1035;18,000000;13,000000;0,722222;10,923077;9,000000;10,923077;9,000000
1036;22,000000;20,000000;0,909091;15,950000;15,000000;15,950000;15,000000
1037;22,000000;20,000000;0,909091;23,700000;19,500000;23,700000;19,500000
1038;17,000000;17,000000;1,000000;9,588235;6,000000;9,588235;6,000000
1039;26,000000;23,000000;0,884615;26,043478;28,000000;26,043478;28,000000
1040;18,000000;11,000000;0,611111;6,363636;5,000000;6,363636;5,000000
1041;18,000000;14,000000;0,777778;8,142857;5,500000;8,142857;5,500000
1042;22,000000;16,000000;0,727273;10,250000;10,000000;10,250000;10,000000
1043;20,000000;14,000000;0,700000;22,642857;24,000000;22,642857;24,000000
1044;15,000000;11,000000;0,733333;4,636364;5,000000;4,636364;5,000000
1045;23,000000;0,000000;0,000000;;;;
1046;19,000000;15,000000;0,789474;6,533333;5,000000;6,533333;5,000000
1047;20,000000;12,000000;0,600000;7,166667;6,500000;7,166667;6,500000
1048;25,000000;25,000000;1,000000;10,360000;10,000000;10,360000;10,000000
1049;16,000000;13,000000;0,812500;5,000000;4,000000;5,000000;4,000000
1050;20,000000;18,000000;0,900000;8,111111;5,000000;8,111111;5,000000
1051;20,000000;13,000000;0,650000;11,538462;7,000000;11,538462;7,000000
1052;21,000000;12,000000;0,571429;6,000000;5,000000;6,000000;5,000000
1053;17,000000;17,000000;1,000000;16,117647;15,000000;16,117647;15,000000
1054;18,000000;13,000000;0,722222;14,384615;9,000000;14,384615;9,000000
1055;19,000000;10,000000;0,526316;10,500000;7,500000;10,500000;7,500000
1056;19,000000;16,000000;0,842105;20,250000;19,500000;20,250000;19,500000
1057;22,000000;21,000000;0,954545;11,714286;10,000000;11,714286;10,000000
1058;22,000000;8,000000;0,363636;8,375000;7,000000;8,375000;7,000000
1059;15,000000;12,000000;0,800000;6,750000;5,000000;6,750000;5,000000
1060;18,000000;15,000000;0,833333;19,000000;17,000000;19,000000;17,000000
1061;19,000000;16,000000;0,842105;18,062500;18,000000;18,062500;18,000000
1062;22,000000;16,000000;0,727273;23,562500;23,000000;23,562500;23,000000
1063;15,000000;10,000000;0,666667;2,800000;1,000000;2,800000;1,000000
1064;22,000000;12,000000;0,545455;12,750000;10,000000;12,750000;10,000000
1065;19,000000;19,000000;1,000000;15,263158;15,000000;15,263158;15,000000
1066;13,000000;12,000000;0,923077;3,666667;3,000000;3,666667;3,000000
1067;21,000000;9,000000;0,428571;18,333333;18,000000;18,333333;18,000000
1068;18,000000;16,000000;0,888889;14,750000;13,000000;14,750000;13,000000
1069;20,000000;9,000000;0,450000;18,666667;19,000000;18,666667;19,000000
1070;19,000000;18,000000;0,947368;10,277778;7,000000;10,277778;7,000000
1071;17,000000;16,000000;0,941176;19,875000;15,000000;19,875000;15,000000
1072;16,000000;16,000000;1,000000;6,812500;5,500000;6,812500;5,500000
1073;18,000000;17,000000;0,944444;18,411765;19,000000;18,411765;19,000000
1074;18,000000;18,000000;1,000000;8,611111;7,000000;8,611111;7,000000
1075;21,000000;18,000000;0,857143;6,944444;6,000000;6,944444;6,000000
1076;14,000000;14,000000;1,000000;5,428571;5,000000;5,428571;5,000000
1077;17,000000;17,000000;1,000000;13,176471;11,000000;13,176471;11,000000
1078;23,000000;16,000000;0,695652;14,125000;10,000000;14,125000;10,000000
1079;18,000000;17,000000;0,944444;11,823529;11,000000;11,823529;11,000000
1080;18,000000;13,000000;0,722222;18,076923;16,000000;18,076923;16,000000
1081;18,000000;12,000000;0,666667;6,333333;6,000000;6,333333;6,000000
1082;15,000000;12,000000;0,800000;4,333333;2,500000;4,333333;2,500000
1083;9,000000;9,000000;1,000000;2,888889;1,000000;2,888889;1,000000
1084;19,000000;16,000000;0,842105;8,750000;6,000000;8,750000;6,000000
1085;24,000000;23,000000;0,958333;41,652174;42,000000;41,652174;42,000000
1086;22,000000;14,000000;0,636364;13,857143;12,000000;13,857143;12,000000
1087;17,000000;12,000000;0,705882;10,750000;7,500000;10,750000;7,500000
1088;22,000000;0,000000;0,000000;;;;
1089;20,000000;20,000000;1,000000;13,500000;8,000000;13,500000;8,000000
1090;21,000000;5,000000;0,238095;6,200000;4,000000;6,200000;4,000000
1091;18,000000;15,000000;0,833333;13,200000;12,000000;13,200000;12,000000
1092;11,000000;9,000000;0,818182;2,555556;2,000000;2,555556;2,000000
1093;22,000000;20,000000;0,909091;10,000000;8,000000;10,000000;8,000000
1094;21,000000;14,000000;0,666667;7,500000;6,000000;7,500000;6,000000
1095;22,000000;14,000000;0,636364;9,071429;8,000000;9,071429;8,000000
1096;17,000000;7,000000;0,411765;6,285714;4,000000;6,285714;4,000000
1097;18,000000;16,000000;0,888889;10,437500;9,500000;10,437500;9,500000
1098;26,000000;18,000000;0,692308;33,777778;35,000000;33,777778;35,000000
1099;24,000000;8,000000;0,333333;7,625000;6,000000;7,625000;6,000000
1100;13,000000;13,000000;1,000000;5,461538;4,000000;5,461538;4,000000
1101;19,000000;15,000000;0,789474;13,200000;7,000000;13,200000;7,000000
1102;17,000000;17,000000;1,000000;11,000000;11,000000;11,000000;11,000000
1103;12,000000;8,000000;0,666667;3,500000;2,000000;3,500000;2,000000
1104;19,000000;10,000000;0,526316;15,000000;12,500000;15,000000;12,500000
1105;21,000000;7,000000;0,333333;5,428571;3,000000;5,428571;3,000000
1106;19,000000;16,000000;0,842105;6,875000;5,500000;6,875000;5,500000
1107;17,000000;15,000000;0,882353;8,666667;6,000000;8,666667;6,000000
1108;12,000000;11,000000;0,916667;2,818182;1,000000;2,818182;1,000000
1109;20,000000;16,000000;0,800000;9,750000;9,000000;9,750000;9,000000
1110;12,000000;10,000000;0,833333;4,900000;4,500000;4,900000;4,500000
1111;20,000000;20,000000;1,000000;13,000000;10,000000;13,000000;10,000000
1112;23,000000;11,000000;0,478261;20,000000;20,000000;20,000000;20,000000
1113;18,000000;17,000000;0,944444;18,588235;16,000000;18,588235;16,000000
1114;13,000000;7,000000;0,538462;2,428571;1,000000;2,428571;1,000000
1115;15,000000;14,000000;0,933333;7,428571;5,000000;7,428571;5,000000
1116;16,000000;14,000000;0,875000;6,142857;4,000000;6,142857;4,000000
1117;16,000000;7,000000;0,437500;4,714286;2,000000;4,714286;2,000000
1118;14,000000;13,000000;0,928571;5,923077;4,000000;5,923077;4,000000
1119;17,000000;17,000000;1,000000;9,705882;8,000000;9,705882;8,000000
1120;21,000000;17,000000;0,809524;7,647059;7,000000;7,647059;7,000000
1121;19,000000;14,000000;0,736842;10,000000;9,000000;10,000000;9,000000
1122;17,000000;17,000000;1,000000;12,941176;10,000000;12,941176;10,000000
1123;14,000000;10,000000;0,714286;5,700000;6,000000;5,700000;6,000000
1124;15,000000;14,000000;0,933333;4,857143;3,500000;4,857143;3,500000
1125;17,000000;16,000000;0,941176;4,750000;4,500000;4,750000;4,500000
1126;23,000000;11,000000;0,478261;25,000000;28,000000;25,000000;28,000000
1127;16,000000;13,000000;0,812500;5,230769;4,000000;5,230769;4,000000
1128;18,000000;13,000000;0,722222;11,846154;11,000000;11,846154;11,000000
1129;13,000000;13,000000;1,000000;8,615385;6,000000;8,615385;6,000000
1130;20,000000;18,000000;0,900000;18,000000;18,500000;18,000000;18,500000
1131;16,000000;10,000000;0,625000;5,600000;3,500000;5,600000;3,500000
1132;16,000000;14,000000;0,875000;7,428571;7,000000;7,428571;7,000000
1133;16,000000;14,000000;0,875000;5,571429;5,000000;5,571429;5,000000
1134;16,000000;15,000000;0,937500;7,666667;6,000000;7,666667;6,000000
1135;23,000000;21,000000;0,913043;12,619048;12,000000;12,619048;12,000000
1136;18,000000;12,000000;0,666667;6,750000;6,000000;6,750000;6,000000
1137;18,000000;11,000000;0,611111;9,272727;8,000000;9,272727;8,000000
1138;19,000000;16,000000;0,842105;17,812500;17,500000;17,812500;17,500000
1139;17,000000;8,000000;0,470588;4,250000;3,500000;4,250000;3,500000
1140;21,000000;21,000000;1,000000;19,142857;19,000000;19,142857;19,000000
1141;19,000000;19,000000;1,000000;15,947368;11,000000;15,947368;11,000000
1142;23,000000;22,000000;0,956522;15,227273;10,500000;15,227273;10,500000
1143;19,000000;19,000000;1,000000;26,947368;24,000000;26,947368;24,000000
1144;10,000000;10,000000;1,000000;7,900000;4,000000;7,900000;4,000000
1145;18,000000;17,000000;0,944444;9,941176;10,000000;9,941176;10,000000
1146;12,000000;11,000000;0,916667;6,818182;4,000000;6,818182;4,000000
1147;15,000000;14,000000;0,933333;6,642857;3,500000;6,642857;3,500000
1148;22,000000;16,000000;0,727273;17,437500;13,500000;17,437500;13,500000
1149;21,000000;13,000000;0,619048;8,230769;9,000000;8,230769;9,000000
1150;23,000000;14,000000;0,608696;7,214286;6,500000;7,214286;6,500000
1151;21,000000;19,000000;0,904762;16,842105;13,000000;16,842105;13,000000
1152;11,000000;8,000000;0,727273;4,125000;3,000000;4,125000;3,000000
1153;9,000000;8,000000;0,888889;7,500000;6,000000;7,500000;6,000000
1154;24,000000;8,000000;0,333333;7,750000;7,500000;7,750000;7,500000
1155;19,000000;10,000000;0,526316;5,800000;4,500000;5,800000;4,500000
1156;15,000000;5,000000;0,333333;4,400000;1,000000;4,400000;1,000000
1157;21,000000;13,000000;0,619048;11,307692;9,000000;11,307692;9,000000
1158;14,000000;13,000000;0,928571;4,307692;4,000000;4,307692;4,000000
1159;20,000000;15,000000;0,750000;17,533333;14,000000;17,533333;14,000000
1160;18,000000;9,000000;0,500000;7,666667;8,000000;7,666667;8,000000
1161;14,000000;10,000000;0,714286;4,800000;4,000000;4,800000;4,000000
1162;27,000000;19,000000;0,703704;32,315789;34,000000;32,315789;34,000000
1163;23,000000;16,000000;0,695652;8,750000;6,000000;8,750000;6,000000
1164;19,000000;11,000000;0,578947;5,727273;5,000000;5,727273;5,000000
1165;19,000000;19,000000;1,000000;20,368421;19,000000;20,368421;19,000000
1166;22,000000;16,000000;0,727273;17,375000;14,000000;17,375000;14,000000
1167;24,000000;16,000000;0,666667;24,187500;23,500000;24,187500;23,500000
1168;17,000000;14,000000;0,823529;9,571429;9,000000;9,571429;9,000000
1169;17,000000;13,000000;0,764706;7,846154;5,000000;7,846154;5,000000
1170;16,000000;16,000000;1,000000;28,125000;28,000000;28,125000;28,000000
1171;20,000000;20,000000;1,000000;32,400000;31,500000;32,400000;31,500000
1172;20,000000;20,000000;1,000000;11,500000;11,000000;11,500000;11,000000
1173;18,000000;18,000000;1,000000;8,111111;7,000000;8,111111;7,000000
1174;16,000000;15,000000;0,937500;5,666667;5,000000;5,666667;5,000000
1175;15,000000;14,000000;0,933333;11,142857;8,000000;11,142857;8,000000
1176;15,000000;14,000000;0,933333;8,500000;7,500000;8,500000;7,500000
1177;15,000000;13,000000;0,866667;7,923077;6,000000;7,923077;6,000000
1178;14,000000;13,000000;0,928571;12,000000;8,000000;12,000000;8,000000
1179;17,000000;17,000000;1,000000;7,352941;7,000000;7,352941;7,000000
1180;21,000000;5,000000;0,238095;7,800000;8,000000;7,800000;8,000000
1181;25,000000;16,000000;0,640000;14,000000;11,000000;14,000000;11,000000
1182;20,000000;16,000000;0,800000;11,750000;12,000000;11,750000;12,000000
1183;16,000000;15,000000;0,937500;9,133333;4,000000;9,133333;4,000000
1184;19,000000;15,000000;0,789474;13,133333;12,000000;13,133333;12,000000
1185;19,000000;17,000000;0,894737;14,470588;10,000000;14,470588;10,000000
1186;23,000000;4,000000;0,173913;5,000000;4,500000;5,000000;4,500000
1187;20,000000;16,000000;0,800000;11,375000;9,000000;11,375000;9,000000
1188;12,000000;6,000000;0,500000;2,666667;1,500000;2,666667;1,500000
1189;18,000000;5,000000;0,277778;7,400000;7,000000;7,400000;7,000000
1190;21,000000;16,000000;0,761905;37,812500;40,000000;37,812500;40,000000
1191;18,000000;17,000000;0,944444;17,470588;17,000000;17,470588;17,000000
1192;17,000000;15,000000;0,882353;6,066667;4,000000;6,066667;4,000000
1193;16,000000;15,000000;0,937500;8,600000;8,000000;8,600000;8,000000
1194;14,000000;12,000000;0,857143;6,750000;4,500000;6,750000;4,500000
1195;13,000000;13,000000;1,000000;7,769231;7,000000;7,769231;7,000000
1196;23,000000;10,000000;0,434783;12,000000;10,500000;12,000000;10,500000
1197;17,000000;11,000000;0,647059;3,727273;3,000000;3,727273;3,000000
1198;22,000000;8,000000;0,363636;6,500000;5,500000;6,500000;5,500000
1199;22,000000;17,000000;0,772727;7,588235;5,000000;7,588235;5,000000
1200;15,000000;15,000000;1,000000;9,600000;7,000000;9,600000;7,000000
1201;18,000000;13,000000;0,722222;9,307692;8,000000;9,307692;8,000000
1202;17,000000;14,000000;0,823529;7,714286;7,000000;7,714286;7,000000
1203;16,000000;13,000000;0,812500;7,000000;5,000000;7,000000;5,000000
1204;11,000000;9,000000;0,818182;8,444444;6,000000;8,444444;6,000000
1205;17,000000;9,000000;0,529412;2,444444;2,000000;2,444444;2,000000
1206;16,000000;14,000000;0,875000;13,928571;15,000000;13,928571;15,000000
1207;17,000000;16,000000;0,941176;5,312500;4,500000;5,312500;4,500000
1208;22,000000;22,000000;1,000000;16,045455;13,500000;16,045455;13,500000
1209;14,000000;12,000000;0,857143;8,750000;7,500000;8,750000;7,500000
1210;27,000000;3,000000;0,111111;5,333333;5,000000;5,333333;5,000000
1211;22,000000;19,000000;0,863636;39,526316;40,000000;39,526316;40,000000
1212;18,000000;14,000000;0,777778;10,642857;10,000000;10,642857;10,000000
1213;22,000000;19,000000;0,863636;18,263158;19,000000;18,263158;19,000000
1214;15,000000;13,000000;0,866667;7,000000;7,000000;7,000000;7,000000
1215;13,000000;12,000000;0,923077;5,083333;4,000000;5,083333;4,000000
1216;15,000000;10,000000;0,666667;5,600000;4,500000;5,600000;4,500000
1217;18,000000;10,000000;0,555556;7,600000;5,500000;7,600000;5,500000
1218;11,000000;10,000000;0,909091;6,500000;6,000000;6,500000;6,000000
1219;14,000000;14,000000;1,000000;7,000000;6,500000;7,000000;6,500000
1220;17,000000;16,000000;0,941176;13,125000;11,000000;13,125000;11,000000
1221;20,000000;15,000000;0,750000;9,133333;7,000000;9,133333;7,000000
1222;15,000000;14,000000;0,933333;11,285714;8,500000;11,285714;8,500000
1223;16,000000;16,000000;1,000000;7,375000;6,500000;7,375000;6,500000
1224;19,000000;19,000000;1,000000;13,578947;10,000000;13,578947;10,000000
1225;26,000000;0,000000;0,000000;;;;
1226;17,000000;17,000000;1,000000;11,823529;7,000000;11,823529;7,000000
1227;13,000000;12,000000;0,923077;6,250000;6,000000;6,250000;6,000000
1228;20,000000;17,000000;0,850000;11,882353;8,000000;11,882353;8,000000
1229;21,000000;18,000000;0,857143;14,333333;13,500000;14,333333;13,500000
1230;14,000000;13,000000;0,928571;7,538462;6,000000;7,538462;6,000000
1231;11,000000;10,000000;0,909091;5,200000;5,000000;5,200000;5,000000
1232;21,000000;7,000000;0,333333;6,428571;5,000000;6,428571;5,000000
1233;23,000000;19,000000;0,826087;18,052632;18,000000;18,052632;18,000000
1234;19,000000;10,000000;0,526316;7,400000;5,500000;7,400000;5,500000
1235;23,000000;16,000000;0,695652;17,562500;14,000000;17,562500;14,000000
1236;18,000000;16,000000;0,888889;11,687500;8,000000;11,687500;8,000000
1237;17,000000;16,000000;0,941176;32,000000;32,000000;32,000000;32,000000
1238;19,000000;8,000000;0,421053;10,750000;9,500000;10,750000;9,500000
1239;19,000000;18,000000;0,947368;11,444444;11,000000;11,444444;11,000000
1240;13,000000;13,000000;1,000000;4,461538;4,000000;4,461538;4,000000
1241;21,000000;17,000000;0,809524;14,235294;11,000000;14,235294;11,000000
1242;22,000000;14,000000;0,636364;8,642857;6,000000;8,642857;6,000000
1243;18,000000;14,000000;0,777778;10,357143;7,000000;10,357143;7,000000
1244;24,000000;0,000000;0,000000;;;;
1245;18,000000;18,000000;1,000000;8,722222;6,500000;8,722222;6,500000
1246;22,000000;11,000000;0,500000;12,181818;11,000000;12,181818;11,000000
1247;21,000000;18,000000;0,857143;19,166667;17,000000;19,166667;17,000000
1248;18,000000;15,000000;0,833333;8,200000;7,000000;8,200000;7,000000
1249;17,000000;17,000000;1,000000;8,764706;7,000000;8,764706;7,000000
1250;15,000000;14,000000;0,933333;11,357143;8,000000;11,357143;8,000000
1251;19,000000;14,000000;0,736842;6,928571;5,500000;6,928571;5,500000
1252;15,000000;14,000000;0,933333;9,071429;7,000000;9,071429;7,000000
1253;24,000000;21,000000;0,875000;16,285714;14,000000;16,285714;14,000000
1254;21,000000;6,000000;0,285714;4,833333;4,500000;4,833333;4,500000
1255;17,000000;16,000000;0,941176;6,625000;5,500000;6,625000;5,500000
1256;20,000000;17,000000;0,850000;7,764706;5,000000;7,764706;5,000000
1257;14,000000;11,000000;0,785714;7,272727;6,000000;7,272727;6,000000
1258;18,000000;18,000000;1,000000;11,388889;9,500000;11,388889;9,500000
1259;19,000000;12,000000;0,631579;5,416667;4,500000;5,416667;4,500000
1260;18,000000;15,000000;0,833333;9,133333;9,000000;9,133333;9,000000
1261;23,000000;17,000000;0,739130;15,705882;16,000000;15,705882;16,000000
1262;16,000000;15,000000;0,937500;20,333333;20,000000;20,333333;20,000000
1263;19,000000;17,000000;0,894737;13,117647;13,000000;13,117647;13,000000
1264;15,000000;12,000000;0,800000;4,250000;4,000000;4,250000;4,000000
1265;18,000000;16,000000;0,888889;20,187500;17,500000;20,187500;17,500000
1266;19,000000;17,000000;0,894737;8,235294;6,000000;8,235294;6,000000
1267;13,000000;12,000000;0,923077;3,166667;1,500000;3,166667;1,500000
1268;12,000000;11,000000;0,916667;4,272727;3,000000;4,272727;3,000000
1269;17,000000;13,000000;0,764706;4,615385;4,000000;4,615385;4,000000
1270;22,000000;6,000000;0,272727;6,666667;6,000000;6,666667;6,000000
1271;18,000000;13,000000;0,722222;11,230769;10,000000;11,230769;10,000000
1272;15,000000;13,000000;0,866667;7,461538;5,000000;7,461538;5,000000
1273;19,000000;14,000000;0,736842;13,500000;12,500000;13,500000;12,500000
1274;17,000000;16,000000;0,941176;8,375000;7,000000;8,375000;7,000000
1275;17,000000;15,000000;0,882353;17,266667;15,000000;17,266667;15,000000
1276;21,000000;13,000000;0,619048;8,076923;8,000000;8,076923;8,000000
1277;21,000000;21,000000;1,000000;21,857143;15,000000;21,857143;15,000000
1278;21,000000;21,000000;1,000000;22,333333;20,000000;22,333333;20,000000
1279;16,000000;14,000000;0,875000;4,357143;2,500000;4,357143;2,500000
1280;22,000000;22,000000;1,000000;25,772727;25,000000;25,772727;25,000000
1281;12,000000;9,000000;0,750000;7,444444;7,000000;7,444444;7,000000
1282;11,000000;8,000000;0,727273;3,250000;2,000000;3,250000;2,000000
1283;11,000000;11,000000;1,000000;2,818182;3,000000;2,818182;3,000000
1284;15,000000;14,000000;0,933333;8,285714;8,000000;8,285714;8,000000
1285;21,000000;17,000000;0,809524;19,352941;15,000000;19,352941;15,000000
1286;18,000000;17,000000;0,944444;12,058824;12,000000;12,058824;12,000000
1287;17,000000;8,000000;0,470588;5,375000;4,500000;5,375000;4,500000
1288;16,000000;9,000000;0,562500;6,111111;6,000000;6,111111;6,000000
1289;15,000000;14,000000;0,933333;5,428571;4,500000;5,428571;4,500000
1290;22,000000;22,000000;1,000000;15,272727;12,000000;15,272727;12,000000
1291;18,000000;18,000000;1,000000;9,000000;8,500000;9,000000;8,500000
1292;17,000000;17,000000;1,000000;11,058824;8,000000;11,058824;8,000000
1293;24,000000;22,000000;0,916667;44,318182;46,000000;44,318182;46,000000
1294;13,000000;11,000000;0,846154;6,454545;6,000000;6,454545;6,000000
1295;17,000000;12,000000;0,705882;4,000000;3,000000;4,000000;3,000000
1296;20,000000;19,000000;0,950000;11,736842;10,000000;11,736842;10,000000
1297;22,000000;15,000000;0,681818;8,866667;6,000000;8,866667;6,000000
1298;18,000000;15,000000;0,833333;6,866667;6,000000;6,866667;6,000000
1299;15,000000;13,000000;0,866667;5,923077;3,000000;5,923077;3,000000
1300;17,000000;10,000000;0,588235;7,700000;5,500000;7,700000;5,500000
1301;12,000000;11,000000;0,916667;8,545455;7,000000;8,545455;7,000000
1302;22,000000;17,000000;0,772727;9,941176;8,000000;9,941176;8,000000
1303;17,000000;17,000000;1,000000;10,705882;8,000000;10,705882;8,000000
1304;12,000000;11,000000;0,916667;5,727273;2,000000;5,727273;2,000000
1305;14,000000;9,000000;0,642857;2,666667;1,000000;2,666667;1,000000
1306;10,000000;10,000000;1,000000;5,500000;5,000000;5,500000;5,000000
1307;23,000000;17,000000;0,739130;30,411765;32,000000;30,411765;32,000000
1308;13,000000;13,000000;1,000000;4,230769;4,000000;4,230769;4,000000
1309;9,000000;6,000000;0,666667;2,833333;2,500000;2,833333;2,500000
1310;25,000000;2,000000;0,080000;2,500000;2,500000;2,500000;2,500000
1311;18,000000;11,000000;0,611111;12,454545;13,000000;12,454545;13,000000
1312;19,000000;17,000000;0,894737;31,411765;26,000000;31,411765;26,000000
1313;13,000000;13,000000;1,000000;6,769231;7,000000;6,769231;7,000000
1314;14,000000;14,000000;1,000000;11,142857;8,000000;11,142857;8,000000
1315;17,000000;16,000000;0,941176;11,062500;10,000000;11,062500;10,000000
1316;18,000000;16,000000;0,888889;14,812500;12,500000;14,812500;12,500000
1317;14,000000;10,000000;0,714286;7,800000;6,500000;7,800000;6,500000
1318;20,000000;18,000000;0,900000;9,777778;8,500000;9,777778;8,500000
1319;15,000000;15,000000;1,000000;5,333333;4,000000;5,333333;4,000000
1320;19,000000;17,000000;0,894737;11,411765;10,000000;11,411765;10,000000
1321;19,000000;19,000000;1,000000;17,894737;18,000000;17,894737;18,000000
1322;21,000000;19,000000;0,904762;27,789474;27,000000;27,789474;27,000000
1323;17,000000;17,000000;1,000000;21,647059;20,000000;21,647059;20,000000
1324;16,000000;12,000000;0,750000;9,083333;8,500000;9,083333;8,500000
1325;20,000000;16,000000;0,800000;25,187500;25,500000;25,187500;25,500000
1326;15,000000;9,000000;0,600000;5,000000;3,000000;5,000000;3,000000
1327;16,000000;15,000000;0,937500;4,866667;4,000000;4,866667;4,000000
1328;18,000000;17,000000;0,944444;18,117647;16,000000;18,117647;16,000000
1329;19,000000;18,000000;0,947368;10,055556;7,000000;10,055556;7,000000
1330;23,000000;16,000000;0,695652;16,750000;15,000000;16,750000;15,000000
1331;14,000000;13,000000;0,928571;7,230769;6,000000;7,230769;6,000000
1332;16,000000;16,000000;1,000000;6,500000;5,500000;6,500000;5,500000
1333;16,000000;16,000000;1,000000;6,437500;5,500000;6,437500;5,500000
1334;17,000000;14,000000;0,823529;8,428571;7,500000;8,428571;7,500000
1335;15,000000;14,000000;0,933333;5,571429;4,500000;5,571429;4,500000
1336;17,000000;15,000000;0,882353;6,000000;5,000000;6,000000;5,000000
1337;19,000000;18,000000;0,947368;21,055556;20,000000;21,055556;20,000000
1338;17,000000;14,000000;0,823529;11,857143;10,500000;11,857143;10,500000
1339;14,000000;13,000000;0,928571;6,230769;5,000000;6,230769;5,000000
1340;17,000000;16,000000;0,941176;18,125000;13,000000;18,125000;13,000000
1341;15,000000;14,000000;0,933333;11,714286;9,500000;11,714286;9,500000
1342;12,000000;12,000000;1,000000;4,666667;3,500000;4,666667;3,500000
1343;13,000000;13,000000;1,000000;7,769231;3,000000;7,769231;3,000000
1344;24,000000;21,000000;0,875000;20,666667;17,000000;20,666667;17,000000
1345;15,000000;11,000000;0,733333;9,636364;10,000000;9,636364;10,000000
1346;18,000000;8,000000;0,444444;10,125000;10,000000;10,125000;10,000000
1347;15,000000;14,000000;0,933333;4,285714;2,500000;4,285714;2,500000
1348;26,000000;10,000000;0,384615;17,100000;18,000000;17,100000;18,000000
1349;18,000000;18,000000;1,000000;6,666667;5,500000;6,666667;5,500000
1350;15,000000;15,000000;1,000000;6,133333;5,000000;6,133333;5,000000
1351;26,000000;1,000000;0,038462;2,000000;2,000000;2,000000;2,000000
1352;20,000000;16,000000;0,800000;4,875000;4,000000;4,875000;4,000000
1353;15,000000;13,000000;0,866667;6,846154;6,000000;6,846154;6,000000
1354;13,000000;10,000000;0,769231;4,100000;2,000000;4,100000;2,000000
1355;12,000000;11,000000;0,916667;6,636364;5,000000;6,636364;5,000000
1356;13,000000;11,000000;0,846154;5,545455;5,000000;5,545455;5,000000
1357;20,000000;9,000000;0,450000;5,111111;4,000000;5,111111;4,000000
1358;13,000000;13,000000;1,000000;6,769231;6,000000;6,769231;6,000000
1359;19,000000;19,000000;1,000000;9,315789;7,000000;9,315789;7,000000
1360;22,000000;16,000000;0,727273;14,750000;14,000000;14,750000;14,000000
1361;19,000000;18,000000;0,947368;15,166667;12,000000;15,166667;12,000000
1362;18,000000;18,000000;1,000000;10,333333;8,000000;10,333333;8,000000
1363;16,000000;15,000000;0,937500;5,000000;4,000000;5,000000;4,000000
1364;22,000000;7,000000;0,318182;8,857143;9,000000;8,857143;9,000000
1365;16,000000;16,000000;1,000000;12,437500;10,500000;12,437500;10,500000
1366;15,000000;13,000000;0,866667;4,923077;4,000000;4,923077;4,000000
1367;18,000000;16,000000;0,888889;8,687500;6,000000;8,687500;6,000000
1368;18,000000;13,000000;0,722222;5,384615;5,000000;5,384615;5,000000
1369;20,000000;19,000000;0,950000;28,736842;28,000000;28,736842;28,000000
1370;17,000000;12,000000;0,705882;4,750000;4,000000;4,750000;4,000000
1371;14,000000;11,000000;0,785714;5,363636;3,000000;5,363636;3,000000
1372;14,000000;14,000000;1,000000;5,142857;5,500000;5,142857;5,500000
1373;21,000000;10,000000;0,476190;6,700000;5,500000;6,700000;5,500000
1374;16,000000;16,000000;1,000000;15,562500;14,000000;15,562500;14,000000
1375;18,000000;12,000000;0,666667;5,000000;5,000000;5,000000;5,000000
1376;18,000000;12,000000;0,666667;8,416667;7,000000;8,416667;7,000000
1377;18,000000;17,000000;0,944444;37,705882;39,000000;37,705882;39,000000
1378;12,000000;11,000000;0,916667;3,909091;2,000000;3,909091;2,000000
1379;19,000000;14,000000;0,736842;10,714286;11,000000;10,714286;11,000000
1380;22,000000;18,000000;0,818182;16,000000;11,000000;16,000000;11,000000
1381;16,000000;9,000000;0,562500;13,333333;12,000000;13,333333;12,000000
1382;17,000000;14,000000;0,823529;9,857143;7,000000;9,857143;7,000000
1383;13,000000;12,000000;0,923077;5,916667;4,500000;5,916667;4,500000
1384;15,000000;13,000000;0,866667;5,307692;4,000000;5,307692;4,000000
1385;17,000000;10,000000;0,588235;10,300000;10,000000;10,300000;10,000000
1386;21,000000;18,000000;0,857143;12,722222;10,500000;12,722222;10,500000
1387;20,000000;19,000000;0,950000;9,684211;8,000000;9,684211;8,000000
1388;13,000000;11,000000;0,846154;5,363636;5,000000;5,363636;5,000000
1389;17,000000;8,000000;0,470588;4,250000;3,000000;4,250000;3,000000
1390;13,000000;13,000000;1,000000;8,461538;5,000000;8,461538;5,000000
1391;18,000000;14,000000;0,777778;5,571429;4,500000;5,571429;4,500000
1392;12,000000;11,000000;0,916667;7,454545;7,000000;7,454545;7,000000
1393;14,000000;11,000000;0,785714;4,090909;4,000000;4,090909;4,000000
1394;11,000000;10,000000;0,909091;4,900000;3,500000;4,900000;3,500000
1395;14,000000;11,000000;0,785714;10,818182;12,000000;10,818182;12,000000
1396;20,000000;12,000000;0,600000;12,083333;10,000000;12,083333;10,000000
1397;11,000000;11,000000;1,000000;4,636364;4,000000;4,636364;4,000000
1398;18,000000;10,000000;0,555556;5,700000;4,500000;5,700000;4,500000
1399;14,000000;12,000000;0,857143;4,250000;3,500000;4,250000;3,500000
1400;17,000000;16,000000;0,941176;25,750000;24,500000;25,750000;24,500000
1401;22,000000;15,000000;0,681818;16,466667;16,000000;16,466667;16,000000
1402;14,000000;14,000000;1,000000;6,071429;5,000000;6,071429;5,000000
1403;12,000000;11,000000;0,916667;6,363636;4,000000;6,363636;4,000000
1404;13,000000;8,000000;0,615385;4,000000;2,500000;4,000000;2,500000
1405;20,000000;5,000000;0,250000;8,800000;10,000000;8,800000;10,000000
1406;16,000000;15,000000;0,937500;9,866667;7,000000;9,866667;7,000000
1407;18,000000;16,000000;0,888889;18,312500;18,000000;18,312500;18,000000
1408;19,000000;13,000000;0,684211;8,461538;8,000000;8,461538;8,000000
1409;18,000000;11,000000;0,611111;3,181818;3,000000;3,181818;3,000000
1410;20,000000;18,000000;0,900000;12,833333;12,000000;12,833333;12,000000
1411;8,000000;7,000000;0,875000;4,142857;3,000000;4,142857;3,000000
1412;12,000000;12,000000;1,000000;4,250000;3,000000;4,250000;3,000000
1413;12,000000;12,000000;1,000000;5,166667;3,500000;5,166667;3,500000
1414;12,000000;11,000000;0,916667;7,181818;7,000000;7,181818;7,000000
1415;14,000000;13,000000;0,928571;8,769231;6,000000;8,769231;6,000000
1416;20,000000;15,000000;0,750000;21,666667;23,000000;21,666667;23,000000
1417;15,000000;14,000000;0,933333;9,928571;8,500000;9,928571;8,500000
1418;17,000000;14,000000;0,823529;8,857143;6,500000;8,857143;6,500000
1419;15,000000;13,000000;0,866667;6,307692;5,000000;6,307692;5,000000
1420;16,000000;16,000000;1,000000;7,250000;6,500000;7,250000;6,500000
1421;16,000000;9,000000;0,562500;4,111111;4,000000;4,111111;4,000000
1422;23,000000;20,000000;0,869565;20,150000;17,000000;20,150000;17,000000
1423;19,000000;16,000000;0,842105;8,750000;8,000000;8,750000;8,000000
1424;13,000000;6,000000;0,461538;1,833333;1,000000;1,833333;1,000000
1425;15,000000;13,000000;0,866667;13,076923;10,000000;13,076923;10,000000
1426;22,000000;16,000000;0,727273;13,937500;15,000000;13,937500;15,000000
1427;21,000000;18,000000;0,857143;7,888889;6,500000;7,888889;6,500000
1428;15,000000;13,000000;0,866667;13,923077;11,000000;13,923077;11,000000
1429;25,000000;1,000000;0,040000;1,000000;1,000000;1,000000;1,000000
1430;17,000000;16,000000;0,941176;5,500000;4,000000;5,500000;4,000000
1431;17,000000;15,000000;0,882353;4,933333;4,000000;4,933333;4,000000
1432;15,000000;14,000000;0,933333;9,142857;6,000000;9,142857;6,000000
1433;18,000000;7,000000;0,388889;4,142857;3,000000;4,142857;3,000000
1434;21,000000;19,000000;0,904762;14,526316;14,000000;14,526316;14,000000
1435;16,000000;14,000000;0,875000;8,142857;7,000000;8,142857;7,000000
1436;23,000000;17,000000;0,739130;14,882353;14,000000;14,882353;14,000000
1437;11,000000;8,000000;0,727273;3,000000;2,500000;3,000000;2,500000
1438;20,000000;16,000000;0,800000;8,312500;6,000000;8,312500;6,000000
1439;19,000000;17,000000;0,894737;8,647059;7,000000;8,647059;7,000000
1440;16,000000;12,000000;0,750000;7,583333;6,500000;7,583333;6,500000
1441;19,000000;13,000000;0,684211;6,923077;4,000000;6,923077;4,000000
1442;14,000000;11,000000;0,785714;6,090909;3,000000;6,090909;3,000000
1443;19,000000;14,000000;0,736842;5,071429;3,000000;5,071429;3,000000
1444;16,000000;16,000000;1,000000;10,312500;8,500000;10,312500;8,500000
1445;20,000000;19,000000;0,950000;19,000000;16,000000;19,000000;16,000000
1446;10,000000;9,000000;0,900000;4,555556;6,000000;4,555556;6,000000
1447;20,000000;10,000000;0,500000;8,600000;9,000000;8,600000;9,000000
1448;19,000000;19,000000;1,000000;7,947368;6,000000;7,947368;6,000000
1449;20,000000;4,000000;0,200000;5,000000;4,000000;5,000000;4,000000
1450;16,000000;15,000000;0,937500;5,733333;6,000000;5,733333;6,000000
1451;17,000000;16,000000;0,941176;6,062500;7,000000;6,062500;7,000000
1452;21,000000;20,000000;0,952381;18,150000;13,000000;18,150000;13,000000
1453;14,000000;9,000000;0,642857;5,888889;5,000000;5,888889;5,000000
1454;18,000000;16,000000;0,888889;14,687500;9,500000;14,687500;9,500000
1455;15,000000;15,000000;1,000000;7,266667;6,000000;7,266667;6,000000
1456;13,000000;11,000000;0,846154;5,181818;5,000000;5,181818;5,000000
1457;19,000000;14,000000;0,736842;21,785714;20,500000;21,785714;20,500000
1458;13,000000;13,000000;1,000000;18,307692;14,000000;18,307692;14,000000
1459;23,000000;23,000000;1,000000;13,652174;11,000000;13,652174;11,000000
1460;16,000000;8,000000;0,500000;5,000000;4,500000;5,000000;4,500000
1461;13,000000;11,000000;0,846154;5,363636;4,000000;5,363636;4,000000
1462;19,000000;14,000000;0,736842;9,000000;7,500000;9,000000;7,500000
1463;19,000000;18,000000;0,947368;14,722222;9,000000;14,722222;9,000000
1464;13,000000;13,000000;1,000000;3,230769;1,000000;3,230769;1,000000
1465;18,000000;16,000000;0,888889;12,125000;11,500000;12,125000;11,500000
1466;18,000000;15,000000;0,833333;6,400000;4,000000;6,400000;4,000000
1467;20,000000;15,000000;0,750000;6,933333;5,000000;6,933333;5,000000
1468;18,000000;14,000000;0,777778;9,000000;7,500000;9,000000;7,500000
1469;13,000000;13,000000;1,000000;8,846154;7,000000;8,846154;7,000000
1470;16,000000;8,000000;0,500000;6,250000;5,000000;6,250000;5,000000
1471;12,000000;12,000000;1,000000;5,500000;5,000000;5,500000;5,000000
1472;17,000000;12,000000;0,705882;11,833333;8,000000;11,833333;8,000000
1473;15,000000;11,000000;0,733333;4,818182;5,000000;4,818182;5,000000
1474;19,000000;17,000000;0,894737;14,764706;13,000000;14,764706;13,000000
1475;18,000000;16,000000;0,888889;10,375000;9,500000;10,375000;9,500000
1476;17,000000;14,000000;0,823529;6,500000;5,500000;6,500000;5,500000
1477;19,000000;17,000000;0,894737;21,941176;20,000000;21,941176;20,000000
1478;10,000000;9,000000;0,900000;1,888889;1,000000;1,888889;1,000000
1479;14,000000;10,000000;0,714286;5,600000;4,000000;5,600000;4,000000
1480;17,000000;11,000000;0,647059;3,727273;2,000000;3,727273;2,000000
1481;13,000000;13,000000;1,000000;6,153846;4,000000;6,153846;4,000000
1482;20,000000;8,000000;0,400000;5,500000;5,000000;5,500000;5,000000
1483;14,000000;13,000000;0,928571;7,538462;4,000000;7,538462;4,000000
1484;14,000000;14,000000;1,000000;5,214286;4,000000;5,214286;4,000000
1485;17,000000;17,000000;1,000000;11,294118;7,000000;11,294118;7,000000
1486;18,000000;14,000000;0,777778;16,500000;12,500000;16,500000;12,500000
1487;17,000000;15,000000;0,882353;3,666667;3,000000;3,666667;3,000000
1488;20,000000;15,000000;0,750000;6,533333;5,000000;6,533333;5,000000
1489;17,000000;17,000000;1,000000;9,882353;8,000000;9,882353;8,000000
1490;19,000000;16,000000;0,842105;15,375000;10,000000;15,375000;10,000000
1491;17,000000;15,000000;0,882353;4,266667;3,000000;4,266667;3,000000
1492;12,000000;12,000000;1,000000;4,583333;3,500000;4,583333;3,500000
1493;19,000000;13,000000;0,684211;16,846154;15,000000;16,846154;15,000000
1494;23,000000;21,000000;0,913043;30,428571;31,000000;30,428571;31,000000
1495;14,000000;10,000000;0,714286;8,300000;6,500000;8,300000;6,500000
1496;13,000000;6,000000;0,461538;2,500000;2,000000;2,500000;2,000000
1497;15,000000;15,000000;1,000000;15,533333;12,000000;15,533333;12,000000
1498;16,000000;11,000000;0,687500;5,363636;5,000000;5,363636;5,000000
1499;18,000000;16,000000;0,888889;12,187500;8,500000;12,187500;8,500000
1500;19,000000;19,000000;1,000000;12,842105;8,000000;12,842105;8,000000
1501;17,000000;17,000000;1,000000;11,588235;9,000000;11,588235;9,000000
1502;10,000000;9,000000;0,900000;2,555556;1,000000;2,555556;1,000000
1503;14,000000;12,000000;0,857143;5,000000;3,000000;5,000000;3,000000
1504;19,000000;14,000000;0,736842;13,285714;7,500000;13,285714;7,500000
1505;23,000000;12,000000;0,521739;12,500000;12,000000;12,500000;12,000000
1506;18,000000;15,000000;0,833333;7,533333;6,000000;7,533333;6,000000
1507;26,000000;4,000000;0,153846;3,000000;3,000000;3,000000;3,000000
1508;14,000000;14,000000;1,000000;6,785714;6,500000;6,785714;6,500000
1509;16,000000;16,000000;1,000000;20,625000;18,500000;20,625000;18,500000
1510;21,000000;17,000000;0,809524;11,176471;8,000000;11,176471;8,000000
1511;21,000000;17,000000;0,809524;22,411765;21,000000;22,411765;21,000000
1512;19,000000;17,000000;0,894737;9,823529;7,000000;9,823529;7,000000
1513;13,000000;10,000000;0,769231;5,400000;2,500000;5,400000;2,500000
1514;13,000000;13,000000;1,000000;6,769231;5,000000;6,769231;5,000000
1515;16,000000;15,000000;0,937500;6,800000;7,000000;6,800000;7,000000
1516;15,000000;12,000000;0,800000;4,416667;3,500000;4,416667;3,500000
1517;13,000000;13,000000;1,000000;8,153846;5,000000;8,153846;5,000000
1518;13,000000;13,000000;1,000000;7,230769;7,000000;7,230769;7,000000
1519;10,000000;6,000000;0,600000;1,333333;1,000000;1,333333;1,000000
1520;20,000000;19,000000;0,950000;7,526316;6,000000;7,526316;6,000000
1521;15,000000;10,000000;0,666667;4,400000;2,500000;4,400000;2,500000
1522;15,000000;11,000000;0,733333;5,000000;4,000000;5,000000;4,000000
1523;15,000000;11,000000;0,733333;6,181818;7,000000;6,181818;7,000000
1524;17,000000;17,000000;1,000000;9,529412;9,000000;9,529412;9,000000
1525;14,000000;12,000000;0,857143;7,583333;5,500000;7,583333;5,500000
1526;16,000000;15,000000;0,937500;10,533333;7,000000;10,533333;7,000000
1527;13,000000;10,000000;0,769231;3,200000;2,500000;3,200000;2,500000
1528;18,000000;14,000000;0,777778;12,714286;12,000000;12,714286;12,000000
1529;7,000000;7,000000;1,000000;6,142857;5,000000;6,142857;5,000000
1530;17,000000;13,000000;0,764706;5,230769;4,000000;5,230769;4,000000
1531;15,000000;14,000000;0,933333;8,928571;7,000000;8,928571;7,000000
1532;14,000000;12,000000;0,857143;10,083333;9,000000;10,083333;9,000000
1533;21,000000;21,000000;1,000000;19,523810;19,000000;19,523810;19,000000
1534;25,000000;25,000000;1,000000;17,200000;16,000000;17,200000;16,000000
1535;14,000000;13,000000;0,928571;6,461538;6,000000;6,461538;6,000000
1536;17,000000;16,000000;0,941176;10,937500;8,500000;10,937500;8,500000
1537;19,000000;10,000000;0,526316;3,800000;3,000000;3,800000;3,000000
1538;20,000000;20,000000;1,000000;10,050000;11,000000;10,050000;11,000000
1539;18,000000;11,000000;0,611111;11,727273;7,000000;11,727273;7,000000
1540;18,000000;16,000000;0,888889;17,875000;17,000000;17,875000;17,000000
1541;18,000000;12,000000;0,666667;10,166667;6,000000;10,166667;6,000000
1542;22,000000;15,000000;0,681818;30,533333;29,000000;30,533333;29,000000
1543;18,000000;18,000000;1,000000;12,555556;12,000000;12,555556;12,000000
1544;18,000000;18,000000;1,000000;14,777778;9,500000;14,777778;9,500000
1545;22,000000;18,000000;0,818182;30,944444;30,500000;30,944444;30,500000
1546;14,000000;10,000000;0,714286;4,000000;2,500000;4,000000;2,500000
1547;14,000000;14,000000;1,000000;7,285714;6,000000;7,285714;6,000000
1548;14,000000;12,000000;0,857143;6,750000;6,500000;6,750000;6,500000
1549;14,000000;14,000000;1,000000;6,714286;6,500000;6,714286;6,500000
1550;10,000000;9,000000;0,900000;4,000000;4,000000;4,000000;4,000000
1551;19,000000;19,000000;1,000000;15,842105;16,000000;15,842105;16,000000
1552;19,000000;18,000000;0,947368;25,555556;24,000000;25,555556;24,000000
1553;18,000000;17,000000;0,944444;12,647059;11,000000;12,647059;11,000000
1554;21,000000;17,000000;0,809524;8,823529;7,000000;8,823529;7,000000
1555;22,000000;20,000000;0,909091;9,250000;8,000000;9,250000;8,000000
1556;18,000000;18,000000;1,000000;7,888889;6,500000;7,888889;6,500000
1557;16,000000;15,000000;0,937500;7,866667;6,000000;7,866667;6,000000
1558;13,000000;13,000000;1,000000;17,000000;15,000000;17,000000;15,000000
1559;17,000000;17,000000;1,000000;17,882353;10,000000;17,882353;10,000000
1560;9,000000;9,000000;1,000000;3,888889;1,000000;3,888889;1,000000
1561;15,000000;11,000000;0,733333;6,181818;5,000000;6,181818;5,000000
1562;18,000000;15,000000;0,833333;10,733333;9,000000;10,733333;9,000000
1563;15,000000;13,000000;0,866667;5,769231;3,000000;5,769231;3,000000
1564;19,000000;11,000000;0,578947;9,000000;5,000000;9,000000;5,000000
1565;17,000000;17,000000;1,000000;10,941176;9,000000;10,941176;9,000000
1566;19,000000;14,000000;0,736842;5,857143;4,500000;5,857143;4,500000
1567;20,000000;20,000000;1,000000;10,500000;9,500000;10,500000;9,500000
1568;14,000000;14,000000;1,000000;14,000000;8,500000;14,000000;8,500000
1569;15,000000;13,000000;0,866667;8,846154;8,000000;8,846154;8,000000
1570;14,000000;12,000000;0,857143;5,666667;5,000000;5,666667;5,000000
1571;13,000000;12,000000;0,923077;6,833333;5,000000;6,833333;5,000000
1572;25,000000;8,000000;0,320000;15,875000;15,500000;15,875000;15,500000
1573;15,000000;14,000000;0,933333;6,071429;5,500000;6,071429;5,500000
1574;15,000000;14,000000;0,933333;6,785714;5,000000;6,785714;5,000000
1575;15,000000;15,000000;1,000000;3,400000;3,000000;3,400000;3,000000
1576;14,000000;14,000000;1,000000;6,285714;5,000000;6,285714;5,000000
1577;15,000000;14,000000;0,933333;8,500000;5,000000;8,500000;5,000000
1578;13,000000;13,000000;1,000000;5,000000;4,000000;5,000000;4,000000
1579;13,000000;12,000000;0,923077;4,750000;2,500000;4,750000;2,500000
1580;22,000000;18,000000;0,818182;10,222222;8,500000;10,222222;8,500000
1581;14,000000;12,000000;0,857143;7,500000;5,000000;7,500000;5,000000
1582;13,000000;12,000000;0,923077;5,000000;4,000000;5,000000;4,000000
1583;16,000000;15,000000;0,937500;10,666667;7,000000;10,666667;7,000000
1584;15,000000;13,000000;0,866667;7,461538;4,000000;7,461538;4,000000
1585;20,000000;19,000000;0,950000;8,842105;7,000000;8,842105;7,000000
1586;15,000000;13,000000;0,866667;2,923077;1,000000;2,923077;1,000000
1587;14,000000;11,000000;0,785714;4,454545;3,000000;4,454545;3,000000
1588;15,000000;9,000000;0,600000;4,333333;3,000000;4,333333;3,000000
1589;16,000000;16,000000;1,000000;12,562500;10,000000;12,562500;10,000000
1590;21,000000;17,000000;0,809524;19,411765;18,000000;19,411765;18,000000
1591;16,000000;7,000000;0,437500;7,142857;6,000000;7,142857;6,000000
1592;11,000000;11,000000;1,000000;6,181818;5,000000;6,181818;5,000000
1593;10,000000;10,000000;1,000000;4,600000;2,500000;4,600000;2,500000
1594;18,000000;5,000000;0,277778;3,800000;2,000000;3,800000;2,000000
1595;11,000000;9,000000;0,818182;3,666667;3,000000;3,666667;3,000000
1596;21,000000;17,000000;0,809524;23,647059;25,000000;23,647059;25,000000
1597;18,000000;16,000000;0,888889;14,937500;10,000000;14,937500;10,000000
1598;13,000000;11,000000;0,846154;7,818182;6,000000;7,818182;6,000000
1599;13,000000;13,000000;1,000000;6,153846;6,000000;6,153846;6,000000
1600;23,000000;20,000000;0,869565;7,600000;6,500000;7,600000;6,500000
1601;15,000000;14,000000;0,933333;12,357143;10,000000;12,357143;10,000000
1602;14,000000;14,000000;1,000000;8,071429;5,000000;8,071429;5,000000
1603;15,000000;13,000000;0,866667;7,769231;4,000000;7,769231;4,000000
1604;11,000000;10,000000;0,909091;8,400000;6,000000;8,400000;6,000000
1605;12,000000;12,000000;1,000000;7,333333;6,000000;7,333333;6,000000
1606;19,000000;15,000000;0,789474;7,133333;6,000000;7,133333;6,000000
1607;11,000000;10,000000;0,909091;5,400000;4,500000;5,400000;4,500000
1608;15,000000;15,000000;1,000000;5,866667;5,000000;5,866667;5,000000
1609;12,000000;10,000000;0,833333;5,000000;3,000000;5,000000;3,000000
1610;17,000000;12,000000;0,705882;11,000000;7,000000;11,000000;7,000000
1611;18,000000;12,000000;0,666667;8,000000;6,000000;8,000000;6,000000
1612;16,000000;12,000000;0,750000;3,333333;1,500000;3,333333;1,500000
1613;10,000000;9,000000;0,900000;5,444444;2,000000;5,444444;2,000000
1614;17,000000;14,000000;0,823529;8,857143;10,500000;8,857143;10,500000
1615;12,000000;9,000000;0,750000;4,111111;2,000000;4,111111;2,000000
1616;18,000000;14,000000;0,777778;7,428571;7,000000;7,428571;7,000000
1617;15,000000;14,000000;0,933333;5,285714;3,500000;5,285714;3,500000
1618;18,000000;18,000000;1,000000;12,444444;11,500000;12,444444;11,500000
1619;12,000000;12,000000;1,000000;8,750000;7,500000;8,750000;7,500000
1620;14,000000;14,000000;1,000000;7,285714;5,500000;7,285714;5,500000
1621;17,000000;14,000000;0,823529;6,642857;6,000000;6,642857;6,000000
1622;21,000000;20,000000;0,952381;41,850000;47,000000;41,850000;47,000000
1623;17,000000;14,000000;0,823529;4,642857;3,000000;4,642857;3,000000
1624;11,000000;10,000000;0,909091;4,300000;3,500000;4,300000;3,500000
1625;17,000000;14,000000;0,823529;4,571429;4,000000;4,571429;4,000000
1626;19,000000;16,000000;0,842105;8,562500;7,000000;8,562500;7,000000
1627;13,000000;13,000000;1,000000;6,461538;5,000000;6,461538;5,000000
1628;11,000000;10,000000;0,909091;6,000000;4,500000;6,000000;4,500000
1629;15,000000;15,000000;1,000000;7,333333;5,000000;7,333333;5,000000
1630;18,000000;11,000000;0,611111;5,727273;5,000000;5,727273;5,000000
1631;14,000000;13,000000;0,928571;5,076923;4,000000;5,076923;4,000000
1632;9,000000;8,000000;0,888889;2,000000;1,500000;2,000000;1,500000
1633;10,000000;8,000000;0,800000;2,125000;1,000000;2,125000;1,000000
1634;14,000000;11,000000;0,785714;5,454545;5,000000;5,454545;5,000000
1635;23,000000;21,000000;0,913043;19,476190;21,000000;19,476190;21,000000
1636;11,000000;11,000000;1,000000;4,727273;5,000000;4,727273;5,000000
1637;10,000000;8,000000;0,800000;3,000000;1,500000;3,000000;1,500000
1638;18,000000;15,000000;0,833333;4,066667;3,000000;4,066667;3,000000
1639;13,000000;13,000000;1,000000;4,153846;4,000000;4,153846;4,000000
1640;12,000000;9,000000;0,750000;5,444444;5,000000;5,444444;5,000000
1641;12,000000;11,000000;0,916667;6,727273;5,000000;6,727273;5,000000
1642;21,000000;11,000000;0,523810;3,636364;3,000000;3,636364;3,000000
1643;12,000000;3,000000;0,250000;2,333333;2,000000;2,333333;2,000000
1644;10,000000;9,000000;0,900000;5,555556;1,000000;5,555556;1,000000
1645;17,000000;17,000000;1,000000;12,235294;9,000000;12,235294;9,000000
1646;24,000000;14,000000;0,583333;11,500000;10,000000;11,500000;10,000000
1647;16,000000;16,000000;1,000000;8,062500;7,500000;8,062500;7,500000
1648;9,000000;9,000000;1,000000;3,888889;2,000000;3,888889;2,000000
1649;11,000000;11,000000;1,000000;4,727273;4,000000;4,727273;4,000000
1650;12,000000;12,000000;1,000000;6,333333;4,500000;6,333333;4,500000
1651;14,000000;13,000000;0,928571;5,538462;4,000000;5,538462;4,000000
1652;15,000000;14,000000;0,933333;6,500000;3,000000;6,500000;3,000000
1653;14,000000;14,000000;1,000000;4,928571;3,500000;4,928571;3,500000
1654;14,000000;11,000000;0,785714;4,181818;3,000000;4,181818;3,000000
1655;14,000000;14,000000;1,000000;10,285714;7,500000;10,285714;7,500000
1656;13,000000;12,000000;0,923077;3,000000;1,500000;3,000000;1,500000
1657;21,000000;14,000000;0,666667;5,785714;5,500000;5,785714;5,500000
1658;12,000000;11,000000;0,916667;8,909091;9,000000;8,909091;9,000000
1659;16,000000;14,000000;0,875000;6,000000;4,500000;6,000000;4,500000
1660;16,000000;16,000000;1,000000;7,500000;7,500000;7,500000;7,500000
1661;16,000000;13,000000;0,812500;11,692308;7,000000;11,692308;7,000000
1662;8,000000;7,000000;0,875000;4,142857;3,000000;4,142857;3,000000
1663;13,000000;13,000000;1,000000;5,461538;5,000000;5,461538;5,000000
1664;13,000000;13,000000;1,000000;4,923077;5,000000;4,923077;5,000000
1665;10,000000;9,000000;0,900000;3,222222;1,000000;3,222222;1,000000
1666;12,000000;12,000000;1,000000;7,916667;6,500000;7,916667;6,500000
1667;11,000000;9,000000;0,818182;5,000000;2,000000;5,000000;2,000000
1668;17,000000;17,000000;1,000000;11,176471;10,000000;11,176471;10,000000
1669;16,000000;13,000000;0,812500;8,153846;4,000000;8,153846;4,000000
1670;14,000000;9,000000;0,642857;4,666667;3,000000;4,666667;3,000000
1671;13,000000;12,000000;0,923077;8,333333;7,500000;8,333333;7,500000
1672;13,000000;13,000000;1,000000;8,076923;8,000000;8,076923;8,000000
1673;10,000000;10,000000;1,000000;3,400000;1,000000;3,400000;1,000000
1674;19,000000;9,000000;0,473684;15,666667;14,000000;15,666667;14,000000
1675;17,000000;17,000000;1,000000;12,823529;8,000000;12,823529;8,000000
1676;8,000000;8,000000;1,000000;7,500000;7,000000;7,500000;7,000000
1677;16,000000;10,000000;0,625000;7,700000;5,000000;7,700000;5,000000
1678;11,000000;11,000000;1,000000;3,545455;1,000000;3,545455;1,000000
1679;12,000000;11,000000;0,916667;5,181818;2,000000;5,181818;2,000000
1680;21,000000;19,000000;0,904762;15,684211;13,000000;15,684211;13,000000
1681;21,000000;20,000000;0,952381;13,650000;11,000000;13,650000;11,000000
1682;11,000000;10,000000;0,909091;5,000000;3,500000;5,000000;3,500000
1683;16,000000;15,000000;0,937500;8,933333;9,000000;8,933333;9,000000
1684;11,000000;11,000000;1,000000;3,818182;3,000000;3,818182;3,000000
1685;11,000000;11,000000;1,000000;6,181818;7,000000;6,181818;7,000000
1686;17,000000;14,000000;0,823529;7,500000;6,500000;7,500000;6,500000
1687;13,000000;13,000000;1,000000;5,769231;5,000000;5,769231;5,000000
1688;12,000000;11,000000;0,916667;4,636364;4,000000;4,636364;4,000000
1689;11,000000;9,000000;0,818182;3,777778;2,000000;3,777778;2,000000
1690;18,000000;17,000000;0,944444;8,352941;7,000000;8,352941;7,000000
1691;20,000000;18,000000;0,900000;9,500000;7,500000;9,500000;7,500000
1692;15,000000;12,000000;0,800000;5,333333;3,000000;5,333333;3,000000
1693;13,000000;12,000000;0,923077;4,750000;3,500000;4,750000;3,500000
1694;17,000000;17,000000;1,000000;7,705882;5,000000;7,705882;5,000000
1695;16,000000;16,000000;1,000000;15,000000;12,500000;15,000000;12,500000
1696;14,000000;12,000000;0,857143;4,916667;1,500000;4,916667;1,500000
1697;19,000000;10,000000;0,526316;4,300000;4,000000;4,300000;4,000000
1698;15,000000;15,000000;1,000000;8,066667;5,000000;8,066667;5,000000
1699;20,000000;20,000000;1,000000;16,650000;16,000000;16,650000;16,000000
1700;12,000000;7,000000;0,583333;7,285714;3,000000;7,285714;3,000000
1701;12,000000;11,000000;0,916667;4,363636;3,000000;4,363636;3,000000
1702;14,000000;13,000000;0,928571;6,153846;4,000000;6,153846;4,000000
1703;8,000000;7,000000;0,875000;2,000000;1,000000;2,000000;1,000000
1704;17,000000;17,000000;1,000000;8,294118;8,000000;8,294118;8,000000
1705;14,000000;10,000000;0,714286;5,900000;3,000000;5,900000;3,000000
1706;11,000000;11,000000;1,000000;7,636364;7,000000;7,636364;7,000000
1707;12,000000;10,000000;0,833333;8,000000;6,500000;8,000000;6,500000
1708;18,000000;15,000000;0,833333;5,866667;5,000000;5,866667;5,000000
1709;15,000000;12,000000;0,800000;7,833333;8,000000;7,833333;8,000000
1710;15,000000;15,000000;1,000000;11,800000;12,000000;11,800000;12,000000
1711;15,000000;12,000000;0,800000;6,333333;5,000000;6,333333;5,000000
1712;8,000000;8,000000;1,000000;1,500000;1,000000;1,500000;1,000000
1713;16,000000;13,000000;0,812500;4,846154;4,000000;4,846154;4,000000
1714;13,000000;10,000000;0,769231;5,100000;3,500000;5,100000;3,500000
1715;14,000000;12,000000;0,857143;4,916667;3,000000;4,916667;3,000000
1716;8,000000;8,000000;1,000000;3,250000;2,000000;3,250000;2,000000
1717;21,000000;19,000000;0,904762;9,947368;7,000000;9,947368;7,000000
1718;19,000000;13,000000;0,684211;8,538462;7,000000;8,538462;7,000000
1719;17,000000;15,000000;0,882353;8,466667;6,000000;8,466667;6,000000
1720;15,000000;11,000000;0,733333;8,181818;8,000000;8,181818;8,000000
1721;12,000000;12,000000;1,000000;2,833333;1,000000;2,833333;1,000000
1722;7,000000;7,000000;1,000000;1,714286;1,000000;1,714286;1,000000
1723;21,000000;3,000000;0,142857;2,666667;2,000000;2,666667;2,000000
1724;15,000000;15,000000;1,000000;5,200000;4,000000;5,200000;4,000000
1725;12,000000;12,000000;1,000000;3,916667;3,000000;3,916667;3,000000
1726;13,000000;13,000000;1,000000;10,769231;8,000000;10,769231;8,000000
1727;13,000000;13,000000;1,000000;9,538462;5,000000;9,538462;5,000000
1728;16,000000;14,000000;0,875000;10,500000;8,000000;10,500000;8,000000
1729;13,000000;13,000000;1,000000;6,692308;6,000000;6,692308;6,000000
1730;13,000000;13,000000;1,000000;11,307692;7,000000;11,307692;7,000000
1731;15,000000;15,000000;1,000000;8,666667;7,000000;8,666667;7,000000
1732;17,000000;12,000000;0,705882;8,916667;6,000000;8,916667;6,000000
1733;19,000000;18,000000;0,947368;10,888889;8,500000;10,888889;8,500000
1734;21,000000;16,000000;0,761905;16,000000;17,500000;16,000000;17,500000
1735;14,000000;11,000000;0,785714;5,272727;4,000000;5,272727;4,000000
1736;18,000000;18,000000;1,000000;9,333333;7,000000;9,333333;7,000000
1737;8,000000;5,000000;0,625000;1,200000;1,000000;1,200000;1,000000
1738;13,000000;13,000000;1,000000;4,000000;3,000000;4,000000;3,000000
1739;13,000000;10,000000;0,769231;3,300000;2,000000;3,300000;2,000000
1740;19,000000;12,000000;0,631579;14,583333;15,500000;14,583333;15,500000
1741;18,000000;15,000000;0,833333;7,666667;6,000000;7,666667;6,000000
1742;17,000000;15,000000;0,882353;7,133333;7,000000;7,133333;7,000000
1743;15,000000;13,000000;0,866667;6,153846;4,000000;6,153846;4,000000
1744;6,000000;6,000000;1,000000;2,166667;1,000000;2,166667;1,000000
1745;16,000000;14,000000;0,875000;10,642857;7,500000;10,642857;7,500000
1746;12,000000;12,000000;1,000000;5,833333;6,000000;5,833333;6,000000
1747;12,000000;11,000000;0,916667;2,636364;1,000000;2,636364;1,000000
1748;11,000000;10,000000;0,909091;4,900000;2,500000;4,900000;2,500000
1749;12,000000;12,000000;1,000000;7,333333;4,500000;7,333333;4,500000
1750;9,000000;9,000000;1,000000;3,222222;2,000000;3,222222;2,000000
1751;23,000000;17,000000;0,739130;14,882353;11,000000;14,882353;11,000000
1752;19,000000;11,000000;0,578947;3,090909;3,000000;3,090909;3,000000
1753;17,000000;12,000000;0,705882;4,833333;3,500000;4,833333;3,500000
1754;12,000000;7,000000;0,583333;3,428571;4,000000;3,428571;4,000000
1755;17,000000;16,000000;0,941176;8,062500;7,500000;8,062500;7,500000
1756;14,000000;12,000000;0,857143;6,583333;5,000000;6,583333;5,000000
1757;8,000000;8,000000;1,000000;2,375000;1,000000;2,375000;1,000000
1758;17,000000;16,000000;0,941176;14,812500;14,500000;14,812500;14,500000
1759;8,000000;8,000000;1,000000;3,125000;3,000000;3,125000;3,000000
1760;12,000000;11,000000;0,916667;3,636364;3,000000;3,636364;3,000000
1761;7,000000;7,000000;1,000000;3,142857;1,000000;3,142857;1,000000
1762;15,000000;9,000000;0,600000;4,333333;3,000000;4,333333;3,000000
1763;16,000000;15,000000;0,937500;9,200000;7,000000;9,200000;7,000000
1764;14,000000;11,000000;0,785714;3,272727;2,000000;3,272727;2,000000
1765;8,000000;7,000000;0,875000;1,714286;1,000000;1,714286;1,000000
1766;14,000000;13,000000;0,928571;6,461538;6,000000;6,461538;6,000000
1767;11,000000;10,000000;0,909091;9,200000;7,000000;9,200000;7,000000
1768;15,000000;15,000000;1,000000;7,800000;5,000000;7,800000;5,000000
1769;16,000000;15,000000;0,937500;5,400000;3,000000;5,400000;3,000000
1770;11,000000;11,000000;1,000000;4,636364;3,000000;4,636364;3,000000
1771;7,000000;7,000000;1,000000;3,142857;1,000000;3,142857;1,000000
1772;24,000000;6,000000;0,250000;3,166667;3,000000;3,166667;3,000000
1773;14,000000;14,000000;1,000000;4,357143;3,000000;4,357143;3,000000
1774;12,000000;10,000000;0,833333;1,700000;1,000000;1,700000;1,000000
1775;10,000000;10,000000;1,000000;3,600000;3,500000;3,600000;3,500000
1776;14,000000;14,000000;1,000000;13,000000;8,500000;13,000000;8,500000
1777;17,000000;14,000000;0,823529;11,142857;10,500000;11,142857;10,500000
1778;9,000000;7,000000;0,777778;3,714286;3,000000;3,714286;3,000000
1779;12,000000;9,000000;0,750000;8,888889;9,000000;8,888889;9,000000
1780;9,000000;7,000000;0,777778;2,571429;1,000000;2,571429;1,000000
1781;12,000000;11,000000;0,916667;5,818182;6,000000;5,818182;6,000000
1782;13,000000;12,000000;0,923077;6,333333;4,500000;6,333333;4,500000
1783;10,000000;10,000000;1,000000;3,700000;2,500000;3,700000;2,500000
1784;12,000000;11,000000;0,916667;6,000000;3,000000;6,000000;3,000000
1785;17,000000;17,000000;1,000000;11,529412;9,000000;11,529412;9,000000
1786;8,000000;8,000000;1,000000;2,500000;1,000000;2,500000;1,000000
1787;14,000000;14,000000;1,000000;11,071429;7,000000;11,071429;7,000000
1788;12,000000;12,000000;1,000000;4,333333;2,000000;4,333333;2,000000
1789;7,000000;7,000000;1,000000;2,857143;2,000000;2,857143;2,000000
1790;11,000000;10,000000;0,909091;4,800000;5,000000;4,800000;5,000000
1791;14,000000;14,000000;1,000000;7,857143;6,000000;7,857143;6,000000
1792;18,000000;15,000000;0,833333;9,200000;5,000000;9,200000;5,000000
1793;14,000000;9,000000;0,642857;5,111111;5,000000;5,111111;5,000000
1794;14,000000;11,000000;0,785714;4,909091;4,000000;4,909091;4,000000
1795;7,000000;7,000000;1,000000;2,428571;2,000000;2,428571;2,000000
1796;10,000000;10,000000;1,000000;3,900000;2,500000;3,900000;2,500000
1797;15,000000;14,000000;0,933333;10,571429;5,500000;10,571429;5,500000
1798;9,000000;8,000000;0,888889;3,000000;1,000000;3,000000;1,000000
1799;13,000000;13,000000;1,000000;5,153846;4,000000;5,153846;4,000000
1800;17,000000;16,000000;0,941176;10,875000;6,000000;10,875000;6,000000
1801;10,000000;9,000000;0,900000;3,333333;1,000000;3,333333;1,000000
1802;16,000000;13,000000;0,812500;12,538462;10,000000;12,538462;10,000000
1803;14,000000;14,000000;1,000000;6,500000;5,000000;6,500000;5,000000
1804;7,000000;7,000000;1,000000;1,714286;1,000000;1,714286;1,000000
1805;9,000000;5,000000;0,555556;3,800000;3,000000;3,800000;3,000000
1806;13,000000;13,000000;1,000000;6,307692;4,000000;6,307692;4,000000
1807;15,000000;14,000000;0,933333;6,142857;5,000000;6,142857;5,000000
1808;11,000000;11,000000;1,000000;4,636364;2,000000;4,636364;2,000000
1809;11,000000;11,000000;1,000000;3,727273;3,000000;3,727273;3,000000
1810;13,000000;13,000000;1,000000;9,692308;9,000000;9,692308;9,000000
1811;14,000000;13,000000;0,928571;4,461538;2,000000;4,461538;2,000000
1812;16,000000;15,000000;0,937500;9,800000;7,000000;9,800000;7,000000
1813;10,000000;10,000000;1,000000;3,100000;2,000000;3,100000;2,000000
1814;11,000000;10,000000;0,909091;2,400000;1,000000;2,400000;1,000000
1815;13,000000;13,000000;1,000000;4,153846;2,000000;4,153846;2,000000
1816;15,000000;10,000000;0,666667;2,300000;2,000000;2,300000;2,000000
1817;18,000000;18,000000;1,000000;8,166667;7,500000;8,166667;7,500000
1818;12,000000;10,000000;0,833333;9,100000;8,000000;9,100000;8,000000
1819;15,000000;15,000000;1,000000;4,800000;4,000000;4,800000;4,000000
1820;13,000000;11,000000;0,846154;5,363636;4,000000;5,363636;4,000000
1821;8,000000;8,000000;1,000000;2,250000;1,000000;2,250000;1,000000
1822;15,000000;11,000000;0,733333;5,000000;5,000000;5,000000;5,000000
1823;13,000000;13,000000;1,000000;8,615385;6,000000;8,615385;6,000000
1824;12,000000;11,000000;0,916667;5,454545;4,000000;5,454545;4,000000
1825;10,000000;9,000000;0,900000;4,777778;4,000000;4,777778;4,000000
1826;14,000000;14,000000;1,000000;9,571429;8,000000;9,571429;8,000000
1827;11,000000;10,000000;0,909091;3,400000;2,500000;3,400000;2,500000
1828;23,000000;5,000000;0,217391;5,600000;4,000000;5,600000;4,000000
1829;9,000000;9,000000;1,000000;6,888889;4,000000;6,888889;4,000000
1830;6,000000;5,000000;0,833333;3,400000;1,000000;3,400000;1,000000
1831;6,000000;5,000000;0,833333;1,600000;1,000000;1,600000;1,000000
1832;15,000000;12,000000;0,800000;10,166667;8,500000;10,166667;8,500000
1833;7,000000;7,000000;1,000000;8,000000;6,000000;8,000000;6,000000
1834;8,000000;6,000000;0,750000;5,166667;4,000000;5,166667;4,000000
1835;14,000000;14,000000;1,000000;4,571429;3,000000;4,571429;3,000000
1836;17,000000;14,000000;0,823529;11,357143;9,000000;11,357143;9,000000
1837;14,000000;14,000000;1,000000;5,928571;4,500000;5,928571;4,500000
1838;15,000000;12,000000;0,800000;6,000000;5,500000;6,000000;5,500000
1839;19,000000;11,000000;0,578947;4,818182;4,000000;4,818182;4,000000
1840;13,000000;11,000000;0,846154;3,909091;3,000000;3,909091;3,000000
1841;8,000000;4,000000;0,500000;2,750000;1,500000;2,750000;1,500000
1842;8,000000;8,000000;1,000000;2,750000;1,000000;2,750000;1,000000
1843;14,000000;14,000000;1,000000;5,571429;4,000000;5,571429;4,000000
1844;11,000000;9,000000;0,818182;3,666667;2,000000;3,666667;2,000000
1845;12,000000;9,000000;0,750000;4,555556;5,000000;4,555556;5,000000
1846;14,000000;14,000000;1,000000;10,785714;5,000000;10,785714;5,000000
1847;10,000000;10,000000;1,000000;5,500000;3,500000;5,500000;3,500000
1848;13,000000;12,000000;0,923077;4,416667;4,000000;4,416667;4,000000
1849;12,000000;12,000000;1,000000;5,666667;4,500000;5,666667;4,500000
1850;6,000000;6,000000;1,000000;1,500000;1,000000;1,500000;1,000000
1851;16,000000;15,000000;0,937500;3,200000;3,000000;3,200000;3,000000
1852;10,000000;6,000000;0,600000;2,666667;1,000000;2,666667;1,000000
1853;18,000000;17,000000;0,944444;11,705882;5,000000;11,705882;5,000000
1854;11,000000;11,000000;1,000000;5,000000;3,000000;5,000000;3,000000
1855;6,000000;6,000000;1,000000;2,666667;1,500000;2,666667;1,500000
1856;14,000000;13,000000;0,928571;8,769231;5,000000;8,769231;5,000000
1857;17,000000;17,000000;1,000000;10,647059;9,000000;10,647059;9,000000
1858;18,000000;14,000000;0,777778;7,571429;3,500000;7,571429;3,500000
1859;20,000000;20,000000;1,000000;16,200000;13,500000;16,200000;13,500000
1860;14,000000;10,000000;0,714286;4,200000;3,000000;4,200000;3,000000
1861;13,000000;10,000000;0,769231;4,000000;4,000000;4,000000;4,000000
1862;12,000000;12,000000;1,000000;5,250000;3,500000;5,250000;3,500000
1863;13,000000;8,000000;0,615385;2,625000;2,000000;2,625000;2,000000
1864;16,000000;15,000000;0,937500;5,000000;4,000000;5,000000;4,000000
1865;14,000000;13,000000;0,928571;5,923077;4,000000;5,923077;4,000000
1866;12,000000;10,000000;0,833333;11,900000;10,000000;11,900000;10,000000
1867;13,000000;11,000000;0,846154;3,818182;4,000000;3,818182;4,000000
1868;11,000000;8,000000;0,727273;2,250000;1,000000;2,250000;1,000000
1869;23,000000;0,000000;0,000000;;;;
1870;12,000000;6,000000;0,500000;2,166667;1,000000;2,166667;1,000000
1871;6,000000;5,000000;0,833333;5,000000;1,000000;5,000000;1,000000
1872;19,000000;19,000000;1,000000;14,421053;13,000000;14,421053;13,000000
1873;16,000000;16,000000;1,000000;8,500000;5,500000;8,500000;5,500000
1874;13,000000;9,000000;0,692308;2,555556;2,000000;2,555556;2,000000
1875;15,000000;15,000000;1,000000;6,466667;5,000000;6,466667;5,000000
1876;14,000000;10,000000;0,714286;4,200000;2,500000;4,200000;2,500000
1877;16,000000;16,000000;1,000000;8,750000;8,500000;8,750000;8,500000
1878;17,000000;16,000000;0,941176;24,062500;24,000000;24,062500;24,000000
1879;24,000000;20,000000;0,833333;9,000000;9,000000;9,000000;9,000000
1880;14,000000;14,000000;1,000000;6,785714;6,000000;6,785714;6,000000
1881;8,000000;8,000000;1,000000;2,750000;1,500000;2,750000;1,500000
1882;10,000000;10,000000;1,000000;6,300000;5,500000;6,300000;5,500000
1883;19,000000;19,000000;1,000000;10,684211;9,000000;10,684211;9,000000
1884;18,000000;12,000000;0,666667;9,666667;8,000000;9,666667;8,000000
1885;11,000000;10,000000;0,909091;5,000000;4,000000;5,000000;4,000000
1886;11,000000;9,000000;0,818182;3,555556;1,000000;3,555556;1,000000
1887;18,000000;18,000000;1,000000;14,777778;14,500000;14,777778;14,500000
1888;16,000000;16,000000;1,000000;7,562500;6,500000;7,562500;6,500000
1889;17,000000;14,000000;0,823529;7,642857;7,000000;7,642857;7,000000
1890;18,000000;14,000000;0,777778;6,142857;4,000000;6,142857;4,000000
1891;14,000000;14,000000;1,000000;8,428571;7,000000;8,428571;7,000000
1892;10,000000;8,000000;0,800000;2,500000;1,000000;2,500000;1,000000
1893;18,000000;16,000000;0,888889;6,875000;6,000000;6,875000;6,000000
1894;15,000000;12,000000;0,800000;5,416667;4,000000;5,416667;4,000000
1895;10,000000;8,000000;0,800000;5,375000;4,500000;5,375000;4,500000
1896;18,000000;10,000000;0,555556;6,200000;5,000000;6,200000;5,000000
1897;14,000000;13,000000;0,928571;9,538462;9,000000;9,538462;9,000000
1898;8,000000;8,000000;1,000000;4,375000;4,000000;4,375000;4,000000
1899;8,000000;7,000000;0,875000;3,285714;1,000000;3,285714;1,000000
1900;17,000000;9,000000;0,529412;3,222222;2,000000;3,222222;2,000000
1901;10,000000;10,000000;1,000000;6,500000;4,500000;6,500000;4,500000
1902;10,000000;10,000000;1,000000;4,300000;2,000000;4,300000;2,000000
1903;15,000000;14,000000;0,933333;12,785714;11,500000;12,785714;11,500000
1904;14,000000;13,000000;0,928571;3,230769;3,000000;3,230769;3,000000
1905;7,000000;7,000000;1,000000;6,857143;6,000000;6,857143;6,000000
1906;5,000000;5,000000;1,000000;3,400000;2,000000;3,400000;2,000000
1907;12,000000;11,000000;0,916667;4,909091;3,000000;4,909091;3,000000
1908;10,000000;8,000000;0,800000;2,125000;1,000000;2,125000;1,000000
1909;10,000000;10,000000;1,000000;4,000000;2,000000;4,000000;2,000000
1910;20,000000;20,000000;1,000000;17,950000;17,500000;17,950000;17,500000
1911;13,000000;10,000000;0,769231;5,000000;4,000000;5,000000;4,000000
1912;10,000000;9,000000;0,900000;3,666667;2,000000;3,666667;2,000000
1913;7,000000;4,000000;0,571429;2,000000;1,000000;2,000000;1,000000
1914;15,000000;13,000000;0,866667;7,153846;5,000000;7,153846;5,000000
1915;10,000000;5,000000;0,500000;2,200000;1,000000;2,200000;1,000000
1916;11,000000;11,000000;1,000000;4,727273;5,000000;4,727273;5,000000
1917;4,000000;4,000000;1,000000;2,250000;1,000000;2,250000;1,000000
1918;13,000000;13,000000;1,000000;2,000000;1,000000;2,000000;1,000000
1919;15,000000;13,000000;0,866667;5,769231;5,000000;5,769231;5,000000
1920;16,000000;11,000000;0,687500;10,727273;10,000000;10,727273;10,000000
1921;9,000000;8,000000;0,888889;2,250000;1,500000;2,250000;1,500000
1922;6,000000;6,000000;1,000000;3,500000;3,000000;3,500000;3,000000
1923;13,000000;13,000000;1,000000;4,615385;4,000000;4,615385;4,000000
1924;13,000000;13,000000;1,000000;4,769231;5,000000;4,769231;5,000000
1925;12,000000;11,000000;0,916667;3,454545;3,000000;3,454545;3,000000
1926;5,000000;5,000000;1,000000;1,600000;1,000000;1,600000;1,000000
1927;11,000000;11,000000;1,000000;2,454545;1,000000;2,454545;1,000000
1928;15,000000;12,000000;0,800000;2,583333;1,500000;2,583333;1,500000
1929;17,000000;10,000000;0,588235;13,300000;14,500000;13,300000;14,500000
1930;9,000000;9,000000;1,000000;4,666667;4,000000;4,666667;4,000000
1931;13,000000;9,000000;0,692308;3,333333;1,000000;3,333333;1,000000
1932;12,000000;11,000000;0,916667;5,545455;3,000000;5,545455;3,000000
1933;14,000000;11,000000;0,785714;11,818182;10,000000;11,818182;10,000000
1934;19,000000;19,000000;1,000000;10,894737;10,000000;10,894737;10,000000
1935;10,000000;8,000000;0,800000;2,750000;1,500000;2,750000;1,500000
1936;13,000000;11,000000;0,846154;4,454545;4,000000;4,454545;4,000000
1937;11,000000;10,000000;0,909091;5,300000;2,500000;5,300000;2,500000
1938;8,000000;5,000000;0,625000;1,400000;1,000000;1,400000;1,000000
1939;13,000000;12,000000;0,923077;8,250000;8,000000;8,250000;8,000000
1940;15,000000;15,000000;1,000000;7,000000;5,000000;7,000000;5,000000
1941;11,000000;11,000000;1,000000;4,454545;3,000000;4,454545;3,000000
1942;16,000000;13,000000;0,812500;6,538462;4,000000;6,538462;4,000000
1943;12,000000;12,000000;1,000000;5,416667;5,000000;5,416667;5,000000
1944;11,000000;11,000000;1,000000;4,000000;3,000000;4,000000;3,000000
1945;10,000000;10,000000;1,000000;4,400000;3,000000;4,400000;3,000000
1946;11,000000;11,000000;1,000000;6,363636;6,000000;6,363636;6,000000
1947;13,000000;11,000000;0,846154;2,363636;1,000000;2,363636;1,000000
1948;17,000000;15,000000;0,882353;5,266667;4,000000;5,266667;4,000000
1949;12,000000;7,000000;0,583333;5,285714;3,000000;5,285714;3,000000
1950;9,000000;9,000000;1,000000;5,333333;4,000000;5,333333;4,000000
1951;8,000000;8,000000;1,000000;6,625000;5,500000;6,625000;5,500000
1952;10,000000;8,000000;0,800000;1,875000;1,000000;1,875000;1,000000
1953;10,000000;8,000000;0,800000;2,375000;2,000000;2,375000;2,000000
1954;11,000000;8,000000;0,727273;4,875000;3,000000;4,875000;3,000000
1955;12,000000;11,000000;0,916667;6,909091;3,000000;6,909091;3,000000
1956;17,000000;14,000000;0,823529;9,357143;7,500000;9,357143;7,500000
1957;13,000000;12,000000;0,923077;5,333333;3,500000;5,333333;3,500000
1958;13,000000;12,000000;0,923077;2,750000;2,000000;2,750000;2,000000
1959;7,000000;7,000000;1,000000;2,285714;1,000000;2,285714;1,000000
1960;14,000000;14,000000;1,000000;6,928571;6,000000;6,928571;6,000000
1961;11,000000;10,000000;0,909091;3,900000;3,500000;3,900000;3,500000
1962;7,000000;6,000000;0,857143;2,166667;1,500000;2,166667;1,500000
1963;15,000000;13,000000;0,866667;5,769231;3,000000;5,769231;3,000000
1964;12,000000;12,000000;1,000000;4,666667;4,500000;4,666667;4,500000
1965;16,000000;15,000000;0,937500;7,466667;5,000000;7,466667;5,000000
1966;5,000000;5,000000;1,000000;1,400000;1,000000;1,400000;1,000000
1967;11,000000;11,000000;1,000000;6,818182;5,000000;6,818182;5,000000
1968;10,000000;9,000000;0,900000;4,000000;2,000000;4,000000;2,000000
1969;12,000000;11,000000;0,916667;3,181818;2,000000;3,181818;2,000000
1970;14,000000;7,000000;0,500000;4,857143;4,000000;4,857143;4,000000
1971;12,000000;11,000000;0,916667;5,000000;4,000000;5,000000;4,000000
1972;13,000000;12,000000;0,923077;3,083333;1,500000;3,083333;1,500000
1973;16,000000;16,000000;1,000000;8,687500;8,000000;8,687500;8,000000
1974;16,000000;7,000000;0,437500;2,857143;1,000000;2,857143;1,000000
1975;19,000000;17,000000;0,894737;7,411765;6,000000;7,411765;6,000000
1976;10,000000;8,000000;0,800000;1,875000;1,000000;1,875000;1,000000
1977;15,000000;14,000000;0,933333;6,785714;5,500000;6,785714;5,500000
1978;16,000000;16,000000;1,000000;7,875000;5,000000;7,875000;5,000000
1979;13,000000;8,000000;0,615385;4,875000;3,500000;4,875000;3,500000
1980;12,000000;12,000000;1,000000;6,666667;4,000000;6,666667;4,000000
1981;12,000000;11,000000;0,916667;3,000000;3,000000;3,000000;3,000000
1982;20,000000;7,000000;0,350000;3,000000;2,000000;3,000000;2,000000
1983;10,000000;7,000000;0,700000;3,428571;1,000000;3,428571;1,000000
1984;15,000000;13,000000;0,866667;5,153846;4,000000;5,153846;4,000000
1985;13,000000;10,000000;0,769231;3,300000;1,000000;3,300000;1,000000
1986;16,000000;14,000000;0,875000;12,357143;9,000000;12,357143;9,000000
1987;13,000000;10,000000;0,769231;9,100000;7,000000;9,100000;7,000000
1988;18,000000;13,000000;0,722222;9,076923;6,000000;9,076923;6,000000
1989;19,000000;19,000000;1,000000;6,157895;6,000000;6,157895;6,000000
1990;7,000000;7,000000;1,000000;7,285714;7,000000;7,285714;7,000000
1991;14,000000;14,000000;1,000000;5,642857;4,500000;5,642857;4,500000
1992;13,000000;10,000000;0,769231;4,700000;2,500000;4,700000;2,500000
1993;9,000000;8,000000;0,888889;1,625000;1,000000;1,625000;1,000000
1994;12,000000;11,000000;0,916667;4,545455;3,000000;4,545455;3,000000
1995;13,000000;13,000000;1,000000;3,153846;3,000000;3,153846;3,000000
1996;12,000000;12,000000;1,000000;12,833333;9,000000;12,833333;9,000000
1997;15,000000;13,000000;0,866667;9,000000;7,000000;9,000000;7,000000
1998;13,000000;11,000000;0,846154;3,636364;3,000000;3,636364;3,000000
1999;15,000000;15,000000;1,000000;10,333333;9,000000;10,333333;9,000000
2000;7,000000;7,000000;1,000000;3,142857;2,000000;3,142857;2,000000
2001;9,000000;5,000000;0,555556;2,200000;1,000000;2,200000;1,000000
2002;15,000000;14,000000;0,933333;5,571429;3,500000;5,571429;3,500000
2003;15,000000;13,000000;0,866667;6,538462;5,000000;6,538462;5,000000
2004;20,000000;8,000000;0,400000;5,500000;5,000000;5,500000;5,000000
2005;13,000000;13,000000;1,000000;5,846154;3,000000;5,846154;3,000000
2006;9,000000;9,000000;1,000000;4,333333;1,000000;4,333333;1,000000
2007;12,000000;10,000000;0,833333;5,100000;3,000000;5,100000;3,000000
2008;13,000000;12,000000;0,923077;6,500000;3,000000;6,500000;3,000000
2009;13,000000;13,000000;1,000000;6,230769;5,000000;6,230769;5,000000
2010;9,000000;9,000000;1,000000;8,666667;4,000000;8,666667;4,000000
2011;8,000000;7,000000;0,875000;2,142857;1,000000;2,142857;1,000000
2012;14,000000;13,000000;0,928571;4,307692;4,000000;4,307692;4,000000
2013;13,000000;13,000000;1,000000;4,692308;4,000000;4,692308;4,000000
2014;12,000000;12,000000;1,000000;6,750000;3,500000;6,750000;3,500000
2015;14,000000;14,000000;1,000000;5,357143;4,000000;5,357143;4,000000
2016;7,000000;5,000000;0,714286;2,400000;1,000000;2,400000;1,000000
2017;10,000000;8,000000;0,800000;3,125000;2,000000;3,125000;2,000000
2018;9,000000;9,000000;1,000000;6,333333;4,000000;6,333333;4,000000
2019;9,000000;9,000000;1,000000;1,888889;1,000000;1,888889;1,000000
2020;15,000000;12,000000;0,800000;6,083333;5,500000;6,083333;5,500000
2021;10,000000;10,000000;1,000000;8,400000;7,500000;8,400000;7,500000
2022;12,000000;12,000000;1,000000;5,833333;4,500000;5,833333;4,500000
2023;10,000000;9,000000;0,900000;4,444444;5,000000;4,444444;5,000000
2024;15,000000;7,000000;0,466667;3,428571;3,000000;3,428571;3,000000
2025;9,000000;7,000000;0,777778;2,285714;1,000000;2,285714;1,000000
2026;9,000000;8,000000;0,888889;4,375000;2,500000;4,375000;2,500000
2027;18,000000;15,000000;0,833333;8,733333;6,000000;8,733333;6,000000
2028;8,000000;8,000000;1,000000;6,625000;4,000000;6,625000;4,000000
2029;4,000000;3,000000;0,750000;3,000000;1,000000;3,000000;1,000000
2030;15,000000;13,000000;0,866667;4,615385;4,000000;4,615385;4,000000
2031;17,000000;16,000000;0,941176;8,375000;6,500000;8,375000;6,500000
2032;15,000000;10,000000;0,666667;3,900000;2,500000;3,900000;2,500000
2033;15,000000;15,000000;1,000000;8,200000;4,000000;8,200000;4,000000
2034;8,000000;8,000000;1,000000;2,875000;2,000000;2,875000;2,000000
2035;6,000000;6,000000;1,000000;1,500000;1,000000;1,500000;1,000000
2036;14,000000;6,000000;0,428571;2,166667;2,000000;2,166667;2,000000
2037;17,000000;14,000000;0,823529;5,500000;6,500000;5,500000;6,500000
2038;18,000000;11,000000;0,611111;6,545455;4,000000;6,545455;4,000000
2039;14,000000;13,000000;0,928571;3,769231;3,000000;3,769231;3,000000
2040;7,000000;4,000000;0,571429;2,250000;1,000000;2,250000;1,000000
2041;15,000000;15,000000;1,000000;8,400000;6,000000;8,400000;6,000000
2042;14,000000;8,000000;0,571429;3,750000;2,000000;3,750000;2,000000
2043;5,000000;5,000000;1,000000;3,800000;4,000000;3,800000;4,000000
2044;10,000000;9,000000;0,900000;2,555556;1,000000;2,555556;1,000000
2045;10,000000;10,000000;1,000000;4,000000;3,000000;4,000000;3,000000
2046;10,000000;9,000000;0,900000;3,222222;2,000000;3,222222;2,000000
2047;5,000000;5,000000;1,000000;1,400000;1,000000;1,400000;1,000000
2048;13,000000;11,000000;0,846154;6,363636;5,000000;6,363636;5,000000
2049;8,000000;8,000000;1,000000;5,000000;3,500000;5,000000;3,500000
2050;10,000000;9,000000;0,900000;8,444444;10,000000;8,444444;10,000000
2051;9,000000;9,000000;1,000000;8,222222;4,000000;8,222222;4,000000
2052;7,000000;7,000000;1,000000;2,000000;1,000000;2,000000;1,000000
2053;12,000000;12,000000;1,000000;4,916667;2,500000;4,916667;2,500000
2054;10,000000;7,000000;0,700000;3,000000;2,000000;3,000000;2,000000
2055;14,000000;9,000000;0,642857;3,555556;3,000000;3,555556;3,000000
2056;18,000000;13,000000;0,722222;8,307692;7,000000;8,307692;7,000000
2057;8,000000;7,000000;0,875000;2,428571;1,000000;2,428571;1,000000
2058;11,000000;8,000000;0,727273;2,125000;1,000000;2,125000;1,000000
2059;16,000000;14,000000;0,875000;6,285714;3,500000;6,285714;3,500000
2060;14,000000;13,000000;0,928571;6,384615;5,000000;6,384615;5,000000
2061;16,000000;15,000000;0,937500;13,533333;9,000000;13,533333;9,000000
2062;8,000000;8,000000;1,000000;2,625000;2,000000;2,625000;2,000000
2063;13,000000;11,000000;0,846154;8,454545;3,000000;8,454545;3,000000
2064;9,000000;9,000000;1,000000;2,222222;1,000000;2,222222;1,000000
2065;8,000000;8,000000;1,000000;4,750000;4,000000;4,750000;4,000000
2066;5,000000;4,000000;0,800000;2,250000;1,500000;2,250000;1,500000
2067;8,000000;8,000000;1,000000;2,125000;1,000000;2,125000;1,000000
2068;7,000000;7,000000;1,000000;3,285714;1,000000;3,285714;1,000000
2069;16,000000;14,000000;0,875000;7,571429;6,000000;7,571429;6,000000
2070;13,000000;12,000000;0,923077;2,916667;1,000000;2,916667;1,000000
2071;10,000000;10,000000;1,000000;4,700000;3,000000;4,700000;3,000000
2072;5,000000;5,000000;1,000000;1,000000;1,000000;1,000000;1,000000
2073;8,000000;8,000000;1,000000;3,625000;2,000000;3,625000;2,000000
2074;18,000000;15,000000;0,833333;9,800000;5,000000;9,800000;5,000000
2075;14,000000;14,000000;1,000000;5,928571;5,000000;5,928571;5,000000
2076;15,000000;8,000000;0,533333;3,000000;1,000000;3,000000;1,000000
2077;14,000000;12,000000;0,857143;5,333333;2,500000;5,333333;2,500000
2078;12,000000;7,000000;0,583333;3,428571;2,000000;3,428571;2,000000
2079;10,000000;8,000000;0,800000;4,125000;2,000000;4,125000;2,000000
2080;8,000000;8,000000;1,000000;2,500000;1,000000;2,500000;1,000000
2081;8,000000;6,000000;0,750000;2,500000;2,000000;2,500000;2,000000
2082;9,000000;8,000000;0,888889;5,500000;3,000000;5,500000;3,000000
2083;4,000000;4,000000;1,000000;3,000000;2,500000;3,000000;2,500000
2084;14,000000;9,000000;0,642857;3,333333;3,000000;3,333333;3,000000
2085;13,000000;13,000000;1,000000;4,076923;3,000000;4,076923;3,000000
2086;16,000000;16,000000;1,000000;7,750000;5,000000;7,750000;5,000000
2087;16,000000;16,000000;1,000000;6,437500;4,500000;6,437500;4,500000
2088;11,000000;7,000000;0,636364;4,857143;3,000000;4,857143;3,000000
2089;8,000000;8,000000;1,000000;6,750000;5,000000;6,750000;5,000000
2090;9,000000;9,000000;1,000000;4,666667;4,000000;4,666667;4,000000
2091;6,000000;6,000000;1,000000;2,000000;1,000000;2,000000;1,000000
2092;13,000000;7,000000;0,538462;2,285714;2,000000;2,285714;2,000000
2093;8,000000;7,000000;0,875000;2,714286;1,000000;2,714286;1,000000
2094;12,000000;10,000000;0,833333;1,900000;1,000000;1,900000;1,000000
2095;10,000000;10,000000;1,000000;4,300000;2,000000;4,300000;2,000000
2096;18,000000;18,000000;1,000000;13,277778;9,500000;13,277778;9,500000
2097;13,000000;12,000000;0,923077;14,083333;11,000000;14,083333;11,000000
2098;13,000000;12,000000;0,923077;5,250000;4,000000;5,250000;4,000000
2099;13,000000;11,000000;0,846154;11,363636;8,000000;11,363636;8,000000
2100;10,000000;8,000000;0,800000;2,625000;1,500000;2,625000;1,500000
2101;9,000000;9,000000;1,000000;2,222222;1,000000;2,222222;1,000000
2102;8,000000;8,000000;1,000000;2,875000;1,500000;2,875000;1,500000
2103;7,000000;7,000000;1,000000;4,714286;3,000000;4,714286;3,000000
2104;15,000000;15,000000;1,000000;6,000000;5,000000;6,000000;5,000000
2105;9,000000;9,000000;1,000000;4,444444;4,000000;4,444444;4,000000
2106;12,000000;11,000000;0,916667;6,090909;6,000000;6,090909;6,000000
2107;12,000000;9,000000;0,750000;1,888889;1,000000;1,888889;1,000000
2108;9,000000;7,000000;0,777778;2,142857;1,000000;2,142857;1,000000
2109;14,000000;12,000000;0,857143;3,750000;3,500000;3,750000;3,500000
2110;11,000000;11,000000;1,000000;7,818182;6,000000;7,818182;6,000000
2111;10,000000;10,000000;1,000000;3,400000;1,000000;3,400000;1,000000
2112;17,000000;16,000000;0,941176;6,500000;5,500000;6,500000;5,500000
2113;9,000000;9,000000;1,000000;4,555556;4,000000;4,555556;4,000000
2114;9,000000;8,000000;0,888889;3,625000;2,500000;3,625000;2,500000
2115;9,000000;7,000000;0,777778;1,571429;1,000000;1,571429;1,000000
2116;15,000000;14,000000;0,933333;8,357143;5,000000;8,357143;5,000000
2117;14,000000;12,000000;0,857143;5,583333;3,000000;5,583333;3,000000
2118;14,000000;12,000000;0,857143;8,250000;8,000000;8,250000;8,000000
2119;12,000000;12,000000;1,000000;5,416667;3,500000;5,416667;3,500000
2120;6,000000;6,000000;1,000000;1,833333;1,000000;1,833333;1,000000
2121;13,000000;11,000000;0,846154;3,363636;2,000000;3,363636;2,000000
2122;5,000000;4,000000;0,800000;1,750000;1,000000;1,750000;1,000000
2123;8,000000;8,000000;1,000000;3,875000;2,500000;3,875000;2,500000
2124;16,000000;16,000000;1,000000;9,312500;7,000000;9,312500;7,000000
2125;3,000000;3,000000;1,000000;1,000000;1,000000;1,000000;1,000000
2126;10,000000;10,000000;1,000000;4,900000;1,500000;4,900000;1,500000
2127;6,000000;6,000000;1,000000;1,166667;1,000000;1,166667;1,000000
2128;12,000000;12,000000;1,000000;6,583333;6,000000;6,583333;6,000000
2129;8,000000;8,000000;1,000000;2,000000;1,000000;2,000000;1,000000
2130;6,000000;6,000000;1,000000;2,333333;1,000000;2,333333;1,000000
2131;15,000000;15,000000;1,000000;4,866667;3,000000;4,866667;3,000000
2132;11,000000;11,000000;1,000000;5,818182;5,000000;5,818182;5,000000
2133;12,000000;10,000000;0,833333;3,600000;2,000000;3,600000;2,000000
2134;13,000000;13,000000;1,000000;17,846154;20,000000;17,846154;20,000000
2135;6,000000;6,000000;1,000000;2,833333;1,000000;2,833333;1,000000
2136;3,000000;3,000000;1,000000;2,333333;3,000000;2,333333;3,000000
2137;10,000000;10,000000;1,000000;5,400000;5,000000;5,400000;5,000000
2138;14,000000;13,000000;0,928571;7,692308;6,000000;7,692308;6,000000
2139;14,000000;14,000000;1,000000;20,857143;17,000000;20,857143;17,000000
2140;15,000000;11,000000;0,733333;7,000000;6,000000;7,000000;6,000000
2141;6,000000;6,000000;1,000000;2,333333;2,000000;2,333333;2,000000
2142;4,000000;4,000000;1,000000;1,000000;1,000000;1,000000;1,000000
2143;4,000000;4,000000;1,000000;1,250000;1,000000;1,250000;1,000000
2144;4,000000;3,000000;0,750000;2,000000;1,000000;2,000000;1,000000
2145;4,000000;4,000000;1,000000;2,500000;1,000000;2,500000;1,000000
2146;8,000000;8,000000;1,000000;2,375000;1,500000;2,375000;1,500000
2147;12,000000;11,000000;0,916667;5,454545;4,000000;5,454545;4,000000
2148;3,000000;3,000000;1,000000;1,000000;1,000000;1,000000;1,000000
2149;8,000000;8,000000;1,000000;2,625000;2,000000;2,625000;2,000000
2150;11,000000;5,000000;0,454545;10,400000;10,000000;10,400000;10,000000
2151;8,000000;8,000000;1,000000;2,750000;1,000000;2,750000;1,000000
2152;11,000000;11,000000;1,000000;2,727273;2,000000;2,727273;2,000000
2153;9,000000;3,000000;0,333333;3,000000;1,000000;3,000000;1,000000
2154;16,000000;16,000000;1,000000;8,250000;6,000000;8,250000;6,000000
2155;4,000000;4,000000;1,000000;5,250000;4,000000;5,250000;4,000000
2156;3,000000;3,000000;1,000000;1,000000;1,000000;1,000000;1,000000
2157;11,000000;10,000000;0,909091;6,000000;5,500000;6,000000;5,500000
2158;6,000000;6,000000;1,000000;1,666667;1,000000;1,666667;1,000000
2159;11,000000;10,000000;0,909091;5,900000;5,000000;5,900000;5,000000
2160;6,000000;5,000000;0,833333;2,800000;1,000000;2,800000;1,000000
2161;8,000000;8,000000;1,000000;1,625000;1,000000;1,625000;1,000000
2162;10,000000;10,000000;1,000000;4,000000;1,500000;4,000000;1,500000
2163;5,000000;5,000000;1,000000;1,200000;1,000000;1,200000;1,000000
2164;11,000000;11,000000;1,000000;2,272727;1,000000;2,272727;1,000000
2165;5,000000;5,000000;1,000000;1,000000;1,000000;1,000000;1,000000
2166;5,000000;5,000000;1,000000;2,200000;1,000000;2,200000;1,000000
2167;12,000000;12,000000;1,000000;4,416667;1,000000;4,416667;1,000000
2168;5,000000;4,000000;0,800000;1,500000;1,000000;1,500000;1,000000
2169;3,000000;3,000000;1,000000;1,000000;1,000000;1,000000;1,000000
2170;9,000000;7,000000;0,777778;4,857143;4,000000;4,857143;4,000000
2171;10,000000;10,000000;1,000000;2,900000;1,000000;2,900000;1,000000
2172;8,000000;8,000000;1,000000;3,875000;2,500000;3,875000;2,500000
2173;10,000000;9,000000;0,900000;4,222222;3,000000;4,222222;3,000000
2174;12,000000;10,000000;0,833333;2,500000;1,000000;2,500000;1,000000
2175;6,000000;4,000000;0,666667;2,250000;1,500000;2,250000;1,500000
2176;6,000000;5,000000;0,833333;2,200000;1,000000;2,200000;1,000000
2177;2,000000;2,000000;1,000000;1,000000;1,000000;1,000000;1,000000
2178;7,000000;6,000000;0,857143;5,000000;4,000000;5,000000;4,000000
2179;10,000000;10,000000;1,000000;3,200000;2,000000;3,200000;2,000000
2180;6,000000;6,000000;1,000000;6,000000;3,500000;6,000000;3,500000
2181;16,000000;16,000000;1,000000;5,187500;5,000000;5,187500;5,000000
2182;8,000000;8,000000;1,000000;3,125000;2,500000;3,125000;2,500000
2183;7,000000;7,000000;1,000000;2,571429;1,000000;2,571429;1,000000
2184;13,000000;13,000000;1,000000;13,461538;12,000000;13,461538;12,000000
2185;7,000000;7,000000;1,000000;2,571429;1,000000;2,571429;1,000000
2186;8,000000;6,000000;0,750000;1,833333;1,000000;1,833333;1,000000
2187;3,000000;3,000000;1,000000;1,000000;1,000000;1,000000;1,000000
2188;7,000000;5,000000;0,714286;1,400000;1,000000;1,400000;1,000000
2189;7,000000;5,000000;0,714286;1,800000;1,000000;1,800000;1,000000
2190;8,000000;7,000000;0,875000;2,428571;1,000000;2,428571;1,000000
2191;4,000000;2,000000;0,500000;1,000000;1,000000;1,000000;1,000000
2192;4,000000;4,000000;1,000000;1,000000;1,000000;1,000000;1,000000
2193;10,000000;10,000000;1,000000;2,700000;1,500000;2,700000;1,500000
2194;12,000000;11,000000;0,916667;2,909091;1,000000;2,909091;1,000000
2195;6,000000;6,000000;1,000000;2,000000;1,000000;2,000000;1,000000
2196;9,000000;8,000000;0,888889;3,250000;2,000000;3,250000;2,000000
2197;5,000000;5,000000;1,000000;2,800000;2,000000;2,800000;2,000000
2198;5,000000;5,000000;1,000000;1,400000;1,000000;1,400000;1,000000
2199;6,000000;5,000000;0,833333;1,000000;1,000000;1,000000;1,000000
2200;3,000000;3,000000;1,000000;1,000000;1,000000;1,000000;1,000000
2201;8,000000;8,000000;1,000000;2,875000;1,000000;2,875000;1,000000
2202;8,000000;8,000000;1,000000;2,500000;1,000000;2,500000;1,000000
2203;8,000000;8,000000;1,000000;5,250000;2,500000;5,250000;2,500000
2204;2,000000;2,000000;1,000000;1,000000;1,000000;1,000000;1,000000
2205;6,000000;6,000000;1,000000;1,500000;1,000000;1,500000;1,000000
2206;9,000000;9,000000;1,000000;4,000000;4,000000;4,000000;4,000000
2207;9,000000;9,000000;1,000000;1,444444;1,000000;1,444444;1,000000
2208;18,000000;13,000000;0,722222;14,923077;13,000000;14,923077;13,000000
2209;5,000000;5,000000;1,000000;1,600000;1,000000;1,600000;1,000000
2210;9,000000;9,000000;1,000000;1,777778;1,000000;1,777778;1,000000
2211;8,000000;8,000000;1,000000;2,500000;1,500000;2,500000;1,500000
2212;7,000000;5,000000;0,714286;3,000000;1,000000;3,000000;1,000000
2213;14,000000;5,000000;0,357143;3,800000;1,000000;3,800000;1,000000
2214;10,000000;10,000000;1,000000;2,900000;1,000000;2,900000;1,000000
2215;7,000000;6,000000;0,857143;1,666667;1,000000;1,666667;1,000000
2216;5,000000;5,000000;1,000000;1,800000;1,000000;1,800000;1,000000
2217;5,000000;5,000000;1,000000;1,800000;1,000000;1,800000;1,000000
2218;6,000000;6,000000;1,000000;2,666667;1,000000;2,666667;1,000000
2219;10,000000;9,000000;0,900000;2,111111;1,000000;2,111111;1,000000
2220;6,000000;2,000000;0,333333;1,000000;1,000000;1,000000;1,000000
2221;8,000000;7,000000;0,875000;2,142857;1,000000;2,142857;1,000000
2222;8,000000;8,000000;1,000000;3,750000;1,500000;3,750000;1,500000
2223;5,000000;4,000000;0,800000;1,000000;1,000000;1,000000;1,000000
2224;8,000000;7,000000;0,875000;2,285714;2,000000;2,285714;2,000000
2225;4,000000;4,000000;1,000000;2,000000;1,500000;2,000000;1,500000
2226;5,000000;5,000000;1,000000;1,200000;1,000000;1,200000;1,000000
2227;5,000000;5,000000;1,000000;4,200000;2,000000;4,200000;2,000000
2228;5,000000;5,000000;1,000000;1,600000;1,000000;1,600000;1,000000
2229;5,000000;5,000000;1,000000;3,000000;1,000000;3,000000;1,000000
2230;9,000000;8,000000;0,888889;3,250000;2,000000;3,250000;2,000000
2231;6,000000;6,000000;1,000000;1,833333;1,000000;1,833333;1,000000
2232;8,000000;8,000000;1,000000;4,750000;3,000000;4,750000;3,000000
2233;10,000000;10,000000;1,000000;2,800000;1,500000;2,800000;1,500000
2234;4,000000;4,000000;1,000000;2,250000;1,000000;2,250000;1,000000
2235;8,000000;7,000000;0,875000;3,000000;1,000000;3,000000;1,000000
2236;6,000000;5,000000;0,833333;1,000000;1,000000;1,000000;1,000000
2237;9,000000;6,000000;0,666667;1,666667;1,000000;1,666667;1,000000
2238;3,000000;3,000000;1,000000;1,333333;1,000000;1,333333;1,000000
2239;6,000000;6,000000;1,000000;1,500000;1,000000;1,500000;1,000000
2240;10,000000;10,000000;1,000000;2,500000;1,000000;2,500000;1,000000
2241;14,000000;14,000000;1,000000;9,857143;4,000000;9,857143;4,000000
2242;9,000000;7,000000;0,777778;1,857143;1,000000;1,857143;1,000000
2243;6,000000;6,000000;1,000000;2,000000;1,500000;2,000000;1,500000
2244;7,000000;5,000000;0,714286;2,600000;1,000000;2,600000;1,000000
2245;4,000000;4,000000;1,000000;2,500000;1,000000;2,500000;1,000000
2246;2,000000;1,000000;0,500000;1,000000;1,000000;1,000000;1,000000
2247;8,000000;8,000000;1,000000;2,375000;2,500000;2,375000;2,500000
2248;13,000000;13,000000;1,000000;9,769231;7,000000;9,769231;7,000000
2249;7,000000;7,000000;1,000000;3,714286;3,000000;3,714286;3,000000
2250;5,000000;4,000000;0,800000;1,000000;1,000000;1,000000;1,000000
2251;8,000000;8,000000;1,000000;2,750000;1,500000;2,750000;1,500000
2252;6,000000;4,000000;0,666667;1,000000;1,000000;1,000000;1,000000
2253;5,000000;3,000000;0,600000;1,000000;1,000000;1,000000;1,000000
2254;5,000000;5,000000;1,000000;2,200000;1,000000;2,200000;1,000000
2255;10,000000;7,000000;0,700000;7,142857;6,000000;7,142857;6,000000
2256;2,000000;2,000000;1,000000;1,000000;1,000000;1,000000;1,000000
2257;1,000000;1,000000;1,000000;1,000000;1,000000;1,000000;1,000000
2258;4,000000;4,000000;1,000000;3,500000;3,000000;3,500000;3,000000
2259;9,000000;9,000000;1,000000;6,555556;5,000000;6,555556;5,000000
2260;6,000000;5,000000;0,833333;1,800000;1,000000;1,800000;1,000000
2261;4,000000;3,000000;0,750000;1,000000;1,000000;1,000000;1,000000
2262;2,000000;1,000000;0,500000;1,000000;1,000000;1,000000;1,000000
2263;5,000000;5,000000;1,000000;1,800000;1,000000;1,800000;1,000000
2264;6,000000;6,000000;1,000000;1,500000;1,000000;1,500000;1,000000
2265;5,000000;3,000000;0,600000;2,000000;1,000000;2,000000;1,000000
2266;5,000000;5,000000;1,000000;2,200000;1,000000;2,200000;1,000000
2267;3,000000;3,000000;1,000000;2,333333;1,000000;2,333333;1,000000
2268;7,000000;5,000000;0,714286;3,400000;1,000000;3,400000;1,000000
2269;14,000000;13,000000;0,928571;7,153846;6,000000;7,153846;6,000000
2270;5,000000;5,000000;1,000000;1,600000;1,000000;1,600000;1,000000
2271;6,000000;2,000000;0,333333;1,000000;1,000000;1,000000;1,000000
2272;5,000000;5,000000;1,000000;1,400000;1,000000;1,400000;1,000000
2273;5,000000;5,000000;1,000000;1,400000;1,000000;1,400000;1,000000
2274;10,000000;7,000000;0,700000;3,571429;1,000000;3,571429;1,000000
2275;13,000000;13,000000;1,000000;9,000000;7,000000;9,000000;7,000000
2276;10,000000;10,000000;1,000000;3,100000;1,000000;3,100000;1,000000
2277;7,000000;7,000000;1,000000;1,714286;1,000000;1,714286;1,000000
2278;6,000000;6,000000;1,000000;2,666667;1,000000;2,666667;1,000000
2279;6,000000;6,000000;1,000000;2,000000;1,000000;2,000000;1,000000
2280;8,000000;8,000000;1,000000;2,125000;1,000000;2,125000;1,000000
2281;10,000000;9,000000;0,900000;3,888889;1,000000;3,888889;1,000000
2282;4,000000;4,000000;1,000000;1,000000;1,000000;1,000000;1,000000
2283;15,000000;15,000000;1,000000;10,266667;8,000000;10,266667;8,000000
2284;3,000000;3,000000;1,000000;1,000000;1,000000;1,000000;1,000000
2285;7,000000;7,000000;1,000000;3,857143;2,000000;3,857143;2,000000
2286;8,000000;6,000000;0,750000;3,666667;1,000000;3,666667;1,000000
2287;4,000000;4,000000;1,000000;2,500000;1,000000;2,500000;1,000000
2288;4,000000;4,000000;1,000000;1,000000;1,000000;1,000000;1,000000
2289;5,000000;5,000000;1,000000;3,400000;1,000000;3,400000;1,000000
2290;7,000000;7,000000;1,000000;1,857143;1,000000;1,857143;1,000000
2291;7,000000;7,000000;1,000000;2,714286;2,000000;2,714286;2,000000
2292;6,000000;3,000000;0,500000;1,000000;1,000000;1,000000;1,000000
2293;8,000000;7,000000;0,875000;2,285714;1,000000;2,285714;1,000000
2294;6,000000;6,000000;1,000000;3,666667;1,500000;3,666667;1,500000
2295;6,000000;5,000000;0,833333;1,400000;1,000000;1,400000;1,000000
2296;8,000000;7,000000;0,875000;2,000000;1,000000;2,000000;1,000000
2297;11,000000;11,000000;1,000000;7,090909;4,000000;7,090909;4,000000
2298;4,000000;4,000000;1,000000;2,500000;1,000000;2,500000;1,000000
2299;7,000000;7,000000;1,000000;2,142857;1,000000;2,142857;1,000000
2300;6,000000;6,000000;1,000000;2,000000;1,000000;2,000000;1,000000
2301;9,000000;9,000000;1,000000;2,444444;1,000000;2,444444;1,000000
2302;4,000000;4,000000;1,000000;1,250000;1,000000;1,250000;1,000000
2303;4,000000;4,000000;1,000000;1,500000;1,000000;1,500000;1,000000
2304;3,000000;3,000000;1,000000;7,000000;7,000000;7,000000;7,000000
2305;1,000000;1,000000;1,000000;1,000000;1,000000;1,000000;1,000000
2306;4,000000;4,000000;1,000000;1,500000;1,000000;1,500000;1,000000
2307;7,000000;5,000000;0,714286;2,200000;1,000000;2,200000;1,000000
2308;13,000000;8,000000;0,615385;4,000000;2,500000;4,000000;2,500000
2309;7,000000;7,000000;1,000000;5,285714;4,000000;5,285714;4,000000
2310;1,000000;1,000000;1,000000;1,000000;1,000000;1,000000;1,000000
2311;4,000000;3,000000;0,750000;2,333333;1,000000;2,333333;1,000000
2312;7,000000;7,000000;1,000000;1,571429;1,000000;1,571429;1,000000
2313;10,000000;8,000000;0,800000;2,875000;1,000000;2,875000;1,000000
2314;11,000000;11,000000;1,000000;10,545455;11,000000;10,545455;11,000000
2315;1,000000;1,000000;1,000000;1,000000;1,000000;1,000000;1,000000
2316;3,000000;3,000000;1,000000;2,333333;1,000000;2,333333;1,000000
2317;9,000000;8,000000;0,888889;1,750000;1,000000;1,750000;1,000000
2318;5,000000;5,000000;1,000000;3,400000;4,000000;3,400000;4,000000
2319;5,000000;5,000000;1,000000;1,000000;1,000000;1,000000;1,000000
2320;6,000000;5,000000;0,833333;1,600000;1,000000;1,600000;1,000000
2321;16,000000;16,000000;1,000000;5,937500;3,500000;5,937500;3,500000
2322;7,000000;7,000000;1,000000;8,285714;7,000000;8,285714;7,000000
2323;5,000000;5,000000;1,000000;3,400000;2,000000;3,400000;2,000000
2324;3,000000;3,000000;1,000000;1,666667;1,000000;1,666667;1,000000
2325;8,000000;7,000000;0,875000;3,142857;1,000000;3,142857;1,000000
2326;9,000000;8,000000;0,888889;3,500000;1,000000;3,500000;1,000000
2327;7,000000;7,000000;1,000000;5,142857;4,000000;5,142857;4,000000
2328;6,000000;6,000000;1,000000;2,166667;1,000000;2,166667;1,000000
2329;11,000000;10,000000;0,909091;12,400000;9,500000;12,400000;9,500000
2330;4,000000;4,000000;1,000000;2,750000;1,500000;2,750000;1,500000
2331;5,000000;3,000000;0,600000;1,000000;1,000000;1,000000;1,000000
2332;5,000000;5,000000;1,000000;2,200000;1,000000;2,200000;1,000000
2333;2,000000;2,000000;1,000000;1,000000;1,000000;1,000000;1,000000
2334;6,000000;6,000000;1,000000;3,000000;1,000000;3,000000;1,000000
2335;8,000000;7,000000;0,875000;4,571429;2,000000;4,571429;2,000000
2336;5,000000;5,000000;1,000000;1,600000;1,000000;1,600000;1,000000
2337;7,000000;7,000000;1,000000;1,857143;1,000000;1,857143;1,000000
2338;9,000000;9,000000;1,000000;2,555556;1,000000;2,555556;1,000000
2339;6,000000;5,000000;0,833333;3,600000;1,000000;3,600000;1,000000
2340;3,000000;3,000000;1,000000;1,666667;1,000000;1,666667;1,000000
2341;10,000000;10,000000;1,000000;3,000000;2,000000;3,000000;2,000000
2342;4,000000;4,000000;1,000000;1,500000;1,000000;1,500000;1,000000
2343;7,000000;3,000000;0,428571;1,666667;2,000000;1,666667;2,000000
2344;7,000000;7,000000;1,000000;2,000000;1,000000;2,000000;1,000000
2345;3,000000;2,000000;0,666667;3,000000;3,000000;3,000000;3,000000
2346;4,000000;4,000000;1,000000;3,500000;2,500000;3,500000;2,500000
2347;4,000000;4,000000;1,000000;2,000000;1,000000;2,000000;1,000000
2348;13,000000;10,000000;0,769231;10,900000;10,500000;10,900000;10,500000
2349;6,000000;5,000000;0,833333;5,200000;6,000000;5,200000;6,000000
2350;12,000000;10,000000;0,833333;2,400000;1,000000;2,400000;1,000000
2351;10,000000;10,000000;1,000000;3,600000;1,000000;3,600000;1,000000
2352;8,000000;8,000000;1,000000;3,750000;1,000000;3,750000;1,000000
2353;12,000000;12,000000;1,000000;3,333333;2,000000;3,333333;2,000000
2354;4,000000;4,000000;1,000000;1,000000;1,000000;1,000000;1,000000
2355;10,000000;10,000000;1,000000;2,700000;2,000000;2,700000;2,000000
2356;6,000000;6,000000;1,000000;2,833333;1,000000;2,833333;1,000000
2357;10,000000;7,000000;0,700000;2,714286;1,000000;2,714286;1,000000
2358;5,000000;5,000000;1,000000;1,400000;1,000000;1,400000;1,000000
2359;8,000000;7,000000;0,875000;2,285714;1,000000;2,285714;1,000000
2360;8,000000;8,000000;1,000000;3,250000;1,000000;3,250000;1,000000
2361;5,000000;4,000000;0,800000;1,000000;1,000000;1,000000;1,000000
2362;6,000000;5,000000;0,833333;1,800000;1,000000;1,800000;1,000000
2363;9,000000;9,000000;1,000000;3,000000;1,000000;3,000000;1,000000
2364;6,000000;6,000000;1,000000;2,666667;1,500000;2,666667;1,500000
2365;4,000000;4,000000;1,000000;2,250000;1,000000;2,250000;1,000000
2366;7,000000;7,000000;1,000000;2,714286;1,000000;2,714286;1,000000
2367;9,000000;8,000000;0,888889;4,875000;4,500000;4,875000;4,500000
2368;5,000000;5,000000;1,000000;2,400000;1,000000;2,400000;1,000000
2369;5,000000;2,000000;0,400000;1,000000;1,000000;1,000000;1,000000
2370;6,000000;5,000000;0,833333;4,400000;1,000000;4,400000;1,000000
2371;2,000000;2,000000;1,000000;1,000000;1,000000;1,000000;1,000000
2372;4,000000;4,000000;1,000000;1,000000;1,000000;1,000000;1,000000
2373;1,000000;1,000000;1,000000;1,000000;1,000000;1,000000;1,000000
2374;9,000000;9,000000;1,000000;2,666667;1,000000;2,666667;1,000000
2375;4,000000;4,000000;1,000000;1,750000;1,000000;1,750000;1,000000
2376;4,000000;4,000000;1,000000;1,000000;1,000000;1,000000;1,000000
2377;10,000000;10,000000;1,000000;4,500000;3,000000;4,500000;3,000000
2378;8,000000;7,000000;0,875000;4,142857;2,000000;4,142857;2,000000
2379;5,000000;3,000000;0,600000;1,000000;1,000000;1,000000;1,000000
2380;3,000000;0,000000;0,000000;;;;
2381;11,000000;11,000000;1,000000;3,181818;2,000000;3,181818;2,000000
2382;10,000000;9,000000;0,900000;6,222222;6,000000;6,222222;6,000000
2383;6,000000;6,000000;1,000000;2,166667;1,000000;2,166667;1,000000
2384;4,000000;4,000000;1,000000;1,250000;1,000000;1,250000;1,000000
2385;11,000000;11,000000;1,000000;11,636364;12,000000;11,636364;12,000000
2386;4,000000;4,000000;1,000000;1,000000;1,000000;1,000000;1,000000
2387;2,000000;2,000000;1,000000;1,000000;1,000000;1,000000;1,000000
2388;1,000000;1,000000;1,000000;1,000000;1,000000;1,000000;1,000000
2389;1,000000;1,000000;1,000000;1,000000;1,000000;1,000000;1,000000
2390;4,000000;4,000000;1,000000;1,000000;1,000000;1,000000;1,000000
2391;3,000000;2,000000;0,666667;1,000000;1,000000;1,000000;1,000000
2392;3,000000;3,000000;1,000000;1,000000;1,000000;1,000000;1,000000
2393;5,000000;5,000000;1,000000;2,200000;1,000000;2,200000;1,000000
2394;9,000000;9,000000;1,000000;9,888889;10,000000;9,888889;10,000000
2395;7,000000;7,000000;1,000000;3,142857;2,000000;3,142857;2,000000
2396;8,000000;6,000000;0,750000;2,166667;1,000000;2,166667;1,000000
2397;18,000000;18,000000;1,000000;6,611111;6,500000;6,611111;6,500000
2398;3,000000;2,000000;0,666667;1,000000;1,000000;1,000000;1,000000
2399;9,000000;9,000000;1,000000;4,333333;3,000000;4,333333;3,000000
2400;5,000000;4,000000;0,800000;1,000000;1,000000;1,000000;1,000000
2401;6,000000;2,000000;0,333333;1,000000;1,000000;1,000000;1,000000
2402;7,000000;7,000000;1,000000;4,857143;5,000000;4,857143;5,000000
2403;2,000000;2,000000;1,000000;2,000000;2,000000;2,000000;2,000000
2404;8,000000;8,000000;1,000000;8,000000;8,000000;8,000000;8,000000
2405;4,000000;3,000000;0,750000;3,000000;1,000000;3,000000;1,000000
2406;2,000000;2,000000;1,000000;1,000000;1,000000;1,000000;1,000000
2407;3,000000;3,000000;1,000000;1,000000;1,000000;1,000000;1,000000
2408;2,000000;2,000000;1,000000;1,000000;1,000000;1,000000;1,000000
2409;7,000000;7,000000;1,000000;1,714286;1,000000;1,714286;1,000000
2410;3,000000;3,000000;1,000000;1,000000;1,000000;1,000000;1,000000
2411;3,000000;3,000000;1,000000;1,333333;1,000000;1,333333;1,000000
2412;4,000000;4,000000;1,000000;1,250000;1,000000;1,250000;1,000000
2413;1,000000;1,000000;1,000000;1,000000;1,000000;1,000000;1,000000
2414;3,000000;3,000000;1,000000;1,000000;1,000000;1,000000;1,000000
2415;5,000000;4,000000;0,800000;1,750000;1,000000;1,750000;1,000000
2416;4,000000;4,000000;1,000000;1,000000;1,000000;1,000000;1,000000
2417;2,000000;2,000000;1,000000;3,500000;3,500000;3,500000;3,500000
2418;1,000000;1,000000;1,000000;1,000000;1,000000;1,000000;1,000000
2419;4,000000;3,000000;0,750000;1,000000;1,000000;1,000000;1,000000
2420;5,000000;4,000000;0,800000;2,750000;1,500000;2,750000;1,500000
2421;3,000000;3,000000;1,000000;1,000000;1,000000;1,000000;1,000000
2422;1,000000;1,000000;1,000000;1,000000;1,000000;1,000000;1,000000
2423;0,000000;0,000000;;;;;
2424;1,000000;1,000000;1,000000;1,000000;1,000000;1,000000;1,000000
2425;4,000000;4,000000;1,000000;9,500000;10,000000;9,500000;10,000000
2426;2,000000;1,000000;0,500000;1,000000;1,000000;1,000000;1,000000
2427;5,000000;5,000000;1,000000;3,600000;3,000000;3,600000;3,000000
2428;5,000000;5,000000;1,000000;3,600000;2,000000;3,600000;2,000000
2429;1,000000;1,000000;1,000000;1,000000;1,000000;1,000000;1,000000
2430;2,000000;2,000000;1,000000;1,000000;1,000000;1,000000;1,000000
2431;14,000000;6,000000;0,428571;4,833333;5,500000;4,833333;5,500000
2432;3,000000;3,000000;1,000000;3,333333;4,000000;3,333333;4,000000
2433;2,000000;2,000000;1,000000;1,000000;1,000000;1,000000;1,000000
2434;1,000000;1,000000;1,000000;2,000000;2,000000;2,000000;2,000000
2435;2,000000;2,000000;1,000000;5,000000;5,000000;5,000000;5,000000
2436;1,000000;1,000000;1,000000;1,000000;1,000000;1,000000;1,000000
2437;0,000000;0,000000;;;;;
2438;4,000000;4,000000;1,000000;1,000000;1,000000;1,000000;1,000000
2439;5,000000;5,000000;1,000000;2,600000;1,000000;2,600000;1,000000
2440;0,000000;0,000000;;;;;
2441;1,000000;1,000000;1,000000;1,000000;1,000000;1,000000;1,000000
2442;2,000000;2,000000;1,000000;1,000000;1,000000;1,000000;1,000000
2443;2,000000;2,000000;1,000000;1,000000;1,000000;1,000000;1,000000
2444;5,000000;5,000000;1,000000;5,200000;5,000000;5,200000;5,000000
2445;4,000000;4,000000;1,000000;3,000000;2,500000;3,000000;2,500000
2446;1,000000;1,000000;1,000000;1,000000;1,000000;1,000000;1,000000
2447;0,000000;0,000000;;;;;
2448;1,000000;1,000000;1,000000;1,000000;1,000000;1,000000;1,000000
2449;0,000000;0,000000;;;;;
2450;4,000000;4,000000;1,000000;1,500000;1,000000;1,500000;1,000000
2451;1,000000;1,000000;1,000000;1,000000;1,000000;1,000000;1,000000
2452;1,000000;1,000000;1,000000;1,000000;1,000000;1,000000;1,000000
2453;1,000000;1,000000;1,000000;1,000000;1,000000;1,000000;1,000000
2454;0,000000;0,000000;;;;;
2455;1,000000;1,000000;1,000000;1,000000;1,000000;1,000000;1,000000
2456;1,000000;1,000000;1,000000;1,000000;1,000000;1,000000;1,000000
2457;1,000000;1,000000;1,000000;1,000000;1,000000;1,000000;1,000000
2458;2,000000;2,000000;1,000000;1,000000;1,000000;1,000000;1,000000
2459;0,000000;0,000000;;;;;
2460;0,000000;0,000000;;;;;
2461;2,000000;2,000000;1,000000;1,000000;1,000000;1,000000;1,000000
2462;1,000000;1,000000;1,000000;1,000000;1,000000;1,000000;1,000000
2463;5,000000;5,000000;1,000000;1,800000;1,000000;1,800000;1,000000
2464;2,000000;2,000000;1,000000;1,000000;1,000000;1,000000;1,000000
2465;3,000000;3,000000;1,000000;2,333333;1,000000;2,333333;1,000000
2466;0,000000;0,000000;;;;;
2467;1,000000;1,000000;1,000000;1,000000;1,000000;1,000000;1,000000
2468;0,000000;0,000000;;;;;
2469;0,000000;0,000000;;;;;
2470;6,000000;6,000000;1,000000;8,333333;7,000000;8,333333;7,000000
2471;2,000000;2,000000;1,000000;1,000000;1,000000;1,000000;1,000000
2472;0,000000;0,000000;;;;;
2473;2,000000;2,000000;1,000000;1,000000;1,000000;1,000000;1,000000
2474;0,000000;0,000000;;;;;
2475;1,000000;1,000000;1,000000;1,000000;1,000000;1,000000;1,000000
2476;0,000000;0,000000;;;;;
2477;3,000000;3,000000;1,000000;1,000000;1,000000;1,000000;1,000000
2478;1,000000;1,000000;1,000000;1,000000;1,000000;1,000000;1,000000
2479;0,000000;0,000000;;;;;
2480;2,000000;2,000000;1,000000;1,000000;1,000000;1,000000;1,000000
2481;3,000000;3,000000;1,000000;1,666667;1,000000;1,666667;1,000000
2482;1,000000;1,000000;1,000000;1,000000;1,000000;1,000000;1,000000
2483;0,000000;0,000000;;;;;
2484;1,000000;1,000000;1,000000;1,000000;1,000000;1,000000;1,000000
2485;1,000000;1,000000;1,000000;1,000000;1,000000;1,000000;1,000000
2486;1,000000;1,000000;1,000000;1,000000;1,000000;1,000000;1,000000
2487;4,000000;4,000000;1,000000;5,250000;4,000000;5,250000;4,000000
2488;4,000000;4,000000;1,000000;1,750000;1,500000;1,750000;1,500000
2489;1,000000;1,000000;1,000000;1,000000;1,000000;1,000000;1,000000
2490;0,000000;0,000000;;;;;
2491;0,000000;0,000000;;;;;
2492;0,000000;0,000000;;;;;
2493;1,000000;1,000000;1,000000;1,000000;1,000000;1,000000;1,000000
2494;0,000000;0,000000;;;;;
2495;0,000000;0,000000;;;;;
2496;0,000000;0,000000;;;;;
2497;0,000000;0,000000;;;;;
2498;0,000000;0,000000;;;;;
2499;0,000000;0,000000;;;;;
