episode;mean_e;var_e;std_e;rms_e
0;-16410,454739;929416619,692195;30486,334967;34622,530879
1;-18182,436960;1010136424,173917;31782,643442;36616,081685
2;-9179,164949;928981160,262744;30479,192251;31831,403196
3;-589,964623;1062239483,689738;32592,015643;32597,354831
4;-10951,023690;1081324830,443566;32883,503926;34659,050049
5;-14205,322557;847950995,221731;29119,598129;32399,725063
6;-485,556160;756927081,514731;27512,307819;27516,592200
7;-8212,227718;575537547,525339;23990,363639;25357,015432
8;1022,172987;1222903074,017583;34970,031084;34984,966938
9;-15031,980031;870221213,492933;29499,512089;33108,633876
10;-7080,031133;668596559,951790;25857,234190;26809,017155
11;-22351,589995;1232589580,843866;35108,255167;41619,504516
12;-9289,412158;844392320,583755;29058,429424;30507,138490
13;1134,250908;986834531,763767;31413,922578;31434,392898
14;-10533,969850;1002854157,990098;31667,872647;33373,922137
15;-1973,451312;884887715,201685;29747,062295;29812,450843
16;-12735,221392;889916275,916498;29831,464529;32436,123995
17;-19014,754612;1111699409,879126;33342,156647;38383,073129
18;-6604,764246;1060718583,654500;32568,674883;33231,633941
19;-17688,589346;959801004,837393;30980,655333;35674,741736
20;-5172,909451;439773769,835627;20970,783720;21599,369482
21;-7792,694157;1058401450,674287;32533,082404;33453,363551
22;-6392,269376;918905065,484421;30313,446942;30980,093177
23;-24470,692697;1324967796,315382;36400,107092;43860,946153
24;-15759,870741;825283995,293506;28727,756531;32766,713614
25;-3698,459017;970147841,063666;31147,196360;31366,007718
26;-8938,691035;850040594,171782;29155,455650;30494,930588
27;-5830,783500;760979934,658507;27585,864762;28195,353711
28;-12794,127221;680351700,776509;26083,552304;29052,390472
29;-244,950554;1073850279,518820;32769,654858;32770,570338
30;-19297,453866;1125985575,425658;33555,708537;38708,878841
31;-475,590632;533635788,623735;23100,558189;23105,453362
32;-16476,560334;870199490,913172;29499,143901;33788,704197
33;-13466,642375;776760979,107236;27870,431986;30953,375195
34;-17176,234495;977134793,436652;31259,155354;35667,321526
35;-18351,116258;1124652092,833678;33535,832968;38228,465321
36;-2841,328437;693330740,828878;26331,174315;26484,030813
37;-6559,898959;1017598829,541124;31899,824914;32567,331851
38;-7553,061663;829630800,475588;28803,312318;29777,164757
39;-16550,343727;841797191,994782;29013,741434;33402,261442
40;-7950,940799;831538541,972668;28836,410005;29912,472341
41;1333,325012;1323369051,362252;36378,139746;36402,565939
42;-19184,657465;1169039005,204027;34191,212397;39205,740489
43;1882,663809;662876089,808106;25746,380130;25815,121786
44;-19189,775559;1165435468,822922;34138,474905;39162,264424
45;-21715,633570;1083632762,327244;32918,577769;39436,043205
46;-10009,321501;1446787508,973907;38036,660066;39331,590686
47;-23112,293867;1140575550,676827;33772,408127;40923,754453
48;-13469,936154;802016386,748482;28319,893834;31360,095133
49;-2555,864319;756357841,356568;27501,960682;27620,468565
50;-10921,651532;889639474,472402;29826,824747;31763,531709
51;-7382,823345;744965713,143670;27294,060034;28274,932249
52;-19483,579463;1193518511,517956;34547,337257;39662,682464
53;-16978,647805;984386840,814540;31374,939694;35674,379071
54;-12927,197811;1112293171,828765;33351,059531;35768,779894
55;-17034,405783;1005445274,396018;31708,757062;35994,669810
56;-3621,471696;1062738434,695083;32599,669242;32800,205669
57;-13893,531649;934921368,867594;30576,483919;33584,990554
58;-5685,884621;1063090113,518473;32605,062698;33097,120682
59;-21307,526503;1176661480,280707;34302,499621;40381,582014
60;5388,354996;1002912095,715438;31668,787405;32123,923566
61;-16690,650435;986978770,978725;31416,218279;35574,662092
62;-5871,854135;688102021,064098;26231,698783;26880,861073
63;-12082,134210;656783833,499951;25627,794160;28333,051381
64;2730,429295;1302910556,049623;36095,852339;36198,975126
65;-9187,204207;770854739,154685;27764,270910;29244,819375
66;-5107,708932;939907896,885838;30657,917361;31080,485637
67;-18134,581655;1088370051,717485;32990,453948;37646,156557
68;-16709,335751;964098053,268803;31049,928394;35260,458796
69;-4024,413276;748854872,407143;27365,212815;27659,551237
70;-18568,658816;1002785250,475499;31666,784656;36709,403982
71;-16062,757251;1047552926,012448;32365,922295;36132,604342
72;5250,915428;795181440,194726;28198,961686;28683,680953
73;-13077,487613;1314939170,794807;36262,089995;38548,149801
74;-7477,603304;808411449,968780;28432,577266;29399,421782
75;1481,539064;1102905624,941449;33210,022959;33243,053153
76;-4301,331095;927285471,542620;30451,362392;30753,648901
77;-6589,956502;1492755583,552629;38636,195252;39194,171891
78;-12143,181940;986334728,235318;31405,966443;33671,821986
79;-6127,979400;951498544,072837;30846,370031;31449,176072
80;-16235,804604;785833201,663769;28032,716630;32394,977277
81;-3921,308970;1298679762,990842;36037,199711;36249,916235
82;-22202,567939;1312812983,332822;36232,761188;42494,317343
83;-19548,833292;811490091,042928;28486,665144;34549,196432
84;-12328,772086;825233300,874133;28726,874193;31260,708917
85;-1008,507716;921004672,264471;30348,058789;30364,811214
86;-17118,125121;1056609518,197074;32505,530579;36737,443104
87;-6360,552779;954953786,128499;30902,326549;31550,125480
88;-18419,840104;1037125694,942690;32204,435951;37100,083617
89;-16014,859324;991192507,513270;31483,209930;35322,347412
90;-14429,510949;1026956721,323733;32046,165470;35144,949958
91;-1137,407413;1144963093,848043;33837,303289;33856,414303
92;-5924,372626;1089146513,221174;33002,219823;33529,758487
93;-7291,371869;854017160,777288;29223,572006;30119,449937
94;-10404,077771;933675695,359632;30556,107333;32278,793807
95;-10950,799007;1034030407,305065;32156,343189;33969,845543
96;-9365,149908;1188118848,268466;34469,099905;35718,690920
97;-11835,531468;1138399104,375899;33740,170485;35755,823435
98;-3927,856090;886077677,640810;29767,056919;30025,085031
99;-12492,577046;662265388,663468;25734,517455;28606,465526
100;-13381,138761;891824955,202164;29863,438436;32724,300294
101;-17880,268709;1103690984,375816;33221,844988;37727,907356
102;-7886,242005;1006259617,838310;31721,595449;32687,190623
103;-15646,794381;1008044083,210127;31749,709970;35395,850853
104;-23140,536564;1053987007,394981;32465,166061;39868,175778
105;-7240,420640;806892981,694979;28405,861749;29314,103649
106;622,164120;1145143264,519470;33839,965492;33845,684403
107;-16549,826282;827945545,180513;28774,042906;33194,009929
108;-6637,290465;1172824746,055159;34246,528964;34883,783780
109;-2283,585103;803504245,201705;28346,150448;28437,985268
110;-17333,966229;791490244,252248;28133,436410;33044,767051
111;839,831402;1141279230,350656;33782,824487;33793,261860
112;-9520,896080;1054458103,778963;32472,420664;33839,408475
113;-13716,915337;769482305,129845;27739,544069;30945,695525
114;-8164,018233;998413194,529196;31597,677043;32635,324240
115;-14106,105715;801237713,573486;28306,142683;31626,253841
116;-9537,049518;674437653,052950;25969,937487;27665,736328
117;-18243,109398;947275686,672546;30777,844087;35778,299669
118;-1243,796331;627069692,559430;25041,359639;25072,230094
119;-21428,543869;968233052,920475;31116,443449;37781,153308
120;-10439,345580;1024998987,668838;32015,605377;33674,603543
121;-17882,180104;913533327,198753;30224,713848;35118,452307
122;-18777,106635;978270966,392841;31277,323517;36480,826470
123;-16578,614845;1109203636,538543;33304,708924;37202,877667
124;-18715,990774;1126093458,052274;33557,316014;38423,713624
125;-17022,902393;1031865484,656707;32122,663100;36354,431512
126;-27042,617335;1478158527,319622;38446,827272;47004,911229
127;-1147,459957;1226554950,999852;35022,206541;35040,999063
128;-12253,948316;706717348,949924;26584,155976;29272,454599
129;472,481484;1084512392,459150;32931,935753;32935,324975
130;-9702,101331;535848423,973137;23148,400031;25099,386331
131;-11162,334636;543055937,139273;23303,560611;25838,994788
132;-9124,851014;905528703,801334;30092,003984;31445,057001
133;-8755,241064;716275134,241310;26763,316951;28159,001764
134;-6573,048281;1162622584,705118;34097,251864;34725,027695
135;-12364,115542;950538597,812881;30830,805987;33217,615070
136;-7198,062956;887725989,162451;29794,730896;30651,885741
137;-7386,030886;1375571841,194946;37088,702339;37816,997414
138;-10303,763494;1182560673,868072;34388,379925;35898,860929
139;-2467,172782;1127451161,650951;33577,539541;33668,057609
140;-10634,384090;673764902,777794;25956,981773;28050,936308
141;1755,324473;1197619543,958484;34606,640171;34651,128524
142;-16779,435204;941265919,218557;30680,057354;34968,777002
143;-1505,809570;895276623,845845;29921,173504;29959,040143
144;-13486,779237;1170132653,329323;34207,201776;36769,904372
145;-5944,420139;692324136,103557;26312,053058;26975,178718
146;-14000,157470;998803600,584737;31603,854205;34565,994992
147;-15357,357407;1299913237,121442;36054,309550;39188,795129
148;-5894,205668;683656799,299862;26146,831535;26802,956176
149;-17835,114131;971626580,753527;31170,925247;35912,642298
150;-9012,518396;651530710,947496;25525,099627;27069,469865
151;2923,425348;628237418,303271;25064,664736;25234,576162
152;-8485,798183;1292035023,539558;35944,888698;36932,963520
153;-13144,905870;918177150,028534;30301,438085;33029,769911
154;-8225,468982;664017108,734830;25768,529425;27049,499971
155;-11829,091365;797482435,561071;28239,731507;30617,149412
156;-12973,068258;953365496,835314;30876,617315;33491,282401
157;-799,370004;712119906,743189;26685,574881;26697,544815
158;-7927,267296;1194767681,982379;34565,411642;35462,786816
159;-13817,364563;992206811,694054;31499,314464;34396,604123
160;-8362,368003;755278268,852399;27482,326482;28726,424551
161;-777,946888;964781909,708485;31060,938648;31070,679282
162;-5876,719753;852592225,330412;29199,181929;29784,695070
163;-2559,331905;993015562,594702;31512,149444;31615,909640
164;-5974,371143;756551384,591950;27505,479174;28146,838102
165;-3719,519547;1379566461,505246;37142,515552;37328,290708
166;-20826,853464;1227310839,731389;35032,996442;40756,210139
167;3615,887019;988856539,373943;31446,089413;31653,296484
168;-16747,407448;1011158112,133663;31798,712429;35939,306732
169;-3350,903887;1209220550,000742;34773,848651;34934,926748
170;378,985377;1080600082,249497;32872,482143;32874,666723
171;-1593,101522;650650908,075711;25507,859731;25557,560144
172;-8719,262983;981274506,507355;31325,301379;32516,150656
173;-12647,234533;841506928,350888;29008,738827;31645,844430
174;-1686,161597;951640482,877454;30848,670683;30894,718380
175;-8180,586667;935674598,071892;30588,798572;31663,805777
176;-12479,665224;721041107,794853;26852,208620;29610,524344
177;-10906,923909;1283915174,521451;35831,762091;37454,988502
178;-16211,147836;1045782499,565532;32338,560567;36174,352983
179;-18853,381310;1157174485,576046;34017,267462;38892,473210
180;-12848,268885;1041094256,347280;32265,992257;34729,990925
181;-4032,713841;814190185,818932;28534,018045;28817,580862
182;-6191,039441;1021387634,147323;31959,155717;32553,288674
183;-14062,856083;1429663390,076436;37810,889834;40341,384598
184;-2960,294895;524637583,344638;22904,968530;23095,474215
185;-9204,670072;1147521134,866570;33875,081326;35103,377131
186;-12623,917561;960426107,745873;30990,742291;33463,254509
187;-11137,643549;816158751,096953;28568,492279;30662,776373
188;-2344,253171;687360574,547032;26217,562330;26322,159818
189;-18526,508872;1092479274,805623;33052,674246;37890,774679
190;-1826,233903;691157069,587362;26289,866291;26353,219914
191;-7394,792278;1820476530,878316;42667,042678;43303,111709
192;-19947,118118;1102488154,740514;33203,737060;38734,683114
193;-21786,082577;1100928628,621005;33180,244553;39693,349854
194;-2243,551488;1171643267,644832;34229,275009;34302,722792
195;-20373,455435;1163120973,261487;34104,559420;39726,548549
196;-17630,725517;1003596539,537686;31679,591846;36255,193032
197;-14007,860335;847284587,036690;29108,153274;32303,323950
198;-12027,884223;892604292,945192;29876,483945;32206,742956
199;-2431,182220;620200428,706799;24903,823576;25022,211647
200;-5303,231190;949314219,666114;30810,943180;31264,012550
201;-9435,553173;889907734,638556;29831,321369;31287,975299
202;-8686,087796;508503676,026326;22550,026076;24165,094604
203;-9012,967331;1012631324,811821;31821,868657;33073,628542
204;-4730,988643;783914092,436848;27998,465894;28395,357824
205;-6034,776240;724711767,372651;26920,471158;27588,589881
206;-7350,100353;805611505,836076;28383,296247;29319,540942
207;-7676,646170;977998092,049709;31272,961037;32201,381779
208;-6957,036206;535970508,476699;23151,036877;24173,763903
209;-3781,800632;745901083,697067;27311,189716;27571,780859
210;-1881,489063;1059693999,636516;32552,941490;32607,269139
211;2204,588026;1071899783,786041;32739,880632;32814,021274
212;-17087,880428;949806215,130342;30818,926249;35239,209308
213;-14047,894871;1208856920,907489;34768,619773;37499,336944
214;-16000,455425;991058122,606149;31481,075627;35313,916469
215;-5563,692934;1110581052,529276;33325,381506;33786,620600
216;-11575,744071;1537202182,180291;39207,170035;40880,313514
217;-18889,806122;972662708,799725;31187,540923;36462,137679
218;-13366,498941;745300032,066675;27300,183737;30396,765058
219;-481,159745;940787605,240250;30672,261169;30676,034945
220;-18038,850172;1078704825,520362;32843,642087;37471,388299
221;-4506,004207;1068769093,529019;32692,034099;33001,108579
222;-17788,392831;1203420626,616810;34690,353510;38985,222150
223;-14763,033396;787659149,325232;28065,265887;31711,296164
224;-6806,213426;870795134,011304;29509,238113;30283,983807
225;540,506933;873892446,216514;29561,671912;29566,612825
226;-3253,072044;992757190,265795;31508,049611;31675,537375
227;-11674,749492;565531236,476299;23780,900666;26492,093390
228;-7616,836612;1342396201,108949;36638,725430;37422,084403
229;-11576,527679;793965150,213075;28177,387214;30462,782921
230;-11681,287495;1058108187,717872;32528,574941;34562,416947
231;-15900,872775;910360010,940056;30172,172791;34105,685244
232;-13718,379545;878960628,391989;29647,270168;32667,331782
233;-2715,393154;745238828,259494;27299,062773;27433,778235
234;-13993,299184;1370910772,882971;37025,812251;39581,854364
235;-255,773922;940931143,445090;30674,600950;30675,667291
236;1483,636923;928386954,294278;30469,442960;30505,542657
237;1387,536719;580172567,625797;24086,771631;24126,703583
238;-428,896234;1176298582,411516;34297,209543;34299,891172
239;-4752,819538;964250851,466857;31052,388821;31414,011922
240;-8078,677365;452389148,338152;21269,441656;22752,014775
241;-3715,908897;1038961106,618670;32232,919611;32446,403276
242;-8492,909190;982776664,806687;31349,268968;32479,319132
243;-20496,400611;1185808242,826188;34435,566538;40073,815401
244;1185,410157;1106389054,465339;33262,427068;33283,543256
245;-3872,907556;951201865,966278;30841,560693;31083,778388
246;-15446,039224;998842522,061037;31604,469970;35177,018773
247;-8481,420112;800126359,423288;28286,504899;29530,676364
248;-18312,520139;1177375818,735126;34312,910380;38893,755445
249;-7624,679155;1112010853,664689;33346,826741;34207,405425
250;-5538,125215;617221396,988811;24843,940851;25453,727190
251;-13707,038765;957691023,651548;30946,583392;33846,328240
252;-7006,838496;547130805,502982;23390,827380;24417,751559
253;-11870,051429;639668755,657504;25291,673643;27938,626963
254;-17088,580097;1025417844,030498;32022,146150;36296,520684
255;-14895,458331;792030923,884441;28143,043970;31841,884410
256;-7222,828298;1287906515,259684;35887,414441;36607,045277
257;-2816,197200;699216296,280388;26442,698355;26592,240653
258;-14422,250390;810114105,697061;28462,503504;31907,920835
259;-21981,621393;1208847451,655539;34768,483597;41134,403250
260;-7863,709734;1233937046,460049;35127,440078;35996,874548
261;-14106,441070;763263094,996042;27627,216563;31020,231699
262;3154,398355;788885787,078653;28087,110693;28263,687234
263;-7076,868736;1044295348,286010;32315,558920;33081,375718
264;-15278,040916;878920990,672918;29646,601672;33351,754450
265;-14046,334234;889323354,307497;29821,525016;32963,963046
266;-10752,745906;763006087,904942;27622,564832;29641,653672
267;-16052,944339;836658664,019747;28925,052533;33081,047232
268;-17669,271495;976646720,963072;31251,347506;35900,555374
269;-8866,842604;1247430416,848211;35318,980971;36414,987500
270;-15048,101394;914631796,560468;30242,880097;33779,833513
271;-5363,724674;1060009321,413136;32557,784344;32996,649281
272;-9443,627606;887152152,115611;29785,099498;31246,347858
273;-23018,502036;1097103230,283871;33122,548668;40335,526106
274;-7213,344151;1046760972,289270;32353,685606;33148,051317
275;-10661,458479;806447345,162871;28398,016571;30333,381646
276;-9116,479825;625042902,474807;25000,858035;26611,146290
277;-8845,579816;1033567322,640620;32149,141865;33343,839085
278;-19925,953095;1118329871,126751;33441,439430;38927,798266
279;-2326,396982;988400094,619833;31438,831000;31524,787351
280;-5377,829636;665862479,590914;25804,311260;26358,746768
281;-10943,814785;1531713021,930795;39137,105436;40638,406760
282;-10948,608721;1075944669,823357;32801,595538;34580,582742
283;-3128,072311;1116820039,560970;33418,857544;33564,935214
284;-12216,549675;786835079,735446;28050,580738;30595,410860
285;-3323,411425;900495012,368237;30008,249072;30191,721976
286;-14609,701048;849864080,865159;29152,428387;32608,395324
287;-13306,859577;880310296,435033;29670,023533;32517,423149
288;-12880,464519;975994625,875743;31240,912693;33792,025570
289;-14773,947914;834070867,643977;28880,285103;32439,796618
290;-22571,278514;1301356815,929451;36074,323499;42553,724040
291;-19492,659889;1180123808,209419;34352,930126;39497,944222
292;-12194,207530;711201703,799538;26668,365225;29324,058401
293;-15261,039338;629475915,426501;25089,358609;29366,226130
294;-4192,828877;993843827,243954;31525,288694;31802,887310
295;-20217,935228;1294948753,021938;35985,396386;41276,066405
296;-15727,226678;1007324879,412883;31738,381802;35421,328863
297;-1959,969516;1208192193,231381;34759,059153;34814,273994
298;-8068,103772;902815521,916908;30046,888723;31111,249097
299;-16900,188193;1072689620,812611;32751,940718;36855,202913
300;-3329,345152;902050948,707984;30034,163027;30218,131773
301;-6812,522411;1013313776,448093;31832,589848;32553,405936
302;-2504,479838;459165563,520582;21428,148859;21574,011745
303;-2644,085359;1092184037,351261;33048,207778;33153,811617
304;-3404,047921;845244638,156126;29073,091307;29271,695892
305;-10819,641773;613629771,882998;24771,551665;27031,359936
306;-6514,339934;614558920,438168;24790,298918;25631,924337
307;-20823,465195;1340734962,181268;36616,047878;42123,053841
308;-3995,929198;977077129,464245;31258,232987;31512,609851
309;-9847,804194;1564582234,407469;39554,800397;40762,255603
310;-13910,107500;861487483,462524;29351,107023;32480,433712
311;-20265,648941;1370532466,007774;37020,703208;42204,608670
312;-6280,546608;885174008,018355;29751,874025;30407,552906
313;-21887,923841;1211713557,379708;34809,676203;41119,274890
314;-15261,629522;970906200,598528;31159,367782;34696,160252
315;-10322,274639;894294492,614190;29904,757023;31636,116170
316;-14417,867483;863762179,759154;29389,831231;32735,868440
317;-7043,820055;767883565,023359;27710,712099;28591,938829
318;-6718,368413;1215695957,111133;34866,831762;35508,202309
319;-11477,613232;782047665,439067;27965,115152;30228,848323
320;-14526,070351;923252116,949958;30385,064044;33678,759431
321;-15154,306831;981954644,974581;31336,155555;34808,155086
322;-17488,712996;980327943,732656;31310,189136;35863,393955
323;-18205,978799;1198123562,281652;34613,921510;39109,860986
324;-18097,790172;988307677,291057;31437,361169;36274,477066
325;-11886,249544;1068564622,269035;32688,906716;34782,862885
326;-10405,779595;1067432549,466897;32671,586271;34288,668660
327;-21584,786060;1274344713,455638;35697,965116;41716,276233
328;-22917,477427;1288729101,139178;35898,873257;42590,373006
329;-9424,844116;1035760137,331254;32183,227578;33534,874742
330;-13098,278774;719337589,548275;26820,469600;29847,989821
331;-4573,133940;1178977260,259681;34336,238295;34639,440156
332;-13437,708498;939040865,205025;30643,773678;33460,616774
333;-12437,847427;748553371,005214;27359,703416;30054,174745
334;-17967,656072;1155026312,536242;33985,678050;38442,983459
335;-6887,477154;699658146,424449;26451,051896;27333,047543
336;-6298,190678;750642898,094898;27397,863021;28112,454605
337;-10742,315647;950701605,104040;30833,449452;32651,170738
338;-11137,027306;569444947,193800;23863,045640;26333,976616
339;-1894,070120;1267472474,292983;35601,579660;35651,928081
340;-9200,643737;584246666,843091;24171,194982;25863,072362
341;-2536,771893;859830101,439325;29322,859708;29432,385447
342;-6843,328536;890839850,010556;29846,940379;30621,414002
343;-16684,611061;928181114,540889;30466,064966;34735,534555
344;-14224,915181;891496617,996457;29857,940619;33073,325051
345;-9742,805720;836073879,369267;28914,942147;30512,229395
346;-16362,950297;937118746,292742;30612,395305;34711,163748
347;-4116,469781;776381907,899934;27863,630558;28166,065244
348;-5610,714447;893511928,557104;29891,669886;30413,681874
349;-15210,115545;764456018,589109;27648,797778;31556,356467
350;-14820,053253;938007614,823019;30626,909978;34024,132513
351;-14474,037497;955763698,511889;30915,428163;34135,926236
352;-14241,107903;878116326,420774;29633,027628;32877,431176
353;-18298,195123;876811652,154072;29611,005592;34808,556375
354;-12560,126015;1398365160,272627;37394,721021;39447,711287
355;-18324,862010;866516836,593906;29436,658041;34674,448868
356;-14769,331907;814623774,834412;28541,614790;32136,535902
357;-17413,088288;980292400,650241;31309,621535;35826,080505
358;-12580,039743;733785106,762434;27088,468151;29867,080652
359;1763,022991;809577161,050253;28453,069449;28507,637768
360;-14799,996122;1173557246,573924;34257,221816;37317,517760
361;-12017,615827;907475935,335123;30124,341243;32432,992855
362;-16222,012717;951794815,370583;30851,172026;34856,111544
363;-6904,416376;986660993,199814;31411,160329;32161,031680
364;-7900,341856;859931480,673181;29324,588329;30370,164341
365;-11059,084153;847653062,461152;29114,482006;31144,123118
366;-14257,283305;853243939,262312;29210,339595;32504,062308
367;-9618,419021;700351910,688011;26464,162762;28157,874479
368;-11434,288448;737880968,970088;27163,964530;29472,426457
369;-12470,090023;890720088,194455;29844,934046;32345,374219
370;-15221,818580;1158002479,254943;34029,435482;37278,763930
371;-9122,658907;557950921,102510;23620,984761;25321,410439
372;-10303,764650;1057626690,738971;32521,172961;34114,428864
373;-14525,018902;774130391,920972;27823,198808;31386,407345
374;-15615,533023;977481062,453413;31264,693545;34947,473929
375;-20185,854421;1144523161,484676;33830,801963;39395,328152
376;-13685,589137;863708892,269486;29388,924653;32419,195584
377;-8828,444234;520253079,494743;22809,056962;24458,015191
378;-13470,204652;665448335,453762;25796,285303;29101,456129
379;-8055,797795;729664325,580850;27012,299524;28187,944297
380;-12465,140939;1079944269,592382;32862,505528;35147,176390
381;-13710,423736;898677420,486253;29977,948904;32964,422329
382;-4825,008471;903828363,055295;30063,738341;30448,465804
383;-7826,735767;1250650799,226517;35364,541553;36220,278740
384;338,869594;1341048684,689577;36620,331575;36621,899422
385;-12415,899702;827103292,370883;28759,403547;31325,035639
386;-14010,767417;876542806,449963;29606,465619;32754,303688
387;-13458,399154;738982987,980187;27184,241538;30333,339674
388;-15898,276551;962568958,676728;31025,295465;34861,499623
389;-14563,786687;764851415,827355;27655,947205;31256,284144
390;-23667,638756;1036086911,260139;32188,303951;39953,022859
391;-5107,040406;539046127,023940;23217,366927;23772,420759
392;-12987,868932;761213544,459498;27590,098667;30494,233617
393;864,241129;847434468,311874;29110,727719;29123,553716
394;-4821,230492;560073272,371304;23665,867243;24151,967535
395;-13963,373169;1036202218,545137;32190,095038;35088,146272
396;-4662,962694;1165688692,182876;34142,183471;34459,133960
397;-6119,506186;921991841,094273;30364,318551;30974,831671
398;-13446,721566;855541118,041253;29249,634494;32192,474880
399;-4151,441831;546543096,702335;23378,261199;23744,000631
400;-19788,170639;1193281795,162027;34543,911116;39810,218442
401;-4333,455378;1066197585,561435;32652,681139;32938,980268
402;-4455,088571;1059200328,020194;32545,358010;32848,868203
403;-14555,623269;967031502,790719;31097,130138;34335,079315
404;-3421,307755;936945819,883740;30609,570724;30800,181276
405;-9531,250543;761691193,634008;27598,753480;29198,217935
406;-15932,089274;970945535,554312;31159,998966;34996,814201
407;-13496,195129;1169006966,495290;34190,743872;36758,050131
408;-17572,905645;1121432216,287964;33487,792049;37818,503793
409;-19724,353630;1138474334,906299;33741,285318;39083,557426
410;-520,306551;1202538777,773832;34677,640891;34681,544035
411;-21481,928349;1177829581,938538;34319,521878;40488,304824
412;-11451,940238;539616298,852671;23229,642676;25899,097167
413;-6768,261410;1121164931,362096;33483,801029;34161,005458
414;-19867,402250;1214250080,489254;34846,091323;40111,890415
415;-6866,365717;592358677,534932;24338,419783;25288,449057
416;-13639,698042;835246002,621750;28900,622876;31957,586975
417;-11833,622367;1023903590,838123;31998,493571;34116,538646
418;-11502,316589;1135919265,668369;33703,401396;35612,112442
419;-14957,623949;953058108,760416;30871,639230;34304,352828
420;-15888,291059;1030749385,785818;32105,285948;35821,602122
421;-22291,211126;1311609958,633981;36216,156044;42526,557022
422;-10651,771785;584241151,665556;24171,080896;26414,037818
423;-16412,146443;969997823,201514;31144,788058;35204,493663
424;-6982,313579;491054030,316463;22159,738950;23233,741266
425;-17092,432927;841180790,803909;29003,116915;33664,997463
426;-11639,488950;695758820,551682;26377,240579;28831,172775
427;-146,724182;606991012,489618;24637,187593;24637,624489
428;-6684,571775;1227642378,519923;35037,727930;35669,677295
429;-5685,779157;975001494,282033;31225,013920;31738,455837
430;-10316,305474;1215722687,144376;34867,215076;36361,364740
431;-17080,342033;1154960926,585576;33984,716073;38035,496718
432;-12295,232043;850892232,551124;29170,057123;31655,409704
433;-1585,448605;858593071,793865;29301,758852;29344,619934
434;-2633,790704;1139254209,871268;33752,840027;33855,443629
435;-17461,725464;1422679005,874122;37718,417330;41564,297926
436;-5756,070873;1022543425,170354;31977,232919;32491,164600
437;-13424,585371;810736435,002038;28473,433846;31479,452463
438;-12847,706976;1349865015,767181;36740,509193;38922,083581
439;-11758,091856;681456770,049755;26104,726968;28630,569225
440;-14937,149357;932783153,369825;30541,498872;33998,552679
441;-10803,950733;602917704,528101;24554,382593;26826,163646
442;-7975,337723;791742370,648398;28137,916956;29246,339642
443;-15416,286042;891860176,043011;29864,028128;33608,362819
444;-5979,718145;778471937,389132;27901,109967;28534,697589
445;-8180,563493;1122239957,838064;33499,850117;34484,222144
446;-4417,660150;1046400200,730331;32348,109693;32648,367829
447;-7770,199983;824446481,845570;28713,176102;29745,965939
448;-20235,962995;1209913786,473933;34783,815007;40241,868555
449;-5137,714890;735821122,224633;27126,022971;27608,282028
450;-13961,729090;795851384,961964;28210,838076;31476,678099
451;-4972,530920;891074548,376902;29850,871819;30262,197741
452;-8863,776941;764135900,430407;27643,008165;29029,337610
453;-20469,782498;1341858183,622829;36631,382497;41962,723686
454;-10824,191539;688071741,830234;26231,121627;28376,660556
455;-7250,821509;715371562,654508;26746,430840;27711,838178
456;-3429,241556;1031493248,890466;32116,868603;32299,426412
457;-4781,175810;780926206,421408;27945,056923;28351,117236
458;-2378,673622;652093671,861032;25536,124840;25646,671520
459;-3260,638306;1191750055,610191;34521,733091;34675,377688
460;-13312,485992;888727464,685100;29811,532411;32648,885861
461;-15901,316729;817139282,106357;28585,648184;32710,719280
462;-489,331430;830375895,559878;28816,243606;28820,397999
463;-3467,618662;788031990,734894;28071,907501;28285,267719
464;-15012,247984;822345029,803742;28676,558891;32368,389199
465;1333,134374;972467014,266837;31184,403382;31212,886145
466;-5143,129265;1202330917,301952;34674,643723;35053,996861
467;-13277,527856;1385363676,118175;37220,473884;39517,798801
468;-8310,659635;977467712,204716;31264,480041;32350,189733
469;-8619,717024;1595896597,381512;39948,674538;40868,032972
470;-4976,764466;713041835,835904;26702,843216;27162,658566
471;-2385,770725;1180536924,367665;34358,942422;34441,672815
472;-6633,945343;813326664,998918;28518,882604;29280,298766
473;-16664,323340;1109837298,337421;33314,220662;37249,657323
474;-18512,088553;1153239300,339521;33959,377208;38677,341208
475;-10940,071880;1313592782,260845;36243,520556;37858,657596
476;-2927,308341;678975623,834008;26057,160702;26221,074691
477;-10773,010785;806820105,329385;28404,578950;30378,904962
478;-5270,620497;682569842,238552;26126,037630;26652,378555
479;49,041184;766709676,412032;27689,522864;27689,566292
480;-16832,409751;934920576,640885;30576,470964;34903,446745
481;-3456,918005;724577763,194069;26917,982153;27139,050191
482;-9132,050941;1160238416,692191;34062,272630;35265,177882
483;599,096250;699726444,809104;26452,342898;26459,126235
484;-8343,756545;906931442,704633;30115,302467;31249,795455
485;-12928,593905;814922447,191384;28546,846537;31338,011863
486;-12410,536859;782882651,507011;27980,040234;30608,888850
487;-15658,050312;865961007,949745;29427,215430;33333,699878
488;-20432,300617;1402037477,177318;37443,790903;42655,789592
489;-3185,216843;1126523955,286964;33563,729758;33714,530423
490;-13594,170930;773895469,764633;27818,976792;30962,831800
491;-9600,825147;546945530,854132;23386,866632;25280,849953
492;-24028,422506;1439757787,498855;37944,140358;44912,391115
493;-11199,833192;750721101,470327;27399,290164;29599,955490
494;-11729,820939;892194750,513361;29869,629233;32090,239167
495;-11470,790960;788986381,207294;28088,901388;30340,821124
496;-19457,041058;1087591961,736732;32978,659186;38290,578586
497;-4326,103015;753609793,499011;27451,954275;27790,735161
498;-9657,854018;758513910,763861;27541,131254;29185,408255
499;-6958,068827;893045954,234610;29883,874485;30683,231186
500;-19157,549079;1119003991,716687;33451,517032;38548,873893
501;2740,133182;1034644868,681524;32165,896050;32282,397658
502;-812,024269;989216800,797753;31451,817130;31462,297822
503;-14391,190460;1013044667,640557;31828,362629;34930,660322
504;-6516,983103;1266163164,197798;35583,186538;36175,049868
505;-9047,292764;716734022,334387;26771,888658;28259,291015
506;-1426,081614;796168457,759530;28216,457215;28252,471866
507;-9358,006573;1052620038,037872;32444,106368;33766,734000
508;-20860,345573;1268217296,685125;35612,038648;41271,919196
509;-8869,111561;822520587,837551;28679,619730;30019,689001
510;-17735,936808;1200395085,666525;34646,718252;38922,468320
511;-2925,855337;839588536,102598;28975,654196;29123,000628
512;-17145,711526;1209497767,271054;34777,834425;38774,646240
513;-7501,993394;430644337,798207;20751,971901;22066,359978
514;-11288,559677;1110136070,994972;33318,704522;35179,079729
515;-8530,195919;665563806,411335;25798,523338;27172,192566
516;-11653,204544;870036617,317023;29496,383123;31714,882838
517;-12603,184257;1214597329,313948;34851,073575;37059,918817
518;-1155,536119;772557504,412248;27794,918680;27818,928235
519;-5600,512198;1062708551,305032;32599,210900;33076,793801
520;-3875,775307;1333563676,291160;36517,991132;36723,089610
521;-6039,918327;791323483,423197;28130,472506;28771,584885
522;-6425,450600;696313880,159778;26387,760044;27158,797756
523;-7279,797793;1115463199,522121;33398,550860;34182,724517
524;-12633,198144;1503706746,168862;38777,657822;40783,629577
525;-12807,711153;585836623,372227;24204,062125;27383,828957
526;-15477,617967;864351194,967928;29399,850254;33225,108772
527;-11717,625437;535471215,755548;23140,250987;25937,886607
528;4519,058084;950271370,933497;30826,471918;31155,950586
529;-13372,208436;837751478,806177;28943,936823;31883,654704
530;-5052,811379;964543456,323028;31057,099934;31465,447067
531;-16608,723590;1034532037,170011;32164,142102;36199,195246
532;-11938,898709;727409309,046860;26970,526674;29494,857373
533;-4624,454024;722258921,916458;26874,875291;27269,845928
534;-11241,250636;599141460,705066;24477,366294;26935,240422
535;-14422,533544;803428568,227907;28344,815544;31803,113716
536;-4795,778078;598453220,410462;24463,303547;24928,953203
537;-5696,628060;1251003618,172084;35369,529516;35825,342837
538;-17928,184004;1088519163,335718;32992,713792;37549,153719
539;-6237,182740;859428566,364349;29316,012116;29972,170674
540;-15921,645541;771711308,517177;27779,692376;32018,902312
541;-15881,542492;755769378,917557;27491,260046;31748,901884
542;-7858,853517;927227858,368891;30450,416391;31448,202444
543;-6203,853396;1092255689,205122;33049,291811;33626,529499
544;-9977,811357;555765441,993197;23574,677983;25599,260956
545;-10601,444650;582706553,416754;24139,315513;26364,695752
546;-12577,929286;951718785,168318;30849,939792;33315,508255
547;-1485,322438;529251442,569048;23005,465493;23053,364729
548;-6858,268337;658145418,696754;25654,345026;26555,249260
549;-18094,270963;893200345,855847;29886,457566;34937,129068
550;-2818,482558;659982648,083855;25690,127444;25844,273873
551;-10616,878919;1214313709,530672;34847,004312;36428,448053
552;-2955,624423;1244965220,543738;35284,064683;35407,639519
553;-8602,193483;1112862291,454597;33359,590697;34450,834884
554;-5673,759313;1004272040,691176;31690,251509;32194,154523
555;-11644,164239;861356487,202014;29348,875399;31574,404951
556;-2511,716693;945472501,856988;30748,536581;30850,951729
557;-9279,781965;543312422,281193;23309,063093;25088,379294
558;3193,603882;691495617,662681;26296,304259;26489,521011
559;-89,241940;1379826485,043235;37146,015736;37146,122936
560;-7055,603807;552560683,152732;23506,609350;24542,661393
561;-6481,295475;547349070,121467;23395,492517;24276,660832
562;-14748,293269;920203086,189121;30334,849368;33730,034695
563;-20832,040105;1241556720,840582;35235,730741;40933,245850
564;-22173,830851;1113179138,017896;33364,339316;40060,677885
565;-10914,868048;711605220,070314;26675,929601;28822,553054
566;-15229,286110;1360909415,286544;36890,505761;39910,406797
567;-3398,010732;1238352666,989749;35190,235393;35353,912710
568;-7466,974381;546166002,816594;23370,194754;24534,092794
569;-12700,166703;836677383,532450;28925,376117;31590,688784
570;-17802,336212;1290996897,191268;35930,445268;40098,878685
571;-13434,551320;852913931,942192;29204,690239;32146,556598
572;-6711,182909;443837955,859143;21067,462018;22110,584160
573;-14889,796720;1021727512,052727;31964,472654;35262,353274
574;-19076,408810;1147930530,815912;33881,123518;38882,385522
575;-15630,158223;1140223800,754463;33767,200073;37209,214542
576;-8825,908376;914988022,378816;30248,768940;31510,072692
577;-8798,433156;524266849,225194;22896,874224;24529,151539
578;-2022,748483;748208127,473716;27353,393345;27428,081211
579;-1224,436898;494017721,860571;22226,509439;22260,210412
580;-7593,313556;748050231,826723;27350,506976;28385,007356
581;-7394,006952;722720303,489939;26883,457804;27881,743889
582;-15189,533158;932995902,763171;30544,981630;34113,308551
583;-13055,389568;955527876,213753;30911,613937;33555,492441
584;-12323,617919;681643753,088226;26108,308124;28870,665245
585;-8490,520268;843019763,039312;29034,802618;30250,763585
586;-14939,254816;933918812,048946;30560,085276;34016,174778
587;-2864,360698;928538569,703593;30471,930850;30606,259685
588;-17188,901133;1362316852,897232;36909,576710;40715,785330
589;-10179,608099;1133421865,857266;33666,331339;35171,668810
590;-11263,156191;929065241,923208;30480,571548;32494,983140
591;-5917,852349;670168572,972515;25887,614277;26555,405276
592;-14983,691479;902809666,294524;30046,791281;33575,596445
593;-1785,641281;1095245907,213604;33094,499652;33142,637523
594;-7335,880112;1451802867,775862;38102,530989;38802,293808
595;-15616,563545;819810545,358616;28632,333914;32614,223926
596;-11589,188121;690945565,568845;26285,843444;28727,249205
597;-4112,184950;684572132,982638;26164,329401;26485,509209
598;-6934,100028;970279085,922783;31149,303137;31911,766311
599;-10028,509303;977295113,751020;31261,719622;32830,871335
600;-14413,778987;969394671,711763;31135,103528;34309,644364
601;-16904,245098;1048102158,748721;32374,405921;36521,988734
602;-7919,282952;435333842,737010;20864,655347;22317,008877
603;-6573,238620;865495987,413262;29419,313170;30144,708547
604;-8757,862025;889177833,055455;29819,085047;31078,577514
605;-12254,427568;751625004,021329;27415,780201;30029,918399
606;-2784,369884;1391322194,687200;37300,431562;37404,209794
607;-3418,419925;753401768,538557;27448,165122;27660,212641
608;-20537,747237;1278039027,206250;35749,671708;41229,092747
609;-5966,226742;990051574,807950;31465,085012;32025,730848
610;-9415,962065;677780703,775069;26034,221782;27684,671668
611;-994,190601;1168912221,844973;34189,358313;34203,810267
612;325,240260;925570970,262415;30423,197897;30424,936343
613;-6079,380253;871279889,241207;29517,450588;30136,999743
614;-9261,488372;832708622,803694;28856,691127;30306,497483
615;-14439,258129;833636716,525910;28872,767732;32282,021186
616;-18892,825456;1065839568,305187;32647,198476;37719,735180
617;-12562,253758;736728288,927135;27142,739157;29908,836628
618;-17979,152459;1088322342,597666;32989,730866;37570,896525
619;-13317,537971;916961751,081281;30281,376308;33080,486222
620;-15790,630246;1061893475,695743;32586,707040;36211,013232
621;-4393,153001;907193162,283373;30119,647446;30438,346794
622;-6812,332914;901810396,260132;30030,158112;30793,153070
623;-8555,951406;485531290,210099;22034,774567;23637,588597
624;2114,349000;764886006,388812;27656,572571;27737,275967
625;-12595,622094;886940849,513021;29781,552168;32335,592548
626;-4873,771874;1193563629,278888;34547,990235;34890,074256
627;-5894,675001;812397828,805236;28502,593370;29105,755825
628;-8805,452051;697296289,071707;26406,368343;27835,809219
629;-21277,710483;1312199029,402727;36224,287838;42011,188900
630;-9038,349021;861382951,204498;29349,326248;30709,521394
631;-1414,322049;1412134317,833763;37578,375668;37604,981381
632;-2693,294206;1236695394,959771;35166,680181;35269,664425
633;-18725,938247;1102524750,550224;33204,288135;38120,670426
634;-16431,456264;1049684609,642834;32398,836548;36327,363854
635;-15970,426053;838618211,265851;28958,905561;33070,722997
636;-12653,970304;910958853,206662;30182,094911;32727,386356
637;-3971,582061;930783995,088073;30508,752762;30766,173944
638;-22514,895062;1354721511,222154;36806,541691;43146,749714
639;-5321,049841;667709926,053257;25840,083708;26382,257247
640;-8193,189719;615811153,260659;24815,542574;26133,111392
641;-4400,822850;1491854278,810528;38624,529496;38874,432736
642;-17110,460767;944606554,150264;30734,452234;35176,333263
643;-12874,382062;755379365,104573;27484,165716;30350,108378
644;-12253,316869;823790297,730986;28701,747294;31207,916816
645;-1727,053959;1472534693,862593;38373,619765;38412,464243
646;-7409,036816;856690601,263091;29269,277430;30192,456472
647;-10918,774662;583506950,866017;24155,888534;26508,990757
648;-5836,490721;813268155,585987;28517,856785;29108,981080
649;-7799,386686;314361233,610462;17730,235013;19369,864901
650;-6910,895114;576148432,596622;24003,092147;24978,168545
651;-4207,995073;459461435,381071;21435,051560;21844,190484
652;-13111,461982;1009713960,674492;31775,996612;34374,763941
653;-9945,260416;632675424,744460;25153,040070;27047,802674
654;-5699,543264;1064378191,844489;32624,809453;33118,921861
655;-19699,446724;1213179672,909727;34830,728860;40015,595387
656;-5359,737282;697134244,030225;26403,299870;26941,808175
657;-14540,293883;768997613,906241;27730,806225;31311,623403
658;-12981,609673;702994994,440591;26514,052773;29521,469885
659;-13574,346522;778580510,834861;27903,055582;31029,717922
660;-10316,384267;567726014,784788;23827,001800;25964,471863
661;-6244,427741;809216880,689953;28446,737611;29124,040903
662;-7550,188125;1509687497,325784;38854,697236;39581,470893
663;-10991,330893;703571407,032354;26524,920491;28712,031656
664;-11340,002342;731347658,077339;27043,440204;29324,790045
665;-4165,366598;1053364128,301142;32455,571606;32721,772678
666;-15026,235543;899083646,793829;29984,723557;33539,102573
667;-15584,879905;939823949,552921;30656,548233;34390,586375
668;-8015,928378;545419517,081401;23354,218400;24691,590164
669;-8424,383939;1316824286,665406;36288,073615;37253,114385
670;-8064,956714;1013423157,907074;31834,307875;32840,016515
671;-6945,147370;467264959,803222;21616,312354;22704,625780
672;-13999,153676;955813058,422590;30916,226458;33938,022365
673;752,172987;1202488384,293227;34676,914284;34685,070974
674;-3849,880959;1224370905,847882;34991,011787;35202,165974
675;-15012,773849;1093104678,141294;33062,133599;36310,990854
676;-16948,373526;1094422154,237695;33082,051844;37170,815426
677;-11886,603680;808127823,011955;28427,589117;30812,646268
678;-8162,185141;1388914399,590079;37268,141885;38151,483141
679;-8816,564659;718865230,157628;26811,662204;28224,050782
680;-9084,479498;687468633,476764;26219,623061;27748,809006
681;-16707,883804;1051221415,555609;32422,544866;36474,303239
682;-13194,603148;879275768,662470;29652,584519;32455,713224
683;-12531,967024;926467344,355068;30437,926085;32916,827640
684;-14583,626828;872938309,658517;29545,529436;32948,755380
685;-11901,042007;995837642,864758;31556,895330;33726,435384
686;-2380,567452;911318102,451020;30188,045688;30281,763552
687;-16458,720933;1162443111,136918;34094,619973;37859,379365
688;-13426,958173;772206991,781490;27788,612628;30862,439916
689;-10194,048522;610021789,346955;24698,619179;26719,663445
690;-11384,919940;816289405,796869;28570,778880;30755,581735
691;-12803,789743;787260834,944073;28058,168774;30841,495858
692;-11639,158990;1006604744,646280;31727,034917;33794,596708
693;-11950,907629;1071641678,744945;32735,938642;34849,187536
694;-6110,680995;410501603,089564;20260,839151;21162,278358
695;-132,480211;1142710193,866796;33803,996714;33804,256313
696;-3463,764998;543769503,799829;23318,865834;23574,714670
697;-9945,985838;969619821,506434;31138,719009;32688,567662
698;-14754,453028;1041739665,997978;32275,992099;35488,498843
699;-4048,918070;974929571,669015;31223,862216;31485,287186
700;-11473,489457;789642365,615834;28100,575895;30352,649406
701;-13806,539891;842925849,589985;29033,185316;32148,816360
702;-12895,476973;1009954830,363997;31779,786506;34296,474407
703;-9460,438402;644448426,680738;25385,988787;27091,480606
704;-16131,326950;941051412,137480;30676,561283;34659,358351
705;-10912,972519;755677425,456345;27489,587583;29576,517622
706;-21320,524040;1159029792,299962;34044,526613;40169,572286
707;-18359,213395;995187294,132532;31546,589263;36499,972748
708;-3827,374225;1068351683,321051;32685,649501;32908,972588
709;-4310,648037;976578957,776911;31250,263323;31546,166871
710;-15204,846583;1032033706,474508;32125,281422;35541,821367
711;-4539,914671;1031276931,582967;32113,500768;32432,819131
712;-13263,558967;704600924,891598;26544,320012;29673,606477
713;-12414,090562;731527163,653896;27046,758838;29759,650672
714;-14410,086858;835940245,296395;28912,631241;32304,656763
715;-9118,038581;909737593,764625;30161,856603;31509,938453
716;-11906,973024;672185884,617705;25926,547873;28530,017371
717;-16973,069529;1018568193,683589;31915,015176;36147,659439
718;-15014,607552;950385942,074888;30828,330186;34290,295741
719;-11447,954774;867334162,160603;29450,537553;31597,307332
720;-9009,001154;691439824,362267;26295,243379;27795,717766
721;-17693,776991;1096817876,971371;33118,240850;37548,470291
722;-5720,374687;669561474,665614;25875,885969;26500,644544
723;-4426,603271;981147609,763654;31323,275847;31634,513214
724;-21635,110132;1318471999,446379;36310,769745;42267,599765
725;-2478,299580;648132242,399856;25458,441476;25578,784397
726;-14392,702401;902499566,149424;30041,630551;33311,401180
727;-13485,672196;971957662,771886;31176,235545;33967,941023
728;-6067,846960;1011284578,226186;31800,700908;32374,424241
729;-16426,813740;995808058,417277;31556,426579;35575,950698
730;-11250,980803;745599442,553110;27305,666858;29532,761665
731;-9533,575057;574584895,572425;23970,500528;25796,781756
732;526,631548;974738748,146505;31220,806334;31225,247620
733;-14665,947902;1087929789,169700;32983,780699;36097,365791
734;-7521,372029;729722618,952239;27013,378518;28040,928233
735;-11432,958806;763024977,747646;27622,906758;29895,443212
736;-14691,977568;989734879,819991;31460,052127;34721,593925
737;-20496,523748;1187695534,104975;34462,958870;40097,419117
738;-12348,527749;1043704137,127966;32306,410155;34585,983790
739;-15049,040446;960242570,770566;30987,780991;34448,747279
740;-3930,516709;851214936,286754;29175,588020;29439,155862
741;-7388,101477;624842763,276314;24996,855068;26065,816824
742;-2626,398450;1501586170,381488;38750,305423;38839,208787
743;-21662,648848;1198038417,740220;34612,691570;40832,692452
744;-16896,896594;1167331126,888897;34166,227870;38116,089010
745;-15788,199293;925642489,152641;30424,373275;34276,956196
746;-20010,141825;1329530078,902219;36462,721770;41592,497578
747;-19866,121949;1028875730,431632;32076,092817;37729,809590
748;-6954,067729;581342007,418922;24111,034972;25093,845170
749;-14304,973187;858236888,990612;29295,680381;32601,673989
750;-14314,218830;787031277,692933;28054,077737;31494,890671
751;-14986,463270;967945420,590710;31111,821236;34533,165247
752;-2517,195344;918491053,570889;30306,617323;30410,973775
753;-16073,400643;1008960690,589906;31764,141584;35599,366551
754;-16406,602283;1040819555,125505;32261,735154;36193,869006
755;-12061,165080;722762490,190505;26884,242414;29465,813976
756;-14811,780406;926251261,064536;30434,376305;33847,305652
757;-6842,789707;701952558,473755;26494,387301;27363,777690
758;-11666,389536;771530626,061824;27776,440126;30126,985758
759;-7003,157536;692308028,860044;26311,746975;27227,784418
760;-10714,773440;597789313,822355;24449,730343;26694,487890
761;-6769,900901;962907997,344165;31030,758891;31760,660502
762;-3464,103150;1133443398,561479;33666,651134;33844,399968
763;-9031,206367;925500085,063528;30422,032888;31734,252370
764;-6867,748793;620230641,861817;24904,430165;25834,020503
765;-5570,969153;989218075,240090;31451,837391;31941,411562
766;-185,296319;1245652193,766799;35293,798234;35294,284643
767;-20669,727825;1193486759,477465;34546,877710;40258,221618
768;-14305,481349;821090002,418471;28654,668074;32027,125988
769;-11934,371562;798617396,032484;28259,819462;30676,483185
770;-7034,003827;667747897,696206;25840,818441;26781,058745
771;-18056,515665;965000231,418800;31064,452859;35931,017093
772;-6561,311805;750985202,179016;27404,109221;28178,644658
773;-16458,793971;1022128910,370560;31970,750857;35958,598545
774;-7005,528964;809630110,076116;28453,999896;29303,712156
775;-10400,042615;786928416,193984;28052,244406;29918,043094
776;-16598,244477;1010586940,176491;31789,730105;35862,078299
777;-20073,949213;1529879400,983488;39113,672814;43964,108520
778;-6424,241821;484765893,176841;22017,399782;22935,491626
779;-8046,807460;506922753,685058;22514,945118;23909,702298
780;-15318,001401;761325762,163072;27592,132251;31558,943726
781;-12255,672808;845917543,519829;29084,661654;31561,353892
782;-4090,633161;719095132,378781;26815,949216;27126,157340
783;-8810,679640;1304526248,169209;36118,225983;37177,336159
784;-13927,268710;738615015,325438;27177,472571;30538,235526
785;-9322,384844;932352550,405941;30534,448585;31925,842347
786;-5471,538935;1006862871,532119;31731,102589;32199,388346
787;-13495,820607;822198193,048155;28673,998554;31691,250637
788;-10164,528815;579178491,626483;24066,127475;26124,627034
789;-11811,649403;741736835,315307;27234,845976;29685,887168
790;-10360,447416;654523245,038243;25583,651910;27601,849860
791;-11911,457042;784365030,113161;28006,517636;30434,320084
792;-12005,777869;1030717490,336820;32104,789212;34276,175291
793;-13187,368810;785647146,128670;28029,397891;30976,666093
794;-15277,243949;964941456,241501;31063,506825;34616,984833
795;-4319,928169;1225810078,704818;35011,570640;35277,072697
796;-5671,274241;433192254,537735;20813,271116;21572,102495
797;-11921,428527;683216029,756077;26138,401438;28728,670138
798;-2599,523590;1391852536,620269;37307,539943;37397,995394
799;-10241,594665;977763275,995476;31269,206514;32903,700966
800;316,962008;911138418,457332;30185,069463;30186,733566
801;-3299,963246;1125788579,361660;33552,773050;33714,660562
802;-11887,698121;1006263235,734407;31721,652475;33875,959062
803;-20620,604562;1368675910,643998;36995,620155;42354,282465
804;-13859,174331;889610296,897200;29826,335626;32889,010475
805;-10630,334668;755396693,189926;27484,480952;29468,639404
806;-12762,533895;858802879,651983;29305,338757;31963,810021
807;-14461,647462;829623686,620877;28803,188827;32229,845391
808;-17562,371234;1114728523,990260;33387,550434;37724,864577
809;-9660,131801;696884756,619591;26398,574898;28110,547896
810;-13575,543599;935418996,644429;30584,620263;33462,133534
811;-709,310567;708779661,983204;26622,916106;26632,363460
812;-8816,001078;793588993,844829;28170,711632;29517,975351
813;-9718,568458;815023024,590981;28548,608103;30157,479959
814;-11620,249931;1196072752,247218;34584,284758;36484,283749
815;-9788,308198;648928231,181614;25474,069780;27289,910380
816;-15636,612297;1021767239,859722;31965,094085;35584,700139
817;-10432,929126;552848931,084250;23512,739761;25723,431755
818;-4373,952650;955658304,532368;30913,723563;31221,623377
819;-1783,128696;1122918147,303513;33509,970864;33557,379148
820;-18362,934185;1154258788,795646;33974,384303;38619,375198
821;-13030,402376;725286145,107578;26931,137093;29917,846366
822;-9930,992311;525120787,568381;22915,514124;24974,895312
823;-5421,365371;688293432,723837;26235,347010;26789,636713
824;-6586,426831;852394315,789477;29195,792775;29929,506080
825;-13025,654186;781186488,725278;27949,713571;30835,923137
826;-9544,168495;940373987,154109;30665,517885;32116,430988
827;-6846,413896;1024777007,651189;32012,138442;32736,071708
828;-3528,881586;830859849,966869;28824,639633;29039,849435
829;-10111,239904;1030003195,626518;32093,662858;33648,779592
830;-10122,417995;628554825,960839;25070,995711;27037,347725
831;-8871,539059;571403456,374251;23904,046862;25497,208899
832;-8602,780583;593343889,615009;24358,651227;25833,151634
833;-3674,923246;449817285,376492;21208,896373;21524,923838
834;-10561,080199;482455001,679116;21964,858335;24371,939124
835;-9129,632572;492579539,290862;22194,132993;23998,536001
836;-14795,260544;962017383,687297;31016,405074;34364,474654
837;-4557,428397;507307535,463958;22523,488528;22979,941015
838;-13095,361588;939705257,471340;30654,612336;33334,572932
839;-12521,290038;831904327,365150;28842,751730;31443,394085
840;-16624,635119;945144404,917082;30743,200954;34950,291812
841;-18910,219728;1358137982,687144;36852,923665;41421,424322
842;-18634,327455;1485254727,224302;38539,002676;42807,626504
843;-8632,031109;564338355,618044;23755,806777;25275,488456
844;-5471,054920;730966199,366272;27036,386581;27584,391262
845;-13371,457946;874972826,121180;29579,939590;32461,803920
846;-10934,500699;1301818240,172268;36080,718399;37701,214114
847;-13291,698763;821166291,797587;28655,999229;31588,535069
848;-5988,120511;968094814,594500;31114,222063;31685,207934
849;-15437,561797;1007074470,045150;31734,436659;35290,123042
850;-3802,141655;650550131,587926;25505,884254;25787,718254
851;-12524,029530;949439444,751817;30812,975266;33260,949482
852;-11702,854174;754587117,145644;27469,749128;29858,732608
853;-721,847892;601155716,667185;24518,477046;24529,100698
854;-17880,756185;868756419,912695;29474,674212;34474,307269
855;-15362,894547;1114418657,957500;33382,909669;36748,295019
856;-10696,967120;750912846,089258;27402,789020;29416,627129
857;-16814,187082;918758367,257738;30311,027156;34662,303075
858;-8550,880820;1331900198,882182;36495,207889;37483,566555
859;-10518,050940;801085175,109680;28303,448113;30194,611617
860;-11919,301058;915207230,687400;30252,392148;32515,795675
861;-15194,368278;962437297,125116;31023,173550;34544,263264
862;-7854,618661;607909961,193370;24655,830166;25876,726909
863;-13325,384423;899338285,245225;29988,969393;32816,217870
864;-2216,631523;1014160940,259665;31845,893617;31922,944657
865;-9278,878056;558008309,345947;23622,199503;25379,241268
866;-4146,897804;646950119,773127;25435,214168;25771,047343
867;-7092,933556;1190548521,608740;34504,326129;35225,817635
868;-10938,837604;832232276,619168;28848,436294;30852,721837
869;-13883,332697;1049522185,702347;32396,329818;35245,838229
870;-8356,967962;1292764509,681283;35955,034553;36913,458565
871;-2255,034056;903161031,260844;30052,637676;30137,123450
872;-4371,111451;1022527124,622742;31976,978041;32274,351116
873;-12899,507219;890545990,580817;29842,017200;32510,664052
874;-7352,679995;675110199,836581;25982,882824;27003,186904
875;-9469,301937;1136130904,565964;33706,540976;35011,406481
876;-6962,054829;505241900,976053;22477,586636;23531,088126
877;-4619,444003;618510313,942077;24869,867590;25295,248108
878;-8881,432253;1134767504,854241;33686,310348;34837,441693
879;-4124,947368;1117314394,832654;33426,253078;33679,809762
880;-10805,958351;606446079,744334;24626,125959;26892,653562
881;-7929,856904;477832912,680880;21859,389577;23253,291019
882;-6164,392766;1193134253,751254;34541,775486;35087,519034
883;-2272,104739;963691415,690935;31043,379579;31126,417649
884;-15812,451889;1015687269,607619;31869,848911;35576,971546
885;-11412,980575;1347916456,258409;36713,981754;38447,010051
886;-2472,244686;1244410671,090105;35276,205452;35362,729884
887;-9186,047682;616142416,421865;24822,216187;26467,449602
888;-6323,726900;1066177398,865550;32652,372025;33259,087792
889;-13843,898380;864404533,264555;29400,757359;32497,046875
890;-9501,671515;1213720716,729053;34838,494754;36110,974486
891;-7929,014929;687583138,082476;26221,806537;27394,386575
892;-11911,967600;817828038,409229;28597,692886;30979,396548
893;-17191,049625;1147633922,659349;33876,746046;37989,026177
894;-16986,292416;1286294796,891760;35864,952208;39684,114290
895;-13931,344443;1001503005,771000;31646,532287;34577,237654
896;-1318,174340;1132262419,583617;33649,107263;33674,916528
897;-14691,672388;950875617,027925;30836,271127;34157,295774
898;-8305,039270;800865991,783815;28299,575823;29493,044418
899;-3592,276812;564044908,456436;23749,629649;24019,770214
900;-8470,096560;588011635,925801;24248,951234;25685,680284
901;-3471,707296;861252372,800131;29347,101608;29551,736402
902;-6753,475837;641966907,312384;25337,065878;26221,676971
903;-1786,867583;772858917,710772;27800,340245;27857,706536
904;-2297,731157;526154672,632295;22938,061658;23052,857547
905;-11687,046964;810154662,918185;28463,215962;30769,168491
906;-9792,980524;1246577871,538248;35306,909685;36639,873623
907;-10105,121316;569322883,542817;23860,487915;25912,089077
908;-5683,010411;483425161,193252;21986,931600;22709,508329
909;-1135,837449;1069279980,089640;32699,846790;32719,567644
910;-747,366991;1049221321,010302;32391,685986;32400,306764
911;-6195,014615;617857437,770837;24856,738277;25617,096710
912;-5907,945360;442430969,550601;21034,043110;21847,992766
913;235,739767;1616984101,661079;40211,740843;40212,431845
914;-14931,761780;962794217,179368;31028,925492;34434,745927
915;-11043,006254;1060118675,876747;32559,463691;34381,196358
916;-11392,003782;650460209,032021;25504,121413;27932,739916
917;-13249,132566;907266495,007167;30120,864779;32906,017820
918;-5839,381868;457403385,623821;21386,991037;22169,839111
919;-2227,310067;648712283,685616;25469,830853;25567,033340
920;-5211,595401;887313509,402528;29787,808066;30240,275065
921;-9641,377575;553265407,976954;23521,594503;25420,888449
922;-9610,579360;851142546,611011;29174,347407;30716,539230
923;-11187,878453;773264590,928246;27807,635479;29973,875545
924;-10511,188318;805026996,884848;28372,997672;30257,430108
925;-7556,424299;1079569748,387997;32856,806728;33714,526492
926;-6003,148942;659158392,118251;25674,080161;26366,573333
927;-912,598328;792263557,750749;28147,176728;28161,967145
928;-1059,043832;701727461,935964;26490,138957;26511,300152
929;-11365,881861;786561811,433403;28045,709323;30261,280242
930;-3160,569971;942555080,236740;30701,059920;30863,316134
931;-10055,721443;718512345,198728;26805,080586;28629,178803
932;-17033,323691;983424519,336786;31359,600114;35686,953292
933;869,245178;851974174,533056;29188,596652;29201,536975
934;-2644,789082;868555946,062627;29471,273235;29589,708605
935;-12829,365649;770194549,915926;27752,379176;30574,289409
936;-17771,889494;1077725795,999017;32828,734304;37330,494936
937;-2656,022764;843618922,103953;29045,118731;29166,305543
938;-1702,414122;878780882,297093;29644,238602;29693,081621
939;-9289,770350;625561806,258948;25011,233601;26680,735361
940;-12143,634963;808885092,011920;28440,905260;30924,956946
941;-5249,014638;1052895175,801019;32448,346272;32870,158662
942;-2758,493226;895921571,016043;29931,949001;30058,789994
943;-8492,078239;771076072,874491;27768,256569;29037,759309
944;288,460239;1093043062,149493;33061,201765;33062,460154
945;-15985,094303;897283212,633642;29954,685988;33953,003586
946;-9160,158805;907907960,463342;30131,511088;31493,117817
947;-7393,605715;866105561,362070;29429,671445;30344,208127
948;-12199,047302;820007961,306052;28635,781137;31125,949245
949;-6462,528030;912331279,366154;30204,822121;30888,437123
950;-11396,687067;873505990,148078;29555,134751;31676,339218
951;-9607,719007;1007328073,996834;31738,432129;33160,765047
952;-14467,820595;1063540517,578356;32611,968931;35677,140445
953;261,244188;875660509,053343;29591,561450;29592,714603
954;-9578,862996;547499445,590690;23398,706067;25283,474087
955;-15334,332436;1049380452,158329;32394,142251;35840,231632
956;1768,534233;779810357,190737;27925,084730;27981,030548
957;-12660,145593;630739673,296524;25114,531118;28125,059284
958;-13051,085652;887916203,757696;29797,922809;32530,709191
959;-4119,703940;1140971746,210961;33778,273286;34028,571918
960;-9544,293686;853356543,367263;29212,267002;30731,906633
961;-993,898864;1004483557,748540;31693,588591;31709,168906
962;-14297,338402;854629151,232662;29234,040967;32542,941425
963;-17096,821622;1077053004,745302;32818,485717;37004,787722
964;-15379,748307;1020014046,377602;31937,658749;35447,858953
965;-12849,133867;790962795,839658;28124,060799;30920,269031
966;-13609,126276;1083601280,928918;32918,099595;35620,353717
967;-16883,433569;988983812,522067;31448,113020;35693,614857
968;-18616,421903;1114686995,314904;33386,928510;38226,406577
969;-18990,067978;894260857,762115;29904,194652;35424,335415
970;-4366,200637;921612645,496650;30358,073811;30670,447559
971;-12481,996772;913792826,658895;30229,006379;32704,633771
972;-3267,867097;798958943,021781;28265,861795;28454,136753
973;-3560,336839;1203406788,174705;34690,154052;34872,378562
974;-12396,983226;726548821,946374;26954,569593;29668,738009
975;-14489,638607;926710430,711505;30441,918972;33714,389475
976;-9089,840651;541255697,333309;23264,902693;24977,607980
977;-11019,022821;736440275,335266;27137,433101;29289,232480
978;-17499,398795;1152050725,693514;33941,872749;38187,428349
979;-8857,505465;623073233,681672;24961,434928;26486,385875
980;-10271,972811;645268604,158651;25402,137787;27400,401997
981;-9118,384975;1095876710,132075;33104,028609;34336,884755
982;-10539,432416;1154602613,621990;33979,443986;35576,428281
983;-11420,121055;817955996,010293;28599,930000;30795,700364
984;-14677,285380;807402870,015077;28414,835386;31981,644363
985;-12872,608845;899624585,367215;29993,742437;32639,372602
986;-7915,926137;860949691,077793;29341,944228;30390,978557
987;-9621,638518;662818090,661156;25745,253750;27484,432292
988;-4276,798049;644439395,032719;25385,810900;25743,550582
989;-9867,697347;557780926,180248;23617,386100;25595,944544
990;-2986,788004;917796556,293683;30295,157308;30442,034408
991;-12650,375564;761931930,498716;27603,114507;30363,858984
992;-2665,131582;1146003356,913874;33852,671341;33957,418678
993;-11361,411424;768960703,023206;27730,140696;29967,355115
994;-5293,760349;769970271,210438;27748,338170;28248,790591
995;3113,292430;721015974,537920;26851,740624;27031,621562
996;-4838,123613;839153938,456747;28968,153867;29369,395270
997;-9404,309287;655676500,176285;25606,180898;27278,517799
998;-12456,277247;729378863,349185;27007,015077;29741,178629
999;-7234,528538;499484593,565560;22349,151965;23490,913067
1000;-10458,825650;1062970121,069259;32603,222557;34239,701445
1001;-1545,085090;963556781,036421;31041,211011;31079,640747
1002;-8655,041274;476661341,081887;21832,575228;23485,550463
1003;-5492,363254;747266124,383347;27336,168795;27882,470810
1004;-11668,445079;763776504,177946;27636,506729;29998,818556
1005;-3656,141785;958567798,069313;30960,746084;31175,874820
1006;-11318,884443;1197325067,341396;34602,385284;36406,623194
1007;-8472,709907;439662154,137365;20968,122332;22615,237503
1008;-13938,559986;913534436,176332;30224,732194;33283,898369
1009;-8138,918320;977750229,609387;31268,997899;32310,868466
1010;-9505,196972;504338956,713161;22457,492218;24386,220006
1011;-14150,478082;1227888117,636935;35041,234534;37790,529867
1012;-15854,853175;1028416578,450657;32068,934788;35774,193878
1013;-5127,698488;1063815293,093995;32616,181461;33016,792468
1014;-1286,688066;668731197,655409;25859,837541;25891,828128
1015;-3255,223291;828865745,241603;28790,028573;28973,474488
1016;-8583,730945;845113267,894575;29070,831909;30311,610067
1017;-11907,467538;807962862,220410;28424,687548;30818,024683
1018;-8120,446790;462856694,144960;21514,104540;22995,615891
1019;-9113,986385;616874658,335673;24836,961536;26456,367970
1020;-6391,326274;712547944,862848;26693,593705;27448,078191
1021;-12460,809879;846603246,171043;29096,447312;31652,409529
1022;-9534,441799;628101312,025958;25061,949486;26814,303878
1023;-7714,680350;661771592,686781;25724,921626;26856,803339
1024;-490,821815;732634581,604671;27067,223382;27071,673160
1025;-10780,101069;733916828,697193;27090,899370;29156,944417
1026;-11510,156844;671959817,510568;25922,187745;28362,713694
1027;-12939,560837;895750638,614739;29929,093515;32606,485141
1028;-9438,278983;585604081,270192;24199,257866;25974,702913
1029;-15057,663395;750352972,105490;27392,571477;31258,378061
1030;-14052,935942;759059721,292155;27551,038479;30928,057325
1031;-9454,001812;943923303,678258;30723,334840;32145,006672
1032;-7014,279340;725982793,339446;26944,067869;27842,106745
1033;-8549,659413;850988974,845101;29171,715322;30398,777129
1034;-13909,960913;1300387841,551033;36060,890748;38650,677279
1035;-10167,358533;970261180,815239;31149,015728;32766,390713
1036;-6971,272458;1031749394,562280;32120,856068;32868,648196
1037;-6880,606374;927902638,515613;30461,494358;31228,919011
1038;-5400,994423;485968821,786360;22044,700537;22696,686158
1039;-16346,330848;909360526,389657;30155,605223;34301,064977
1040;-9826,993930;910047379,222757;30166,991551;31727,231031
1041;-10180,146007;552647818,698566;23508,462704;25618,024737
1042;-11382,997305;935177420,483840;30580,670700;32630,507935
1043;-4912,815430;827971357,547357;28774,491439;29190,873796
1044;-7368,439668;651747001,569027;25529,336097;26571,430235
1045;-1838,955511;782720182,012058;27977,136773;28037,509507
1046;-9332,600030;570844336,845148;23892,348919;25650,375439
1047;-14282,689732;822996419,296599;28687,914168;32046,710366
1048;-2353,883187;618862869,480585;24876,954586;24988,069864
1049;-7992,797825;706975357,479042;26589,008208;27764,368794
1050;-7622,635503;570380600,305567;23882,642239;25069,606545
1051;-9675,524921;816712159,198177;28578,176275;30171,641349
1052;-16726,612303;1053979595,539694;32465,051910;36520,667501
1053;-14618,205552;930323120,787036;30501,198678;33823,291595
1054;-7330,119732;734479945,525387;27101,290477;28075,088616
1055;-6687,014831;1179396328,552250;34342,340173;34987,319073
1056;-17653,042417;1179761358,088688;34347,654332;38618,535247
1057;-6944,988539;833184799,429395;28864,940662;29688,679075
1058;-11180,442274;799869387,432432;28281,962227;30411,702959
1059;-9988,990945;881110582,870003;29683,506917;31319,171812
1060;-17025,331303;1281316410,365810;35795,480306;39638,091734
1061;-8750,047649;721787888,318125;26866,110405;28255,109665
1062;-10279,545456;821095539,398751;28654,764689;30442,808579
1063;-5756,504242;345430244,719443;18585,753811;19456,813352
1064;-7090,668239;1016034809,563380;31875,300933;32654,438988
1065;-15527,325367;1048416180,338758;32379,255401;35909,803862
1066;-8445,958170;653018936,893465;25554,235205;26913,809584
1067;-3150,648573;703922543,707092;26531,538661;26717,955201
1068;-11066,524987;609549204,746759;24689,050301;27055,816011
1069;-14406,440668;888696586,067280;29811,014509;33109,547245
1070;-8484,145021;607493663,438347;24647,386544;26066,729373
1071;-10540,179690;915146460,654526;30251,387748;32035,009732
1072;-11514,721167;893482589,931337;29891,179133;32032,349172
1073;-1380,365597;1035989750,268926;32186,794657;32216,380297
1074;-16818,137409;1083888716,448934;32922,465224;36969,426048
1075;-14837,312337;980368026,123881;31310,829215;34648,432338
1076;-5531,699541;477801206,498983;21858,664335;22547,747256
1077;-3023,875013;448512995,793733;21178,125408;21392,915086
1078;-3996,172361;1033006572,462207;32140,419606;32387,898450
1079;-15685,648620;1050906257,080474;32417,684326;36013,134128
1080;-2986,203217;564769913,965174;23764,888259;23951,770782
1081;-16384,196029;1060216612,566098;32560,967623;36450,768059
1082;-12822,460453;853139553,946542;29208,552753;31899,138641
1083;-6371,713177;414467110,221825;20358,465321;21332,272243
1084;-12336,847171;775707627,658963;27851,528282;30461,540108
1085;-5989,912628;1007168084,120612;31735,911585;32296,240298
1086;-10721,475200;942573060,149401;30701,352741;32519,580111
1087;-8422,646675;511287999,766402;22611,678393;24129,421393
1088;-5983,289223;846859827,012735;29100,856122;29709,587290
1089;-6316,081884;910952213,421021;30181,984915;30835,776361
1090;4489,848134;1056159713,253965;32498,610943;32807,292627
1091;-11889,000291;541537812,083934;23270,965001;26132,090234
1092;-5662,188103;637279390,527083;25244,393249;25871,601509
1093;-12940,384436;780021862,323391;27928,871483;30781,088539
1094;-979,625806;950577694,698636;30831,440036;30846,999229
1095;-14024,032405;800426037,677598;28291,801598;31576,882724
1096;-3299,142075;699781553,168802;26453,384531;26658,317494
1097;-8145,424232;445749555,538000;21112,781805;22629,571173
1098;-12891,582177;750948041,737428;27403,431204;30284,334775
1099;-12424,286854;870810176,316344;29509,492986;32018,324131
1100;-8996,264045;472408040,622501;21734,949750;23523,197219
1101;-564,231730;877200166,052671;29617,565161;29622,939143
1102;-13205,656113;795628325,503343;28206,884364;31145,106821
1103;-6751,327787;322624431,282739;17961,749115;19188,664835
1104;-5449,102844;811851670,458860;28493,010905;29009,384555
1105;792,019149;793783274,045864;28174,159687;28185,289929
1106;-15133,535720;1115838720,847826;33404,172207;36672,368675
1107;-7395,562524;805929330,399433;28388,894491;29336,388248
1108;-7838,530993;534916508,913801;23128,262125;24420,464309
1109;-19720,716672;1188488116,538728;34474,456001;39716,429630
1110;-8722,721118;484914015,989530;22020,763293;23685,436025
1111;-5323,770990;987359540,780877;31422,277778;31870,081241
1112;-465,188658;1048695958,483435;32383,575443;32386,916478
1113;617,691620;928046987,537147;30463,863634;30470,125213
1114;-9284,038348;638092464,225734;25260,492161;26912,559007
1115;-10321,315311;733830702,274619;27089,309742;28988,967764
1116;-12085,256139;991124820,249663;31482,134938;33722,073427
1117;-12431,468021;768987341,665389;27730,621011;30389,615641
1118;-10418,223348;845276323,327452;29073,636225;30883,906830
1119;-16227,141956;1096147040,080654;33108,111394;36870,953014
1120;-3062,169639;530008260,628998;23021,908275;23224,666704
1121;-11458,566463;814634053,031209;28541,794846;30756,020523
1122;-10609,555518;675878087,371374;25997,655421;28079,187233
1123;-8925,885720;624850791,821818;24997,015658;26542,837597
1124;-10320,319939;950354925,009491;30827,827121;32509,443684
1125;-6363,911018;392668212,196463;19815,857594;20812,678243
1126;-9327,377348;1032714089,544529;32135,869205;33462,128709
1127;-5343,663800;437656763,371908;20920,247689;21591,931507
1128;-5531,990713;1094585149,545495;33084,515253;33543,823139
1129;-7418,356530;507482299,309365;22527,367785;23717,384192
1130;-4071,039302;441715020,236837;21017,017396;21407,671084
1131;-14120,995482;974883593,753534;31223,125945;34267,858222
1132;-12325,050991;808900613,637098;28441,178134;30996,894934
1133;-5474,438022;679119636,756257;26059,923959;26628,727127
1134;-15781,951536;1214008633,717509;34842,626676;38250,210823
1135;-4031,797999;917070520,836615;30283,172239;30550,383237
1136;-11468,735884;654979896,052004;25592,575018;28044,817682
1137;-11105,121835;832719803,483277;28856,884854;30919,953662
1138;-3535,348726;542373410,925693;23288,911759;23555,723329
1139;-9618,099284;833261606,291439;28866,271084;30426,459540
1140;-12069,872202;789833116,019583;28103,969756;30586,188566
1141;-12017,560782;905545123,803197;30092,276813;32403,192604
1142;-12955,970181;760632262,922740;27579,562414;30471,124467
1143;-12261,263427;856411637,239157;29264,511567;31729,327413
1144;-5106,463913;238320986,222257;15437,648338;16260,287818
1145;-18639,016956;1021674097,691866;31963,637116;37001,176343
1146;-7136,249768;514306742,266959;22678,331999;23774,625192
1147;-10543,702855;693605376,878910;26336,388835;28368,557362
1148;-4592,467545;541287986,594753;23265,596631;23714,526028
1149;-5370,562196;897260709,314995;29954,310363;30431,951098
1150;-4954,691266;1000909628,637034;31637,155824;32022,782424
1151;-5856,025800;934937510,197222;30576,747868;31132,467753
1152;-10370,093638;820394683,221900;28642,532765;30462,001334
1153;-7305,902357;441270745,141849;21006,445324;22240,659936
1154;-653,462781;937475851,261917;30618,227435;30625,199834
1155;-14508,654533;899985412,787914;29999,756879;33323,962387
1156;-9535,171255;841172336,846523;29002,971173;30530,178966
1157;-8990,134259;788760698,682076;28084,883811;29488,696354
1158;-7937,031110;609861805,024701;24695,380236;25939,511712
1159;-1380,094172;834607813,659447;28889,579673;28922,525367
1160;-2965,405703;991050367,407893;31480,952454;31620,309904
1161;-7030,665431;485664359,038840;22037,793879;23132,112213
1162;-2362,947808;1113645090,123640;33371,321372;33454,874271
1163;-11231,391660;844031382,027774;29052,218195;31147,641013
1164;-1941,876300;542913978,330389;23300,514551;23381,292990
1165;-14132,270187;857546119,850764;29283,888400;32515,645165
1166;-2681,356994;480792420,222773;21926,979277;22090,316783
1167;-6808,054539;804846057,205086;28369,808903;29175,257733
1168;-13370,552017;797519480,868001;28240,387406;31245,657972
1169;-15918,218970;1107607078,850265;33280,731345;36891,689769
1170;-5426,659343;465034299,444961;21564,653938;22236,972165
1171;-11799,470164;963270400,539281;31036,597760;33203,883759
1172;-5080,400923;793324864,152697;28166,023222;28620,540486
1173;-12352,086727;784548837,938848;28009,798963;30612,462894
1174;-12497,759395;777361814,465019;27881,208985;30554,145453
1175;-1153,538824;586677868,181403;24221,434065;24248,886985
1176;-10624,834139;664014121,773275;25768,471468;27872,947857
1177;-3693,231060;833364783,713130;28868,058191;29103,345845
1178;-5931,619230;931252380,876723;30516,428049;31087,561622
1179;-5479,587957;768053314,730356;27713,774819;28250,295554
1180;2134,707844;978667591,739990;31283,663336;31356,411933
1181;-5565,186456;789014374,572073;28089,399683;28635,391998
1182;-7027,148701;819516041,668941;28627,190600;29477,056511
1183;-11076,551399;615620563,966475;24811,702158;27171,870654
1184;-7676,662475;714733126,060059;26734,493189;27814,821100
1185;-11133,646678;719883209,753252;26830,639384;29048,946592
1186;-5667,500618;949452493,298142;30813,187003;31330,066335
1187;-7237,881976;798222185,872466;28252,826157;29165,203949
1188;-11524,243575;782942419,499000;27981,108261;30261,371573
1189;-9827,955106;987941523,461779;31431,537084;32932,206501
1190;-4837,122500;843347487,364516;29040,445716;29440,537384
1191;-4019,110059;1422721699,438854;37718,983277;37932,505126
1192;-5523,585114;526284864,545485;22940,899384;23596,500950
1193;-6815,871260;734312350,036301;27098,198280;27942,234182
1194;-7930,725590;717100111,538327;26778,724980;27928,417784
1195;-12375,932296;723574756,942019;26899,344917;29609,769623
1196;-8369,251023;1380362471,009563;37153,229617;38084,207143
1197;-11848,449836;746411020,414066;27320,523795;29779,133365
1198;-8148,306897;743021444,980180;27258,419708;28450,243413
1199;-15034,426571;806337122,697013;28396,075833;32130,532287
1200;-10760,983672;739400017,288732;27191,910880;29243,782021
1201;-14391,265446;897926837,462281;29965,427370;33242,072116
1202;-14584,177381;930930547,649556;30511,154479;33817,580894
1203;-14936,481889;856852502,223181;29272,043014;32862,607831
1204;-7685,345240;479548906,847504;21898,605135;23208,046844
1205;-1078,087575;417822692,237502;20440,711637;20469,122235
1206;-8840,217437;606509204,681926;24627,407592;26165,982669
1207;-7285,752122;617023938,183094;24839,966550;25886,408058
1208;-21503,915406;1307226324,187669;36155,584965;42067,145161
1209;-9560,671176;450098037,646241;21215,514079;23270,248623
1210;-1076,876328;1009984214,900459;31780,248817;31798,488604
1211;-6803,796575;986798069,337812;31413,342219;32141,713040
1212;-5933,020525;862964639,888253;29376,259801;29969,407275
1213;483,742937;828416994,523004;28782,234009;28786,298855
1214;-11253,975895;635940044,589060;25217,851704;27615,068677
1215;-9801,526402;711795213,957915;26679,490512;28422,968419
1216;-12029,915107;757006223,203309;27513,746077;30028,737581
1217;-4081,573428;468794317,683657;21651,658543;22033,010673
1218;-6967,658808;420411344,536910;20503,934855;21655,475377
1219;-11119,444705;812167570,800538;28498,553837;30591,005563
1220;-9684,030434;580649396,250938;24096,667742;25969,787094
1221;-8990,775811;903430277,896139;30057,116926;31372,987228
1222;-5818,471402;585618805,617759;24199,562096;24889,222870
1223;-12777,681255;835763406,207215;28909,572916;31607,476085
1224;-11182,186408;964440437,102802;31055,441345;33007,298132
1225;-7218,371912;936553834,342835;30603,167064;31442,944000
1226;1177,757725;761469161,385613;27594,730682;27619,852908
1227;-12153,756256;1004575952,916625;31695,046189;33945,393561
1228;-8725,774931;703993010,578483;26532,866611;27930,846008
1229;-4478,384488;541473910,481300;23269,591971;23696,620816
1230;-10128,120866;722898011,042070;26886,762748;28731,112810
1231;-3825,610995;310010190,128362;17607,106239;18017,921346
1232;-7838,714325;889733156,187387;29828,395133;30841,183480
1233;-2069,911449;1003483550,394694;31677,808485;31745,363186
1234;-1266,023520;863849589,816002;29391,318273;29418,572456
1235;-15887,384699;925869368,486642;30428,101625;34326,059504
1236;-16203,219727;1007645512,311377;31743,432586;35639,722808
1237;-7166,160355;1082363888,612927;32899,299212;33670,725309
1238;-17464,656272;1177175590,522858;34309,992575;38499,218294
1239;-13959,688610;1022359476,484872;31974,356545;34888,857570
1240;-9009,926693;503876616,581971;22447,196185;24187,918381
1241;-8215,208716;679078328,175759;26059,131378;27323,396246
1242;-18984,150422;1281030943,360433;35791,492612;40514,551837
1243;-10265,808892;702033500,928106;26495,914797;28415,142673
1244;-12209,523225;1124958131,979316;33540,395525;35693,565097
1245;-1190,898586;855864586,064185;29255,163409;29279,392506
1246;-19819,210173;1312067807,876745;36222,476556;41290,058123
1247;-5345,844428;1115801217,151084;33403,610840;33828,675259
1248;-10963,136123;558304745,535793;23628,473195;26047,938482
1249;-12676,718817;917315783,114493;30287,221449;32833,138490
1250;-8508,029383;491591688,254939;22171,867045;23748,226297
1251;-9908,034944;627889468,800088;25057,722738;26945,475042
1252;-12537,421843;1033316142,716020;32145,235148;34503,667764
1253;-8116,601690;775691448,773899;27851,237832;29009,837500
1254;-48,761366;887159105,955807;29785,216231;29785,256145
1255;-5985,763438;796518003,608933;28222,650542;28850,430977
1256;2330,733615;831508203,112303;28835,883949;28929,924340
1257;-6563,558150;462594333,054515;21508,006255;22487,210335
1258;-15498,254024;1131014833,164227;33630,563973;37029,862421
1259;-11116,439783;833459179,059506;28869,693089;30935,972791
1260;-9505,158794;520078287,497721;22805,225004;24706,807386
1261;-10372,043519;1301685431,798459;36078,877918;37540,174727
1262;-15008,832627;863386605,112976;29383,441002;32994,721728
1263;-18591,486498;1018337070,603989;31911,394056;36932,105827
1264;-8146,631926;577354261,633676;24028,197220;25371,674627
1265;-14017,038499;990444159,959479;31471,322819;34451,727507
1266;-5092,646037;851985759,215237;29188,795097;29629,728363
1267;-9284,297305;785383548,808064;28024,695338;29522,562986
1268;-8976,404213;614812085,027161;24795,404514;26370,208904
1269;-9408,148621;481631269,615619;21946,099189;23877,699431
1270;-14525,105277;988746614,275168;31444,341530;34637,050937
1271;-13202,485784;1198104141,240709;34613,640971;37046,049346
1272;-13585,839567;812027253,769742;28496,091903;31569,008387
1273;-12479,424276;1024135104,644691;32002,110940;34349,252319
1274;-10666,663092;702962525,245562;26513,440464;28578,667337
1275;-11908,932226;734938885,173720;27109,756273;29610,159607
1276;-1139,505182;564080199,957422;23750,372628;23777,692740
1277;-10910,929269;1059499862,893094;32549,959491;34329,990393
1278;-3800,979598;567601034,751234;23824,379000;24125,680937
1279;-9651,622695;643459665,050647;25366,506757;27140,624269
1280;-2933,767282;956339452,930071;30924,738526;31063,587098
1281;-12186,152102;939544279,678750;30651,986554;32985,551121
1282;-11001,653576;806393870,079073;28397,075027;30453,739532
1283;-3452,754716;280777708,394582;16756,422900;17108,454738
1284;1384,166128;495284191,806209;22254,981281;22297,984386
1285;-1025,204576;863373941,717777;29383,225516;29401,105186
1286;-11187,649009;648665434,886234;25468,911144;27817,780739
1287;-9720,300491;1038786609,752185;32230,212685;33664,088453
1288;-3745,758991;559731473,440242;23658,644793;23953,333460
1289;-4816,241452;312515550,484115;17678,109358;18322,437944
1290;-3310,047727;506482877,637952;22505,174464;22747,292006
1291;-11797,609579;1056373764,212708;32501,904009;34576,832648
1292;-8691,014217;627759156,132605;25055,122353;26519,669761
1293;-1658,402827;1410008033,772153;37550,073685;37586,677609
1294;-7444,785950;396024526,030727;19900,364972;21247,337807
1295;-11144,558876;720653111,717534;26844,982990;29066,377556
1296;-6548,869633;1096347091,762650;33111,132445;33752,552277
1297;1352,750333;854669415,275711;29234,729608;29266,010127
1298;-10420,157105;781219581,037046;27950,305562;29829,503099
1299;-8062,957621;514598021,562750;22684,753064;24075,076472
1300;-9960,764879;642858222,147132;25354,648926;27241,054663
1301;-8859,280202;717302005,750562;26782,494390;28209,729730
1302;-5302,798595;833170520,417134;28864,693319;29347,745967
1303;-9715,829506;630305468,181983;25105,885130;26920,304812
1304;-5957,151675;378697613,319863;19460,154504;20351,542187
1305;-6660,427160;558624750,599469;23635,243824;24555,774078
1306;-3558,344489;472143826,511949;21728,870806;22018,302433
1307;-7036,671085;1082311982,331985;32898,510336;33642,632511
1308;-3669,203139;492999157,790514;22203,584346;22504,715272
1309;-5511,722950;332394344,880633;18231,685190;19046,612160
1310;-869,484253;953005976,229574;30870,794875;30883,037077
1311;-11916,915887;648416074,187586;25464,015280;28114,568438
1312;-7941,363586;1081122664,138539;32880,429805;33825,846918
1313;-9113,546816;742459264,722933;27248,105709;28731,794241
1314;-6891,362606;503121675,899649;22430,373958;23465,134870
1315;-10555,350103;806594366,402709;28400,605036;30298,676245
1316;-14114,198927;900392118,875542;30006,534603;33160,258295
1317;-9645,232712;529572668,959917;23012,445958;24952,017614
1318;-8194,782960;695280196,812706;26368,166353;27612,219479
1319;-11609,087854;679286017,185882;26063,116030;28531,683056
1320;-5844,394803;535415350,575007;23139,043856;23865,713926
1321;-3408,038105;684222684,262878;26157,650588;26378,730219
1322;-7193,443142;1450873772,501842;38090,336996;38763,634978
1323;-13448,651744;1012530171,921958;31820,279256;34545,569986
1324;-3121,589058;366227241,926542;19137,064611;19389,986080
1325;-1457,984619;611072960,632680;24719,889980;24762,848782
1326;-861,116579;696712899,132282;26395,319644;26409,362372
1327;-11829,252379;717709224,384745;26790,095640;29285,498736
1328;-12607,992244;827743718,096355;28770,535589;31411,863786
1329;-14317,092817;949645373,340514;30816,316674;33979,766333
1330;-8671,886092;857606553,242661;29284,920236;30541,908284
1331;-10373,756833;702337410,704117;26501,649207;28459,659898
1332;-10822,280044;676902466,135445;26017,349330;28178,435221
1333;-9088,524513;669984724,074706;25884,063129;27433,300966
1334;-2651,902476;454563934,403546;21320,505022;21484,797443
1335;-11503,563364;771812779,642206;27781,518671;30068,999812
1336;-3439,621451;768317170,074026;27718,534775;27931,132555
1337;-8084,494831;532024453,351028;23065,655277;24441,430196
1338;-12981,421554;692730361,291983;26319,771300;29347,021431
1339;-4531,326879;379369858,067128;19477,419184;19997,569386
1340;-4551,259212;683769249,746061;26148,981811;26542,102595
1341;-6504,111505;577990150,094478;24041,425708;24905,694461
1342;-5811,214200;325667477,366376;18046,259373;18958,841944
1343;-9385,720419;562884627,558013;23725,189726;25514,238679
1344;3521,705782;922658372,312602;30375,292135;30578,763610
1345;-8470,839539;666439662,302212;25815,492680;27169,740242
1346;2193,375284;837576613,158108;28940,915900;29023,912698
1347;-8340,074945;613965944,000250;24778,336183;26144,268858
1348;-4463,221604;959446695,003732;30974,936562;31294,840503
1349;-10776,580430;602089929,227808;24537,520845;26799,712965
1350;-5203,267081;625256281,050121;25005,125096;25540,757024
1351;-12681,143157;926051357,769791;30431,091958;32967,601513
1352;-10525,581751;818439404,566004;28608,379971;30483,229418
1353;-10488,563129;678588002,482643;26049,721735;28081,986379
1354;-3375,468813;573727975,979474;23952,619397;24189,290310
1355;-8050,931903;577780335,648431;24037,061710;25349,513608
1356;-7101,461463;575770316,793175;23995,214456;25024,009905
1357;-1737,690523;866636774,653216;29438,695193;29489,936300
1358;-10385,931336;772464434,550182;27793,244405;29670,389352
1359;-4972,715607;1049265447,090084;32392,367112;32771,837721
1360;-8120,675016;584347471,390126;24173,280112;25500,839871
1361;-9254,825017;844413611,163105;29058,795762;30496,973575
1362;-3844,436864;644830069,422136;25393,504473;25682,869081
1363;-1123,518540;467985174,339839;21632,964992;21662,120585
1364;-6322,521426;695439565,569547;26371,188171;27118,514759
1365;-653,530072;509267634,955020;22566,958921;22576,419922
1366;-10471,050645;847760869,994767;29116,333389;30941,941949
1367;-7201,014460;647890529,898064;25453,693836;26452,696255
1368;-6718,469541;531569482,372357;23055,790647;24014,731215
1369;-5275,904012;836212204,074263;28917,333972;29394,682635
1370;-8179,062853;538207393,202656;23199,297257;24598,871160
1371;-4765,139783;942072346,544544;30693,197073;31060,890259
1372;-8121,705724;495725460,670259;22264,893008;23699,948619
1373;-430,083326;782953591,015169;27981,307886;27984,612963
1374;-9941,807710;612987278,906293;24758,579905;26680,082823
1375;-11435,484838;827957031,800587;28774,242506;30963,322581
1376;1406,288099;301264965,510986;17356,986072;17413,862631
1377;-8793,178529;646248325,955580;25421,414712;26899,225167
1378;-9359,094874;666569504,083315;25818,007361;27462,013053
1379;-3280,870018;861763183,743946;29355,803238;29538,572948
1380;-6290,716379;759888470,450972;27566,074629;28274,751688
1381;-4305,007634;946197250,941097;30760,319422;31060,108526
1382;-9584,861242;545826637,824520;23362,932988;25252,647443
1383;-6721,553292;413179305,267885;20326,812472;21409,310683
1384;-8159,517087;586162301,318258;24210,788945;25548,777278
1385;-17005,256565;1340803808,270418;36616,987974;40373,042480
1386;-6549,635136;1200259317,097998;34644,758869;35258,432148
1387;-3007,201955;869406840,161986;29485,705692;29638,658940
1388;-4037,580863;415439627,678357;20382,336168;20778,394714
1389;-4277,915273;828263439,046765;28779,566346;29095,772857
1390;-10875,656701;707518718,967182;26599,224029;28736,712193
1391;-5496,415270;501092840,320781;22385,103089;23050,019981
1392;-7399,608250;460459669,695755;21458,324019;22698,323109
1393;-2693,891969;664910810,068272;25785,864540;25926,200339
1394;-6303,301444;420362280,633837;20502,738369;21449,799293
1395;-7016,836688;632124279,972013;25142,081854;26102,878712
1396;-8372,135558;995847765,452725;31557,055716;32648,742996
1397;-7792,630531;412247598,035440;20303,881354;21747,935273
1398;-6555,786509;542636775,846920;23294,565371;24199,485792
1399;-5412,073085;510604813,987185;22596,566420;23235,648239
1400;-10196,252422;644823340,567429;25393,371981;27363,970911
1401;-11685,809567;847468256,313423;29111,308049;31369,195105
1402;-9500,487775;727838043,802201;26978,473712;28602,400455
1403;-7916,928568;611441775,556480;24727,348737;25963,811999
1404;-3534,947699;491835048,323944;22177,354403;22457,312919
1405;-11331,276144;693662068,891591;26337,465119;28671,586770
1406;-3860,020708;398085572,846292;19952,081918;20322,040565
1407;-5523,666369;891245804,838752;29853,740215;30360,446225
1408;-7758,819366;858471141,991864;29299,678189;30309,576374
1409;-13346,918574;861251519,267960;29347,087066;32239,599171
1410;-10938,091343;713838799,701930;26717,761877;28870,064806
1411;-6628,304776;458524134,098356;21413,176647;22415,587396
1412;-8683,420604;598594627,436019;24466,193562;25961,441039
1413;-8240,829654;518445011,123187;22769,387588;24214,794744
1414;-9435,982650;740714989,235827;27216,079608;28805,429311
1415;-1926,724899;574908942,878607;23977,258869;24054,546591
1416;-12743,110349;1024640183,540312;32010,001305;34453,258843
1417;-11699,780701;763030942,902444;27623,014732;29998,596823
1418;-822,923945;469813905,343915;21675,191011;21690,807020
1419;-4910,095250;408658281,399816;20215,298202;20803,060274
1420;-9557,193602;530383292,342991;23030,051940;24934,378715
1421;-7507,126687;530357164,214677;23029,484671;24222,182299
1422;-13354,022938;806089775,130606;28391,720186;31375,463403
1423;-14084,841935;797247785,457731;28235,576592;31553,614021
1424;-3910,899220;446709133,784390;21135,494643;21494,284508
1425;-10869,159397;734277419,997859;27097,553764;29196,164919
1426;868,520047;903911319,416394;30065,117984;30077,660256
1427;-7228,811432;1019297405,318773;31926,437404;32734,585991
1428;-4918,585660;465897861,067129;21584,667268;22137,984234
1429;-7648,656500;1010558217,688796;31789,278345;32696,485498
1430;-11996,167958;909020564,763890;30149,967907;32448,861466
1431;-8689,275415;587309104,742579;24234,461099;25745,147348
1432;-8147,408228;524392821,424388;22899,624919;24305,824040
1433;-5040,050549;750354858,746168;27392,605914;27852,414048
1434;-18851,527367;1186912985,094590;34451,603520;39272,039279
1435;-5702,574366;667486350,016808;25835,757198;26457,620914
1436;-4583,739148;913162335,620514;30218,576003;30564,243818
1437;-10314,942857;809772891,103086;28456,508765;30268,315732
1438;-3334,285157;786385957,275142;28042,574013;28240,102953
1439;-10444,010572;857811132,568533;29288,412940;31094,830590
1440;-14428,864052;886560727,180771;29775,169642;33087,049506
1441;-4381,809278;909767585,230056;30162,353775;30478,973700
1442;-15153,983859;1059077728,518970;32543,474438;35898,759802
1443;-6495,931359;902307212,155442;30038,428923;30732,789271
1444;-9685,677607;548947695,099207;23429,632842;25352,712790
1445;-7447,199017;940379655,162933;30665,610301;31556,939464
1446;-7506,044938;588458462,923764;24258,162810;25392,896123
1447;-7504,024624;969334342,831922;31134,134689;32025,688570
1448;-12866,411995;646279278,781358;25422,023499;28492,522465
1449;373,285725;1119877081,019070;33464,564557;33466,646430
1450;-13940,611115;982542856,151034;31345,539653;34305,735591
1451;-11389,417382;714353847,329949;26727,398813;29052,928865
1452;-7292,474621;808118487,906682;28427,424926;29347,890452
1453;-13920,593546;1037612906,847149;32211,999423;35091,250071
1454;-7050,598915;943213674,101528;30711,783962;31510,706421
1455;-12492,905286;738554259,851478;27176,354793;29910,314982
1456;-5212,573764;589072567,123845;24270,817191;24824,252101
1457;-4633,812493;1052360776,332071;32440,110609;32769,391123
1458;-8358,414101;557469304,267910;23610,787879;25046,604372
1459;-8744,697371;1125661997,090279;33550,886681;34671,771359
1460;-7952,271050;565145039,367067;23772,779378;25067,581738
1461;-3972,491545;534877819,186058;23127,425693;23466,114043
1462;-9687,931312;597807874,734825;24450,109913;26299,503566
1463;-2726,322792;841553280,761065;29009,537755;29137,366331
1464;-10626,831704;816809392,320007;28579,877402;30491,620888
1465;-5443,245159;521335271,228839;22832,767489;23472,626378
1466;-10410,296605;1030938860,940891;32108,236653;33753,712927
1467;-7130,572042;945970791,410163;30756,638168;31572,390614
1468;-5469,878839;758167306,722337;27534,838055;28072,885160
1469;-4258,578917;683896601,636578;26151,416819;26495,888285
1470;-6996,240372;879314780,379518;29653,242325;30467,395027
1471;-8488,620913;606243990,302844;24622,022466;26044,206175
1472;-3073,717559;762251566,924001;27608,903762;27779,476355
1473;-6149,867116;457419412,956780;21387,365732;22253,994664
1474;-18017,589467;1277761881,370518;35745,795296;40029,931446
1475;-12285,184453;1129128170,970585;33602,502451;35777,841299
1476;-7394,316965;917099237,352190;30283,646368;31173,308466
1477;-4366,137905;607731416,272720;24652,209156;25035,865803
1478;-7509,634874;451264953,040361;21242,997741;22531,301982
1479;-7839,655063;360136804,541727;18977,270735;20532,827278
1480;-13665,183136;865466485,396351;29418,811760;32437,689738
1481;-10877,162170;948653189,708481;30800,214118;32664,443154
1482;-9726,848792;632424507,428421;25148,051762;26963,606859
1483;-8522,263656;665797630,816235;25803,054680;27174,006120
1484;-10396,455980;589900652,467229;24287,870480;26419,442640
1485;-4407,602764;764827956,202955;27655,523069;28004,551743
1486;-2909,265153;551232356,041349;23478,338017;23657,898888
1487;-8614,427716;563383764,334398;23735,706527;25250,586710
1488;-3505,628961;866166135,151930;29430,700555;29638,751147
1489;-5729,257053;504361309,602276;22457,989883;23177,266793
1490;-6372,383586;818691071,194439;28612,778110;29313,791017
1491;-8762,155207;583490348,373287;24155,544878;25695,636055
1492;-6403,201663;444414572,861044;21081,142589;22032,148429
1493;-2862,173180;711081051,850312;26666,103050;26819,267088
1494;-1805,627130;1098995943,830783;33151,107732;33200,244474
1495;-13616,402956;993521877,397222;31520,182065;34335,525435
1496;-6085,471599;615277776,365922;24804,793415;25540,374722
1497;-7430,232045;652234701,606064;25538,886068;26597,801598
1498;-10680,310968;856763495,594030;29270,522640;31158,185730
1499;-14731,573384;1031576648,505073;32118,166954;35335,476548
1500;-6193,946218;461806601,646513;21489,685936;22364,515899
1501;-14369,428096;749057249,708120;27368,910276;30911,773057
1502;-8301,423911;629086095,436336;25081,588774;26419,684600
1503;-5279,805107;476191671,900922;21821,816421;22451,459059
1504;-6005,985747;564646668,412533;23762,295100;24509,560037
1505;-7619,435815;640134032,436423;25300,870191;26423,282055
1506;-2276,272248;794223382,202613;28181,969097;28273,747497
1507;-8989,125930;1513278328,777301;38900,878252;39925,965408
1508;-15537,808341;1075144924,951859;32789,402632;36284,547854
1509;-3984,277071;368568903,249365;19198,148433;19607,227418
1510;2505,104779;857635288,139125;29285,410841;29392,360199
1511;-7504,542906;870419797,236561;29502,877779;30442,371154
1512;-10446,750638;894082705,660808;29901,215789;31673,605803
1513;-11454,026454;843278814,240708;29039,263321;31216,558687
1514;-8559,482406;850312998,960291;29160,126868;30390,421814
1515;-2998,663656;612760444,671125;24753,998559;24934,963974
1516;-1544,926640;382761430,256412;19564,289669;19625,193721
1517;-8959,064550;536782198,996221;23168,560572;24840,431490
1518;-8259,336217;645586877,844269;25408,401718;26717,101501
1519;-6448,673813;535828009,307465;23147,959074;24029,427859
1520;-4459,152996;811172451,507585;28481,089367;28828,050523
1521;-10025,450002;531367444,267074;23051,408726;25137,165552
1522;-12971,976557;861772310,470770;29355,958688;32094,306135
1523;-4763,059266;555590085,394122;23570,958517;24047,386947
1524;-8667,080803;605506627,730027;24607,044270;26088,789113
1525;-10355,012741;707104184,564553;26591,430660;28536,476191
1526;-6353,637332;943038272,712967;30708,928225;31359,320466
1527;-10183,153096;667167887,643426;25829,593254;27764,446593
1528;1952,892700;942401159,083195;30698,553045;30760,607097
1529;-6684,886655;538711893,091739;23210,167882;24153,666444
1530;-9942,183586;765112836,322901;27660,673100;29393,193953
1531;-1782,106950;573378554,066879;23945,324263;24011,548456
1532;-6426,701795;623112207,324699;24962,215593;25776,243002
1533;-5256,262187;487402548,514142;22077,195214;22694,290927
1534;-18119,174546;1083852576,968068;32921,916362;37578,678305
1535;-8989,171007;652362210,449039;25541,382313;27077,064203
1536;-2564,405474;770068639,426819;27750,110620;27868,347903
1537;-11884,467550;748415256,156764;27357,179243;29827,098838
1538;-5197,662652;593741063,959633;24366,802498;24914,990688
1539;-4181,265565;713997210,008438;26720,726225;27045,890478
1540;-13673,269346;926257326,544938;30434,475953;33364,886051
1541;-1918,346691;488769155,079942;22108,124187;22191,196658
1542;-7429,464733;537661159,517902;23187,521634;24348,677700
1543;-4318,263680;726908570,392883;26961,242004;27304,870840
1544;-7078,210229;639594525,790590;25290,206124;26262,056009
1545;-14471,358278;767894573,129576;27710,910724;31262,034219
1546;-4673,839228;532410964,873794;23074,032263;23542,636598
1547;-17691,940576;1098069099,513735;33137,125698;37564,263082
1548;-4991,754985;653389832,937585;25561,491211;26044,336251
1549;-11120,478092;824833827,749185;28719,920399;30797,708693
1550;-4472,659388;244413998,332279;15633,745499;16260,955702
1551;-2392,264446;636309987,845689;25225,185586;25338,368476
1552;-5535,333315;725588945,874349;26936,758266;27499,615648
1553;-7404,513770;919374374,321101;30321,186888;31212,196310
1554;-13700,107616;664143080,817351;25770,973610;29186,230135
1555;-4352,572124;598259916,081403;24459,352323;24843,606827
1556;-8215,890273;557210045,563094;23605,296981;24994,217302
1557;-15910,444660;1021665997,254195;31963,510403;35704,456956
1558;-7044,405376;523697080,354693;22884,428775;23944,116761
1559;-14535,833019;1116616508,784442;33415,812257;36440,457603
1560;-5148,192530;307352562,008631;17531,473469;18271,739062
1561;-6995,910731;1015903893,750721;31873,247305;32631,988305
1562;-6846,662254;1066377395,730087;32655,434398;33365,463877
1563;-10603,404368;534482074,569426;23118,868367;25434,509210
1564;-4415,617881;873827674,571191;29560,576357;29888,548908
1565;-13836,934584;969668209,175638;31139,495969;34075,342520
1566;-9888,790314;765473482,963420;27667,191454;29381,314757
1567;512,666617;883588764,075553;29725,221010;29729,641625
1568;-9509,282545;654382906,235282;25580,909019;27291,195664
1569;-2036,047555;749030962,408799;27368,430032;27444,060415
1570;-9067,798558;552137660,725966;23497,609681;25186,556561
1571;-9515,699803;589858280,529922;24286,998179;26084,608935
1572;-6993,387155;832482431,175982;28852,771638;29688,211382
1573;-5677,408491;553017535,483038;23516,324872;24191,951196
1574;-7828,787043;569019952,030352;23854,139096;25105,972568
1575;-7141,783914;694054022,062848;26344,905049;27295,770726
1576;-3707,192110;471161188,947387;21706,247694;22020,546367
1577;-9331,874128;629684998,228975;25093,525026;26772,539531
1578;-6165,933899;882804384,568201;29712,024242;30345,067563
1579;-11420,010232;865628015,655561;29421,556989;31560,175053
1580;-2219,627751;761084731,002413;27587,764154;27676,912370
1581;-13187,297361;1390510621,553109;37289,551104;39552,691858
1582;-6867,724082;547931396,443291;23407,934476;24394,610686
1583;-2456,599651;427137549,959533;20667,306306;20812,794906
1584;-9551,857540;690969791,132971;26286,304250;27967,977646
1585;-4866,283974;606260091,142965;24622,349424;25098,621692
1586;-8502,709596;474980104,296599;21794,038274;23393,934572
1587;-3495,725546;492918600,247834;22201,770205;22475,290818
1588;-1260,035569;705304882,647732;26557,576747;26587,451406
1589;-6200,650109;719118578,370146;26816,386378;27523,928501
1590;-6974,610730;953391716,888286;30877,041906;31654,966620
1591;-12665,190128;737785547,339303;27162,208072;29969,861333
1592;-9217,794784;624537936,595605;24990,757023;26636,547773
1593;-8635,123939;773057899,298426;27803,918776;29113,970268
1594;-9374,705311;615328448,008907;24805,814802;26518,173913
1595;443,196653;351691908,508185;18753,450576;18758,686835
1596;-6280,129225;904545909,893218;30075,669733;30724,354069
1597;-5694,945939;802598814,674916;28330,174985;28896,906823
1598;-6544,113920;523508405,769462;22880,306068;23797,769491
1599;-6186,059007;358067932,352506;18922,683011;19908,170644
1600;-572,171380;566177392,769949;23794,482402;23801,360735
1601;-3857,291733;653429862,156890;25562,274198;25851,664582
1602;-7182,963806;583427706,196422;24154,248202;25199,656252
1603;-7291,326266;696906724,099514;26398,990967;27387,408837
1604;-5333,147120;429959228,009919;20735,458230;21410,317284
1605;-6089,700658;363318088,841385;19060,904723;20010,061043
1606;-13053,383375;838714150,279277;28960,561981;31766,412574
1607;-8342,554519;631289434,276073;25125,473812;26474,282808
1608;-8583,754938;517061573,452544;22738,987960;24305,193319
1609;-5522,349596;499885465,277808;22358,118554;23030,019764
1610;-3018,397559;738680804,645105;27178,682909;27345,777160
1611;-6722,256889;882597563,263376;29708,543607;30459,584714
1612;-4486,390218;676182286,783573;26003,505279;26387,686219
1613;-12651,232352;897783927,049350;29963,042687;32524,415553
1614;-11166,722901;701767593,979009;26490,896436;28748,274632
1615;-7781,286467;496292918,754846;22277,632701;23597,485837
1616;-8813,226340;642111307,172748;25339,915295;26828,795457
1617;-11166,346421;931723935,919596;30524,153320;32502,480341
1618;-6911,223553;894505838,664656;29908,290467;30696,430569
1619;-6086,312733;534124986,240959;23111,144200;23899,125275
1620;-10673,213595;733706059,823984;27087,009060;29113,975137
1621;-7704,305176;512935375,110797;22648,076632;23922,618865
1622;-4826,582163;715277076,545092;26744,664450;27176,699062
1623;-7870,870002;675214829,935020;25984,896189;27150,790495
1624;-7216,541993;390257188,673152;19754,928212;21031,777552
1625;-7881,981239;654861929,922408;25590,270220;26776,623353
1626;-13746,910747;975881446,204595;31239,101239;34130,030783
1627;-6747,920848;514392556,394645;22680,223905;23662,776510
1628;-4319,211034;668755556,310285;25860,308512;26218,526661
1629;-8696,772881;903328641,742228;30055,426161;31288,376441
1630;-13035,023565;669649516,532191;25877,587147;28975,185174
1631;-594,065629;469103666,850537;21658,801141;21666,946735
1632;-5966,545935;333687729,419705;18267,121542;19216,851975
1633;-5665,103505;480159656,990670;21912,545653;22633,008079
1634;-8795,146598;601764094,262184;24530,880422;26059,905947
1635;-17944,081307;1020141663,024208;31939,656589;36635,115900
1636;-7308,665419;448493832,459674;21177,672971;22403,357397
1637;-4566,151891;327574056,507833;18099,007059;18666,113671
1638;-4070,813644;833839462,258971;28876,278539;29161,806974
1639;-4556,285452;282624643,934043;16811,443838;17417,932743
1640;-7295,350970;595453220,315872;24401,910178;25469,106111
1641;-7910,698220;790698556,361689;28119,362659;29210,917526
1642;-1548,369374;807866205,346067;28422,987270;28465,130477
1643;-6515,357410;375218226,071234;19370,550484;20436,930011
1644;-5952,121820;376163660,229795;19394,939037;20287,715850
1645;-366,271445;595359759,980118;24399,995082;24402,744000
1646;-20636,752664;1267341930,188044;35599,746210;41148,724047
1647;-4232,158334;690444439,170313;26276,309466;26614,950748
1648;-6372,844173;404836806,756726;20120,556820;21105,685244
1649;-7355,191425;511658541,420783;22619,870500;23785,654969
1650;-12248,369656;926386731,337849;30436,601836;32808,677062
1651;-9817,337635;663701020,689896;25762,395477;27569,569074
1652;-4543,814806;561352453,029159;23692,877686;24124,649345
1653;-5869,817952;451079801,242433;21238,639345;22034,848854
1654;-7106,619870;740172766,352874;27206,116341;28118,976019
1655;-5368,038285;583082922,736973;24147,110029;24736,587432
1656;-7136,834777;498703634,453767;22331,673346;23444,360624
1657;-8940,867024;744215529,285678;27280,313951;28708,093500
1658;-9024,017708;637030919,319599;25239,471455;26804,175326
1659;-5110,178007;732015184,465836;27055,779132;27534,144325
1660;-2781,904442;706696803,425267;26583,769549;26728,931811
1661;-602,892379;502783622,905765;22422,837084;22430,940732
1662;-2955,450621;197941048,806194;14069,152384;14376,221241
1663;-9457,752096;885451242,215499;29756,532765;31223,393745
1664;-9438,179366;642768059,769958;25352,870839;27052,676199
1665;-2009,640897;258451796,046640;16076,436049;16201,557104
1666;-5061,835562;592433181,310859;24339,950314;24860,719229
1667;-7017,172873;566269671,678456;23796,421405;24809,481793
1668;-10681,340815;628296803,547283;25065,849348;27246,795136
1669;-7672,773046;593648733,976359;24364,907838;25544,474553
1670;-3747,786872;427317368,051972;20671,656152;21008,647612
1671;-10833,750188;957671296,924996;30946,264668;32787,824571
1672;-11002,834185;780639716,558793;27939,930504;30028,354545
1673;-9713,224259;632723334,746394;25153,992422;26964,236690
1674;-2880,531172;831354534,411014;28833,219286;28976,749201
1675;-16424,700373;1189655420,089666;34491,381823;38202,437127
1676;-5033,845454;329527357,387764;18152,888403;18837,912768
1677;-5480,785878;740290535,213666;27208,280637;27754,811278
1678;-6535,605179;362986608,740264;19052,207451;20142,014393
1679;-1626,290914;375307082,801911;19372,843952;19440,985184
1680;300,601349;766491597,053844;27685,584644;27687,216513
1681;-7056,544314;647114703,450221;25438,449313;26399,043943
1682;-5709,175008;487563807,333709;22080,847070;22806,983286
1683;-13166,282832;716508312,787932;26767,672906;29830,509825
1684;-6796,942562;556328030,540286;23586,607016;24546,414376
1685;-5068,172010;353431858,027229;18799,783457;19470,958516
1686;-7952,678630;687736249,739882;26224,725923;27404,038883
1687;-3647,010921;427480777,612672;20675,608277;20994,796171
1688;-7005,821222;529669008,418189;23014,539066;24057,234659
1689;-6173,061059;552933705,421368;23514,542424;24311,322223
1690;-1713,940939;700368483,385585;26464,475876;26519,918494
1691;-17997,731126;1169592058,682422;34199,299096;38645,962071
1692;-4982,299406;494955674,541331;22247,599298;22798,661845
1693;-4233,187715;877372979,430745;29620,482431;29921,444779
1694;-11206,630130;636170936,024009;25222,429225;27599,990849
1695;-15993,970443;1298077407,054641;36028,841323;39419,341668
1696;1226,442314;482707284,340544;21970,600455;22004,805045
1697;-14117,653313;1071052325,908889;32726,935786;35642,116393
1698;-9871,091794;558579791,401710;23634,292699;25612,853114
1699;-12870,330079;1167928455,375023;34174,968257;36518,130452
1700;-2339,524752;534870461,217705;23127,266618;23245,297100
1701;-11409,892488;907898905,167539;30131,360825;32219,319542
1702;-10412,479691;753835719,611293;27456,068903;29364,186570
1703;-6038,902429;352997185,080971;18788,219316;19734,880989
1704;-4511,159818;652277370,641161;25539,721428;25935,071497
1705;-3651,542297;676380210,240022;26007,310708;26262,406047
1706;-6828,533193;439697369,657976;20968,962055;22052,805609
1707;-17855,273006;1117722501,345901;33432,357101;37901,626290
1708;-3170,691139;615215263,207869;24803,533281;25005,370333
1709;-431,360419;658916339,572108;25669,365780;25672,989919
1710;-14024,249713;798803391,784713;28263,110087;31551,275280
1711;-642,182037;606032320,234549;24617,723701;24626,098311
1712;-5516,296291;379526894,817604;19481,450018;20247,380561
1713;-6541,587097;492555670,515884;22193,595259;23137,589163
1714;-6697,404626;598228665,568264;24458,713490;25359,098846
1715;-11046,034920;735776809,201014;27125,206160;29288,081137
1716;-5490,538247;332755048,478676;18241,574726;19049,962171
1717;-4894,507846;812011247,557816;28495,811053;28913,101781
1718;-2782,322329;865438324,690629;29418,333139;29549,613233
1719;-5023,748080;711275705,585469;26669,752635;27138,786825
1720;65,995232;470395621,119268;21688,605790;21688,706197
1721;-5229,781515;448542099,951848;21178,812525;21814,965383
1722;-4955,168835;300187923,844155;17325,932120;18020,588837
1723;-7756,788388;743772369,599880;27272,190407;28353,838112
1724;-2964,057233;698179996,352885;26423,095889;26588,825315
1725;-9138,466497;668369895,699861;25852,850823;27420,457064
1726;-8909,964347;532434151,759396;23074,534703;24735,028127
1727;-10089,826286;793264010,019270;28164,942926;29917,697179
1728;-5589,057090;615554644,607769;24810,373730;25432,109699
1729;-6605,104910;428532829,508966;20701,034503;21729,248500
1730;-8180,433018;517671214,742767;22752,389210;24178,310510
1731;-3684,069006;665172367,003979;25790,935753;26052,729827
1732;-2644,673747;766293880,269996;27682,013660;27808,059614
1733;-8100,554920;760714091,119246;27581,045867;28746,009830
1734;-6546,682442;598758312,441632;24469,538460;25330,167063
1735;-8412,066908;714764361,297965;26735,077357;28027,258713
1736;-1551,323539;529198605,589144;23004,317108;23056,565449
1737;-5409,283384;421380582,745470;20527,556668;21228,304913
1738;-8180,472433;500799053,799283;22378,540028;23826,858438
1739;-4100,885631;221036930,916835;14867,310817;15422,522293
1740;-4919,697636;663606671,755135;25760,564275;26226,133848
1741;-6091,990606;704214840,514330;26537,046567;27227,324328
1742;-14940,140846;1011715890,336817;31807,481672;35141,481170
1743;885,454292;406364681,872136;20158,489077;20177,926335
1744;-4304,582528;325342283,109845;18037,247105;18543,778306
1745;-4721,471364;554699257,139504;23552,054202;24020,648388
1746;-3916,239117;317739860,516182;17825,259059;18250,391485
1747;-5304,882636;389811308,487216;19743,639697;20443,901004
1748;-5308,966638;617047978,889990;24840,450457;25401,439047
1749;-8095,655255;611102303,835874;24720,483487;26012,342029
1750;-4509,352245;379738023,755509;19486,867982;20001,806954
1751;-4725,490749;1051617538,073392;32428,653041;32771,142807
1752;-745,117892;468327317,695468;21640,871463;21653,695259
1753;-1334,813669;347857001,424731;18650,924948;18698,629066
1754;-10816,290338;782078876,334374;27965,673179;29984,512886
1755;-5372,684012;574675599,766222;23972,392450;24567,078240
1756;-11697,743448;836732038,061069;28926,320852;31202,071082
1757;-1345,933967;102215615,654009;10110,173869;10199,370270
1758;-3935,724557;420475044,648676;20505,488159;20879,774243
1759;994,708228;331766527,263088;18214,459291;18241,600032
1760;380,308789;515879121,951152;22712,972548;22716,156293
1761;-6413,348051;456689326,127712;21370,290736;22311,888296
1762;-6181,519664;475362509,263300;21802,809664;22662,164385
1763;-4439,942162;733219995,691958;27078,035300;27439,626129
1764;-3579,150493;580026706,322346;24083,743611;24348,244795
1765;-7437,965908;555524623,915671;23569,569871;24715,338573
1766;-7124,391030;495047913,220581;22249,672205;23362,466924
1767;-4301,623336;477994492,207037;21863,085148;22282,245298
1768;-666,718205;496418903,292413;22280,460123;22290,433295
1769;1699,288740;530807380,546980;23039,257378;23101,838948
1770;-6268,938011;550010660,963595;23452,306091;24275,713064
1771;-3778,732822;274720716,967885;16574,701112;16999,986433
1772;-1758,193838;626900767,898108;25037,986498;25099,641700
1773;-10780,025697;725892630,463763;26942,394668;29018,986621
1774;-2098,927285;240497073,622985;15507,968069;15649,363226
1775;-5607,718612;250025885,517025;15812,206852;16777,139016
1776;-3817,058357;404097921,984219;20102,186995;20461,374746
1777;-2443,261861;644781403,879977;25392,546227;25509,820313
1778;-6797,109171;550423292,710596;23461,101694;24425,887615
1779;561,414070;594307002,956577;24378,412642;24384,876229
1780;-570,047280;335802413,339146;18324,912369;18333,776677
1781;-7875,982106;653973572,716438;25572,907006;26758,263524
1782;-1411,046879;570186316,129166;23878,574416;23920,229293
1783;33,045592;405263745,280936;20131,163535;20131,190658
1784;-5046,461708;438109873,898336;20931,074361;21530,830213
1785;-4205,387852;629426091,675828;25088,365664;25438,383963
1786;-3230,452905;264551033,276002;16265,024847;16582,727738
1787;1314,136109;611610139,994678;24730,752920;24765,643414
1788;-5595,381299;400318061,197604;20007,949950;20775,619199
1789;-5516,353235;353886676,581635;18811,875945;19604,000347
1790;-9029,439731;636831802,525222;25235,526595;26802,286925
1791;-6347,555803;551775240,258507;23489,896557;24332,420860
1792;-438,355368;586306848,471496;24213,773941;24217,741511
1793;696,936065;253676617,229031;15927,228799;15942,469605
1794;-5367,785204;627445116,706931;25048,854599;25617,537639
1795;-3889,369514;282592223,140319;16810,479563;17254,547759
1796;-2601,819740;259378315,581962;16105,226344;16314,036335
1797;-7136,615698;577839033,839671;24038,282672;25075,292969
1798;-7420,149449;548452401,330706;23419,060642;24566,461267
1799;-9127,981810;628325214,666211;25066,416071;26676,680202
1800;338,385024;738347500,831787;27172,550503;27174,657408
1801;-6665,723429;456982553,370985;21377,150263;22392,284881
1802;-2673,306222;530193525,409387;23025,931586;23180,597308
1803;-10046,420298;653052045,398762;25554,883005;27458,743711
1804;-3282,975862;245457273,745071;15667,076107;16007,348446
1805;-5648,370200;338788575,065700;18406,210231;19253,380508
1806;-3812,594176;223511504,572587;14950,301153;15428,784104
1807;-1032,327789;493667402,762919;22218,627383;22242,596598
1808;-3145,501845;461208743,316292;21475,771076;21704,905555
1809;-6687,950691;376047462,145544;19391,943228;20512,828830
1810;-10762,246925;563727607,756564;23742,948590;26068,248246
1811;-1679,084880;386781281,203825;19666,755737;19738,303049
1812;-12280,779947;959918617,485162;30982,553437;33327,708796
1813;-8572,562652;698562620,829002;26430,335239;27785,813849
1814;-8546,927293;653281014,112383;25559,362553;26950,528386
1815;-6062,795588;672318886,105790;25929,112713;26628,488062
1816;-2040,628613;317014912,007144;17804,912581;17921,469726
1817;-1709,215810;689534389,968755;26258,986842;26314,555072
1818;-1231,983401;457406531,666593;21387,064587;21422,518871
1819;-4222,674475;712013682,148349;26683,584507;27015,637358
1820;-4840,172131;435717050,474099;20873,836506;21427,653085
1821;-5003,677881;396044090,373402;19900,856524;20520,255425
1822;-4342,455136;579202936,661332;24066,635342;24455,262282
1823;-4183,032435;416630827,980341;20411,536639;20835,752646
1824;-5328,887760;543181464,931819;23306,253773;23907,708165
1825;-4064,778127;308603592,256350;17567,116788;18031,251024
1826;-9650,572659;591501435,522749;24320,802526;26165,530535
1827;-3564,081021;386174472,886427;19651,322421;19971,908933
1828;-17575,701373;945996520,773670;30757,056439;35424,593146
1829;-5376,317604;281463037,070015;16776,860167;17617,259380
1830;-3085,587307;287076593,773718;16943,334789;17222,004610
1831;-3397,953697;286238990,721846;16918,598959;17256,450390
1832;-620,002957;702604571,088499;26506,689176;26513,939254
1833;-4787,498321;325865078,808942;18051,733402;18675,792325
1834;-6026,300304;483827258,257790;21996,073701;22806,655906
1835;-6233,359023;396972782,269295;19924,175824;20876,483109
1836;-4613,883211;576901843,796853;24018,781064;24457,918188
1837;-8109,939465;486052328,141655;22046,594479;23490,922635
1838;-3022,932261;489927859,242543;22134,314068;22339,784661
1839;-4659,676405;451078720,653608;21238,613906;21743,764735
1840;-16184,186013;1175194092,940459;34281,104022;37909,391578
1841;-5663,101256;405368536,440840;20133,766077;20915,048465
1842;-4991,587638;290030943,653047;17030,294879;17746,743104
1843;1674,467195;283998792,811581;16852,263730;16935,248247
1844;-4782,314223;428951258,231771;20711,138506;21256,100008
1845;-2803,562879;377856086,447714;19438,520686;19639,655070
1846;-12733,253841;885839599,716989;29763,057634;32372,447437
1847;-658,161414;328146800,345459;18114,822669;18126,775135
1848;-6751,883083;399900481,642409;19997,511886;21106,596287
1849;-6426,267791;489463280,603514;22123,817044;23038,233403
1850;-258,713973;160944174,824789;12686,377530;12689,015239
1851;1864,154267;526280396,736072;22940,802007;23016,417355
1852;-6024,392662;471205865,888963;21707,276796;22527,742293
1853;777,417140;714638989,808682;26732,732554;26744,034236
1854;-10765,006161;828016211,877176;28775,270839;30722,981130
1855;-5217,062141;381523211,836203;19532,619175;20217,342783
1856;-423,315713;276692919,971472;16634,089094;16639,474636
1857;-15412,203397;1052986333,129055;32449,750895;35923,840923
1858;-510,259216;667008994,323147;25826,517270;25831,557421
1859;-9387,049614;636379784,529497;25226,569020;26916,472373
1860;-2540,626203;614272493,013496;24784,521238;24914,398940
1861;-6220,558744;541418740,145150;23268,406481;24085,557732
1862;-2290,299761;451501100,134216;21248,555248;21371,630100
1863;-1155,438843;392304423,087555;19806,676225;19840,349342
1864;-1710,428306;405953634,075642;20148,291096;20220,761585
1865;-12633,818005;765858147,592327;27674,142220;30421,563158
1866;-2525,878230;278852607,982263;16698,880441;16888,832666
1867;-7519,755345;434110323,865426;20835,314345;22150,779768
1868;-4961,637045;304400972,058907;17447,090647;18138,875771
1869;-4586,234309;1282538342,413427;35812,544484;36105,011945
1870;-7255,815863;460268174,650001;21453,861532;22647,627657
1871;-7282,433215;502153067,003298;22408,772099;23562,404388
1872;-6461,003020;662189522,709073;25733,043402;26531,756119
1873;-1171,773595;607453506,951698;24646,571911;24674,411043
1874;-7128,301886;628200679,410157;25063,931843;26057,884933
1875;-10628,671816;729003958,012150;27000,073296;29016,764509
1876;-8852,779287;463888051,653032;21538,060536;23286,471454
1877;-8045,876987;665047578,174322;25788,516401;27014,509336
1878;-12806,722353;1067661096,722279;32675,083729;35095,202438
1879;-11348,587798;894917719,218144;29915,175400;31995,439741
1880;-4015,724365;289235767,263832;17006,932918;17474,604701
1881;-5749,545259;438477358,977303;20939,850978;21714,848138
1882;-9563,682183;783300984,761761;27987,514801;29576,426452
1883;-8091,352621;554818188,932349;23554,578938;24905,585240
1884;-7301,270521;532513891,490093;23076,262511;24203,769184
1885;-2820,164594;290911962,151021;17056,141479;17287,720801
1886;-8038,190495;596517810,010285;24423,714091;25712,454501
1887;-9623,299583;702577190,001184;26506,172677;28199,026310
1888;-7229,199772;472819581,619538;21744,414952;22914,644029
1889;-531,357493;337150881,621375;18361,668814;18369,355525
1890;-11511,380631;756776189,333295;27509,565415;29820,933476
1891;-9615,269810;646208226,074811;25420,625997;27178,330331
1892;-3807,121500;408039125,869787;20199,978363;20555,614804
1893;-13095,592338;910012386,529081;30166,411562;32886,272595
1894;-2361,651829;598953427,718247;24473,525037;24587,208607
1895;-3416,960985;540763747,767607;23254,327506;23504,028807
1896;-12965,278812;779497466,170806;27919,481839;30783,045997
1897;-5752,956433;665850657,509450;25804,082187;26437,608917
1898;-5250,787626;418604349,781624;20459,822819;21122,857772
1899;-4552,274871;387472398,480453;19684,318593;20203,851241
1900;-7458,557935;791094833,201213;28126,408111;29098,538102
1901;-4797,017628;413696879,250574;20339,539799;20897,565824
1902;-5392,273854;427412448,933706;20673,955812;21365,604748
1903;-1578,627240;759546578,200606;27559,872609;27605,047404
1904;-13071,401302;1007227434,495783;31736,846638;34323,300635
1905;-7819,477490;558886933,419983;23640,789611;24900,424929
1906;-6407,806364;609648697,999961;24691,065145;25508,992148
1907;-7437,532965;502867969,993936;22424,717835;23625,936311
1908;-5245,921653;365398918,265242;19115,410492;19822,174761
1909;-2895,655218;305217952,110590;17470,488033;17708,833142
1910;-12566,303888;729691926,001785;27012,810405;29792,682313
1911;-9487,271285;621442758,916845;24928,753658;26673,040234
1912;-5342,542758;381587978,652449;19534,277019;20251,684912
1913;-3360,459911;176529006,418555;13286,421882;13704,805625
1914;-6230,997839;604115301,322564;24578,757115;25356,274084
1915;-1252,666665;317076520,961848;17806,642608;17850,649701
1916;-6315,239030;430692887,405397;20753,141627;21692,743750
1917;-2396,375545;135331610,750331;11633,211541;11877,467175
1918;-8486,999270;609877312,131830;24695,694202;26113,338904
1919;-5556,743358;509070492,019406;22562,590543;23236,778795
1920;-13599,445838;899643146,672795;29994,051855;32933,084790
1921;-4639,191633;350718492,306184;18727,479604;19293,537553
1922;-2515,642777;288251107,950652;16977,959475;17163,320382
1923;-4326,364497;700835795,718120;26473,303453;26824,489286
1924;-7053,524435;515562366,163865;22705,998462;23776,344822
1925;-6096,369779;375683554,741744;19382,558003;20318,692852
1926;-4162,849241;360827474,992512;18995,459326;19446,253850
1927;-6482,406552;418859626,857234;20466,060365;21468,144344
1928;-1354,279715;306955239,979368;17520,138127;17572,402042
1929;-1974,937230;1129437443,312202;33607,104060;33665,083104
1930;-3449,341003;279146756,484692;16707,685551;17060,032528
1931;-10817,843695;740228381,777808;27207,138434;29278,902370
1932;-6853,382912;396277234,576914;19906,713304;21053,410458
1933;-8549,526194;524768545,763685;22907,827172;24451,236041
1934;-5578,023691;531259705,295676;23049,071680;23714,427119
1935;-8051,944830;669353633,811659;25871,869546;27095,893588
1936;-8186,488719;522668153,900757;22861,936792;24283,466627
1937;-5099,819331;381130582,060218;19522,565970;20177,679234
1938;-4476,006338;267926786,792715;16368,469287;16969,426023
1939;-4714,278429;514301530,420674;22678,217091;23163,029843
1940;-4461,776801;629095358,185187;25081,773426;25475,533565
1941;-7642,212217;614757912,282993;24794,312095;25945,352567
1942;-8584,720467;741244239,923589;27225,800997;28547,183143
1943;-2295,314356;494092549,216289;22228,192666;22346,387118
1944;-8557,772224;630866103,117027;25117,048057;26534,912258
1945;-5607,949939;344932501,990756;18572,358547;19400,556809
1946;-6452,881887;425599099,904032;20630,053318;21615,706895
1947;-6400,621883;354505905,523754;18828,327210;19886,524734
1948;-3461,408672;400851416,863433;20021,274107;20318,286514
1949;-6415,980083;361846476,541534;19022,262656;20075,140771
1950;-7842,067995;582046000,897911;24125,629544;25368,169649
1951;-5182,112152;376406223,062169;19401,191279;20081,347301
1952;-8008,635282;563339658,981556;23734,777416;25049,508938
1953;-3503,788439;355670604,383826;18859,231278;19181,948228
1954;-6776,333012;586823824,656012;24224,446839;25154,373650
1955;-2807,133978;639820747,199499;25294,678239;25449,965587
1956;-8840,717044;1078992095,686854;32848,015095;34016,913051
1957;-10683,749726;728109763,972795;26983,509112;29021,582868
1958;-7805,182909;502901774,893716;22425,471565;23744,950098
1959;-3146,479180;195888502,042154;13996,017364;14345,341867
1960;-7393,054428;489417225,999661;22122,776182;23325,404172
1961;-1328,473303;360163752,608587;18977,980731;19024,420988
1962;-2302,487781;160689030,480947;12676,317702;12883,729292
1963;1625,653588;393364195,456550;19833,411090;19899,923242
1964;-5759,062962;492049106,537040;22182,179932;22917,589593
1965;641,966171;704155203,890181;26535,922895;26543,687092
1966;-4431,248767;421084569,692508;20520,345263;20993,345025
1967;-8961,854187;661454278,739609;25718,753445;27235,438480
1968;-2672,009235;393769670,855303;19843,630486;20022,719701
1969;-3968,715213;293570235,331659;17133,891424;17587,522161
1970;-1553,979162;486607212,001679;22059,175234;22113,843249
1971;-2241,062306;482634522,430253;21968,944500;22082,954573
1972;-5137,187195;475898661,573514;21815,101686;22411,812819
1973;-10380,529869;551426912,723732;23482,480975;25674,546015
1974;-3617,586628;399545990,365328;19988,646537;20313,368095
1975;-480,347525;462740819,352481;21511,411375;21516,773761
1976;-3957,061759;549809003,047171;23448,006377;23779,557204
1977;-12039,669238;801018693,379867;28302,273643;30756,663160
1978;-2040,704728;437152234,064733;20908,185815;21007,539357
1979;-12186,023484;865579380,534075;29420,730455;31844,599996
1980;-7016,577556;397470173,716477;19936,654025;21135,338519
1981;-280,158358;356406666,561588;18878,735831;18880,814476
1982;-5096,633021;499047321,535999;22339,367080;22913,380145
1983;-4133,351364;437201473,189906;20909,363290;21313,987583
1984;-3970,090904;933966201,967124;30560,860622;30817,654417
1985;-2645,294981;518832497,671987;22777,894935;22930,985221
1986;-2525,406056;788971845,508866;28088,642643;28201,941799
1987;-4223,214771;428615336,498845;20703,027230;21129,384267
1988;-6620,571085;846449778,483080;29093,809968;29837,589379
1989;-15487,760586;1106403704,539054;33262,647287;36691,612564
1990;-7576,543765;554426716,384806;23546,267568;24735,212387
1991;-5724,716293;393479377,658611;19836,314619;20645,865307
1992;-5923,203118;517499018,488715;22748,604759;23507,091561
1993;-2330,688730;193489384,289007;13910,046164;14103,953143
1994;-7300,490291;423216274,381787;20572,220939;21829,187637
1995;-2013,578482;400239391,500741;20005,983892;20107,060695
1996;-3576,499000;361804888,829506;19021,169492;19354,488728
1997;-8051,852743;658236287,310724;25656,115983;26889,935290
1998;-5682,994216;504763694,006314;22466,946700;23174,557542
1999;-3759,324436;683902115,035417;26151,522232;26420,345101
2000;-6972,289394;525751357,891716;22929,268586;23965,896129
2001;-6819,443648;432839556,142478;20804,796470;21893,934498
2002;-11141,434054;713054020,227751;26703,071363;28934,159276
2003;-2722,042010;391198273,314657;19778,732854;19965,164312
2004;-14403,671899;1187060899,049133;34453,750145;37343,361702
2005;-3172,860050;338066744,415993;18386,591430;18658,343584
2006;-5162,395790;345638282,569827;18591,349670;19294,782011
2007;-7188,935693;561047051,347483;23686,431799;24753,340133
2008;-1228,013940;276490635,826852;16628,007572;16673,291639
2009;-5609,601029;559052778,662975;23644,296959;24300,625555
2010;-7454,569071;622108706,440641;24942,107097;26032,274324
2011;-4825,145039;343213710,246408;18526,027913;19144,078324
2012;-5841,861692;490732988,711805;22152,493961;22909,830570
2013;-10332,953155;795773791,938558;28209,462808;30042,365301
2014;-8930,270680;778741239,589057;27905,935562;29300,016621
2015;-4362,224990;538421622,507769;23203,913948;23610,392402
2016;-3085,122620;217923225,926411;14762,222933;15081,154051
2017;-4032,778690;381348387,693436;19528,143478;19940,202899
2018;-8254,958709;585772936,252974;24202,746461;25571,806341
2019;-6122,909973;486390898,705299;22054,271666;22888,445234
2020;-4874,122326;618945762,754155;24878,620596;25351,584392
2021;-2842,129096;429288652,414715;20719,282140;20913,305578
2022;-6336,480363;397177466,370745;19929,311739;20912,399426
2023;-5836,165195;520301154,795384;22810,110802;23544,892843
2024;-17903,306684;1282787875,831630;35816,028197;40041,431868
2025;-9281,802740;766570983,499518;27687,018321;29201,418555
2026;-6690,891085;511525408,159192;22616,927469;23585,873562
2027;-6399,040549;626718752,719072;25034,351454;25839,242881
2028;-4295,015417;469132676,387268;21659,470824;22081,209972
2029;-2102,392584;115726789,809322;10757,638673;10961,151600
2030;-8398,634304;408969398,255086;20222,991823;21897,635864
2031;-3334,955411;694441799,127355;26352,263643;26562,449562
2032;-10141,283601;685828193,073277;26188,321693;28083,337162
2033;-514,431234;523189672,088327;22873,339767;22879,123925
2034;-5633,402966;344743365,863204;18567,265977;19403,056327
2035;-3335,769137;265613398,787866;16297,650100;16635,526878
2036;-3905,583607;520013803,873525;22803,811170;23135,846368
2037;-5693,498368;764567848,715577;27650,820037;28230,901020
2038;1755,188682;557755737,453618;23616,852827;23681,985237
2039;-7262,672981;587032676,010434;24228,757211;25293,854883
2040;-1686,171149;107349645,173163;10360,967386;10497,276710
2041;-482,436869;466768127,093421;21604,817220;21610,202970
2042;-6407,004150;623498204,232230;24969,946020;25778,826707
2043;-3198,865516;223152530,827324;14938,290760;15276,952295
2044;-4873,112020;397995960,101414;19949,836092;20536,386753
2045;-5299,577584;303039580,250114;17408,032061;18196,843210
2046;-2359,300179;456954829,125255;21376,501798;21506,304342
2047;-1461,882092;80480315,686888;8971,082192;9089,412244
2048;-11584,788966;999633499,562558;31616,981190;33672,553140
2049;-4461,018433;314117561,260922;17723,362019;18276,166084
2050;-3445,971037;397603207,820758;19939,990166;20235,560882
2051;-4590,410155;241086312,770298;15526,954395;16191,299459
2052;-4121,125066;234030243,287721;15298,047042;15843,418668
2053;-5212,283243;223087460,627689;14936,112634;15819,461345
2054;-6000,901102;272923913,780471;16520,409008;17576,539131
2055;-9017,038781;676036800,402982;26000,707690;27519,879883
2056;-14259,350906;910331433,906475;30171,699221;33371,552589
2057;-5198,314150;307498717,346048;17535,641344;18289,920376
2058;-4591,482459;453909413,734247;21305,149935;21794,291108
2059;-5320,239330;491867831,637621;22178,093508;22807,296599
2060;-928,040722;516241874,501186;22720,956725;22739,901805
2061;-5769,455112;538274515,184039;23200,743850;23907,344635
2062;-1916,246748;112279915,834725;10596,221772;10768,097206
2063;-3860,704456;276902292,002388;16640,381366;17082,369007
2064;-6146,716357;401988607,965062;20049,653562;20970,711241
2065;-5977,187804;404699634,060492;20117,147762;20986,338607
2066;-3154,408361;146411651,038247;12100,068225;12504,476924
2067;-4458,103886;239991087,890890;15491,645745;16120,352916
2068;-308,048084;425572634,285494;20629,411874;20631,711706
2069;-10989,004348;703456256,781094;26522,749797;28709,135712
2070;-3665,051212;279380760,930656;16714,686983;17111,790126
2071;-3983,947015;240461826,016268;15506,831592;16010,423475
2072;-3030,900379;185956925,233192;13636,602408;13969,369432
2073;-6058,537049;521623987,490485;22839,089025;23629,004606
2074;-4105,676736;832888142,866397;28859,801504;29150,381204
2075;-4901,021541;563593681,229217;23740,128079;24240,744489
2076;-17152,671057;1128581553,188170;33594,367879;37719,963913
2077;-11215,914558;756168747,254479;27498,522638;29697,903741
2078;-6603,201533;629503143,886226;25089,901233;25944,275175
2079;-7778,524523;457963040,939026;21400,071050;22769,903045
2080;-3393,592842;392022460,334924;19799,557074;20088,278491
2081;-2426,701969;488514340,671416;22102,360523;22235,179854
2082;-5471,507809;404707491,138104;20117,343044;20848,138738
2083;-2297,999932;67338685,584420;8206,015207;8521,706946
2084;-10584,105739;735593873,237555;27121,833884;29113,865555
2085;-7520,265393;600567590,823940;24506,480588;25634,390619
2086;-6504,182965;419990793,585509;20493,676917;21501,050896
2087;1293,658202;638181928,416533;25262,262931;25295,364792
2088;-11421,728481;750516012,416901;27395,547310;29681,170696
2089;-14279,202154;1044449169,171356;32317,938814;35331,923007
2090;-178,708270;261064459,951939;16157,489284;16158,477546
2091;-3878,387054;330753759,129439;18186,636828;18595,581337
2092;-1601,432299;317171771,858338;17809,316996;17881,173263
2093;-1621,209437;389943961,076276;19746,998787;19813,436883
2094;-1681,553882;299051084,445572;17293,093548;17374,657059
2095;-5095,640119;292034640,536226;17089,021053;17832,559793
2096;-7089,923457;781761471,924060;27959,997710;28844,903996
2097;-4787,317629;570699086,363130;23889,309039;24364,266795
2098;-1190,313420;457582079,445152;21391,168258;21424,260209
2099;-4660,906892;360114118,692051;18976,673014;19540,679920
2100;-5581,296054;325133522,282451;18031,459239;18875,497025
2101;-2200,650091;334280633,986676;18283,343075;18415,305993
2102;-3916,622342;221396716,588302;14879,405787;15386,248638
2103;-1868,879146;151207586,795761;12296,649413;12437,857374
2104;-6341,422982;645468883,026198;25406,079647;26185,540446
2105;-4792,230179;524444109,642470;22900,744740;23396,785671
2106;-2575,051050;449633594,462163;21204,565416;21360,348367
2107;-2366,350407;465289691,585530;21570,574670;21699,984005
2108;-3756,853110;161637667,496764;12713,680329;13257,134411
2109;-573,284111;211438162,583587;14540,913403;14552,210047
2110;-7779,708667;489549487,839173;22125,765249;23453,642676
2111;-5715,949821;560160870,076192;23667,717889;24348,161171
2112;-11715,992282;786556500,177935;28045,614634;30394,423425
2113;-2297,769818;341265846,706971;18473,382113;18615,735087
2114;-439,949516;369437506,931823;19220,757189;19225,791596
2115;-5608,002959;416629026,082934;20411,492500;21167,870069
2116;-162,215601;709267528,186659;26632,077054;26632,571075
2117;-8594,526947;679121207,929917;26059,954105;27440,610441
2118;-12145,246084;764897590,147642;27656,781992;30206,035698
2119;-4657,757349;607009056,822682;24637,553791;25073,965788
2120;-1140,367962;343453583,323534;18532,500730;18567,552946
2121;-2565,178437;464782578,727727;21558,816728;21710,889414
2122;99,559410;121029375,578826;11001,335173;11001,785658
2123;-3258,702672;382525706,741629;19558,264410;19827,880619
2124;-4847,242118;460781466,699946;21465,820895;22006,299617
2125;-280,715857;53066331,395181;7284,664124;7290,070836
2126;-6886,961102;477041644,186126;21841,283025;22901,350995
2127;-1702,588245;231676354,565906;15220,918322;15315,846738
2128;-7206,952078;565046983,438191;23770,716932;24839,225867
2129;-2705,838633;190473992,264665;13801,231549;14063,980765
2130;-312,133511;116697137,525348;10802,644932;10807,153411
2131;-87,610680;930451457,097668;30503,302397;30503,428213
2132;-7493,189555;644080420,163612;25378,739531;26461,827410
2133;-3886,823974;372710509,592365;19305,711839;19693,092957
2134;-11847,004689;849380702,347514;29144,136672;31460,009893
2135;-3223,644709;176722062,211155;13293,685050;13678,960027
2136;102,841857;127809004,773665;11305,264472;11305,732228
2137;-3208,862110;362411410,245168;19037,106142;19305,652185
2138;-2018,075830;671174863,031946;25907,042730;25985,524684
2139;-14121,861324;964451619,706258;31055,621387;34115,664832
2140;-7632,159737;707324903,851369;26595,580532;27669,021777
2141;-6822,937912;503918768,922669;22448,135088;23462,123746
2142;-3719,063490;343213405,733494;18526,019695;18895,630155
2143;-834,072198;113795073,802783;10667,477387;10700,035058
2144;-2758,435279;235656812,887374;15351,117643;15596,979774
2145;-2424,104983;147685746,786398;12152,602470;12392,014838
2146;1475,935305;91502629,906048;9565,700701;9678,895336
2147;-5923,406386;413473520,437143;20334,048304;21179,241338
2148;-2114,886811;161236191,193279;12697,881366;12872,798352
2149;-2094,271386;339429890,814339;18423,623173;18542,272338
2150;-10831,827649;728181054,345231;26984,830078;29077,646820
2151;-3034,379524;335333653,437432;18312,117667;18561,818675
2152;-5651,888920;448217983,544398;21171,159240;21912,595280
2153;-1504,998575;367393647,099011;19167,515413;19226,509507
2154;-16197,951842;884381623,387338;29738,554494;33863,775148
2155;-2862,744363;189111975,810135;13751,799003;14046,611018
2156;-412,104013;25575931,347196;5057,265204;5074,028091
2157;-3102,210059;318668437,922509;17851,286730;18118,833990
2158;-1927,069766;166246311,181404;12893,653911;13036,867303
2159;-3208,044562;367229967,642950;19163,245227;19429,912958
2160;-1120,353142;170550538,773111;13059,499943;13107,468479
2161;-1092,658271;266904305,435608;16337,206170;16373,704759
2162;-3740,796881;331537268,912015;18208,164897;18588,459598
2163;-3621,993696;212402693,147452;14574,041757;15017,374320
2164;-2258,631247;303004322,840560;17407,019355;17552,941006
2165;-934,923998;91316575,216767;9555,970658;9601,596643
2166;1584,876685;114533820,014577;10702,047468;10818,763983
2167;-3603,447090;432871411,764200;20805,562039;21115,308255
2168;-4781,549625;485499407,815764;22034,051099;22546,898337
2169;-1463,558316;70365667,135287;8388,424592;8515,143574
2170;-4991,658729;498233909,401832;22321,153855;22872,484917
2171;-29,126957;276082230,501652;16615,722389;16615,747918
2172;-3627,305861;366707764,246705;19149,615251;19490,128580
2173;-3639,771749;331243477,193056;18200,095527;18560,479939
2174;-4405,799730;436228641,691466;20886,087276;21345,718844
2175;2397,685669;386989871,560320;19672,058142;19817,637804
2176;-3273,791995;333817993,022017;18270,686715;18561,673067
2177;-1031,879997;64144359,850821;8009,017409;8075,217408
2178;-4493,627809;381134172,855990;19522,657935;20033,144130
2179;-1755,240804;219991428,277014;14832,108019;14935,605062
2180;-1355,446181;117813647,166164;10854,199518;10938,504537
2181;-6158,539490;686010441,913849;26191,801044;26906,096903
2182;-1520,075922;457159911,438418;21381,298170;21435,263988
2183;-4911,942794;453872383,124526;21304,280864;21863,201164
2184;-11723,036902;938485201,426500;30634,705832;32801,140158
2185;2315,853815;188582030,072512;13732,517252;13926,421255
2186;-4894,451291;334699321,033811;18294,789450;18938,188257
2187;-1860,862073;142670239,654531;11944,464812;12088,550257
2188;-2964,256237;334639153,995145;18293,145000;18531,755692
2189;1411,156137;206734086,174761;14378,250456;14447,333589
2190;-3307,633977;286729120,813369;16933,077712;17253,103006
2191;-1218,614609;158959645,458063;12607,919950;12666,675453
2192;-2933,960334;244138200,845458;15624,922427;15897,997487
2193;-5231,573929;396224479,045814;19905,388191;20581,395599
2194;3597,907505;382266624,790119;19551,639951;19879,928652
2195;-3611,270799;239472255,717434;15474,891137;15890,674388
2196;-4676,011652;317428265,298495;17816,516643;18419,917217
2197;-2735,877206;333700062,404334;18267,459112;18471,196130
2198;-2080,063065;123162539,935983;11097,861953;11291,111650
2199;-2170,109224;104700261,797954;10232,314587;10459,906111
2200;-1519,144937;74112694,494238;8608,873010;8741,881710
2201;-3360,564040;384032693,608107;19596,752119;19882,808762
2202;-5813,114577;380217450,102205;19499,165369;20347,229570
2203;-6834,856373;416659004,087712;20412,226828;21526,129836
2204;-1322,217392;81911303,314586;9050,486358;9146,560126
2205;-2466,534643;148514502,335597;12186,652630;12433,756290
2206;-9465,736839;838677923,439857;28959,936523;30467,656578
2207;-3118,981655;265831706,498672;16304,346246;16599,992562
2208;-17591,745682;1130735677,414456;33626,413389;37950,035488
2209;-3584,405926;311258108,657919;17642,508570;18002,946273
2210;-1395,328702;300006532,653030;17320,696656;17376,808534
2211;-3269,162073;270312583,008314;16441,185572;16763,054724
2212;-2652,527388;515364329,047186;22701,637145;22856,076448
2213;-15033,929927;1017069432,249056;31891,526026;35257,459938
2214;-9180,509893;672540387,529374;25933,383650;27510,400750
2215;-1112,099121;108329624,052115;10408,151808;10467,396453
2216;-3098,793520;149433171,168919;12224,286121;12610,935431
2217;-2067,657575;151322718,530264;12301,329950;12473,889785
2218;-4795,819631;388007685,009974;19697,910676;20273,321655
2219;847,947003;215428909,947484;14677,496719;14701,970074
2220;-6534,559369;411230204,705660;20278,811718;21305,648801
2221;-48,566022;239026499,905838;15460,481878;15460,558158
2222;825,995529;194721750,394871;13954,273553;13978,698760
2223;-773,359840;157515300,443393;12550,509967;12574,314529
2224;-3109,165608;209320677,549816;14467,918909;14798,229229
2225;-4121,321749;370440488,006476;19246,830596;19683,134429
2226;697,053669;161805243,315427;12720,268995;12739,353482
2227;-4456,805138;358339910,857587;18929,868221;19447,442580
2228;-105,982480;93019334,643700;9644,653163;9645,235452
2229;-3761,174754;320740071,582828;17909,217503;18299,904566
2230;-645,862089;171041417,257407;13078,280363;13094,218384
2231;-3129,246835;252709456,306517;15896,837934;16201,902421
2232;-4776,026250;394150509,158457;19853,224150;20419,621346
2233;1588,313344;320620332,165859;17905,874236;17976,180669
2234;1309,712241;93942452,855259;9692,391493;9780,480510
2235;971,837365;188995025,161859;13747,546151;13781,853759
2236;457,726852;140514024,464825;11853,861163;11862,695239
2237;-6615,402188;476627861,001621;21831,808468;22812,089056
2238;-2592,443820;159622814,811130;12634,192290;12897,425316
2239;-3448,091951;216430851,726414;14711,589028;15110,267695
2240;-142,918463;300233980,373592;17327,261191;17327,850590
2241;-13826,416540;965895788,303683;31078,864012;34015,666723
2242;-1226,669539;105422432,485966;10267,542670;10340,558527
2243;-5211,727893;405513088,553076;20137,355550;20800,846045
2244;-4521,103659;306951937,919220;17520,043890;18093,985636
2245;-2124,107018;95033374,359578;9748,506263;9977,234335
2246;-1775,832976;181728750,383955;13480,680635;13597,144301
2247;-826,138606;310397799,506207;17618,109987;17637,468767
2248;-1814,706826;294052123,542675;17147,948085;17243,702746
2249;-6263,202860;361953677,716949;19025,080229;20029,512919
2250;-3347,380753;217321837,688257;14741,839698;15117,102751
2251;-7406,429361;475053140,244507;21795,713804;23019,737968
2252;-3303,872251;324505195,986955;18014,027756;18314,496112
2253;-2604,595642;253989324,119428;15937,042515;16148,474930
2254;-4180,761267;335392753,676996;18313,731288;18784,874725
2255;-4759,285881;275845784,649366;16608,605741;17277,053763
2256;-1235,344450;71354327,176413;8447,149056;8537,001996
2257;216,835212;4419645,863905;2102,295380;2113,448219
2258;-2903,908481;243585961,209058;15607,240666;15875,095139
2259;-7107,881043;604745136,636071;24591,566372;25598,185669
2260;-870,666520;221326654,197022;14877,051260;14902,506983
2261;-1968,750394;193768221,032683;13920,065411;14058,598762
2262;-1048,717043;53385504,045329;7306,538445;7381,416631
2263;-128,120831;135766612,756182;11651,893098;11652,597466
2264;-923,106087;197135135,231266;14040,482016;14070,794579
2265;-3259,722137;274534226,628017;16569,074405;16886,681588
2266;-2135,831105;293483354,852284;17131,355896;17263,983589
2267;-1922,272908;114063539,999389;10680,053371;10851,666837
2268;-833,218210;243571699,751202;15606,783773;15629,009960
2269;-9483,798073;722627845,551830;26881,738142;28505,618244
2270;-1094,653095;49944025,330715;7067,108697;7151,383833
2271;-5640,549992;398410596,501717;19960,225362;20741,899641
2272;-5416,383587;550956264,311819;23472,457569;24089,281340
2273;-3290,581068;243087196,513452;15591,253847;15934,714314
2274;-4720,283120;429991548,243859;20736,237562;21266,702165
2275;-5565,453562;445636320,986368;21110,099976;21831,413017
2276;-8314,728153;535224216,301886;23134,913363;24583,712506
2277;-1497,291847;188153423,988732;13716,902857;13798,380588
2278;-2481,469963;233555117,036690;15282,510168;15482,661600
2279;-3303,994986;215016968,569106;14663,456911;15031,079517
2280;-3169,258182;126934286,052180;11266,511707;11703,780734
2281;-1914,774109;330988059,358533;18193,077237;18293,562235
2282;-2164,452797;168161680,874823;12967,716872;13147,111348
2283;-19012,379877;1336799200,678587;36562,264709;41210,069028
2284;768,451442;21847553,531456;4674,136662;4736,884118
2285;-3899,370365;310213829,992493;17612,888179;18039,371365
2286;-1328,081013;238368476,501962;15439,186394;15496,201976
2287;1210,425084;238105988,552067;15430,683347;15478,085070
2288;288,920630;23908213,370433;4889,602578;4898,131123
2289;-3721,139278;395752263,909501;19893,523165;20238,555814
2290;-1211,577150;137573703,294358;11729,181698;11791,591177
2291;-7494,369788;751120142,811214;27406,571161;28412,773911
2292;-3172,276867;249830830,296722;15806,037780;16121,233539
2293;-3708,394771;298803967,168384;17285,947101;17679,257873
2294;-917,217244;346240713,350412;18607,544528;18630,136898
2295;2629,617117;197618520,470342;14057,685459;14301,517635
2296;-4166,988533;257246842,412976;16038,916497;16571,380022
2297;-11108,910669;652496833,117093;25544,017560;27855,066494
2298;-5278,253262;550244144,161420;23457,283393;24043,795492
2299;-3372,348361;139100715,487311;11794,096637;12266,761959
2300;-1206,059286;249666581,491401;15800,841164;15846,802848
2301;-1020,752808;246971898,121734;15715,339580;15748,454985
2302;-4168,274746;338488243,743227;18398,049998;18864,325010
2303;-2682,557298;211715101,233556;14550,433026;14795,648512
2304;-1735,479025;116441221,043544;10790,793346;10929,460576
2305;-482,308963;21866461,942320;4676,158888;4700,966271
2306;683,462854;33084599,262164;5751,921354;5792,384719
2307;-5663,713304;440562324,115245;20989,576559;21740,284554
2308;-7987,189523;653372418,578017;25561,150572;26779,985344
2309;-4380,181295;352616088,179753;18778,074666;19282,169908
2310;161,287069;2445270,745156;1563,736149;1572,031890
2311;-2419,185025;162512044,791840;12748,021211;12975,534709
2312;-1185,272271;94389725,308816;9715,437474;9787,471362
2313;-7946,420592;656179371,274191;25615,998346;26820,234367
2314;-5714,726304;255820895,693312;15994,402011;16984,669335
2315;265,150076;6608628,924452;2570,725369;2584,363265
2316;-1830,496313;190867162,138270;13815,468220;13936,207479
2317;-4874,997563;374176748,367970;19343,648786;19948,492414
2318;-903,517291;81701909,672815;9038,910868;9083,955811
2319;-1572,210202;98488388,981692;9924,131649;10047,896989
2320;-4546,064928;295601948,833820;17193,078515;17783,943746
2321;-6057,821271;702572133,695243;26506,077297;27189,507760
2322;-2194,992360;125368948,015499;11196,827587;11409,949144
2323;-3918,073286;289541877,642965;17015,930114;17461,190564
2324;-895,949459;24688426,146922;4968,744927;5048,876269
2325;-4472,888446;269420917,089338;16414,046335;17012,573237
2326;-2241,419718;265594054,537869;16297,056622;16450,471631
2327;-835,929576;272953384,046452;16521,300919;16542,435199
2328;-1623,752096;186223820,823471;13646,384899;13742,648642
2329;-4685,240834;227653700,266841;15088,197383;15798,898124
2330;-98,002457;216595688,440818;14717,190236;14717,516534
2331;-1676,060555;62392804,456194;7898,911599;8074,774513
2332;-2550,524076;152840657,537660;12362,874162;12623,225840
2333;-1764,646008;159098904,415182;12613,441418;12736,282030
2334;-2793,217040;270431080,920923;16444,788868;16680,322010
2335;-5086,815995;407232924,225274;20180,012989;20811,261884
2336;-2580,324197;129089754,717379;11361,767236;11651,086974
2337;-2692,440253;155014654,563280;12450,488126;12738,284385
2338;-6281,402142;422718254,213677;20560,113186;21498,238697
2339;-3218,708742;202737674,256006;14238,598044;14597,868345
2340;-918,391465;126366456,883427;11241,283596;11278,736621
2341;-4215,555709;345514629,578190;18588,023821;19060,050879
2342;-1203,409055;64763592,050324;8047,582994;8137,062455
2343;-7757,575380;576723913,559235;24015,076797;25236,954835
2344;-3639,874527;236434988,455223;15376,442646;15801,382061
2345;-2294,399116;199711261,222439;14131,923479;14316,966457
2346;-2204,178642;100318693,619672;10015,922005;10255,588579
2347;-1366,414509;43364018,660797;6585,136192;6725,407591
2348;-10207,464719;639823650,161032;25294,735621;27276,656433
2349;-1891,120780;275876193,760268;16609,521178;16716,833778
2350;-4832,506217;240447561,953062;15506,371657;16241,941949
2351;-5676,165302;430054244,242602;20737,749257;21500,537128
2352;-1997,741761;357003774,660185;18894,543516;18999,861758
2353;-6858,609867;431852475,480241;20781,060499;21883,624124
2354;-1578,527922;63000135,742518;7937,262484;8092,705737
2355;-5899,102401;261439363,903600;16169,086675;17211,588336
2356;-3959,960580;236391010,958254;15375,012551;15876,784900
2357;-3795,346351;273355145,999029;16533,455356;16963,484310
2358;-3461,723665;245653573,375660;15673,339573;16051,077973
2359;786,826194;201486672,874641;14194,600131;14216,390834
2360;-784,248348;362749072,833542;19045,972615;19062,112116
2361;-1869,668460;103091646,189973;10153,405645;10324,112860
2362;-2854,131217;146845118,185505;12117,966751;12449,545501
2363;-2666,760083;186577849,998341;13659,350277;13917,236052
2364;-2529,859798;130075879,769610;11405,081314;11682,297307
2365;-970,032732;37879284,386396;6154,614885;6230,589690
2366;-5056,047467;375570885,419994;19379,651323;20028,342453
2367;-4406,601603;283240954,419678;16829,763944;17397,100106
2368;-2917,573574;206201447,804541;14359,716146;14653,111730
2369;259,759177;116103191,711393;10775,119104;10778,249697
2370;-1310,514220;221188493,276853;14872,407111;14930,034856
2371;-818,429244;31907124,978154;5648,639215;5707,622220
2372;-2497,343278;173022427,438670;13153,798974;13388,769581
2373;-658,001692;40698825,317854;6379,563098;6413,407171
2374;-7290,136321;509703367,473781;22576,611072;23724,448467
2375;-2544,236426;164023974,081722;12807,184471;13057,454311
2376;-1797,811448;126076611,794363;11228,384202;11371,399993
2377;-7594,691024;548808389,425443;23426,659801;24626,971417
2378;-5611,714650;400084268,209269;20002,106594;20774,397934
2379;-4329,275526;392830157,452320;19819,943427;20287,256691
2380;-2711,594991;190440364,913328;13800,013221;14063,893924
2381;-9497,959205;775381960,006236;27845,681173;29420,965128
2382;-2127,507309;172822094,161672;13146,181733;13317,221238
2383;-2131,860616;230155781,706635;15170,885990;15319,941625
2384;-2021,856434;88190125,069793;9390,959752;9606,145351
2385;-10153,431040;721410776,647044;26859,091136;28714,159200
2386;-2434,744991;149098770,136542;12210,600728;12450,973990
2387;-1020,178126;64121319,240192;8007,578863;8072,303429
2388;-1256,757000;148467186,683020;12184,711186;12249,352017
2389;-356,673915;12757053,607482;3571,701780;3589,466519
2390;-296,584326;32152380,113486;5670,306880;5678,057976
2391;723,604434;93426502,843669;9665,738608;9692,786298
2392;-939,864473;70993566,238569;8425,767991;8478,025210
2393;-2592,654346;136407864,707412;11679,377753;11963,683432
2394;-6742,474106;475487093,669203;21805,666550;22824,286424
2395;-3834,312007;198308114,420629;14082,191393;14594,864267
2396;-2958,889478;291982299,422786;17087,489559;17341,779792
2397;-14138,245591;1025597662,103934;32024,953741;35006,965742
2398;-2075,903999;142725010,811270;11946,757335;12125,773717
2399;-14195,283756;984506299,087611;31376,843358;34438,530456
2400;-2395,117129;201401541,684826;14191,601097;14392,294041
2401;-7662,848017;661272992,023729;25715,228796;26832,670977
2402;-8454,688884;539856934,878988;23234,821602;24725,264387
2403;-916,146558;40435630,091561;6358,901642;6424,558709
2404;-12609,745174;786689000,739880;28047,976767;30752,149097
2405;-1207,443546;109427250,083806;10460,748065;10530,202752
2406;-1387,134448;113939541,528597;10674,246649;10763,999420
2407;-978,604397;31375807,665861;5601,411221;5686,253092
2408;-1019,325724;51719209,826195;7191,606902;7263,486405
2409;-1771,630016;169472481,569316;13018,159684;13138,156434
2410;-294,756639;57344684,713723;7572,627332;7578,361709
2411;-1331,403105;167387161,070059;12937,819023;13006,144521
2412;-458,373272;79446687,055049;8913,287107;8925,065440
2413;416,569512;16311834,881176;4038,791265;4060,217364
2414;-1669,005690;89048678,836063;9436,560753;9583,019296
2415;-1365,209793;59033660,714611;7683,336561;7803,682368
2416;-1449,753095;77036136,173652;8777,023195;8895,949652
2417;-856,438490;90758395,627835;9526,720088;9565,138918
2418;-1199,624242;135275242,243703;11630,788548;11692,490777
2419;318,043820;98403364,657465;9919,847008;9924,944157
2420;-2283,852665;115154525,847166;10731,007681;10971,349454
2421;1025,772363;95771500,509256;9786,291458;9839,903935
2422;-590,080509;32730330,652379;5721,042794;5751,393367
2423;0,000000;0,000000;0,000000;0,000000
2424;379,468878;13535683,133800;3679,087269;3698,605110
2425;-4322,521712;302500663,719450;17392,546212;17921,630999
2426;-1166,457714;63358277,369854;7959,791289;8044,805838
2427;-5684,653084;510098345,524806;22585,356883;23289,775143
2428;-1166,505367;139194013,792530;11798,051271;11855,578795
2429;206,016602;3989626,984903;1997,405063;2008,001450
2430;661,154064;22266144,149946;4718,701532;4764,794733
2431;-9901,111781;706569057,652261;26581,366738;28365,490867
2432;-3545,622827;323069862,348697;17974,144273;18320,515920
2433;-1537,800455;128803484,733969;11349,162292;11452,873656
2434;-49,493026;18046367,489975;4248,101634;4248,389936
2435;-3620,663201;333963876,174050;18274,678552;18629,897428
2436;-676,705384;43045436,595642;6560,902118;6595,708209
2437;80,505800;302573,220691;550,066560;555,926618
2438;-2227,879794;119403959,186621;10927,211867;11152,013610
2439;-782,910151;107208390,011182;10354,148445;10383,705423
2440;0,000000;0,000000;0,000000;0,000000
2441;-896,741346;86093602,392216;9278,663826;9321,896129
2442;359,323338;4943438,878706;2223,384555;2252,232701
2443;-1137,075555;138730068,525706;11778,372915;11833,131848
2444;-5265,554146;444754830,445568;21089,211233;21736,625564
2445;-689,162751;162649895,428352;12753,426811;12772,033539
2446;-483,239089;21950881,636750;4685,176799;4710,032023
2447;0,000000;0,000000;0,000000;0,000000
2448;-889,287629;74338253,837725;8621,963456;8667,703636
2449;0,000000;0,000000;0,000000;0,000000
2450;-1253,299081;64600094,805331;8037,418417;8134,546908
2451;-610,563182;35042015,580485;5919,629683;5951,033774
2452;352,480887;11678820,913039;3417,428992;3435,558716
2453;-266,460991;6674137,191448;2583,435153;2597,140476
2454;55,573945;290315,555119;538,809387;541,667812
2455;-550,353848;28471599,624473;5335,878524;5364,185771
2456;113,989905;1221407,643388;1105,173128;1111,036157
2457;121,163463;1379974,970176;1174,723359;1180,955357
2458;-1197,946724;77410225,081434;8798,308081;8879,487679
2459;0,000000;0,000000;0,000000;0,000000
2460;0,000000;0,000000;0,000000;0,000000
2461;-899,724496;41341607,746749;6429,743988;6492,388768
2462;-650,392951;39763033,173121;6305,793620;6339,246340
2463;-3691,738398;346920349,334774;18625,797952;18988,135288
2464;-1265,267600;78188030,141998;8842,399569;8932,465071
2465;381,853092;49316671,435075;7022,582960;7032,956933
2466;0,000000;0,000000;0,000000;0,000000
2467;666,076261;41703812,997060;6457,848945;6492,108331
2468;0,000000;0,000000;0,000000;0,000000
2469;0,000000;0,000000;0,000000;0,000000
2470;-6635,498021;459098415,685711;21426,581988;22430,520495
2471;-302,513214;34639757,021486;5885,554946;5893,324297
2472;15,386616;22254,308486;149,178780;149,970185
2473;-14,385415;18429763,643811;4292,990059;4293,014161
2474;0,000000;0,000000;0,000000;0,000000
2475;-331,309227;10317985,566162;3212,162133;3229,202900
2476;0,000000;0,000000;0,000000;0,000000
2477;-1483,914593;73152280,292403;8552,910633;8680,684467
2478;316,448110;9413104,179292;3068,078255;3084,354647
2479;0,000000;0,000000;0,000000;0,000000
2480;-1350,576295;104273659,158403;10211,447457;10300,374531
2481;-661,378590;87174226,403535;9336,713897;9360,109403
2482;-428,502831;17259779,582499;4154,489088;4176,528973
2483;0,000000;0,000000;0,000000;0,000000
2484;117,825169;1304980,428584;1142,357400;1148,417694
2485;-788,961637;58511283,607567;7649,266867;7689,846817
2486;-403,977628;15340604,845706;3916,708420;3937,486860
2487;-5817,986670;401461737,625035;20036,510116;20864,100904
2488;-3707,562297;262828700,615302;16211,992494;16630,535734
2489;-1263,083441;149965699,149281;12246,048307;12311,014537
2490;0,000000;0,000000;0,000000;0,000000
2491;0,000000;0,000000;0,000000;0,000000
2492;54,906297;283381,939801;532,336303;535,160388
2493;226,993626;4843453,970824;2200,784853;2212,460187
2494;0,000000;0,000000;0,000000;0,000000
2495;0,000000;0,000000;0,000000;0,000000
2496;0,000000;0,000000;0,000000;0,000000
2497;0,000000;0,000000;0,000000;0,000000
2498;0,000000;0,000000;0,000000;0,000000
2499;0,000000;0,000000;0,000000;0,000000
